{"options":{"search_start":1613058339,"tax_ids":[9606],"num_of_fn_nodes":10,"num_of_pathways":10,"num_of_phenotypes":10,"num_of_drugs":10,"num_of_diseases":10,"num_of_compounds":10,"chembl_compounds":0,"predictions":1,"reviewed_filter":1,"fn":1,"chembl":1,"search_finish":1613058371,"search_runtime":32},"search":[{"Drug":[{"DB00181":"Baclofen"}]}],"nodes":[{"data":{"id":"O75899","display_name":"GABBR2","Node_Type":"Protein"}},{"data":{"id":"P08684","display_name":"CYP3A4","Node_Type":"Protein"}},{"data":{"id":"P0DMS8","display_name":"ADORA3","Node_Type":"Protein"}},{"data":{"id":"P54132","display_name":"BLM","Node_Type":"Protein"}},{"data":{"id":"Q9UBS5","display_name":"GABBR1","Node_Type":"Protein"}},{"data":{"id":"P46459","display_name":"NSF","Node_Type":"Protein_N"}},{"data":{"id":"Q9BX63","display_name":"BRIP1","Node_Type":"Protein_N"}},{"data":{"id":"Q9BQ15","display_name":"NABP2","Node_Type":"Protein_N"}},{"data":{"id":"Q9H9A7","display_name":"RMI1","Node_Type":"Protein_N"}},{"data":{"id":"P42677","display_name":"RPS27","Node_Type":"Protein_N"}},{"data":{"id":"Q96RL1","display_name":"UIMC1","Node_Type":"Protein_N"}},{"data":{"id":"P39748","display_name":"FEN1","Node_Type":"Protein_N"}},{"data":{"id":"P27694","display_name":"RPA1","Node_Type":"Protein_N"}},{"data":{"id":"O15354","display_name":"GPR37","Node_Type":"Protein_N"}},{"data":{"id":"Q14191","display_name":"WRN","Node_Type":"Protein_N"}},{"data":{"id":"Orphanet:125","display_name":"Bloom syndrome","Node_Type":"Disease","enrichScore":240.067}},{"data":{"id":"Orphanet:902","display_name":"Werner syndrome","Node_Type":"Disease","enrichScore":240.067}},{"data":{"id":"EFO:0003869","display_name":"breast neoplasm","Node_Type":"Disease","enrichScore":17.148}},{"data":{"id":"EFO:0000305","display_name":"breast carcinoma","Node_Type":"Disease","enrichScore":16.004}},{"data":{"id":"Orphanet:227535","display_name":"Hereditary breast cancer","Node_Type":"Disease","enrichScore":16.004}},{"data":{"id":"Orphanet:124","display_name":"Blackfan-Diamond anemia","Node_Type":"Disease","enrichScore":14.122}},{"data":{"id":"Orphanet:84","display_name":"Fanconi anemia","Node_Type":"Disease","enrichScore":13.337}},{"data":{"id":"EFO:0000365","display_name":"colorectal adenocarcinoma","Node_Type":"Disease","enrichScore":12.003}},{"data":{"id":"EFO:0004142","display_name":"colorectal neoplasm","Node_Type":"Disease","enrichScore":12.003}},{"data":{"id":"MONDO:0023113","display_name":"familial colorectal cancer","Node_Type":"Disease","enrichScore":12.003}},{"data":{"id":"DB00181","display_name":"Baclofen","Node_Type":"Drug","enrichScore":9999999}},{"data":{"id":"DB05010","display_name":"SGS-742","Node_Type":"Drug","enrichScore":635.867}},{"data":{"id":"DB08892","display_name":"Arbaclofen Placarbil","Node_Type":"Drug","enrichScore":635.867}},{"data":{"id":"DB08891","display_name":"Arbaclofen","Node_Type":"Drug","enrichScore":635.867}},{"data":{"id":"DB02530","display_name":"gamma-Aminobutyric acid","Node_Type":"Drug","enrichScore":423.911}},{"data":{"id":"DB05511","display_name":"Piclidenoson","Node_Type":"Drug","enrichScore":317.933}},{"data":{"id":"DB05478","display_name":"Pradefovir Mesylate","Node_Type":"Drug","enrichScore":317.933}},{"data":{"id":"DB06634","display_name":"Casopitant","Node_Type":"Drug","enrichScore":158.967}},{"data":{"id":"DB06354","display_name":"Tezampanel","Node_Type":"Drug","enrichScore":158.967}},{"data":{"id":"DB01902","display_name":"1-Ethyl-Pyrrolidine-2,5-Dione","Node_Type":"Drug","enrichScore":158.967}},{"data":{"id":"R-HSA-977444","display_name":"GABA B receptor activation","Node_Type":"Pathway","enrichScore":8570}},{"data":{"id":"R-HSA-5685938","display_name":"HDR through Single Strand Annealing (SSA)","Node_Type":"Pathway","enrichScore":2895.27}},{"data":{"id":"R-HSA-5693616","display_name":"Presynaptic phase of homologous DNA pairing and strand exchange","Node_Type":"Pathway","enrichScore":2746.795}},{"data":{"id":"R-HSA-5693579","display_name":"Homologous DNA Pairing and Strand Exchange","Node_Type":"Pathway","enrichScore":2742.4}},{"data":{"id":"R-HSA-5693554","display_name":"Resolution of D-loop Structures through Synthesis-Dependent Strand Annealing (SDSA)","Node_Type":"Pathway","enrichScore":2636.923}},{"data":{"id":"R-HSA-69473","display_name":"G2\/M DNA damage checkpoint","Node_Type":"Pathway","enrichScore":2302.388}},{"data":{"id":"R-HSA-5685942","display_name":"HDR through Homologous Recombination (HRR)","Node_Type":"Pathway","enrichScore":2231.771}},{"data":{"id":"R-HSA-5693568","display_name":"Resolution of D-loop Structures through Holliday Junction Intermediates","Node_Type":"Pathway","enrichScore":2142.5}},{"data":{"id":"R-HSA-5693607","display_name":"Processing of DNA double-strand break ends","Node_Type":"Pathway","enrichScore":1904.444}},{"data":{"id":"R-HSA-174437","display_name":"Removal of the Flap Intermediate from the C-strand","Node_Type":"Pathway","enrichScore":1714}},{"data":{"id":"HP:0012060","display_name":"Acral lentiginous melanoma","Node_Type":"HPO","enrichScore":282.067}},{"data":{"id":"HP:0005598","display_name":"Facial telangiectasia in butterfly midface distribution","Node_Type":"HPO","enrichScore":141.033}},{"data":{"id":"HP:0007618","display_name":"Subcutaneous calcification","Node_Type":"HPO","enrichScore":141.033}},{"data":{"id":"HP:0000690","display_name":"Agenesis of maxillary lateral incisor","Node_Type":"HPO","enrichScore":70.517}},{"data":{"id":"HP:0005585","display_name":"Spotty hyperpigmentation","Node_Type":"HPO","enrichScore":70.517}},{"data":{"id":"HP:0040012","display_name":"Chromosome breakage","Node_Type":"HPO","enrichScore":62.681}},{"data":{"id":"HP:0200160","display_name":"Agenesis of maxillary incisor","Node_Type":"HPO","enrichScore":56.413}},{"data":{"id":"HP:0005590","display_name":"Spotty hypopigmentation","Node_Type":"HPO","enrichScore":47.011}},{"data":{"id":"HP:0005177","display_name":"Premature arteriosclerosis","Node_Type":"HPO","enrichScore":35.258}},{"data":{"id":"HP:0003221","display_name":"Chromosomal breakage induced by crosslinking agents","Node_Type":"HPO","enrichScore":35.258}},{"data":{"id":"DB00142","display_name":"Glutamic acid","Node_Type":"Drug","enrichScore":1000000}},{"data":{"id":"DB12465","display_name":"Ketanserin","Node_Type":"Drug","enrichScore":1000000}},{"data":{"id":"CHEMBL1255588","display_name":"CHEMBL1255588","Node_Type":"Prediction","enrichScore":34.8}},{"data":{"id":"CHEMBL513389","display_name":"CHEMBL513389","Node_Type":"Prediction","enrichScore":34.8}},{"data":{"id":"CHEMBL2107804","display_name":"CHEMBL2107804","Node_Type":"Prediction","enrichScore":17.4}},{"data":{"id":"CHEMBL473634","display_name":"CHEMBL473634","Node_Type":"Prediction","enrichScore":11.6}},{"data":{"id":"CHEMBL387431","display_name":"CHEMBL387431","Node_Type":"Prediction","enrichScore":9.28}},{"data":{"id":"CHEMBL95905","display_name":"CHEMBL95905","Node_Type":"Prediction","enrichScore":9.28}},{"data":{"id":"CHEMBL422406","display_name":"CHEMBL422406","Node_Type":"Prediction","enrichScore":8.7}},{"data":{"id":"CHEMBL387319","display_name":"CHEMBL387319","Node_Type":"Prediction","enrichScore":8.7}},{"data":{"id":"hsa03440","display_name":"Homologous recombination","Node_Type":"kegg_Pathway","enrichScore":177.899}},{"data":{"id":"hsa03460","display_name":"Fanconi anemia pathway","Node_Type":"kegg_Pathway","enrichScore":135.072}},{"data":{"id":"hsa03030","display_name":"DNA replication","Node_Type":"kegg_Pathway","enrichScore":50.652}},{"data":{"id":"hsa04727","display_name":"GABAergic synapse","Node_Type":"kegg_Pathway","enrichScore":46.099}},{"data":{"id":"hsa03450","display_name":"Non-homologous end-joining","Node_Type":"kegg_Pathway","enrichScore":35.067}},{"data":{"id":"hsa04929","display_name":"GnRH secretion","Node_Type":"kegg_Pathway","enrichScore":28.492}},{"data":{"id":"hsa04742","display_name":"Taste transduction","Node_Type":"kegg_Pathway","enrichScore":22.512}},{"data":{"id":"hsa03430","display_name":"Mismatch repair","Node_Type":"kegg_Pathway","enrichScore":19.82}},{"data":{"id":"hsa00591","display_name":"Linoleic acid metabolism","Node_Type":"kegg_Pathway","enrichScore":16.281}},{"data":{"id":"hsa03410","display_name":"Base excision repair","Node_Type":"kegg_Pathway","enrichScore":13.814}},{"data":{"id":"H00431","display_name":"Ossification of the posterior longitudinal ligament of spine","Node_Type":"kegg_Disease","enrichScore":1000000}},{"data":{"id":"H01616","display_name":"Spinocerebellar degeneration","Node_Type":"kegg_Disease","enrichScore":1000000}},{"data":{"id":"H00058","display_name":"Amyotrophic lateral sclerosis (ALS)","Node_Type":"kegg_Disease","enrichScore":1000000}},{"data":{"id":"H01490","display_name":"Multiple sclerosis","Node_Type":"kegg_Disease","enrichScore":1000000}},{"data":{"id":"H00296","display_name":"Defects in RecQ helicases","Node_Type":"kegg_Disease","enrichScore":325.956}},{"data":{"id":"H01346","display_name":"Bloom syndrome","Node_Type":"kegg_Disease","enrichScore":244.467}},{"data":{"id":"H01733","display_name":"Werner syndrome","Node_Type":"kegg_Disease","enrichScore":244.467}},{"data":{"id":"H00094","display_name":"Immunodeficiency associated with DNA repair defects","Node_Type":"kegg_Disease","enrichScore":40.744}},{"data":{"id":"H00238","display_name":"Fanconi anemia","Node_Type":"kegg_Disease","enrichScore":11.641}},{"data":{"id":"H00606","display_name":"Early infantile epileptic encephalopathy","Node_Type":"kegg_Disease","enrichScore":4.144}}],"edges":[{"data":{"source":"Q9UBS5","target":"O75899","Edge_Type":"PPI","label":"interacts w\/"}},{"data":{"source":"P46459","target":"O75899","Edge_Type":"PPI","label":"interacts w\/"}},{"data":{"source":"P46459","target":"Q9UBS5","Edge_Type":"PPI","label":"interacts w\/"}},{"data":{"source":"Q9BX63","target":"P54132","Edge_Type":"PPI","label":"interacts w\/"}},{"data":{"source":"Q9BQ15","target":"P54132","Edge_Type":"PPI","label":"interacts w\/"}},{"data":{"source":"Q9H9A7","target":"P54132","Edge_Type":"PPI","label":"interacts w\/"}},{"data":{"source":"P42677","target":"P54132","Edge_Type":"PPI","label":"interacts w\/"}},{"data":{"source":"Q96RL1","target":"P54132","Edge_Type":"PPI","label":"interacts w\/"}},{"data":{"source":"P39748","target":"P54132","Edge_Type":"PPI","label":"interacts w\/"}},{"data":{"source":"P27694","target":"P54132","Edge_Type":"PPI","label":"interacts w\/"}},{"data":{"source":"O15354","target":"Q9UBS5","Edge_Type":"PPI","label":"interacts w\/"}},{"data":{"source":"Q14191","target":"P54132","Edge_Type":"PPI","label":"interacts w\/"}},{"data":{"source":"Q14191","target":"P39748","Edge_Type":"PPI","label":"interacts w\/"}},{"data":{"source":"Q14191","target":"P27694","Edge_Type":"PPI","label":"interacts w\/"}},{"data":{"source":"HP:0012060","target":"Orphanet:902","Edge_Type":"hpodis","label":"is associated w\/"}},{"data":{"source":"HP:0005598","target":"Orphanet:125","Edge_Type":"hpodis","label":"is associated w\/"}},{"data":{"source":"HP:0005598","target":"Orphanet:125","Edge_Type":"hpodis","label":"is associated w\/"}},{"data":{"source":"HP:0007618","target":"Orphanet:902","Edge_Type":"hpodis","label":"is associated w\/"}},{"data":{"source":"HP:0007618","target":"Orphanet:902","Edge_Type":"hpodis","label":"is associated w\/"}},{"data":{"source":"HP:0000690","target":"Orphanet:125","Edge_Type":"hpodis","label":"is associated w\/"}},{"data":{"source":"HP:0005585","target":"Orphanet:125","Edge_Type":"hpodis","label":"is associated w\/"}},{"data":{"source":"HP:0005585","target":"Orphanet:125","Edge_Type":"hpodis","label":"is associated w\/"}},{"data":{"source":"HP:0040012","target":"Orphanet:84","Edge_Type":"hpodis","label":"is associated w\/"}},{"data":{"source":"HP:0040012","target":"Orphanet:84","Edge_Type":"hpodis","label":"is associated w\/"}},{"data":{"source":"HP:0040012","target":"Orphanet:84","Edge_Type":"hpodis","label":"is associated w\/"}},{"data":{"source":"HP:0040012","target":"Orphanet:84","Edge_Type":"hpodis","label":"is associated w\/"}},{"data":{"source":"HP:0040012","target":"Orphanet:84","Edge_Type":"hpodis","label":"is associated w\/"}},{"data":{"source":"HP:0040012","target":"Orphanet:125","Edge_Type":"hpodis","label":"is associated w\/"}},{"data":{"source":"HP:0040012","target":"Orphanet:84","Edge_Type":"hpodis","label":"is associated w\/"}},{"data":{"source":"HP:0040012","target":"Orphanet:84","Edge_Type":"hpodis","label":"is associated w\/"}},{"data":{"source":"HP:0040012","target":"Orphanet:84","Edge_Type":"hpodis","label":"is associated w\/"}},{"data":{"source":"HP:0040012","target":"Orphanet:84","Edge_Type":"hpodis","label":"is associated w\/"}},{"data":{"source":"HP:0200160","target":"Orphanet:125","Edge_Type":"hpodis","label":"is associated w\/"}},{"data":{"source":"HP:0005590","target":"Orphanet:125","Edge_Type":"hpodis","label":"is associated w\/"}},{"data":{"source":"HP:0005177","target":"Orphanet:902","Edge_Type":"hpodis","label":"is associated w\/"}},{"data":{"source":"HP:0003221","target":"Orphanet:84","Edge_Type":"hpodis","label":"is associated w\/"}},{"data":{"source":"HP:0003221","target":"Orphanet:84","Edge_Type":"hpodis","label":"is associated w\/"}},{"data":{"source":"HP:0003221","target":"Orphanet:84","Edge_Type":"hpodis","label":"is associated w\/"}},{"data":{"source":"HP:0003221","target":"Orphanet:84","Edge_Type":"hpodis","label":"is associated w\/"}},{"data":{"source":"HP:0003221","target":"Orphanet:84","Edge_Type":"hpodis","label":"is associated w\/"}},{"data":{"source":"HP:0003221","target":"Orphanet:84","Edge_Type":"hpodis","label":"is associated w\/"}},{"data":{"source":"HP:0003221","target":"Orphanet:84","Edge_Type":"hpodis","label":"is associated w\/"}},{"data":{"source":"P54132","target":"Orphanet:125","Edge_Type":"Disease","label":"is related to"}},{"data":{"source":"Q14191","target":"Orphanet:902","Edge_Type":"Disease","label":"is related to"}},{"data":{"source":"Q9BX63","target":"EFO:0003869","Edge_Type":"Disease","label":"is related to"}},{"data":{"source":"Q9BX63","target":"EFO:0000305","Edge_Type":"Disease","label":"is related to"}},{"data":{"source":"Q9BX63","target":"Orphanet:227535","Edge_Type":"Disease","label":"is related to"}},{"data":{"source":"P42677","target":"Orphanet:124","Edge_Type":"Disease","label":"is related to"}},{"data":{"source":"Q9BX63","target":"Orphanet:84","Edge_Type":"Disease","label":"is related to"}},{"data":{"source":"Q14191","target":"EFO:0000365","Edge_Type":"Disease","label":"is related to"}},{"data":{"source":"Q14191","target":"EFO:0004142","Edge_Type":"Disease","label":"is related to"}},{"data":{"source":"Q14191","target":"MONDO:0023113","Edge_Type":"Disease","label":"is related to"}},{"data":{"source":"Q9UBS5","target":"DB00181","Edge_Type":"Drug","label":"targets"}},{"data":{"source":"O75899","target":"DB00181","Edge_Type":"Drug","label":"targets"}},{"data":{"source":"P08684","target":"DB00181","Edge_Type":"Chembl","label":"targets","pchembl_value":7.5}},{"data":{"source":"P0DMS8","target":"DB00181","Edge_Type":"Chembl","label":"targets","pchembl_value":7.3}},{"data":{"source":"P54132","target":"DB00181","Edge_Type":"Chembl","label":"targets","pchembl_value":6.7}},{"data":{"source":"Q9UBS5","target":"DB05010","Edge_Type":"Drug","label":"targets"}},{"data":{"source":"O75899","target":"DB05010","Edge_Type":"Drug","label":"targets"}},{"data":{"source":"Q9UBS5","target":"DB08892","Edge_Type":"Drug","label":"targets"}},{"data":{"source":"O75899","target":"DB08892","Edge_Type":"Drug","label":"targets"}},{"data":{"source":"Q9UBS5","target":"DB08891","Edge_Type":"Drug","label":"targets"}},{"data":{"source":"O75899","target":"DB08891","Edge_Type":"Drug","label":"targets"}},{"data":{"source":"Q9UBS5","target":"DB02530","Edge_Type":"Drug","label":"targets"}},{"data":{"source":"O75899","target":"DB02530","Edge_Type":"Drug","label":"targets"}},{"data":{"source":"P0DMS8","target":"DB05511","Edge_Type":"Drug","label":"targets"}},{"data":{"source":"P08684","target":"DB05478","Edge_Type":"Drug","label":"targets"}},{"data":{"source":"P08684","target":"DB06634","Edge_Type":"Drug","label":"targets"}},{"data":{"source":"Q9UBS5","target":"DB06354","Edge_Type":"Drug","label":"targets"}},{"data":{"source":"P46459","target":"DB01902","Edge_Type":"Drug","label":"targets"}},{"data":{"source":"O75899","target":"R-HSA-977444","Edge_Type":"Pathway","label":"is involved in"}},{"data":{"source":"Q9UBS5","target":"R-HSA-977444","Edge_Type":"Pathway","label":"is involved in"}},{"data":{"source":"P54132","target":"R-HSA-5685938","Edge_Type":"Pathway","label":"is involved in"}},{"data":{"source":"Q9BX63","target":"R-HSA-5685938","Edge_Type":"Pathway","label":"is involved in"}},{"data":{"source":"Q9H9A7","target":"R-HSA-5685938","Edge_Type":"Pathway","label":"is involved in"}},{"data":{"source":"P27694","target":"R-HSA-5685938","Edge_Type":"Pathway","label":"is involved in"}},{"data":{"source":"Q14191","target":"R-HSA-5685938","Edge_Type":"Pathway","label":"is involved in"}},{"data":{"source":"P54132","target":"R-HSA-5693616","Edge_Type":"Pathway","label":"is involved in"}},{"data":{"source":"Q9BX63","target":"R-HSA-5693616","Edge_Type":"Pathway","label":"is involved in"}},{"data":{"source":"Q9H9A7","target":"R-HSA-5693616","Edge_Type":"Pathway","label":"is involved in"}},{"data":{"source":"P27694","target":"R-HSA-5693616","Edge_Type":"Pathway","label":"is involved in"}},{"data":{"source":"Q14191","target":"R-HSA-5693616","Edge_Type":"Pathway","label":"is involved in"}},{"data":{"source":"P54132","target":"R-HSA-5693579","Edge_Type":"Pathway","label":"is involved in"}},{"data":{"source":"Q9BX63","target":"R-HSA-5693579","Edge_Type":"Pathway","label":"is involved in"}},{"data":{"source":"Q9H9A7","target":"R-HSA-5693579","Edge_Type":"Pathway","label":"is involved in"}},{"data":{"source":"Q14191","target":"R-HSA-5693579","Edge_Type":"Pathway","label":"is involved in"}},{"data":{"source":"P54132","target":"R-HSA-5693554","Edge_Type":"Pathway","label":"is involved in"}},{"data":{"source":"Q9BX63","target":"R-HSA-5693554","Edge_Type":"Pathway","label":"is involved in"}},{"data":{"source":"Q9H9A7","target":"R-HSA-5693554","Edge_Type":"Pathway","label":"is involved in"}},{"data":{"source":"Q14191","target":"R-HSA-5693554","Edge_Type":"Pathway","label":"is involved in"}},{"data":{"source":"P54132","target":"R-HSA-69473","Edge_Type":"Pathway","label":"is involved in"}},{"data":{"source":"Q9BX63","target":"R-HSA-69473","Edge_Type":"Pathway","label":"is involved in"}},{"data":{"source":"Q9H9A7","target":"R-HSA-69473","Edge_Type":"Pathway","label":"is involved in"}},{"data":{"source":"Q96RL1","target":"R-HSA-69473","Edge_Type":"Pathway","label":"is involved in"}},{"data":{"source":"P27694","target":"R-HSA-69473","Edge_Type":"Pathway","label":"is involved in"}},{"data":{"source":"Q14191","target":"R-HSA-69473","Edge_Type":"Pathway","label":"is involved in"}},{"data":{"source":"P54132","target":"R-HSA-5685942","Edge_Type":"Pathway","label":"is involved in"}},{"data":{"source":"Q9BX63","target":"R-HSA-5685942","Edge_Type":"Pathway","label":"is involved in"}},{"data":{"source":"Q9H9A7","target":"R-HSA-5685942","Edge_Type":"Pathway","label":"is involved in"}},{"data":{"source":"P27694","target":"R-HSA-5685942","Edge_Type":"Pathway","label":"is involved in"}},{"data":{"source":"Q14191","target":"R-HSA-5685942","Edge_Type":"Pathway","label":"is involved in"}},{"data":{"source":"P54132","target":"R-HSA-5693568","Edge_Type":"Pathway","label":"is involved in"}},{"data":{"source":"Q9BX63","target":"R-HSA-5693568","Edge_Type":"Pathway","label":"is involved in"}},{"data":{"source":"Q9H9A7","target":"R-HSA-5693568","Edge_Type":"Pathway","label":"is involved in"}},{"data":{"source":"Q14191","target":"R-HSA-5693568","Edge_Type":"Pathway","label":"is involved in"}},{"data":{"source":"P54132","target":"R-HSA-5693607","Edge_Type":"Pathway","label":"is involved in"}},{"data":{"source":"Q9BX63","target":"R-HSA-5693607","Edge_Type":"Pathway","label":"is involved in"}},{"data":{"source":"Q9H9A7","target":"R-HSA-5693607","Edge_Type":"Pathway","label":"is involved in"}},{"data":{"source":"Q96RL1","target":"R-HSA-5693607","Edge_Type":"Pathway","label":"is involved in"}},{"data":{"source":"P27694","target":"R-HSA-5693607","Edge_Type":"Pathway","label":"is involved in"}},{"data":{"source":"Q14191","target":"R-HSA-5693607","Edge_Type":"Pathway","label":"is involved in"}},{"data":{"source":"P39748","target":"R-HSA-174437","Edge_Type":"Pathway","label":"is involved in"}},{"data":{"source":"P27694","target":"R-HSA-174437","Edge_Type":"Pathway","label":"is involved in"}},{"data":{"source":"Q14191","target":"HP:0012060","Edge_Type":"HPO","label":"is associated w\/"}},{"data":{"source":"P54132","target":"HP:0005598","Edge_Type":"HPO","label":"is associated w\/"}},{"data":{"source":"Q14191","target":"HP:0007618","Edge_Type":"HPO","label":"is associated w\/"}},{"data":{"source":"P54132","target":"HP:0000690","Edge_Type":"HPO","label":"is associated w\/"}},{"data":{"source":"P54132","target":"HP:0005585","Edge_Type":"HPO","label":"is associated w\/"}},{"data":{"source":"P54132","target":"HP:0040012","Edge_Type":"HPO","label":"is associated w\/"}},{"data":{"source":"Q9BX63","target":"HP:0040012","Edge_Type":"HPO","label":"is associated w\/"}},{"data":{"source":"P54132","target":"HP:0200160","Edge_Type":"HPO","label":"is associated w\/"}},{"data":{"source":"P54132","target":"HP:0005590","Edge_Type":"HPO","label":"is associated w\/"}},{"data":{"source":"Q14191","target":"HP:0005177","Edge_Type":"HPO","label":"is associated w\/"}},{"data":{"source":"Q9BX63","target":"HP:0003221","Edge_Type":"HPO","label":"is associated w\/"}},{"data":{"source":"P0DMS8","target":"DB00142","Edge_Type":"Prediction","label":"targets"}},{"data":{"source":"P0DMS8","target":"DB12465","Edge_Type":"drugChembl","label":"targets"}},{"data":{"source":"P0DMS8","target":"CHEMBL1255588","Edge_Type":"predictionChembl","label":"targets"}},{"data":{"source":"P0DMS8","target":"CHEMBL513389","Edge_Type":"predictionChembl","label":"targets"}},{"data":{"source":"P0DMS8","target":"CHEMBL2107804","Edge_Type":"predictionChembl","label":"targets"}},{"data":{"source":"P08684","target":"CHEMBL473634","Edge_Type":"Prediction","label":"targets"}},{"data":{"source":"P0DMS8","target":"CHEMBL473634","Edge_Type":"Prediction","label":"targets"}},{"data":{"source":"P08684","target":"CHEMBL387431","Edge_Type":"Prediction","label":"targets"}},{"data":{"source":"P0DMS8","target":"CHEMBL387431","Edge_Type":"Prediction","label":"targets"}},{"data":{"source":"P08684","target":"CHEMBL95905","Edge_Type":"Prediction","label":"targets"}},{"data":{"source":"P0DMS8","target":"CHEMBL95905","Edge_Type":"Prediction","label":"targets"}},{"data":{"source":"P08684","target":"CHEMBL422406","Edge_Type":"Prediction","label":"targets"}},{"data":{"source":"P0DMS8","target":"CHEMBL422406","Edge_Type":"Prediction","label":"targets"}},{"data":{"source":"P08684","target":"CHEMBL387319","Edge_Type":"Prediction","label":"targets"}},{"data":{"source":"P0DMS8","target":"CHEMBL387319","Edge_Type":"Prediction","label":"targets"}},{"data":{"source":"H00431","target":"DB00181","Edge_Type":"kegg_dis_drug","label":"indicates"}},{"data":{"source":"H01616","target":"DB00181","Edge_Type":"kegg_dis_drug","label":"indicates"}},{"data":{"source":"H00058","target":"DB00181","Edge_Type":"kegg_dis_drug","label":"indicates"}},{"data":{"source":"H01490","target":"DB00181","Edge_Type":"kegg_dis_drug","label":"indicates"}},{"data":{"source":"H00296","target":"hsa03440","Edge_Type":"kegg_dis_path","label":"modulates"}},{"data":{"source":"H01346","target":"hsa03440","Edge_Type":"kegg_dis_path","label":"modulates"}},{"data":{"source":"H01346","target":"hsa03460","Edge_Type":"kegg_dis_path","label":"modulates"}},{"data":{"source":"H00094","target":"hsa03440","Edge_Type":"kegg_dis_path","label":"modulates"}},{"data":{"source":"H00238","target":"hsa03460","Edge_Type":"kegg_dis_path","label":"modulates"}},{"data":{"source":"H00606","target":"hsa04727","Edge_Type":"kegg_dis_path","label":"modulates"}},{"data":{"source":"P54132","target":"hsa03440","Edge_Type":"kegg_path_prot","label":"is involved in"}},{"data":{"source":"Q9BX63","target":"hsa03440","Edge_Type":"kegg_path_prot","label":"is involved in"}},{"data":{"source":"Q96RL1","target":"hsa03440","Edge_Type":"kegg_path_prot","label":"is involved in"}},{"data":{"source":"P27694","target":"hsa03440","Edge_Type":"kegg_path_prot","label":"is involved in"}},{"data":{"source":"P54132","target":"hsa03460","Edge_Type":"kegg_path_prot","label":"is involved in"}},{"data":{"source":"Q9BX63","target":"hsa03460","Edge_Type":"kegg_path_prot","label":"is involved in"}},{"data":{"source":"Q9H9A7","target":"hsa03460","Edge_Type":"kegg_path_prot","label":"is involved in"}},{"data":{"source":"P27694","target":"hsa03460","Edge_Type":"kegg_path_prot","label":"is involved in"}},{"data":{"source":"P39748","target":"hsa03030","Edge_Type":"kegg_path_prot","label":"is involved in"}},{"data":{"source":"P27694","target":"hsa03030","Edge_Type":"kegg_path_prot","label":"is involved in"}},{"data":{"source":"O75899","target":"hsa04727","Edge_Type":"kegg_path_prot","label":"is involved in"}},{"data":{"source":"Q9UBS5","target":"hsa04727","Edge_Type":"kegg_path_prot","label":"is involved in"}},{"data":{"source":"P46459","target":"hsa04727","Edge_Type":"kegg_path_prot","label":"is involved in"}},{"data":{"source":"P39748","target":"hsa03450","Edge_Type":"kegg_path_prot","label":"is involved in"}},{"data":{"source":"O75899","target":"hsa04929","Edge_Type":"kegg_path_prot","label":"is involved in"}},{"data":{"source":"Q9UBS5","target":"hsa04929","Edge_Type":"kegg_path_prot","label":"is involved in"}},{"data":{"source":"O75899","target":"hsa04742","Edge_Type":"kegg_path_prot","label":"is involved in"}},{"data":{"source":"Q9UBS5","target":"hsa04742","Edge_Type":"kegg_path_prot","label":"is involved in"}},{"data":{"source":"P27694","target":"hsa03430","Edge_Type":"kegg_path_prot","label":"is involved in"}},{"data":{"source":"P08684","target":"hsa00591","Edge_Type":"kegg_path_prot","label":"is involved in"}},{"data":{"source":"P39748","target":"hsa03410","Edge_Type":"kegg_path_prot","label":"is involved in"}},{"data":{"source":"P54132","target":"H00296","Edge_Type":"kegg_dis_prot","label":"is related to"}},{"data":{"source":"Q14191","target":"H00296","Edge_Type":"kegg_dis_prot","label":"is related to"}},{"data":{"source":"P54132","target":"H01346","Edge_Type":"kegg_dis_prot","label":"is related to"}},{"data":{"source":"Q14191","target":"H01733","Edge_Type":"kegg_dis_prot","label":"is related to"}},{"data":{"source":"P54132","target":"H00094","Edge_Type":"kegg_dis_prot","label":"is related to"}},{"data":{"source":"Q9BX63","target":"H00238","Edge_Type":"kegg_dis_prot","label":"is related to"}},{"data":{"source":"O75899","target":"H00606","Edge_Type":"kegg_dis_prot","label":"is related to"}}]}