Core Proteins,Interacting Proteins,Pathways,HPO terms,Diseases,Targeting Drugs,Experimental Bioactive Compounds (pChEMBL),Predicted interacting Compounds
CHRNB2 (P17787),CHRNA4 (P43681); CHRNA5 (P30532),R-HSA-629594 Highly calcium permeable postsynaptic nicotinic acetylcholine receptors[scr:16231]; R-HSA-629597 Highly calcium permeable nicotinic acetylcholine receptors[scr:12696]; R-HSA-629587 Highly sodium permeable acetylcholine nicotinic receptors[scr:4081]; hsa04080 Neuroactive ligand-receptor interaction[scr:80]; hsa04725 Cholinergic synapse[scr:61],,Orphanet:98784 Autosomal dominant nocturnal frontal lobe epilepsy (EFO)[scr:900]; H00807 Nocturnal frontal lobe epilepsy (KEGG)[scr:917],DB00657 Mecamylamine[scr:9999999]; DB07720 Epibatidine[scr:1892]; DB05740 RPI-78M[scr:1413]; DB01245 Decamethonium[scr:1192]; DB05458 Pozanicline[scr:1060]; DB00184 Nicotine[scr:1019]; DB01273 Varenicline[scr:954]; DB09028 Cytisine[scr:954]; DB00674 Galantamine[scr:736]; DB00981 Physostigmine[scr:707],,
CHRNA7 (P36544),SLURP1 (P55000); APP (P05067); CHRFAM7A (Q494W8),R-HSA-629594 Highly calcium permeable postsynaptic nicotinic acetylcholine receptors[scr:16231]; hsa04080 Neuroactive ligand-receptor interaction[scr:80]; hsa04725 Cholinergic synapse[scr:61]; hsa04020 Calcium signaling pathway[scr:4],,H01877 Chromosome 15q13.3 microdeletion syndrome (KEGG)[scr:102],DB00657 Mecamylamine[scr:9999999]; DB07720 Epibatidine[scr:1892]; DB05740 RPI-78M[scr:1413]; DB00184 Nicotine[scr:1019]; DB01273 Varenicline[scr:954]; DB09028 Cytisine[scr:954]; DB00674 Galantamine[scr:736],,
CHRNA4 (P43681),CHRNB2 (P17787); CRELD2 (Q6UXH1); CRELD2 (Q6UXH1),R-HSA-629594 Highly calcium permeable postsynaptic nicotinic acetylcholine receptors[scr:16231]; R-HSA-629597 Highly calcium permeable nicotinic acetylcholine receptors[scr:12696]; R-HSA-629587 Highly sodium permeable acetylcholine nicotinic receptors[scr:4081]; hsa04080 Neuroactive ligand-receptor interaction[scr:80]; hsa04725 Cholinergic synapse[scr:61],,Orphanet:98784 Autosomal dominant nocturnal frontal lobe epilepsy (EFO)[scr:900]; H00807 Nocturnal frontal lobe epilepsy (KEGG)[scr:917],DB00657 Mecamylamine[scr:9999999]; DB07720 Epibatidine[scr:1892]; DB05740 RPI-78M[scr:1413]; DB01245 Decamethonium[scr:1192]; DB05458 Pozanicline[scr:1060]; DB00184 Nicotine[scr:1019]; DB01273 Varenicline[scr:954]; DB09028 Cytisine[scr:954]; DB00674 Galantamine[scr:736]; DB00981 Physostigmine[scr:707],,CHEMBL339170 [scr:11.6]; CHEMBL381777 [scr:11.6]; CHEMBL331748 [scr:11.6]; CHEMBL342668 [scr:11.6]; CHEMBL370529 [scr:9.67]; CHEMBL359893 [scr:9.67]; CHEMBL356746 [scr:9.67]; CHEMBL396977 [scr:9.67]; CHEMBL388325 [scr:8.29]; CHEMBL539220 [scr:7.25]
CHRNA2 (Q15822),,R-HSA-629594 Highly calcium permeable postsynaptic nicotinic acetylcholine receptors[scr:16231]; R-HSA-629597 Highly calcium permeable nicotinic acetylcholine receptors[scr:12696]; hsa04080 Neuroactive ligand-receptor interaction[scr:80],HP:0025144 Shivering[scr:157],Orphanet:98784 Autosomal dominant nocturnal frontal lobe epilepsy (EFO)[scr:900]; H00807 Nocturnal frontal lobe epilepsy (KEGG)[scr:917],DB00657 Mecamylamine[scr:9999999]; DB07720 Epibatidine[scr:1892]; DB05740 RPI-78M[scr:1413]; DB01245 Decamethonium[scr:1192]; DB00184 Nicotine[scr:1019]; DB00674 Galantamine[scr:736],,
CHRNA5 (P30532),CHRNB2 (P17787),R-HSA-629594 Highly calcium permeable postsynaptic nicotinic acetylcholine receptors[scr:16231]; R-HSA-629597 Highly calcium permeable nicotinic acetylcholine receptors[scr:12696]; hsa04080 Neuroactive ligand-receptor interaction[scr:80],,,DB00184 Nicotine[scr:1019]; DB00674 Galantamine[scr:736],,
SLURP1 (P55000),CHRNA7 (P36544),hsa04080 Neuroactive ligand-receptor interaction[scr:80],HP:0007390 Hyperkeratosis with erythema[scr:470]; HP:0007553 Congenital symmetrical palmoplantar keratosis[scr:470]; HP:0008392 Subungual hyperkeratosis[scr:94]; HP:0007435 Diffuse palmoplantar keratoderma[scr:78],Orphanet:87503 Mal de Meleda (EFO)[scr:400]; H00695 Mal de Meleda (KEGG)[scr:407],,,
CRELD2 (Q6UXH1),CHRNA4 (P43681),,,,,,
APP (P05067),CHRNA7 (P36544); APP (P05067),R-HSA-444473 Formyl peptide receptors bind formyl peptides and many other ligands[scr:794]; R-HSA-879415 Advanced glycosylation endproduct receptor signaling[scr:549]; R-HSA-844456 The NLRP3 inflammasome[scr:476]; R-HSA-8862803 Deregulated CDK5 triggers multiple neurodegenerative pathways in Alzheimer's disease models[scr:325]; R-HSA-933542 TRAF6 mediated NF-kB activation[scr:298]; R-HSA-445989 TAK1 activates NFkB by phosphorylation and activation of IKKs complex[scr:223]; R-HSA-432720 Lysosome Vesicle Biogenesis[scr:204]; hsa04726 Serotonergic synapse[scr:7],HP:0004938 Tortuous cerebral arteries[scr:470]; HP:0004968 Recurrent cerebral hemorrhage[scr:470]; HP:0011970 Cerebral amyloid angiopathy[scr:94]; HP:0011695 Cerebellar hemorrhage[scr:78]; HP:0410054 Decreased level of GABA in serum[scr:78],MONDO:0011583 cerebral amyloid angiopathy- APP-related (EFO)[scr:400]; Orphanet:100006 Hereditary cerebral hemorrhage with amyloidosis- Dutch type (EFO)[scr:400]; Orphanet:324703 Hereditary cerebral hemorrhage with amyloidosis- Piedmont type (EFO)[scr:400]; Orphanet:324708 Hereditary cerebral hemorrhage with amyloidosis- Iowa type (EFO)[scr:400]; Orphanet:324713 Hereditary cerebral hemorrhage with amyloidosis- Italian type (EFO)[scr:400]; Orphanet:324718 Hereditary cerebral hemorrhage with amyloidosis- Flemish type (EFO)[scr:400]; Orphanet:324723 Hereditary cerebral hemorrhage with amyloidosis- Arctic type (EFO)[scr:400]; Orphanet:85458 Hereditary cerebral hemorrhage with amyloidosis (EFO)[scr:200]; H01185 Cerebral amyloid angiopathy (KEGG)[scr:204]; H00056 Alzheimer disease (KEGG)[scr:102],,,
CHRFAM7A (Q494W8),CHRNA7 (P36544),,,,DB07720 Epibatidine[scr:1892],,
