Core Proteins,Interacting Proteins,Pathways,HPO terms,Diseases,Targeting Drugs,Experimental Bioactive Compounds (pChEMBL),Predicted interacting Compounds
PDE2A (O00408),AIP (O00170),R-HSA-418457 cGMP effects[scr:1428]; R-HSA-418555 G alpha (s) signalling events[scr:695]; hsa00230 Purine metabolism[scr:85]; hsa04022 cGMP-PKG signaling pathway[scr:16]; hsa01100 Metabolic pathways[scr:12]; hsa04925 Aldosterone synthesis and secretion[scr:7],,,DB08811 Tofisopam[scr:9999999]; DB05142 ND7001[scr:477],,CHEMBL404485 [scr:21.35]; CHEMBL518489 [scr:20.43]; CHEMBL3318978 [scr:18.98]; CHEMBL324863 [scr:18.79]; CHEMBL280349 [scr:18.07]; CHEMBL100749 [scr:18.07]; CHEMBL403907 [scr:17.4]; CHEMBL483915 [scr:17.4]; CHEMBL114302 [scr:16.2]
PDE4A (P27815),PFKFB1 (P16118); OSGIN1 (Q9UJX0); CYB561D2 (O14569),R-HSA-418555 G alpha (s) signalling events[scr:695]; R-HSA-180024 DARPP-32 events[scr:268]; hsa00230 Purine metabolism[scr:85]; hsa04024 cAMP signaling pathway[scr:28]; hsa01100 Metabolic pathways[scr:12]; hsa04928 Parathyroid hormone synthesis- secretion and action[scr:6],,,DB08811 Tofisopam[scr:9999999]; DB06479 Propentofylline[scr:477],,CHEMBL404485 [scr:21.35]; CHEMBL518489 [scr:20.43]; CHEMBL324863 [scr:18.79]; CHEMBL280349 [scr:18.07]; CHEMBL100749 [scr:18.07]; CHEMBL403907 [scr:17.4]; CHEMBL483915 [scr:17.4]; CHEMBL114302 [scr:16.2]
PDE3A (Q14432),ARFGEF2 (Q9Y6D5); ARFGEF1 (Q9Y6D6),R-HSA-418555 G alpha (s) signalling events[scr:695]; hsa00230 Purine metabolism[scr:85]; hsa04024 cAMP signaling pathway[scr:28]; hsa04022 cGMP-PKG signaling pathway[scr:16]; hsa01100 Metabolic pathways[scr:12]; hsa04924 Renin secretion[scr:9],,Orphanet:1276 Brachydactyly - arterial hypertension (EFO)[scr:360]; H00482 Brachydactyly (KEGG)[scr:41],DB08811 Tofisopam[scr:9999999]; DB04880 Enoximone[scr:477]; DB01166 Cilostazol[scr:477]; DB00235 Milrinone[scr:477],,
PDE10A (Q9Y233),,R-HSA-418457 cGMP effects[scr:1428]; R-HSA-418555 G alpha (s) signalling events[scr:695]; hsa00230 Purine metabolism[scr:85]; hsa04024 cAMP signaling pathway[scr:28]; hsa01100 Metabolic pathways[scr:12],HP:0100248 Hemiballismus[scr:423]; HP:0031206 Striatal T2 hyperintensity[scr:423],Orphanet:228169 Autosomal dominant striatal neurodegeneration (EFO)[scr:180]; MONDO:0014834 dyskinesia- limb and orofacial- infantile-onset (EFO)[scr:0]; H02388 Infantile-onset limb and orofacial dyskinesia (KEGG)[scr:367]; H01570 Autosomal dominant striatal degeneration (KEGG)[scr:183],DB08811 Tofisopam[scr:9999999]; DB08384 2-({4-[4-(pyridin-4-ylmethyl)-1H-pyrazol-3-yl]phenoxy}methyl)quinoline[scr:477]; DB08383 4-5-bis(4-methoxyphenyl)-2-thiophen-2-yl-1H-imidazole[scr:477]; DB08386 2-{[4-(4-pyridin-4-yl-1H-pyrazol-3-yl)phenoxy]methyl}quinoline[scr:477],,CHEMBL404485 [scr:21.35]; CHEMBL518489 [scr:20.43]; CHEMBL3318978 [scr:18.98]; CHEMBL324863 [scr:18.79]; CHEMBL280349 [scr:18.07]; CHEMBL100749 [scr:18.07]; CHEMBL403907 [scr:17.4]; CHEMBL321421 [scr:17.4]; CHEMBL483915 [scr:17.4]; CHEMBL114302 [scr:16.2]
PFKFB1 (P16118),PDE4A (P27815); PFKFB1 (P16118),R-HSA-163358 PKA-mediated phosphorylation of key metabolic factors[scr:1286]; R-HSA-163767 PP2A-mediated dephosphorylation of key metabolic factors[scr:918]; R-HSA-9634600 Regulation of glycolysis by fructose 2-6-bisphosphate metabolism[scr:0]; hsa00051 Fructose and mannose metabolism[scr:21]; hsa01100 Metabolic pathways[scr:12]; hsa04922 Glucagon signaling pathway[scr:6],,,DB02393 D-Gluco-2-5-Anhydro-1-Deoxy-1-Phosphonohexitol-6-Phosphate[scr:477],,
AIP (O00170),PDE2A (O00408),R-HSA-8937144 Aryl hydrocarbon receptor signalling[scr:918]; R-HSA-8950505 Gene and protein expression by JAK-STAT signaling after Interleukin-12 stimulation[scr:174],HP:0003859 Cortical diaphyseal thickening of the upper limbs[scr:212]; HP:0009808 Anomaly of the upper limb diaphyses[scr:212]; HP:0030269 Increased serum insulin-like growth factor 1[scr:212]; HP:0040278 Prolactinoma[scr:212]; HP:0001345 Psychotic mentation[scr:141]; HP:0030264 Webbed penis[scr:141]; HP:0007011 Fourth cranial nerve palsy[scr:141]; HP:0030265 Wide penis[scr:141],EFO:1000496 Prolactin-Producing Pituitary Gland Adenoma (EFO)[scr:360]; MONDO:0007052 growth hormone secreting pituitary adenoma 1 (EFO)[scr:360]; EFO:0004125 growth hormone-secreting pituitary adenoma (EFO)[scr:180]; H01864 Excessive secretion of growth hormone (KEGG)[scr:183]; H01483 Acromegaly (KEGG)[scr:92]; H01102 Pituitary adenomas (KEGG)[scr:33]; H01431 Cushing syndrome (KEGG)[scr:20],,,
ARFGEF2 (Q9Y6D5),PDE3A (Q14432); ARFGEF1 (Q9Y6D6),R-HSA-390471 Association of TriC/CCT with target proteins during biosynthesis[scr:165]; hsa04144 Endocytosis[scr:11],,Orphanet:2149 Nodular neuronal heterotopia (EFO)[scr:120]; Orphanet:98892 Periventricular nodular heterotopia (EFO)[scr:90]; H00270 Periventricular nodular heterotopia (KEGG)[scr:92],,,
ARFGEF1 (Q9Y6D6),PDE3A (Q14432); ARFGEF2 (Q9Y6D5),hsa04144 Endocytosis[scr:11],,,,,
OSGIN1 (Q9UJX0),PDE4A (P27815),,,,,,
CYB561D2 (O14569),PDE4A (P27815),,,,,,
