{"options":{"search_start":1613057086,"tax_ids":[9606],"num_of_fn_nodes":10,"num_of_pathways":10,"num_of_phenotypes":10,"num_of_drugs":10,"num_of_diseases":10,"num_of_compounds":10,"chembl_compounds":0,"predictions":1,"reviewed_filter":1,"fn":1,"chembl":1,"search_finish":1613057092,"search_runtime":6},"search":[{"Drug":[{"DB05777":"Thrombomodulin Alfa"}]}],"nodes":[{"data":{"id":"P00734","display_name":"F2","Node_Type":"Protein"}},{"data":{"id":"P12259","display_name":"F5","Node_Type":"Protein"}},{"data":{"id":"P07204","display_name":"THBD","Node_Type":"Protein_N"}},{"data":{"id":"HP:0004936","display_name":"Venous thrombosis","Node_Type":"Disease","enrichScore":2160.6}},{"data":{"id":"EFO:1000954","display_name":"habitual abortion","Node_Type":"Disease","enrichScore":1200.333}},{"data":{"id":"Orphanet:217023","display_name":"Atypical hemolytic-uremic syndrome with thrombomodulin anomaly","Node_Type":"Disease","enrichScore":1200.333}},{"data":{"id":"Orphanet:325","display_name":"Congenital factor II deficiency","Node_Type":"Disease","enrichScore":1200.333}},{"data":{"id":"Orphanet:326","display_name":"Congenital factor V deficiency","Node_Type":"Disease","enrichScore":1200.333}},{"data":{"id":"EFO:0000712","display_name":"stroke","Node_Type":"Disease","enrichScore":600.167}},{"data":{"id":"Orphanet:2134","display_name":"Atypical hemolytic-uremic syndrome","Node_Type":"Disease","enrichScore":133.37}},{"data":{"id":"DB05777","display_name":"Thrombomodulin Alfa","Node_Type":"Drug","enrichScore":9999999}},{"data":{"id":"DB00001","display_name":"Lepirudin","Node_Type":"Drug","enrichScore":1589.667}},{"data":{"id":"DB07005","display_name":"D-phenylalanyl-N-{4-[amino(iminio)methyl]benzyl}-L-prolinamide","Node_Type":"Drug","enrichScore":1589.667}},{"data":{"id":"DB07639","display_name":"3-(7-DIAMINOMETHYL-NAPHTHALEN-2-YL)-PROPIONIC ACID ETHYL ESTER","Node_Type":"Drug","enrichScore":1589.667}},{"data":{"id":"DB07658","display_name":"AC-(D)Phe-pro-borolys-OH","Node_Type":"Drug","enrichScore":1589.667}},{"data":{"id":"DB07659","display_name":"AC-(D)PHE-PRO-BOROHOMOLYS-OH","Node_Type":"Drug","enrichScore":1589.667}},{"data":{"id":"DB07083","display_name":"beta-phenyl-D-phenylalanyl-N-propyl-L-prolinamide","Node_Type":"Drug","enrichScore":1589.667}},{"data":{"id":"DB07027","display_name":"D-phenylalanyl-N-(3-fluorobenzyl)-L-prolinamide","Node_Type":"Drug","enrichScore":1589.667}},{"data":{"id":"DB07016","display_name":"(3R)-8-(dioxidosulfanyl)-3-methyl-1,2,3,4-tetrahydroquinoline","Node_Type":"Drug","enrichScore":1589.667}},{"data":{"id":"DB06996","display_name":"D-leucyl-N-(4-carbamimidoylbenzyl)-L-prolinamide","Node_Type":"Drug","enrichScore":1589.667}},{"data":{"id":"R-HSA-140875","display_name":"Common Pathway of Fibrin Clot Formation","Node_Type":"Pathway","enrichScore":8764.773}},{"data":{"id":"R-HSA-159763","display_name":"Transport of gamma-carboxylated protein precursors from the endoplasmic reticulum to the Golgi apparatus","Node_Type":"Pathway","enrichScore":2380.556}},{"data":{"id":"R-HSA-159740","display_name":"Gamma-carboxylation of protein precursors","Node_Type":"Pathway","enrichScore":2142.5}},{"data":{"id":"R-HSA-159782","display_name":"Removal of aminoterminal propeptides from gamma-carboxylated proteins","Node_Type":"Pathway","enrichScore":2142.5}},{"data":{"id":"R-HSA-76009","display_name":"Platelet Aggregation (Plug Formation)","Node_Type":"Pathway","enrichScore":2142.5}},{"data":{"id":"R-HSA-140837","display_name":"Intrinsic Pathway of Fibrin Clot Formation","Node_Type":"Pathway","enrichScore":973.864}},{"data":{"id":"R-HSA-381426","display_name":"Regulation of Insulin-like Growth Factor (IGF) transport and uptake by Insulin-like Growth Factor Binding Proteins (IGFBPs)","Node_Type":"Pathway","enrichScore":691.129}},{"data":{"id":"R-HSA-456926","display_name":"Thrombin signalling through proteinase activated receptors (PARs)","Node_Type":"Pathway","enrichScore":669.531}},{"data":{"id":"R-HSA-5694530","display_name":"Cargo concentration in the ER","Node_Type":"Pathway","enrichScore":649.242}},{"data":{"id":"R-HSA-202733","display_name":"Cell surface interactions at the vascular wall","Node_Type":"Pathway","enrichScore":567.55}},{"data":{"id":"HP:0030138","display_name":"Excessive bleeding from superficial cuts","Node_Type":"HPO","enrichScore":1410.333}},{"data":{"id":"HP:0012175","display_name":"Resistance to activated protein C","Node_Type":"HPO","enrichScore":1410.333}},{"data":{"id":"HP:0002625","display_name":"Deep venous thrombosis","Node_Type":"HPO","enrichScore":846.2}},{"data":{"id":"HP:0040250","display_name":"Reduced prothrombin antigen","Node_Type":"HPO","enrichScore":705.167}},{"data":{"id":"HP:0200067","display_name":"Recurrent spontaneous abortion","Node_Type":"HPO","enrichScore":705.167}},{"data":{"id":"HP:0003225","display_name":"Reduced coagulation factor V activity","Node_Type":"HPO","enrichScore":470.111}},{"data":{"id":"HP:0005542","display_name":"Prolonged whole-blood clotting time","Node_Type":"HPO","enrichScore":352.583}},{"data":{"id":"HP:0031899","display_name":"Abnormal coagulation factor V activity","Node_Type":"HPO","enrichScore":352.583}},{"data":{"id":"HP:0100724","display_name":"Hypercoagulability","Node_Type":"HPO","enrichScore":331.843}},{"data":{"id":"HP:0003645","display_name":"Prolonged partial thromboplastin time","Node_Type":"HPO","enrichScore":331.843}},{"data":{"id":"hsa04610","display_name":"Complement and coagulation cascades","Node_Type":"kegg_Pathway","enrichScore":238.535}},{"data":{"id":"hsa04611","display_name":"Platelet activation","Node_Type":"kegg_Pathway","enrichScore":18.235}},{"data":{"id":"hsa04072","display_name":"Phospholipase D signaling pathway","Node_Type":"kegg_Pathway","enrichScore":15.401}},{"data":{"id":"hsa04810","display_name":"Regulation of actin cytoskeleton","Node_Type":"kegg_Pathway","enrichScore":10.701}},{"data":{"id":"hsa04080","display_name":"Neuroactive ligand-receptor interaction","Node_Type":"kegg_Pathway","enrichScore":6.665}},{"data":{"id":"H00220","display_name":"Factor V deficiency","Node_Type":"kegg_Disease","enrichScore":1222.333}},{"data":{"id":"H01254","display_name":"Congenital prothrombin deficiency","Node_Type":"kegg_Disease","enrichScore":1222.333}},{"data":{"id":"H00223","display_name":"Inherited thrombophilia","Node_Type":"kegg_Disease","enrichScore":785.786}},{"data":{"id":"H01433","display_name":"Budd-Chiari syndrome","Node_Type":"kegg_Disease","enrichScore":611.167}},{"data":{"id":"H01434","display_name":"Atypical hemolytic uremic syndrome","Node_Type":"kegg_Disease","enrichScore":152.792}}],"edges":[{"data":{"source":"P07204","target":"P00734","Edge_Type":"PPI","label":"interacts w\/"}},{"data":{"source":"HP:0030138","target":"Orphanet:325","Edge_Type":"hpodis","label":"is associated w\/"}},{"data":{"source":"HP:0012175","target":"HP:0004936","Edge_Type":"hpodis","label":"is associated w\/"}},{"data":{"source":"HP:0002625","target":"HP:0004936","Edge_Type":"hpodis","label":"is associated w\/"}},{"data":{"source":"HP:0002625","target":"HP:0004936","Edge_Type":"hpodis","label":"is associated w\/"}},{"data":{"source":"HP:0002625","target":"HP:0004936","Edge_Type":"hpodis","label":"is associated w\/"}},{"data":{"source":"HP:0002625","target":"HP:0004936","Edge_Type":"hpodis","label":"is associated w\/"}},{"data":{"source":"HP:0002625","target":"HP:0004936","Edge_Type":"hpodis","label":"is associated w\/"}},{"data":{"source":"HP:0040250","target":"Orphanet:325","Edge_Type":"hpodis","label":"is associated w\/"}},{"data":{"source":"HP:0200067","target":"EFO:1000954","Edge_Type":"hpodis","label":"is associated w\/"}},{"data":{"source":"HP:0200067","target":"EFO:1000954","Edge_Type":"hpodis","label":"is associated w\/"}},{"data":{"source":"HP:0200067","target":"EFO:1000954","Edge_Type":"hpodis","label":"is associated w\/"}},{"data":{"source":"HP:0200067","target":"EFO:1000954","Edge_Type":"hpodis","label":"is associated w\/"}},{"data":{"source":"HP:0003225","target":"Orphanet:326","Edge_Type":"hpodis","label":"is associated w\/"}},{"data":{"source":"HP:0005542","target":"Orphanet:326","Edge_Type":"hpodis","label":"is associated w\/"}},{"data":{"source":"HP:0031899","target":"Orphanet:326","Edge_Type":"hpodis","label":"is associated w\/"}},{"data":{"source":"HP:0100724","target":"HP:0004936","Edge_Type":"hpodis","label":"is associated w\/"}},{"data":{"source":"HP:0100724","target":"HP:0004936","Edge_Type":"hpodis","label":"is associated w\/"}},{"data":{"source":"HP:0100724","target":"HP:0004936","Edge_Type":"hpodis","label":"is associated w\/"}},{"data":{"source":"HP:0003645","target":"HP:0004936","Edge_Type":"hpodis","label":"is associated w\/"}},{"data":{"source":"HP:0003645","target":"Orphanet:326","Edge_Type":"hpodis","label":"is associated w\/"}},{"data":{"source":"HP:0003645","target":"Orphanet:325","Edge_Type":"hpodis","label":"is associated w\/"}},{"data":{"source":"HP:0003645","target":"Orphanet:325","Edge_Type":"hpodis","label":"is associated w\/"}},{"data":{"source":"P07204","target":"HP:0004936","Edge_Type":"Disease","label":"is related to"}},{"data":{"source":"P12259","target":"HP:0004936","Edge_Type":"Disease","label":"is related to"}},{"data":{"source":"P00734","target":"HP:0004936","Edge_Type":"Disease","label":"is related to"}},{"data":{"source":"P12259","target":"EFO:1000954","Edge_Type":"Disease","label":"is related to"}},{"data":{"source":"P00734","target":"EFO:1000954","Edge_Type":"Disease","label":"is related to"}},{"data":{"source":"P07204","target":"Orphanet:217023","Edge_Type":"Disease","label":"is related to"}},{"data":{"source":"P00734","target":"Orphanet:325","Edge_Type":"Disease","label":"is related to"}},{"data":{"source":"P12259","target":"Orphanet:326","Edge_Type":"Disease","label":"is related to"}},{"data":{"source":"P00734","target":"EFO:0000712","Edge_Type":"Disease","label":"is related to"}},{"data":{"source":"P12259","target":"EFO:0000712","Edge_Type":"Disease","label":"is related to"}},{"data":{"source":"P07204","target":"Orphanet:2134","Edge_Type":"Disease","label":"is related to"}},{"data":{"source":"P00734","target":"DB05777","Edge_Type":"Drug","label":"targets"}},{"data":{"source":"P12259","target":"DB05777","Edge_Type":"Drug","label":"targets"}},{"data":{"source":"P00734","target":"DB00001","Edge_Type":"Drug","label":"targets"}},{"data":{"source":"P00734","target":"DB07005","Edge_Type":"Drug","label":"targets"}},{"data":{"source":"P00734","target":"DB07639","Edge_Type":"Drug","label":"targets"}},{"data":{"source":"P00734","target":"DB07658","Edge_Type":"Drug","label":"targets"}},{"data":{"source":"P00734","target":"DB07659","Edge_Type":"Drug","label":"targets"}},{"data":{"source":"P00734","target":"DB07083","Edge_Type":"Drug","label":"targets"}},{"data":{"source":"P00734","target":"DB07027","Edge_Type":"Drug","label":"targets"}},{"data":{"source":"P00734","target":"DB07016","Edge_Type":"Drug","label":"targets"}},{"data":{"source":"P00734","target":"DB06996","Edge_Type":"Drug","label":"targets"}},{"data":{"source":"P00734","target":"R-HSA-140875","Edge_Type":"Pathway","label":"is involved in"}},{"data":{"source":"P12259","target":"R-HSA-140875","Edge_Type":"Pathway","label":"is involved in"}},{"data":{"source":"P07204","target":"R-HSA-140875","Edge_Type":"Pathway","label":"is involved in"}},{"data":{"source":"P00734","target":"R-HSA-159763","Edge_Type":"Pathway","label":"is involved in"}},{"data":{"source":"P00734","target":"R-HSA-159740","Edge_Type":"Pathway","label":"is involved in"}},{"data":{"source":"P00734","target":"R-HSA-159782","Edge_Type":"Pathway","label":"is involved in"}},{"data":{"source":"P00734","target":"R-HSA-76009","Edge_Type":"Pathway","label":"is involved in"}},{"data":{"source":"P00734","target":"R-HSA-140837","Edge_Type":"Pathway","label":"is involved in"}},{"data":{"source":"P00734","target":"R-HSA-381426","Edge_Type":"Pathway","label":"is involved in"}},{"data":{"source":"P12259","target":"R-HSA-381426","Edge_Type":"Pathway","label":"is involved in"}},{"data":{"source":"P00734","target":"R-HSA-456926","Edge_Type":"Pathway","label":"is involved in"}},{"data":{"source":"P12259","target":"R-HSA-5694530","Edge_Type":"Pathway","label":"is involved in"}},{"data":{"source":"P00734","target":"R-HSA-202733","Edge_Type":"Pathway","label":"is involved in"}},{"data":{"source":"P07204","target":"R-HSA-202733","Edge_Type":"Pathway","label":"is involved in"}},{"data":{"source":"P00734","target":"HP:0030138","Edge_Type":"HPO","label":"is associated w\/"}},{"data":{"source":"P12259","target":"HP:0012175","Edge_Type":"HPO","label":"is associated w\/"}},{"data":{"source":"P00734","target":"HP:0002625","Edge_Type":"HPO","label":"is associated w\/"}},{"data":{"source":"P12259","target":"HP:0002625","Edge_Type":"HPO","label":"is associated w\/"}},{"data":{"source":"P07204","target":"HP:0002625","Edge_Type":"HPO","label":"is associated w\/"}},{"data":{"source":"P00734","target":"HP:0040250","Edge_Type":"HPO","label":"is associated w\/"}},{"data":{"source":"P00734","target":"HP:0200067","Edge_Type":"HPO","label":"is associated w\/"}},{"data":{"source":"P12259","target":"HP:0200067","Edge_Type":"HPO","label":"is associated w\/"}},{"data":{"source":"P12259","target":"HP:0003225","Edge_Type":"HPO","label":"is associated w\/"}},{"data":{"source":"P12259","target":"HP:0005542","Edge_Type":"HPO","label":"is associated w\/"}},{"data":{"source":"P12259","target":"HP:0031899","Edge_Type":"HPO","label":"is associated w\/"}},{"data":{"source":"P12259","target":"HP:0100724","Edge_Type":"HPO","label":"is associated w\/"}},{"data":{"source":"P07204","target":"HP:0100724","Edge_Type":"HPO","label":"is associated w\/"}},{"data":{"source":"P00734","target":"HP:0003645","Edge_Type":"HPO","label":"is associated w\/"}},{"data":{"source":"P12259","target":"HP:0003645","Edge_Type":"HPO","label":"is associated w\/"}},{"data":{"source":"H00220","target":"hsa04610","Edge_Type":"kegg_dis_path","label":"modulates"}},{"data":{"source":"H01254","target":"hsa04610","Edge_Type":"kegg_dis_path","label":"modulates"}},{"data":{"source":"H00223","target":"hsa04610","Edge_Type":"kegg_dis_path","label":"modulates"}},{"data":{"source":"H01434","target":"hsa04610","Edge_Type":"kegg_dis_path","label":"modulates"}},{"data":{"source":"P00734","target":"hsa04610","Edge_Type":"kegg_path_prot","label":"is involved in"}},{"data":{"source":"P12259","target":"hsa04610","Edge_Type":"kegg_path_prot","label":"is involved in"}},{"data":{"source":"P07204","target":"hsa04610","Edge_Type":"kegg_path_prot","label":"is involved in"}},{"data":{"source":"P00734","target":"hsa04611","Edge_Type":"kegg_path_prot","label":"is involved in"}},{"data":{"source":"P00734","target":"hsa04072","Edge_Type":"kegg_path_prot","label":"is involved in"}},{"data":{"source":"P00734","target":"hsa04810","Edge_Type":"kegg_path_prot","label":"is involved in"}},{"data":{"source":"P00734","target":"hsa04080","Edge_Type":"kegg_path_prot","label":"is involved in"}},{"data":{"source":"P12259","target":"H00220","Edge_Type":"kegg_dis_prot","label":"is related to"}},{"data":{"source":"P00734","target":"H01254","Edge_Type":"kegg_dis_prot","label":"is related to"}},{"data":{"source":"P00734","target":"H00223","Edge_Type":"kegg_dis_prot","label":"is related to"}},{"data":{"source":"P12259","target":"H00223","Edge_Type":"kegg_dis_prot","label":"is related to"}},{"data":{"source":"P07204","target":"H00223","Edge_Type":"kegg_dis_prot","label":"is related to"}},{"data":{"source":"P12259","target":"H01433","Edge_Type":"kegg_dis_prot","label":"is related to"}},{"data":{"source":"P07204","target":"H01434","Edge_Type":"kegg_dis_prot","label":"is related to"}}]}