Core Proteins,Interacting Proteins,Pathways,HPO terms,Diseases,Targeting Drugs,Experimental Bioactive Compounds (pChEMBL),Predicted interacting Compounds
LMNA (P02545),TMPO (P42166); ALOX12 (P18054); LMNB2 (Q03252); ZMPSTE24 (O75844); SREBF1 (P36956); DUSP13 (Q9UII6); PELI1 (Q96FA3); LMNB1 (P20700); LMNB1 (P20700); LMNB1 (P20700); H3C15 (Q71DI3); H3C15 (Q71DI3); SYNE2 (Q8WXH0),R-HSA-352238 Breakdown of the nuclear lamina[scr:7142]; R-HSA-2995383 Initiation of Nuclear Envelope Reformation[scr:1648]; R-HSA-4419969 Depolymerisation of the Nuclear Lamina[scr:1428]; R-HSA-8862803 Deregulated CDK5 triggers multiple neurodegenerative pathways in Alzheimer's disease models[scr:974]; R-HSA-1221632 Meiotic synapsis[scr:803]; hsa04210 Apoptosis[scr:37],HP:0009002 Loss of truncal subcutaneous adipose tissue[scr:1058]; HP:0010189 Osteolytic defects of the distal phalanges of the toes[scr:705]; HP:0011414 Hydropic placenta[scr:705]; HP:0012478 Temporomandibular joint ankylosis[scr:705]; HP:0011832 Narrow nasal tip[scr:705]; HP:0005253 Increased anterioposterior diameter of thorax[scr:705]; HP:0001870 Acroosteolysis of distal phalanges (feet)[scr:705]; HP:0004931 Arteriosclerosis of small cerebral arteries[scr:470]; HP:0006224 Tapering pointed ends of distal finger phalanges[scr:470]; HP:0007543 Epidermal hyperkeratosis[scr:470],Orphanet:1662 Lethal restrictive dermopathy (EFO)[scr:600]; Orphanet:2457 Mandibuloacral dysplasia (EFO)[scr:600]; Orphanet:98856 Charcot-Marie-Tooth disease type 2B1 (EFO)[scr:300]; Orphanet:98855 Autosomal recessive Emery-Dreifuss muscular dystrophy (EFO)[scr:300]; Orphanet:98853 Autosomal dominant Emery-Dreifuss muscular dystrophy (EFO)[scr:300]; Orphanet:90153 Mandibuloacral dysplasia with type A lipodystrophy (EFO)[scr:300]; Orphanet:740 Hutchinson-Gilford progeria syndrome (EFO)[scr:300]; Orphanet:300751 Familial dilated cardiomyopathy with conduction defect due to LMNA mutation (EFO)[scr:300]; H00665 Mandibuloacral dysplasia (KEGG)[scr:611]; H00663 Restrictive dermopathy (KEGG)[scr:611]; H00601 Hutchinson-Gilford progeria syndrome (KEGG)[scr:306]; H00563 Emery-Dreifuss muscular dystrophy (KEGG)[scr:244]; H00420 Familial partial lipodystrophy (KEGG)[scr:175],DB00322 Floxuridine[scr:9999999],,
TYMS (P04818),,hsa00670 One carbon pool by folate[scr:30]; hsa00240 Pyrimidine metabolism[scr:10]; hsa01100 Metabolic pathways[scr:2],,,DB00322 Floxuridine[scr:9999999]; DB05116 Thymectacin[scr:397]; DB05457 OSI-7904L[scr:397]; DB00432 Trifluridine[scr:397]; DB00544 Fluorouracil[scr:397]; DB00563 Methotrexate[scr:397]; DB09256 Tegafur[scr:397]; DB01101 Capecitabine[scr:397]; DB08734 6-6-DIMETHYL-1-[3-(2-4-5-TRICHLOROPHENOXY)PROPOXY]-1-6-DIHYDRO-1-3-5-TRIAZINE-2-4-DIAMINE[scr:397]; DB08479 N-(3-5-dimethoxyphenyl)imidodicarbonimidic diamide[scr:397],,
TMPO (P42166),LMNA (P02545),,,,,,
ALOX12 (P18054),LMNA (P02545),R-HSA-2142696 Synthesis of Hepoxilins (HX) and Trioxilins (TrX)[scr:5356]; R-HSA-9025106 Biosynthesis of DPAn-6 SPMs[scr:2678]; R-HSA-9026290 Biosynthesis of DPAn-3-derived maresins[scr:2678]; R-HSA-9018677 Biosynthesis of DHA-derived SPMs[scr:1785]; R-HSA-2142700 Synthesis of Lipoxins (LX)[scr:893]; hsa00590 Arachidonic acid metabolism[scr:9]; hsa04750 Inflammatory mediator regulation of TRP channels[scr:5]; hsa04726 Serotonergic synapse[scr:5]; hsa01100 Metabolic pathways[scr:2],,,,,CHEMBL553548 [scr:43.5]; CHEMBL361646 [scr:43.5]; CHEMBL556311 [scr:43.5]; CHEMBL551228 [scr:43.5]; CHEMBL551249 [scr:43.5]; CHEMBL547077 [scr:43.5]; CHEMBL1822108 [scr:43.5]; CHEMBL552572 [scr:21.75]; CHEMBL1824632 [scr:21.75]; CHEMBL550418 [scr:21.75]
LMNB2 (Q03252),LMNA (P02545); LMNB2 (Q03252); LMNB1 (P20700),hsa04210 Apoptosis[scr:37],HP:0009002 Loss of truncal subcutaneous adipose tissue[scr:1058],H00420 Familial partial lipodystrophy (KEGG)[scr:175],,,
ZMPSTE24 (O75844),LMNA (P02545),hsa00900 Terpenoid backbone biosynthesis[scr:26],HP:0009002 Loss of truncal subcutaneous adipose tissue[scr:1058]; HP:0010189 Osteolytic defects of the distal phalanges of the toes[scr:705]; HP:0011414 Hydropic placenta[scr:705]; HP:0012478 Temporomandibular joint ankylosis[scr:705]; HP:0011832 Narrow nasal tip[scr:705]; HP:0005253 Increased anterioposterior diameter of thorax[scr:705]; HP:0001870 Acroosteolysis of distal phalanges (feet)[scr:705]; HP:0004931 Arteriosclerosis of small cerebral arteries[scr:470]; HP:0006224 Tapering pointed ends of distal finger phalanges[scr:470]; HP:0007543 Epidermal hyperkeratosis[scr:470],Orphanet:1662 Lethal restrictive dermopathy (EFO)[scr:600]; Orphanet:2457 Mandibuloacral dysplasia (EFO)[scr:600]; Orphanet:90154 Mandibuloacral dysplasia with type B lipodystrophy (EFO)[scr:300]; H00665 Mandibuloacral dysplasia (KEGG)[scr:611]; H00663 Restrictive dermopathy (KEGG)[scr:611],,,
SREBF1 (P36956),LMNA (P02545),hsa04152 AMPK signaling pathway[scr:5]; hsa04910 Insulin signaling pathway[scr:4],,,,,
DUSP13 (Q9UII6),LMNA (P02545),,,,,,
PELI1 (Q96FA3),LMNA (P02545),,,,,,
LMNB1 (P20700),LMNA (P02545); LMNB2 (Q03252),R-HSA-352238 Breakdown of the nuclear lamina[scr:7142]; R-HSA-2995383 Initiation of Nuclear Envelope Reformation[scr:1648]; R-HSA-4419969 Depolymerisation of the Nuclear Lamina[scr:1428]; R-HSA-8862803 Deregulated CDK5 triggers multiple neurodegenerative pathways in Alzheimer's disease models[scr:974]; R-HSA-1221632 Meiotic synapsis[scr:803]; hsa04210 Apoptosis[scr:37],,Orphanet:99027 Adult-onset autosomal dominant leukodystrophy (EFO)[scr:300]; H01230 Adult-onset autosomal dominant leukodystrophy (KEGG)[scr:306],,,
H3C15 (Q71DI3),LMNA (P02545),,,,,,
SYNE2 (Q8WXH0),LMNA (P02545),R-HSA-1221632 Meiotic synapsis[scr:803],,Orphanet:98853 Autosomal dominant Emery-Dreifuss muscular dystrophy (EFO)[scr:300]; H00563 Emery-Dreifuss muscular dystrophy (KEGG)[scr:244],,,
