Core Proteins,Interacting Proteins,Pathways,HPO terms,Diseases,Targeting Drugs,Experimental Bioactive Compounds (pChEMBL),Predicted interacting Compounds
CP (P00450),,R-HSA-5619049 Defective SLC40A1 causes hemochromatosis 4 (HFE4) (macrophages)[scr:2795]; R-HSA-5619060 Defective CP causes aceruloplasminemia (ACERULOP)[scr:2795]; hsa04216 Ferroptosis[scr:119]; hsa00860 Porphyrin and chlorophyll metabolism[scr:28],HP:0025498 Aceruloplasminemia[scr:184],Orphanet:48818 Aceruloplasminemia (EFO)[scr:157]; H02206 Aceruloplasminemia (KEGG)[scr:159],DB01592 Iron[scr:9999999]; DB14488 Ferrous gluconate[scr:2696]; DB14489 Ferrous succinate[scr:2696]; DB14490 Ferrous ascorbate[scr:2696]; DB14491 Ferrous fumarate[scr:2696]; DB14501 Ferrous glycine sulfate[scr:2696],,
TFRC (P02786),TFRC (P02786); FTH1 (P02794); TF (P02787); RMDN3 (Q96TC7); ALB (P02768); PAGE1 (O75459); RELL2 (Q8NC24); ASGR2 (P07307),hsa04216 Ferroptosis[scr:119]; hsa04066 HIF-1 signaling pathway[scr:25],HP:0004854 Intermittent thrombocytopenia[scr:61],,DB01592 Iron[scr:9999999]; DB14488 Ferrous gluconate[scr:2696]; DB14489 Ferrous succinate[scr:2696]; DB14490 Ferrous ascorbate[scr:2696]; DB14491 Ferrous fumarate[scr:2696]; DB14501 Ferrous glycine sulfate[scr:2696],,
TF (P02787),TFRC (P02786); RMDN3 (Q96TC7); GOLM1 (Q8NBJ4); GAST (P01350),hsa04216 Ferroptosis[scr:119]; hsa04066 HIF-1 signaling pathway[scr:25]; hsa04978 Mineral absorption[scr:21],HP:0032385 Abnormal circulating transferrin level[scr:184]; HP:0012239 Atransferrinemia[scr:184],Orphanet:1195 Congenital atransferrinemia (EFO)[scr:157]; H01145 Atransferrinemia (KEGG)[scr:159],DB01592 Iron[scr:9999999]; DB14488 Ferrous gluconate[scr:2696]; DB14489 Ferrous succinate[scr:2696]; DB14490 Ferrous ascorbate[scr:2696]; DB14491 Ferrous fumarate[scr:2696]; DB14501 Ferrous glycine sulfate[scr:2696],,
FTH1 (P02794),TFRC (P02786),hsa04216 Ferroptosis[scr:119]; hsa04978 Mineral absorption[scr:21],,Orphanet:247790 FTH1-related iron overload (EFO)[scr:157]; H00211 Hemochromatosis (KEGG)[scr:27],DB01592 Iron[scr:9999999]; DB14488 Ferrous gluconate[scr:2696]; DB14489 Ferrous succinate[scr:2696]; DB14490 Ferrous ascorbate[scr:2696]; DB14491 Ferrous fumarate[scr:2696]; DB14501 Ferrous glycine sulfate[scr:2696],,
POLB (P06746),,R-HSA-5649702 APEX1-Independent Resolution of AP Sites via the Single Nucleotide Replacement Pathway[scr:3593]; R-HSA-73930 Abasic sugar-phosphate removal via the single-nucleotide replacement pathway[scr:1397]; R-HSA-110362 POLB-Dependent Long Patch Base Excision Repair[scr:1397]; R-HSA-110373 Resolution of AP sites via the multiple-nucleotide patch replacement pathway[scr:1397]; R-HSA-110381 Resolution of AP sites via the single-nucleotide replacement pathway[scr:932]; hsa03410 Base excision repair[scr:144],,,DB01592 Iron[scr:9999999]; DB14488 Ferrous gluconate[scr:2696]; DB14489 Ferrous succinate[scr:2696]; DB14490 Ferrous ascorbate[scr:2696]; DB14491 Ferrous fumarate[scr:2696]; DB14501 Ferrous glycine sulfate[scr:2696]; DB07479 (1S)-1-2-3-4-TETRAHYDRO-BENZO[C]PHENANTHRENE-2-3-4-TRIOL[scr:207],,
FEN1 (P39748),,R-HSA-110362 POLB-Dependent Long Patch Base Excision Repair[scr:1397]; R-HSA-162594 Early Phase of HIV Life Cycle[scr:932]; hsa03410 Base excision repair[scr:144]; hsa03450 Non-homologous end-joining[scr:23]; hsa03030 DNA replication[scr:8],,,DB01592 Iron[scr:9999999]; DB14488 Ferrous gluconate[scr:2696]; DB14489 Ferrous succinate[scr:2696]; DB14490 Ferrous ascorbate[scr:2696]; DB14491 Ferrous fumarate[scr:2696]; DB14501 Ferrous glycine sulfate[scr:2696],,
HBA1 (P69905),AHSP (Q9NZD4); CYB5R3 (P00387); HBG2 (P69892),,HP:0005511 Heinz body anemia[scr:61],Orphanet:93616 Hemoglobin H disease (EFO)[scr:157]; Orphanet:846 Alpha-thalassemia (EFO)[scr:157]; H00228 Thalassemia (KEGG)[scr:239]; H00228 Thalassemia (KEGG)[scr:239],DB01592 Iron[scr:9999999]; DB14488 Ferrous gluconate[scr:2696]; DB14489 Ferrous succinate[scr:2696]; DB14490 Ferrous ascorbate[scr:2696]; DB14491 Ferrous fumarate[scr:2696]; DB14501 Ferrous glycine sulfate[scr:2696],,
FXN (Q16595),,hsa00860 Porphyrin and chlorophyll metabolism[scr:28],HP:0030183 Impaired visually enhanced vestibulo-ocular reflex[scr:184]; HP:0003209 Decreased pyruvate carboxylase activity[scr:184]; HP:0003232 Mitochondrial malic enzyme reduced[scr:184]; HP:0010873 Cervical spinal cord atrophy[scr:92],Orphanet:95 Friedreich ataxia (EFO)[scr:157]; H00067 Friedreich ataxia (KEGG)[scr:159],DB01592 Iron[scr:9999999]; DB14488 Ferrous gluconate[scr:2696]; DB14489 Ferrous succinate[scr:2696]; DB14490 Ferrous ascorbate[scr:2696]; DB14491 Ferrous fumarate[scr:2696]; DB14501 Ferrous glycine sulfate[scr:2696],,
NEIL2 (Q969S2),PAX5 (Q02548),R-HSA-5649702 APEX1-Independent Resolution of AP Sites via the Single Nucleotide Replacement Pathway[scr:3593]; R-HSA-110329 Cleavage of the damaged pyrimidine[scr:1397]; R-HSA-110328 Recognition and association of DNA glycosylase with site containing an affected pyrimidine[scr:1397]; hsa03410 Base excision repair[scr:144],,,DB01592 Iron[scr:9999999]; DB14488 Ferrous gluconate[scr:2696]; DB14489 Ferrous succinate[scr:2696]; DB14490 Ferrous ascorbate[scr:2696]; DB14491 Ferrous fumarate[scr:2696]; DB14501 Ferrous glycine sulfate[scr:2696],,
NEIL1 (Q96FI4),,R-HSA-5649702 APEX1-Independent Resolution of AP Sites via the Single Nucleotide Replacement Pathway[scr:3593]; R-HSA-110329 Cleavage of the damaged pyrimidine[scr:1397]; R-HSA-110328 Recognition and association of DNA glycosylase with site containing an affected pyrimidine[scr:1397]; hsa03410 Base excision repair[scr:144],,,DB01592 Iron[scr:9999999]; DB14488 Ferrous gluconate[scr:2696]; DB14489 Ferrous succinate[scr:2696]; DB14490 Ferrous ascorbate[scr:2696]; DB14491 Ferrous fumarate[scr:2696]; DB14501 Ferrous glycine sulfate[scr:2696],,
HDAC8 (Q9BY41),,,,H00631 Cornelia de Lange syndrome (KEGG)[scr:32],DB01592 Iron[scr:9999999]; DB14488 Ferrous gluconate[scr:2696]; DB14489 Ferrous succinate[scr:2696]; DB14490 Ferrous ascorbate[scr:2696]; DB14491 Ferrous fumarate[scr:2696]; DB14501 Ferrous glycine sulfate[scr:2696]; DB02565 4-(dimethylamino)-N-[7-(hydroxyamino)-7-oxoheptyl]benzamide[scr:207],,
EGLN1 (Q9GZT9),,hsa04066 HIF-1 signaling pathway[scr:25],,H00236 Congenital polycythemia (KEGG)[scr:40],DB01592 Iron[scr:9999999]; DB14488 Ferrous gluconate[scr:2696]; DB14489 Ferrous succinate[scr:2696]; DB14490 Ferrous ascorbate[scr:2696]; DB14491 Ferrous fumarate[scr:2696]; DB14501 Ferrous glycine sulfate[scr:2696],,
AHSP (Q9NZD4),HBA1 (P69905),,,,DB01592 Iron[scr:9999999]; DB14488 Ferrous gluconate[scr:2696]; DB14489 Ferrous succinate[scr:2696]; DB14490 Ferrous ascorbate[scr:2696]; DB14491 Ferrous fumarate[scr:2696]; DB14501 Ferrous glycine sulfate[scr:2696],,
RMDN3 (Q96TC7),TFRC (P02786); TF (P02787),,,,,,
ALB (P02768),TFRC (P02786); ALB (P02768),hsa04918 Thyroid hormone synthesis[scr:16],,Orphanet:86816 Congenital analbuminemia (EFO)[scr:157],DB13967 Patent Blue[scr:207],,
PAGE1 (O75459),TFRC (P02786),,,,,,
GOLM1 (Q8NBJ4),TF (P02787); GAST (P01350),,,,,,
GAST (P01350),TF (P02787); CYB5R3 (P00387); GOLM1 (Q8NBJ4),hsa04971 Gastric acid secretion[scr:4],,,DB12532 Oxetacaine[scr:207],,
CYB5R3 (P00387),HBA1 (P69905); GAST (P01350),hsa00520 Amino sugar and nucleotide sugar metabolism[scr:6],HP:0012119 Methemoglobinemia[scr:245],Orphanet:139373 Recessive hereditary methemoglobinemia type 1 (EFO)[scr:157]; Orphanet:139380 Recessive hereditary methemoglobinemia type 2 (EFO)[scr:157]; H00235 Methemoglobinemia (KEGG)[scr:80],,,
HBG2 (P69892),HBA1 (P69905),,HP:0012119 Methemoglobinemia[scr:245],MONDO:0013511 cyanosis- transient neonatal (EFO)[scr:157]; H00228 Thalassemia (KEGG)[scr:239],,,
RELL2 (Q8NC24),TFRC (P02786),,,,,,
PAX5 (Q02548),NEIL2 (Q969S2),,,H00011 Lymphoplasmacytic lymphoma (KEGG)[scr:159]; H00001 B-cell acute lymphoblastic leukemia (KEGG)[scr:18],,,
ASGR2 (P07307),TFRC (P02786),hsa04918 Thyroid hormone synthesis[scr:16],,,,,
