Core Proteins,Interacting Proteins,Pathways,HPO terms,Diseases,Targeting Drugs,Experimental Bioactive Compounds (pChEMBL),Predicted interacting Compounds
GABRP (O00591),,hsa04727 GABAergic synapse[scr:569]; hsa04080 Neuroactive ligand-receptor interaction[scr:461]; hsa04723 Retrograde endocannabinoid signaling[scr:342],,,DB01043 Memantine[scr:9999999]; DB00603 Medroxyprogesterone acetate[scr:15652]; DB00842 Oxazepam[scr:6590]; DB00897 Triazolam[scr:6261]; DB00231 Temazepam[scr:6261]; DB00252 Phenytoin[scr:6261]; DB00829 Diazepam[scr:5503]; DB01588 Prazepam[scr:5413]; DB01215 Estazolam[scr:5413]; DB00801 Halazepam[scr:5413],,
GABRD (O14764),,hsa04727 GABAergic synapse[scr:569]; hsa04080 Neuroactive ligand-receptor interaction[scr:461]; hsa04723 Retrograde endocannabinoid signaling[scr:342],HP:0007270 Atypical absence seizure[scr:91]; HP:0011151 Atypical absence status epilepticus[scr:89],H02217 Juvenile myoclonic epilepsy (KEGG)[scr:63]; H00808 Idiopathic generalized epilepsies (KEGG)[scr:47]; H00783 Febrile seizures (KEGG)[scr:47],DB01043 Memantine[scr:9999999]; DB00603 Medroxyprogesterone acetate[scr:15652]; DB00842 Oxazepam[scr:6590]; DB00897 Triazolam[scr:6261]; DB00231 Temazepam[scr:6261]; DB00252 Phenytoin[scr:6261]; DB00829 Diazepam[scr:5503]; DB01588 Prazepam[scr:5413]; DB01215 Estazolam[scr:5413]; DB00801 Halazepam[scr:5413],,
GRIN2D (O15399),,R-HSA-9617324 Negative regulation of NMDA receptor-mediated neuronal transmission[scr:3846]; R-HSA-438066 Unblocking of NMDA receptors- glutamate binding and activation[scr:3846]; R-HSA-9620244 Long-term potentiation[scr:3511]; R-HSA-8849932 Synaptic adhesion-like molecules[scr:2825]; R-HSA-442982 Ras activation upon Ca2+ influx through NMDA receptor[scr:2575]; R-HSA-6794361 Neurexins and neuroligins[scr:989]; hsa04080 Neuroactive ligand-receptor interaction[scr:461]; hsa04724 Glutamatergic synapse[scr:125]; hsa04720 Long-term potentiation[scr:86]; hsa04713 Circadian entrainment[scr:83]; hsa04024 cAMP signaling pathway[scr:79],,Orphanet:1934 Early infantile epileptic encephalopathy (EFO)[scr:90],DB01043 Memantine[scr:9999999],,
GRIN3B (O60391),,hsa04080 Neuroactive ligand-receptor interaction[scr:461]; hsa04724 Glutamatergic synapse[scr:125]; hsa04024 cAMP signaling pathway[scr:79],,,DB01043 Memantine[scr:9999999],,
GLRA3 (O75311),,R-HSA-112314 Neurotransmitter receptors and postsynaptic signal transmission[scr:11720]; hsa04080 Neuroactive ligand-receptor interaction[scr:461],,,DB01043 Memantine[scr:9999999],,
DRD2 (P14416),DRD2 (P14416); NTSR1 (P30989); DRD4 (P21917); GNAI1 (P63096),R-HSA-390651 Dopamine receptors[scr:1318]; hsa04080 Neuroactive ligand-receptor interaction[scr:461]; hsa04024 cAMP signaling pathway[scr:79]; hsa04728 Dopaminergic synapse[scr:45],HP:0045084 Limb myoclonus[scr:124],EFO:0003829 alcohol dependence (EFO)[scr:74]; H01611 Alcohol dependence (KEGG)[scr:47],DB01043 Memantine[scr:9999999],,
GABRA1 (P14867),,R-HSA-977443 GABA receptor activation[scr:16952]; R-HSA-1236394 Signaling by ERBB4[scr:9589]; hsa04727 GABAergic synapse[scr:569]; hsa04080 Neuroactive ligand-receptor interaction[scr:461]; hsa04723 Retrograde endocannabinoid signaling[scr:342]; hsa04742 Taste transduction[scr:216],HP:0010848 EEG with spike-wave complexes (2.5-3.5 Hz)[scr:163]; HP:0030218 Punding[scr:163]; HP:0011147 Typical absence seizure[scr:163]; HP:0011150 Myoclonic absence seizure[scr:139]; HP:0007738 Uncontrolled eye movements[scr:139]; HP:0045084 Limb myoclonus[scr:124]; HP:0006961 Jerky head movements[scr:98]; HP:0031469 Low self esteem[scr:98]; HP:0007270 Atypical absence seizure[scr:91]; HP:0011151 Atypical absence status epilepticus[scr:89],Orphanet:64280 Childhood absence epilepsy (EFO)[scr:208]; H02215 Childhood absence epilepsy (KEGG)[scr:212]; H02217 Juvenile myoclonic epilepsy (KEGG)[scr:63]; H00808 Idiopathic generalized epilepsies (KEGG)[scr:47],DB01043 Memantine[scr:9999999]; DB00603 Medroxyprogesterone acetate[scr:15652]; DB00842 Oxazepam[scr:6590]; DB00897 Triazolam[scr:6261]; DB00231 Temazepam[scr:6261]; DB00252 Phenytoin[scr:6261]; DB00829 Diazepam[scr:5503]; DB01588 Prazepam[scr:5413]; DB01215 Estazolam[scr:5413]; DB00801 Halazepam[scr:5413],,
GABRB1 (P18505),,R-HSA-977443 GABA receptor activation[scr:16952]; R-HSA-1236394 Signaling by ERBB4[scr:9589]; hsa04727 GABAergic synapse[scr:569]; hsa04080 Neuroactive ligand-receptor interaction[scr:461]; hsa04723 Retrograde endocannabinoid signaling[scr:342]; hsa04726 Serotonergic synapse[scr:98],,Orphanet:1934 Early infantile epileptic encephalopathy (EFO)[scr:90],DB01043 Memantine[scr:9999999]; DB00603 Medroxyprogesterone acetate[scr:15652]; DB00842 Oxazepam[scr:6590]; DB00897 Triazolam[scr:6261]; DB00231 Temazepam[scr:6261]; DB00252 Phenytoin[scr:6261]; DB00829 Diazepam[scr:5503]; DB01588 Prazepam[scr:5413]; DB01215 Estazolam[scr:5413]; DB00801 Halazepam[scr:5413],,
GABRG2 (P18507),NOVA1 (P51513),R-HSA-977443 GABA receptor activation[scr:16952]; R-HSA-1236394 Signaling by ERBB4[scr:9589]; hsa04727 GABAergic synapse[scr:569]; hsa04080 Neuroactive ligand-receptor interaction[scr:461]; hsa04723 Retrograde endocannabinoid signaling[scr:342],HP:0010848 EEG with spike-wave complexes (2.5-3.5 Hz)[scr:163]; HP:0030218 Punding[scr:163]; HP:0011147 Typical absence seizure[scr:163]; HP:0011150 Myoclonic absence seizure[scr:139]; HP:0007738 Uncontrolled eye movements[scr:139]; HP:0045084 Limb myoclonus[scr:124]; HP:0006961 Jerky head movements[scr:98]; HP:0031469 Low self esteem[scr:98]; HP:0007270 Atypical absence seizure[scr:91]; HP:0011151 Atypical absence status epilepticus[scr:89],Orphanet:64280 Childhood absence epilepsy (EFO)[scr:208]; Orphanet:1934 Early infantile epileptic encephalopathy (EFO)[scr:90]; H02215 Childhood absence epilepsy (KEGG)[scr:212]; H00783 Febrile seizures (KEGG)[scr:47],DB01043 Memantine[scr:9999999]; DB00603 Medroxyprogesterone acetate[scr:15652]; DB00842 Oxazepam[scr:6590]; DB00897 Triazolam[scr:6261]; DB00231 Temazepam[scr:6261]; DB00252 Phenytoin[scr:6261]; DB00829 Diazepam[scr:5503]; DB01588 Prazepam[scr:5413]; DB01215 Estazolam[scr:5413]; DB00801 Halazepam[scr:5413],,
GLRA1 (P23415),,R-HSA-112314 Neurotransmitter receptors and postsynaptic signal transmission[scr:11720]; hsa04080 Neuroactive ligand-receptor interaction[scr:461],,Orphanet:3197 Hereditary hyperekplexia (EFO)[scr:123]; H00769 Hyperekplexia (KEGG)[scr:94],DB01043 Memantine[scr:9999999],,
GLRA2 (P23416),,R-HSA-112314 Neurotransmitter receptors and postsynaptic signal transmission[scr:11720]; hsa04080 Neuroactive ligand-receptor interaction[scr:461],,,DB01043 Memantine[scr:9999999],,
GABRB3 (P28472),GABRB3 (P28472),R-HSA-977443 GABA receptor activation[scr:16952]; R-HSA-1236394 Signaling by ERBB4[scr:9589]; hsa04727 GABAergic synapse[scr:569]; hsa04080 Neuroactive ligand-receptor interaction[scr:461]; hsa04723 Retrograde endocannabinoid signaling[scr:342]; hsa04726 Serotonergic synapse[scr:98],HP:0010848 EEG with spike-wave complexes (2.5-3.5 Hz)[scr:163]; HP:0030218 Punding[scr:163]; HP:0011147 Typical absence seizure[scr:163]; HP:0011150 Myoclonic absence seizure[scr:139]; HP:0007738 Uncontrolled eye movements[scr:139]; HP:0045084 Limb myoclonus[scr:124]; HP:0006961 Jerky head movements[scr:98]; HP:0031469 Low self esteem[scr:98]; HP:0007270 Atypical absence seizure[scr:91],Orphanet:64280 Childhood absence epilepsy (EFO)[scr:208]; Orphanet:1934 Early infantile epileptic encephalopathy (EFO)[scr:90]; H02215 Childhood absence epilepsy (KEGG)[scr:212],DB01043 Memantine[scr:9999999]; DB00603 Medroxyprogesterone acetate[scr:15652]; DB00842 Oxazepam[scr:6590]; DB00897 Triazolam[scr:6261]; DB00231 Temazepam[scr:6261]; DB00252 Phenytoin[scr:6261]; DB00829 Diazepam[scr:5503]; DB01588 Prazepam[scr:5413]; DB01215 Estazolam[scr:5413]; DB00801 Halazepam[scr:5413],,
GABRA5 (P31644),,R-HSA-977443 GABA receptor activation[scr:16952]; hsa04727 GABAergic synapse[scr:569]; hsa04080 Neuroactive ligand-receptor interaction[scr:461]; hsa04723 Retrograde endocannabinoid signaling[scr:342]; hsa04742 Taste transduction[scr:216],,Orphanet:1934 Early infantile epileptic encephalopathy (EFO)[scr:90],DB01043 Memantine[scr:9999999]; DB00603 Medroxyprogesterone acetate[scr:15652]; DB00842 Oxazepam[scr:6590]; DB00897 Triazolam[scr:6261]; DB00231 Temazepam[scr:6261]; DB00252 Phenytoin[scr:6261]; DB00829 Diazepam[scr:5503]; DB01588 Prazepam[scr:5413]; DB01215 Estazolam[scr:5413]; DB00801 Halazepam[scr:5413],,
GABRA3 (P34903),,R-HSA-977443 GABA receptor activation[scr:16952]; hsa04727 GABAergic synapse[scr:569]; hsa04080 Neuroactive ligand-receptor interaction[scr:461]; hsa04723 Retrograde endocannabinoid signaling[scr:342]; hsa04742 Taste transduction[scr:216],,,DB01043 Memantine[scr:9999999]; DB00603 Medroxyprogesterone acetate[scr:15652]; DB00842 Oxazepam[scr:6590]; DB00897 Triazolam[scr:6261]; DB00231 Temazepam[scr:6261]; DB00252 Phenytoin[scr:6261]; DB00829 Diazepam[scr:5503]; DB01588 Prazepam[scr:5413]; DB01215 Estazolam[scr:5413]; DB00801 Halazepam[scr:5413],,
HTR3A (P46098),HTR3E (A5X5Y0); HTR3E (A5X5Y0); HTR3D (Q70Z44); HTR3C (Q8WXA8),R-HSA-112314 Neurotransmitter receptors and postsynaptic signal transmission[scr:11720]; hsa04742 Taste transduction[scr:216]; hsa04726 Serotonergic synapse[scr:98],,,DB01043 Memantine[scr:9999999],,CHEMBL1590956 [scr:26.77]; CHEMBL3970994 [scr:26.77]; CHEMBL3978854 [scr:26.77]; CHEMBL1586139 [scr:26.77]; CHEMBL1548136 [scr:26.77]; CHEMBL1672185 [scr:26.77]; CHEMBL2325073 [scr:26.77]; CHEMBL1525696 [scr:26.77]; CHEMBL1521201 [scr:26.77]; CHEMBL1582193 [scr:26.77]
GABRA2 (P47869),,R-HSA-977443 GABA receptor activation[scr:16952]; hsa04727 GABAergic synapse[scr:569]; hsa04080 Neuroactive ligand-receptor interaction[scr:461]; hsa04723 Retrograde endocannabinoid signaling[scr:342]; hsa04742 Taste transduction[scr:216],,Orphanet:1934 Early infantile epileptic encephalopathy (EFO)[scr:90]; EFO:0003829 alcohol dependence (EFO)[scr:74]; H01611 Alcohol dependence (KEGG)[scr:47],DB01043 Memantine[scr:9999999]; DB00603 Medroxyprogesterone acetate[scr:15652]; DB00842 Oxazepam[scr:6590]; DB00897 Triazolam[scr:6261]; DB00231 Temazepam[scr:6261]; DB00252 Phenytoin[scr:6261]; DB00829 Diazepam[scr:5503]; DB01588 Prazepam[scr:5413]; DB01215 Estazolam[scr:5413]; DB00801 Halazepam[scr:5413],,
GABRB2 (P47870),,R-HSA-977443 GABA receptor activation[scr:16952]; R-HSA-1236394 Signaling by ERBB4[scr:9589]; hsa04727 GABAergic synapse[scr:569]; hsa04080 Neuroactive ligand-receptor interaction[scr:461]; hsa04723 Retrograde endocannabinoid signaling[scr:342]; hsa04726 Serotonergic synapse[scr:98],,Orphanet:1934 Early infantile epileptic encephalopathy (EFO)[scr:90],DB01043 Memantine[scr:9999999]; DB00603 Medroxyprogesterone acetate[scr:15652]; DB00842 Oxazepam[scr:6590]; DB00897 Triazolam[scr:6261]; DB00231 Temazepam[scr:6261]; DB00252 Phenytoin[scr:6261]; DB00829 Diazepam[scr:5503]; DB01588 Prazepam[scr:5413]; DB01215 Estazolam[scr:5413]; DB00801 Halazepam[scr:5413],,
GLRB (P48167),,R-HSA-112314 Neurotransmitter receptors and postsynaptic signal transmission[scr:11720]; hsa04080 Neuroactive ligand-receptor interaction[scr:461],,Orphanet:3197 Hereditary hyperekplexia (EFO)[scr:123]; H00769 Hyperekplexia (KEGG)[scr:94],DB01043 Memantine[scr:9999999],,
GABRA4 (P48169),,R-HSA-977443 GABA receptor activation[scr:16952]; hsa04727 GABAergic synapse[scr:569]; hsa04080 Neuroactive ligand-receptor interaction[scr:461]; hsa04723 Retrograde endocannabinoid signaling[scr:342]; hsa04742 Taste transduction[scr:216],,,DB01043 Memantine[scr:9999999]; DB00603 Medroxyprogesterone acetate[scr:15652]; DB00842 Oxazepam[scr:6590]; DB00897 Triazolam[scr:6261]; DB00231 Temazepam[scr:6261]; DB00252 Phenytoin[scr:6261]; DB00829 Diazepam[scr:5503]; DB01588 Prazepam[scr:5413]; DB01215 Estazolam[scr:5413]; DB00801 Halazepam[scr:5413],,
GABRE (P78334),,hsa04727 GABAergic synapse[scr:569]; hsa04080 Neuroactive ligand-receptor interaction[scr:461]; hsa04723 Retrograde endocannabinoid signaling[scr:342],,,DB01043 Memantine[scr:9999999]; DB00603 Medroxyprogesterone acetate[scr:15652]; DB00842 Oxazepam[scr:6590]; DB00897 Triazolam[scr:6261]; DB00231 Temazepam[scr:6261]; DB00252 Phenytoin[scr:6261]; DB00829 Diazepam[scr:5503]; DB01588 Prazepam[scr:5413]; DB01215 Estazolam[scr:5413]; DB00801 Halazepam[scr:5413],,
GRIN1 (Q05586),,R-HSA-9617324 Negative regulation of NMDA receptor-mediated neuronal transmission[scr:3846]; R-HSA-438066 Unblocking of NMDA receptors- glutamate binding and activation[scr:3846]; R-HSA-9620244 Long-term potentiation[scr:3511]; R-HSA-8849932 Synaptic adhesion-like molecules[scr:2825]; R-HSA-442982 Ras activation upon Ca2+ influx through NMDA receptor[scr:2575]; R-HSA-6794361 Neurexins and neuroligins[scr:989]; hsa04080 Neuroactive ligand-receptor interaction[scr:461]; hsa04724 Glutamatergic synapse[scr:125]; hsa04720 Long-term potentiation[scr:86]; hsa04713 Circadian entrainment[scr:83]; hsa04024 cAMP signaling pathway[scr:79],,EFO:0009300 neurodevelopmental disorder with or without hyperkinetic movements and seizures- autosomal dominant (EFO)[scr:92],DB01043 Memantine[scr:9999999],,
GRIN2A (Q12879),DLG4 (P78352),R-HSA-9617324 Negative regulation of NMDA receptor-mediated neuronal transmission[scr:3846]; R-HSA-438066 Unblocking of NMDA receptors- glutamate binding and activation[scr:3846]; R-HSA-9620244 Long-term potentiation[scr:3511]; R-HSA-8849932 Synaptic adhesion-like molecules[scr:2825]; R-HSA-6794361 Neurexins and neuroligins[scr:989]; hsa04080 Neuroactive ligand-receptor interaction[scr:461]; hsa04724 Glutamatergic synapse[scr:125]; hsa04720 Long-term potentiation[scr:86]; hsa04713 Circadian entrainment[scr:83]; hsa04024 cAMP signaling pathway[scr:79]; hsa04728 Dopaminergic synapse[scr:45],,EFO:1001010 Landau-Kleffner syndrome (EFO)[scr:92]; Orphanet:725 Continuous spikes and waves during sleep (EFO)[scr:92]; Orphanet:1945 Rolandic epilepsy (EFO)[scr:92]; H01514 Landau-Kleffner syndrome (KEGG)[scr:94]; H01827 Rolandic epilepsy- mental retardation- and speech dyspraxia (KEGG)[scr:47],DB01043 Memantine[scr:9999999],,
GRIN2B (Q13224),DLG4 (P78352); CAMK2A (Q9UQM7),R-HSA-9617324 Negative regulation of NMDA receptor-mediated neuronal transmission[scr:3846]; R-HSA-438066 Unblocking of NMDA receptors- glutamate binding and activation[scr:3846]; R-HSA-9620244 Long-term potentiation[scr:3511]; R-HSA-8849932 Synaptic adhesion-like molecules[scr:2825]; R-HSA-442982 Ras activation upon Ca2+ influx through NMDA receptor[scr:2575]; R-HSA-6794361 Neurexins and neuroligins[scr:989]; hsa04080 Neuroactive ligand-receptor interaction[scr:461]; hsa04724 Glutamatergic synapse[scr:125]; hsa04720 Long-term potentiation[scr:86]; hsa04713 Circadian entrainment[scr:83]; hsa04024 cAMP signaling pathway[scr:79]; hsa04728 Dopaminergic synapse[scr:45],,,DB01043 Memantine[scr:9999999],,
GRIN2C (Q14957),DLG4 (P78352),R-HSA-9617324 Negative regulation of NMDA receptor-mediated neuronal transmission[scr:3846]; R-HSA-438066 Unblocking of NMDA receptors- glutamate binding and activation[scr:3846]; R-HSA-9620244 Long-term potentiation[scr:3511]; R-HSA-8849932 Synaptic adhesion-like molecules[scr:2825]; R-HSA-6794361 Neurexins and neuroligins[scr:989]; hsa04080 Neuroactive ligand-receptor interaction[scr:461]; hsa04724 Glutamatergic synapse[scr:125]; hsa04720 Long-term potentiation[scr:86]; hsa04713 Circadian entrainment[scr:83]; hsa04024 cAMP signaling pathway[scr:79],,,DB01043 Memantine[scr:9999999],,
GABRA6 (Q16445),,R-HSA-977443 GABA receptor activation[scr:16952]; hsa04727 GABAergic synapse[scr:569]; hsa04080 Neuroactive ligand-receptor interaction[scr:461]; hsa04723 Retrograde endocannabinoid signaling[scr:342]; hsa04742 Taste transduction[scr:216],,,DB01043 Memantine[scr:9999999]; DB00603 Medroxyprogesterone acetate[scr:15652]; DB00842 Oxazepam[scr:6590]; DB00897 Triazolam[scr:6261]; DB00231 Temazepam[scr:6261]; DB00252 Phenytoin[scr:6261]; DB00829 Diazepam[scr:5503]; DB01588 Prazepam[scr:5413]; DB01215 Estazolam[scr:5413]; DB00801 Halazepam[scr:5413],,
GABRG1 (Q8N1C3),,hsa04727 GABAergic synapse[scr:569]; hsa04080 Neuroactive ligand-receptor interaction[scr:461]; hsa04723 Retrograde endocannabinoid signaling[scr:342],,,DB01043 Memantine[scr:9999999]; DB00603 Medroxyprogesterone acetate[scr:15652]; DB00842 Oxazepam[scr:6590]; DB00897 Triazolam[scr:6261]; DB00231 Temazepam[scr:6261]; DB00252 Phenytoin[scr:6261]; DB00829 Diazepam[scr:5503]; DB01588 Prazepam[scr:5413]; DB01215 Estazolam[scr:5413]; DB00801 Halazepam[scr:5413],,
GRIN3A (Q8TCU5),,hsa04080 Neuroactive ligand-receptor interaction[scr:461]; hsa04724 Glutamatergic synapse[scr:125]; hsa04024 cAMP signaling pathway[scr:79],,,DB01043 Memantine[scr:9999999],,
GABRG3 (Q99928),,R-HSA-977443 GABA receptor activation[scr:16952]; R-HSA-1236394 Signaling by ERBB4[scr:9589]; hsa04727 GABAergic synapse[scr:569]; hsa04080 Neuroactive ligand-receptor interaction[scr:461]; hsa04723 Retrograde endocannabinoid signaling[scr:342],,,DB01043 Memantine[scr:9999999]; DB00603 Medroxyprogesterone acetate[scr:15652]; DB00842 Oxazepam[scr:6590]; DB00897 Triazolam[scr:6261]; DB00231 Temazepam[scr:6261]; DB00252 Phenytoin[scr:6261]; DB00829 Diazepam[scr:5503]; DB01588 Prazepam[scr:5413]; DB01215 Estazolam[scr:5413]; DB00801 Halazepam[scr:5413],,
GABRQ (Q9UN88),GNMT (Q14749),R-HSA-977443 GABA receptor activation[scr:16952]; R-HSA-1236394 Signaling by ERBB4[scr:9589]; hsa04727 GABAergic synapse[scr:569]; hsa04080 Neuroactive ligand-receptor interaction[scr:461]; hsa04723 Retrograde endocannabinoid signaling[scr:342],,,DB01043 Memantine[scr:9999999]; DB00603 Medroxyprogesterone acetate[scr:15652]; DB00842 Oxazepam[scr:6590]; DB00897 Triazolam[scr:6261]; DB00231 Temazepam[scr:6261]; DB00252 Phenytoin[scr:6261]; DB00829 Diazepam[scr:5503]; DB01588 Prazepam[scr:5413]; DB01215 Estazolam[scr:5413]; DB00801 Halazepam[scr:5413],,
GNMT (Q14749),GABRQ (Q9UN88); GNMT (Q14749),,,Orphanet:289891 Hypermethioninemia due to glycine N-methyltransferase deficiency (EFO)[scr:92],,,
NTSR1 (P30989),DRD2 (P14416); NTSR1 (P30989),hsa04080 Neuroactive ligand-receptor interaction[scr:461],,,,,
HTR3E (A5X5Y0),HTR3A (P46098),R-HSA-112314 Neurotransmitter receptors and postsynaptic signal transmission[scr:11720]; hsa04742 Taste transduction[scr:216]; hsa04726 Serotonergic synapse[scr:98],,,,,
HTR3D (Q70Z44),HTR3A (P46098),R-HSA-112314 Neurotransmitter receptors and postsynaptic signal transmission[scr:11720]; hsa04742 Taste transduction[scr:216]; hsa04726 Serotonergic synapse[scr:98],,,,,
HTR3C (Q8WXA8),HTR3A (P46098),R-HSA-112314 Neurotransmitter receptors and postsynaptic signal transmission[scr:11720]; hsa04742 Taste transduction[scr:216]; hsa04726 Serotonergic synapse[scr:98],,,,,
NOVA1 (P51513),GABRG2 (P18507),,,,,,
DLG4 (P78352),GRIN2A (Q12879); GRIN2B (Q13224); GRIN2C (Q14957),R-HSA-1236394 Signaling by ERBB4[scr:9589]; R-HSA-9617324 Negative regulation of NMDA receptor-mediated neuronal transmission[scr:3846]; R-HSA-438066 Unblocking of NMDA receptors- glutamate binding and activation[scr:3846]; R-HSA-9620244 Long-term potentiation[scr:3511]; R-HSA-8849932 Synaptic adhesion-like molecules[scr:2825]; R-HSA-442982 Ras activation upon Ca2+ influx through NMDA receptor[scr:2575]; R-HSA-6794361 Neurexins and neuroligins[scr:989]; hsa04724 Glutamatergic synapse[scr:125],,,,,
DRD4 (P21917),DRD2 (P14416); DRD4 (P21917),R-HSA-390651 Dopamine receptors[scr:1318]; hsa04080 Neuroactive ligand-receptor interaction[scr:461]; hsa04728 Dopaminergic synapse[scr:45],,H01671 Neurosis (KEGG)[scr:94],,,CHEMBL1590956 [scr:26.77]; CHEMBL3970994 [scr:26.77]; CHEMBL3978854 [scr:26.77]; CHEMBL1586139 [scr:26.77]; CHEMBL1548136 [scr:26.77]; CHEMBL1672185 [scr:26.77]; CHEMBL2325073 [scr:26.77]; CHEMBL1525696 [scr:26.77]; CHEMBL1521201 [scr:26.77]; CHEMBL1582193 [scr:26.77]
GNAI1 (P63096),DRD2 (P14416),hsa04727 GABAergic synapse[scr:569]; hsa04723 Retrograde endocannabinoid signaling[scr:342]; hsa04724 Glutamatergic synapse[scr:125]; hsa04726 Serotonergic synapse[scr:98]; hsa04713 Circadian entrainment[scr:83]; hsa04024 cAMP signaling pathway[scr:79]; hsa04728 Dopaminergic synapse[scr:45],,,,,
CAMK2A (Q9UQM7),GRIN2B (Q13224); CAMK2A (Q9UQM7),R-HSA-9617324 Negative regulation of NMDA receptor-mediated neuronal transmission[scr:3846]; R-HSA-438066 Unblocking of NMDA receptors- glutamate binding and activation[scr:3846]; R-HSA-9620244 Long-term potentiation[scr:3511]; R-HSA-442982 Ras activation upon Ca2+ influx through NMDA receptor[scr:2575]; hsa04720 Long-term potentiation[scr:86]; hsa04713 Circadian entrainment[scr:83]; hsa04024 cAMP signaling pathway[scr:79]; hsa04728 Dopaminergic synapse[scr:45],,EFO:0009165 mental retardation- autosomal dominant 53 (EFO)[scr:92],,,
