{"options":{"search_start":1613056143,"tax_ids":[9606],"num_of_fn_nodes":10,"num_of_pathways":10,"num_of_phenotypes":10,"num_of_drugs":10,"num_of_diseases":10,"num_of_compounds":10,"chembl_compounds":0,"predictions":1,"reviewed_filter":1,"fn":1,"chembl":1,"search_finish":1613056176,"search_runtime":33},"search":[{"Drug":[{"DB00610":"Metaraminol"}]}],"nodes":[{"data":{"id":"P35348","display_name":"ADRA1A","Node_Type":"Protein"}},{"data":{"id":"P61073","display_name":"CXCR4","Node_Type":"Protein_N"}},{"data":{"id":"P25106","display_name":"ACKR3","Node_Type":"Protein_N"}},{"data":{"id":"Q96HD1","display_name":"CRELD1","Node_Type":"Protein_N"}},{"data":{"id":"Orphanet:51636","display_name":"WHIM syndrome","Node_Type":"Disease","enrichScore":900.25}},{"data":{"id":"Orphanet:271853","display_name":"Genetic cardiac anomaly","Node_Type":"Disease","enrichScore":100.028}},{"data":{"id":"DB00610","display_name":"Metaraminol","Node_Type":"Drug","enrichScore":9999999}},{"data":{"id":"DB01253","display_name":"Ergometrine","Node_Type":"Drug","enrichScore":1192.25}},{"data":{"id":"DB00699","display_name":"Nicergoline","Node_Type":"Drug","enrichScore":1192.25}},{"data":{"id":"DB09239","display_name":"Niguldipine","Node_Type":"Drug","enrichScore":1192.25}},{"data":{"id":"DB08950","display_name":"Indoramin","Node_Type":"Drug","enrichScore":1192.25}},{"data":{"id":"DB06809","display_name":"Plerixafor","Node_Type":"Drug","enrichScore":1192.25}},{"data":{"id":"DB06764","display_name":"Tetryzoline","Node_Type":"Drug","enrichScore":1192.25}},{"data":{"id":"DB00433","display_name":"Prochlorperazine","Node_Type":"Drug","enrichScore":1192.25}},{"data":{"id":"DB12498","display_name":"Mogamulizumab","Node_Type":"Drug","enrichScore":1192.25}},{"data":{"id":"DB05501","display_name":"AMD-070","Node_Type":"Drug","enrichScore":596.125}},{"data":{"id":"R-HSA-173107","display_name":"Binding and entry of HIV virion","Node_Type":"Pathway","enrichScore":4017.188}},{"data":{"id":"R-HSA-390696","display_name":"Adrenoceptors","Node_Type":"Pathway","enrichScore":1785.417}},{"data":{"id":"R-HSA-380108","display_name":"Chemokine receptors bind chemokines","Node_Type":"Pathway","enrichScore":1339.063}},{"data":{"id":"R-HSA-376176","display_name":"Signaling by ROBO receptors","Node_Type":"Pathway","enrichScore":1071.25}},{"data":{"id":"R-HSA-418594","display_name":"G alpha (i) signalling events","Node_Type":"Pathway","enrichScore":243.466}},{"data":{"id":"R-HSA-416482","display_name":"G alpha (12\/13) signalling events","Node_Type":"Pathway","enrichScore":200.859}},{"data":{"id":"R-HSA-416476","display_name":"G alpha (q) signalling events","Node_Type":"Pathway","enrichScore":91.3}},{"data":{"id":"HP:0031160","display_name":"Myelokathexis","Node_Type":"HPO","enrichScore":1057.75}},{"data":{"id":"HP:0000166","display_name":"Severe periodontitis","Node_Type":"HPO","enrichScore":528.875}},{"data":{"id":"HP:0011850","display_name":"Parotitis","Node_Type":"HPO","enrichScore":352.583}},{"data":{"id":"HP:0011642","display_name":"Abnormal coronary sinus morphology","Node_Type":"HPO","enrichScore":264.438}},{"data":{"id":"HP:0030079","display_name":"Cervix cancer","Node_Type":"HPO","enrichScore":264.438}},{"data":{"id":"HP:0011577","display_name":"Partial atrioventricular canal defect","Node_Type":"HPO","enrichScore":264.438}},{"data":{"id":"HP:0032241","display_name":"Cervical neoplasm","Node_Type":"HPO","enrichScore":264.438}},{"data":{"id":"HP:0031298","display_name":"Coronary sinus enlargement","Node_Type":"HPO","enrichScore":264.438}},{"data":{"id":"HP:0006689","display_name":"Bacterial endocarditis","Node_Type":"HPO","enrichScore":211.55}},{"data":{"id":"HP:0002840","display_name":"Lymphadenitis","Node_Type":"HPO","enrichScore":176.292}},{"data":{"id":"CHEMBL3967656","display_name":"CHEMBL3967656","Node_Type":"Prediction","enrichScore":130.5}},{"data":{"id":"CHEMBL2002767","display_name":"CHEMBL2002767","Node_Type":"Prediction","enrichScore":130.5}},{"data":{"id":"CHEMBL3921171","display_name":"CHEMBL3921171","Node_Type":"Prediction","enrichScore":130.5}},{"data":{"id":"CHEMBL1544448","display_name":"CHEMBL1544448","Node_Type":"Prediction","enrichScore":130.5}},{"data":{"id":"CHEMBL1544211","display_name":"CHEMBL1544211","Node_Type":"Prediction","enrichScore":130.5}},{"data":{"id":"CHEMBL2304318","display_name":"CHEMBL2304318","Node_Type":"Prediction","enrichScore":130.5}},{"data":{"id":"CHEMBL3981422","display_name":"CHEMBL3981422","Node_Type":"Prediction","enrichScore":130.5}},{"data":{"id":"CHEMBL3918054","display_name":"CHEMBL3918054","Node_Type":"Prediction","enrichScore":130.5}},{"data":{"id":"CHEMBL3917810","display_name":"CHEMBL3917810","Node_Type":"Prediction","enrichScore":130.5}},{"data":{"id":"CHEMBL1998521","display_name":"CHEMBL1998521","Node_Type":"Prediction","enrichScore":130.5}},{"data":{"id":"hsa04061","display_name":"Viral protein interaction with cytokine and cytokine receptor","Node_Type":"kegg_Pathway","enrichScore":67.703}},{"data":{"id":"hsa04672","display_name":"Intestinal immune network for IgA production","Node_Type":"kegg_Pathway","enrichScore":37.163}},{"data":{"id":"hsa04020","display_name":"Calcium signaling pathway","Node_Type":"kegg_Pathway","enrichScore":34.362}},{"data":{"id":"hsa04060","display_name":"Cytokine-cytokine receptor interaction","Node_Type":"kegg_Pathway","enrichScore":23.101}},{"data":{"id":"hsa04970","display_name":"Salivary secretion","Node_Type":"kegg_Pathway","enrichScore":17.807}},{"data":{"id":"hsa04670","display_name":"Leukocyte transendothelial migration","Node_Type":"kegg_Pathway","enrichScore":15.263}},{"data":{"id":"hsa04152","display_name":"AMPK signaling pathway","Node_Type":"kegg_Pathway","enrichScore":14.246}},{"data":{"id":"hsa04270","display_name":"Vascular smooth muscle contraction","Node_Type":"kegg_Pathway","enrichScore":12.388}},{"data":{"id":"hsa04261","display_name":"Adrenergic signaling in cardiomyocytes","Node_Type":"kegg_Pathway","enrichScore":10.958}},{"data":{"id":"hsa04022","display_name":"cGMP-PKG signaling pathway","Node_Type":"kegg_Pathway","enrichScore":9.882}},{"data":{"id":"H00097","display_name":"Chemokine receptor defect","Node_Type":"kegg_Disease","enrichScore":916.75}},{"data":{"id":"H00547","display_name":"Atrioventricular septal defect","Node_Type":"kegg_Disease","enrichScore":229.188}}],"edges":[{"data":{"source":"P61073","target":"P35348","Edge_Type":"PPI","label":"interacts w\/"}},{"data":{"source":"P61073","target":"P61073","Edge_Type":"PPI","label":"interacts w\/"}},{"data":{"source":"P25106","target":"P35348","Edge_Type":"PPI","label":"interacts w\/"}},{"data":{"source":"P25106","target":"P61073","Edge_Type":"PPI","label":"interacts w\/"}},{"data":{"source":"Q96HD1","target":"P35348","Edge_Type":"PPI","label":"interacts w\/"}},{"data":{"source":"HP:0031160","target":"Orphanet:51636","Edge_Type":"hpodis","label":"is associated w\/"}},{"data":{"source":"HP:0031160","target":"Orphanet:51636","Edge_Type":"hpodis","label":"is associated w\/"}},{"data":{"source":"HP:0000166","target":"Orphanet:51636","Edge_Type":"hpodis","label":"is associated w\/"}},{"data":{"source":"HP:0011850","target":"Orphanet:51636","Edge_Type":"hpodis","label":"is associated w\/"}},{"data":{"source":"HP:0030079","target":"Orphanet:51636","Edge_Type":"hpodis","label":"is associated w\/"}},{"data":{"source":"HP:0032241","target":"Orphanet:51636","Edge_Type":"hpodis","label":"is associated w\/"}},{"data":{"source":"HP:0002840","target":"Orphanet:51636","Edge_Type":"hpodis","label":"is associated w\/"}},{"data":{"source":"P61073","target":"Orphanet:51636","Edge_Type":"Disease","label":"is related to"}},{"data":{"source":"Q96HD1","target":"Orphanet:271853","Edge_Type":"Disease","label":"is related to"}},{"data":{"source":"P35348","target":"DB00610","Edge_Type":"Drug","label":"targets"}},{"data":{"source":"P35348","target":"DB01253","Edge_Type":"Drug","label":"targets"}},{"data":{"source":"P35348","target":"DB00699","Edge_Type":"Drug","label":"targets"}},{"data":{"source":"P35348","target":"DB09239","Edge_Type":"Drug","label":"targets"}},{"data":{"source":"P35348","target":"DB08950","Edge_Type":"Drug","label":"targets"}},{"data":{"source":"P61073","target":"DB06809","Edge_Type":"Drug","label":"targets"}},{"data":{"source":"P35348","target":"DB06764","Edge_Type":"Drug","label":"targets"}},{"data":{"source":"P35348","target":"DB00433","Edge_Type":"Drug","label":"targets"}},{"data":{"source":"P61073","target":"DB12498","Edge_Type":"Drug","label":"targets"}},{"data":{"source":"P61073","target":"DB05501","Edge_Type":"Drug","label":"targets"}},{"data":{"source":"P61073","target":"R-HSA-173107","Edge_Type":"Pathway","label":"is involved in"}},{"data":{"source":"P35348","target":"R-HSA-390696","Edge_Type":"Pathway","label":"is involved in"}},{"data":{"source":"P61073","target":"R-HSA-380108","Edge_Type":"Pathway","label":"is involved in"}},{"data":{"source":"P25106","target":"R-HSA-380108","Edge_Type":"Pathway","label":"is involved in"}},{"data":{"source":"P61073","target":"R-HSA-376176","Edge_Type":"Pathway","label":"is involved in"}},{"data":{"source":"P61073","target":"R-HSA-418594","Edge_Type":"Pathway","label":"is involved in"}},{"data":{"source":"P25106","target":"R-HSA-418594","Edge_Type":"Pathway","label":"is involved in"}},{"data":{"source":"P35348","target":"R-HSA-416482","Edge_Type":"Pathway","label":"is involved in"}},{"data":{"source":"P35348","target":"R-HSA-416476","Edge_Type":"Pathway","label":"is involved in"}},{"data":{"source":"P61073","target":"HP:0031160","Edge_Type":"HPO","label":"is associated w\/"}},{"data":{"source":"P61073","target":"HP:0000166","Edge_Type":"HPO","label":"is associated w\/"}},{"data":{"source":"P61073","target":"HP:0011850","Edge_Type":"HPO","label":"is associated w\/"}},{"data":{"source":"Q96HD1","target":"HP:0011642","Edge_Type":"HPO","label":"is associated w\/"}},{"data":{"source":"P61073","target":"HP:0030079","Edge_Type":"HPO","label":"is associated w\/"}},{"data":{"source":"Q96HD1","target":"HP:0011577","Edge_Type":"HPO","label":"is associated w\/"}},{"data":{"source":"P61073","target":"HP:0032241","Edge_Type":"HPO","label":"is associated w\/"}},{"data":{"source":"Q96HD1","target":"HP:0031298","Edge_Type":"HPO","label":"is associated w\/"}},{"data":{"source":"Q96HD1","target":"HP:0006689","Edge_Type":"HPO","label":"is associated w\/"}},{"data":{"source":"P61073","target":"HP:0002840","Edge_Type":"HPO","label":"is associated w\/"}},{"data":{"source":"P35348","target":"CHEMBL3967656","Edge_Type":"Prediction","label":"targets"}},{"data":{"source":"P35348","target":"CHEMBL2002767","Edge_Type":"Prediction","label":"targets"}},{"data":{"source":"P35348","target":"CHEMBL3921171","Edge_Type":"Prediction","label":"targets"}},{"data":{"source":"P35348","target":"CHEMBL1544448","Edge_Type":"Prediction","label":"targets"}},{"data":{"source":"P35348","target":"CHEMBL1544211","Edge_Type":"Prediction","label":"targets"}},{"data":{"source":"P35348","target":"CHEMBL2304318","Edge_Type":"Prediction","label":"targets"}},{"data":{"source":"P35348","target":"CHEMBL3981422","Edge_Type":"Prediction","label":"targets"}},{"data":{"source":"P35348","target":"CHEMBL3918054","Edge_Type":"Prediction","label":"targets"}},{"data":{"source":"P35348","target":"CHEMBL3917810","Edge_Type":"Prediction","label":"targets"}},{"data":{"source":"P35348","target":"CHEMBL1998521","Edge_Type":"Prediction","label":"targets"}},{"data":{"source":"H00097","target":"hsa04060","Edge_Type":"kegg_dis_path","label":"modulates"}},{"data":{"source":"P61073","target":"hsa04061","Edge_Type":"kegg_path_prot","label":"is involved in"}},{"data":{"source":"P25106","target":"hsa04061","Edge_Type":"kegg_path_prot","label":"is involved in"}},{"data":{"source":"P61073","target":"hsa04672","Edge_Type":"kegg_path_prot","label":"is involved in"}},{"data":{"source":"P35348","target":"hsa04020","Edge_Type":"kegg_path_prot","label":"is involved in"}},{"data":{"source":"P61073","target":"hsa04020","Edge_Type":"kegg_path_prot","label":"is involved in"}},{"data":{"source":"P61073","target":"hsa04060","Edge_Type":"kegg_path_prot","label":"is involved in"}},{"data":{"source":"P25106","target":"hsa04060","Edge_Type":"kegg_path_prot","label":"is involved in"}},{"data":{"source":"P35348","target":"hsa04970","Edge_Type":"kegg_path_prot","label":"is involved in"}},{"data":{"source":"P61073","target":"hsa04670","Edge_Type":"kegg_path_prot","label":"is involved in"}},{"data":{"source":"P35348","target":"hsa04152","Edge_Type":"kegg_path_prot","label":"is involved in"}},{"data":{"source":"P35348","target":"hsa04270","Edge_Type":"kegg_path_prot","label":"is involved in"}},{"data":{"source":"P35348","target":"hsa04261","Edge_Type":"kegg_path_prot","label":"is involved in"}},{"data":{"source":"P35348","target":"hsa04022","Edge_Type":"kegg_path_prot","label":"is involved in"}},{"data":{"source":"P61073","target":"H00097","Edge_Type":"kegg_dis_prot","label":"is related to"}},{"data":{"source":"Q96HD1","target":"H00547","Edge_Type":"kegg_dis_prot","label":"is related to"}}]}