{"options":{"search_start":1613058471,"tax_ids":[9606],"num_of_fn_nodes":10,"num_of_pathways":10,"num_of_phenotypes":10,"num_of_drugs":10,"num_of_diseases":10,"num_of_compounds":10,"chembl_compounds":0,"predictions":1,"reviewed_filter":1,"fn":1,"chembl":1,"search_finish":1613058497,"search_runtime":26},"search":[{"Drug":[{"DB03876":"Thieno[2,3-B]Pyridine-2-Carboxamidine"}]}],"nodes":[{"data":{"id":"P00749","display_name":"PLAU","Node_Type":"Protein"}},{"data":{"id":"P07477","display_name":"PRSS1","Node_Type":"Protein"}},{"data":{"id":"Q03405","display_name":"PLAUR","Node_Type":"Protein_N"}},{"data":{"id":"Q9UKQ2","display_name":"ADAM28","Node_Type":"Protein_N"}},{"data":{"id":"Orphanet:220436","display_name":"Quebec platelet disorder","Node_Type":"Disease","enrichScore":900.25}},{"data":{"id":"EFO:0000342","display_name":"chronic pancreatitis","Node_Type":"Disease","enrichScore":300.083}},{"data":{"id":"Orphanet:676","display_name":"Hereditary chronic pancreatitis","Node_Type":"Disease","enrichScore":300.083}},{"data":{"id":"DB03876","display_name":"Thieno[2,3-B]Pyridine-2-Carboxamidine","Node_Type":"Drug","enrichScore":9999999}},{"data":{"id":"DB01905","display_name":"2-(2-Hydroxy-5-Methoxy-Phenyl)-1h-Benzoimidazole-5-Carboxamidine","Node_Type":"Drug","enrichScore":2384.5}},{"data":{"id":"DB02526","display_name":"CRA_10655","Node_Type":"Drug","enrichScore":2384.5}},{"data":{"id":"DB06855","display_name":"6-fluoro-2-(2-hydroxy-3-isobutoxy-phenyl)-1H-benzoimidazole-5-carboxamidine","Node_Type":"Drug","enrichScore":2384.5}},{"data":{"id":"DB02287","display_name":"2-(2-hydroxy-phenyl)-3H-benzoimidazole-5-carboxamidine","Node_Type":"Drug","enrichScore":1589.667}},{"data":{"id":"DB03136","display_name":"4-Iodobenzo[B]Thiophene-2-Carboxamidine","Node_Type":"Drug","enrichScore":1589.667}},{"data":{"id":"DB03159","display_name":"CRA_8696","Node_Type":"Drug","enrichScore":1589.667}},{"data":{"id":"DB01725","display_name":"2-{2-hydroxy-[1,1'-biphenyl]-3-yl}-1H-1,3-benzodiazole-5-carboximidamide","Node_Type":"Drug","enrichScore":1589.667}},{"data":{"id":"DB04215","display_name":"CRA_9076","Node_Type":"Drug","enrichScore":1192.25}},{"data":{"id":"DB04172","display_name":"[2,4,6-Triisopropyl-Phenylsulfonyl-L-[3-Amidino-Phenylalanine]]-Piperazine-N'-Beta-Alanine","Node_Type":"Drug","enrichScore":1192.25}},{"data":{"id":"R-HSA-75205","display_name":"Dissolution of Fibrin Clot","Node_Type":"Pathway","enrichScore":4944.231}},{"data":{"id":"R-HSA-162791","display_name":"Attachment of GPI anchor to uPAR","Node_Type":"Pathway","enrichScore":2295.536}},{"data":{"id":"R-HSA-196741","display_name":"Cobalamin (Cbl, vitamin B12) transport and metabolism","Node_Type":"Pathway","enrichScore":765.179}},{"data":{"id":"R-HSA-1592389","display_name":"Activation of Matrix Metalloproteinases","Node_Type":"Pathway","enrichScore":486.932}},{"data":{"id":"R-HSA-6798695","display_name":"Neutrophil degranulation","Node_Type":"Pathway","enrichScore":134.467}},{"data":{"id":"HP:0008148","display_name":"Impaired epinephrine-induced platelet aggregation","Node_Type":"HPO","enrichScore":1057.75}},{"data":{"id":"HP:0005206","display_name":"Pancreatic pseudocyst","Node_Type":"HPO","enrichScore":211.55}},{"data":{"id":"HP:0410054","display_name":"Decreased level of GABA in serum","Node_Type":"HPO","enrichScore":176.292}},{"data":{"id":"HP:0005213","display_name":"Pancreatic calcification","Node_Type":"HPO","enrichScore":151.107}},{"data":{"id":"HP:0100027","display_name":"Recurrent pancreatitis","Node_Type":"HPO","enrichScore":132.219}},{"data":{"id":"HP:0002423","display_name":"Long-tract signs","Node_Type":"HPO","enrichScore":117.528}},{"data":{"id":"HP:0002511","display_name":"Alzheimer disease","Node_Type":"HPO","enrichScore":88.146}},{"data":{"id":"HP:0005261","display_name":"Joint hemorrhage","Node_Type":"HPO","enrichScore":81.365}},{"data":{"id":"HP:0003075","display_name":"Hypoproteinemia","Node_Type":"HPO","enrichScore":75.554}},{"data":{"id":"HP:0030247","display_name":"Splanchnic vein thrombosis","Node_Type":"HPO","enrichScore":66.109}},{"data":{"id":"CHEMBL2181549","display_name":"CHEMBL2181549","Node_Type":"Prediction","enrichScore":130.5}},{"data":{"id":"CHEMBL3780897","display_name":"CHEMBL3780897","Node_Type":"Prediction","enrichScore":130.5}},{"data":{"id":"CHEMBL3685286","display_name":"CHEMBL3685286","Node_Type":"Prediction","enrichScore":130.5}},{"data":{"id":"CHEMBL2315578","display_name":"CHEMBL2315578","Node_Type":"Prediction","enrichScore":130.5}},{"data":{"id":"CHEMBL1601190","display_name":"CHEMBL1601190","Node_Type":"Prediction","enrichScore":130.5}},{"data":{"id":"CHEMBL1564057","display_name":"CHEMBL1564057","Node_Type":"Prediction","enrichScore":130.5}},{"data":{"id":"CHEMBL3799221","display_name":"CHEMBL3799221","Node_Type":"Prediction","enrichScore":130.5}},{"data":{"id":"CHEMBL3753503","display_name":"CHEMBL3753503","Node_Type":"Prediction","enrichScore":130.5}},{"data":{"id":"CHEMBL3952712","display_name":"CHEMBL3952712","Node_Type":"Prediction","enrichScore":130.5}},{"data":{"id":"CHEMBL3652716","display_name":"CHEMBL3652716","Node_Type":"Prediction","enrichScore":130.5}},{"data":{"id":"hsa04610","display_name":"Complement and coagulation cascades","Node_Type":"kegg_Pathway","enrichScore":79.512}},{"data":{"id":"hsa04974","display_name":"Protein digestion and absorption","Node_Type":"kegg_Pathway","enrichScore":17.995}},{"data":{"id":"hsa04972","display_name":"Pancreatic secretion","Node_Type":"kegg_Pathway","enrichScore":16.926}},{"data":{"id":"hsa04064","display_name":"NF-kappa B signaling pathway","Node_Type":"kegg_Pathway","enrichScore":16.438}},{"data":{"id":"hsa04080","display_name":"Neuroactive ligand-receptor interaction","Node_Type":"kegg_Pathway","enrichScore":4.999}},{"data":{"id":"H00933","display_name":"Hereditary pancreatitis","Node_Type":"kegg_Disease","enrichScore":183.35}}],"edges":[{"data":{"source":"Q03405","target":"P00749","Edge_Type":"PPI","label":"interacts w\/"}},{"data":{"source":"Q9UKQ2","target":"P00749","Edge_Type":"PPI","label":"interacts w\/"}},{"data":{"source":"HP:0008148","target":"Orphanet:220436","Edge_Type":"hpodis","label":"is associated w\/"}},{"data":{"source":"HP:0005206","target":"EFO:0000342","Edge_Type":"hpodis","label":"is associated w\/"}},{"data":{"source":"HP:0005213","target":"Orphanet:676","Edge_Type":"hpodis","label":"is associated w\/"}},{"data":{"source":"HP:0005213","target":"EFO:0000342","Edge_Type":"hpodis","label":"is associated w\/"}},{"data":{"source":"HP:0005213","target":"EFO:0000342","Edge_Type":"hpodis","label":"is associated w\/"}},{"data":{"source":"HP:0100027","target":"Orphanet:676","Edge_Type":"hpodis","label":"is associated w\/"}},{"data":{"source":"HP:0005261","target":"Orphanet:220436","Edge_Type":"hpodis","label":"is associated w\/"}},{"data":{"source":"HP:0030247","target":"Orphanet:676","Edge_Type":"hpodis","label":"is associated w\/"}},{"data":{"source":"P00749","target":"Orphanet:220436","Edge_Type":"Disease","label":"is related to"}},{"data":{"source":"P07477","target":"EFO:0000342","Edge_Type":"Disease","label":"is related to"}},{"data":{"source":"P07477","target":"Orphanet:676","Edge_Type":"Disease","label":"is related to"}},{"data":{"source":"P07477","target":"DB03876","Edge_Type":"Drug","label":"targets"}},{"data":{"source":"P00749","target":"DB03876","Edge_Type":"Drug","label":"targets"}},{"data":{"source":"P07477","target":"DB01905","Edge_Type":"Drug","label":"targets"}},{"data":{"source":"P00749","target":"DB01905","Edge_Type":"Drug","label":"targets"}},{"data":{"source":"P07477","target":"DB02526","Edge_Type":"Drug","label":"targets"}},{"data":{"source":"P00749","target":"DB02526","Edge_Type":"Drug","label":"targets"}},{"data":{"source":"P00749","target":"DB06855","Edge_Type":"Drug","label":"targets"}},{"data":{"source":"P07477","target":"DB06855","Edge_Type":"Drug","label":"targets"}},{"data":{"source":"P07477","target":"DB02287","Edge_Type":"Drug","label":"targets"}},{"data":{"source":"P00749","target":"DB02287","Edge_Type":"Drug","label":"targets"}},{"data":{"source":"P07477","target":"DB03136","Edge_Type":"Drug","label":"targets"}},{"data":{"source":"P00749","target":"DB03136","Edge_Type":"Drug","label":"targets"}},{"data":{"source":"P07477","target":"DB03159","Edge_Type":"Drug","label":"targets"}},{"data":{"source":"P00749","target":"DB03159","Edge_Type":"Drug","label":"targets"}},{"data":{"source":"P07477","target":"DB01725","Edge_Type":"Drug","label":"targets"}},{"data":{"source":"P00749","target":"DB01725","Edge_Type":"Drug","label":"targets"}},{"data":{"source":"P07477","target":"DB04215","Edge_Type":"Drug","label":"targets"}},{"data":{"source":"P00749","target":"DB04172","Edge_Type":"Drug","label":"targets"}},{"data":{"source":"P00749","target":"R-HSA-75205","Edge_Type":"Pathway","label":"is involved in"}},{"data":{"source":"Q03405","target":"R-HSA-75205","Edge_Type":"Pathway","label":"is involved in"}},{"data":{"source":"Q03405","target":"R-HSA-162791","Edge_Type":"Pathway","label":"is involved in"}},{"data":{"source":"P07477","target":"R-HSA-196741","Edge_Type":"Pathway","label":"is involved in"}},{"data":{"source":"P07477","target":"R-HSA-1592389","Edge_Type":"Pathway","label":"is involved in"}},{"data":{"source":"P00749","target":"R-HSA-6798695","Edge_Type":"Pathway","label":"is involved in"}},{"data":{"source":"Q03405","target":"R-HSA-6798695","Edge_Type":"Pathway","label":"is involved in"}},{"data":{"source":"P00749","target":"HP:0008148","Edge_Type":"HPO","label":"is associated w\/"}},{"data":{"source":"P07477","target":"HP:0005206","Edge_Type":"HPO","label":"is associated w\/"}},{"data":{"source":"P00749","target":"HP:0410054","Edge_Type":"HPO","label":"is associated w\/"}},{"data":{"source":"P07477","target":"HP:0005213","Edge_Type":"HPO","label":"is associated w\/"}},{"data":{"source":"P07477","target":"HP:0100027","Edge_Type":"HPO","label":"is associated w\/"}},{"data":{"source":"P00749","target":"HP:0002423","Edge_Type":"HPO","label":"is associated w\/"}},{"data":{"source":"P00749","target":"HP:0002511","Edge_Type":"HPO","label":"is associated w\/"}},{"data":{"source":"P00749","target":"HP:0005261","Edge_Type":"HPO","label":"is associated w\/"}},{"data":{"source":"P07477","target":"HP:0003075","Edge_Type":"HPO","label":"is associated w\/"}},{"data":{"source":"P07477","target":"HP:0030247","Edge_Type":"HPO","label":"is associated w\/"}},{"data":{"source":"P07477","target":"CHEMBL2181549","Edge_Type":"Prediction","label":"targets"}},{"data":{"source":"P07477","target":"CHEMBL3780897","Edge_Type":"Prediction","label":"targets"}},{"data":{"source":"P07477","target":"CHEMBL3685286","Edge_Type":"Prediction","label":"targets"}},{"data":{"source":"P07477","target":"CHEMBL2315578","Edge_Type":"Prediction","label":"targets"}},{"data":{"source":"P07477","target":"CHEMBL1601190","Edge_Type":"Prediction","label":"targets"}},{"data":{"source":"P07477","target":"CHEMBL1564057","Edge_Type":"Prediction","label":"targets"}},{"data":{"source":"P07477","target":"CHEMBL3799221","Edge_Type":"Prediction","label":"targets"}},{"data":{"source":"P07477","target":"CHEMBL3753503","Edge_Type":"Prediction","label":"targets"}},{"data":{"source":"P07477","target":"CHEMBL3952712","Edge_Type":"Prediction","label":"targets"}},{"data":{"source":"P07477","target":"CHEMBL3652716","Edge_Type":"Prediction","label":"targets"}},{"data":{"source":"H00933","target":"hsa04972","Edge_Type":"kegg_dis_path","label":"modulates"}},{"data":{"source":"H00933","target":"hsa04974","Edge_Type":"kegg_dis_path","label":"modulates"}},{"data":{"source":"P00749","target":"hsa04610","Edge_Type":"kegg_path_prot","label":"is involved in"}},{"data":{"source":"Q03405","target":"hsa04610","Edge_Type":"kegg_path_prot","label":"is involved in"}},{"data":{"source":"P07477","target":"hsa04974","Edge_Type":"kegg_path_prot","label":"is involved in"}},{"data":{"source":"P07477","target":"hsa04972","Edge_Type":"kegg_path_prot","label":"is involved in"}},{"data":{"source":"P00749","target":"hsa04064","Edge_Type":"kegg_path_prot","label":"is involved in"}},{"data":{"source":"P07477","target":"hsa04080","Edge_Type":"kegg_path_prot","label":"is involved in"}},{"data":{"source":"P07477","target":"H00933","Edge_Type":"kegg_dis_prot","label":"is related to"}}]}