Core Proteins,Interacting Proteins,Pathways,HPO terms,Diseases,Targeting Drugs,Experimental Bioactive Compounds (pChEMBL),Predicted interacting Compounds
VDR (P11473),OTUD4 (Q01804); MED1 (Q15648); RXRG (P48443); RXRA (P19793); NCOA1 (Q15788); PTPN3 (P26045); SQSTM1 (Q13501); SNW1 (Q13573); EP300 (Q09472); TRIP13 (Q15645),R-HSA-383280 Nuclear Receptor transcription pathway[scr:1833]; hsa04928 Parathyroid hormone synthesis- secretion and action[scr:52]; hsa04961 Endocrine and other factor-regulated calcium reabsorption[scr:12]; hsa04978 Mineral absorption[scr:11],HP:0000867 Secondary hyperparathyroidism[scr:128]; HP:0003152 HP:0003152[scr:128]; HP:0003106 Subperiosteal bone resorption[scr:128],Orphanet:93160 Hypocalcemic vitamin D-resistant rickets (EFO)[scr:327]; Orphanet:3389 Tuberculosis (EFO)[scr:55]; H01143 Vitamin D-dependent rickets (KEGG)[scr:111]; H00784 Localized autosomal recessive hypotrichosis (KEGG)[scr:67]; H00342 Tuberculosis (KEGG)[scr:48]; H01593 Osteoporosis (KEGG)[scr:28],DB00146 Calcifediol[scr:9999999]; DB07530 (1R-3R)-5-[(2E)-3-{(1S-3R)-2-2-3-trimethyl-3-[6-6-6-trifluoro-5-hydroxy-5-(trifluoromethyl)hex-3-yn-1-yl]cyclopentyl}prop-2-en-1-ylidene]cyclohexane-1-3-diol[scr:867]; DB08742 1-3-CYCLOHEXANEDIOL- 4-METHYLENE-5-[(2E)-[(1S-3AS-7AS)-OCTAHYDRO-1-(5-HYDROXY-5-METHYL-1-3-HEXADIYNYL)-7A-METHYL-4H-INDEN-4-YLIDENE]ETHYLIDENE]-- (1R-3S-5Z)[scr:867]; DB04891 Becocalcidiol[scr:867]; DB01436 Alfacalcidol[scr:578]; DB01070 Dihydrotachysterol[scr:434]; DB06194 Elocalcitol[scr:434]; DB04796 Inecalcitol[scr:434]; DB04258 Seocalcitol[scr:434],,CHEMBL83835 [scr:21.35]; CHEMBL403274 [scr:21.35]; CHEMBL66650 [scr:19.41]; CHEMBL497748 [scr:18.57]; CHEMBL317651 [scr:17.8]; CHEMBL2114060 [scr:15.82]; CHEMBL132563 [scr:15.25]; CHEMBL18382 [scr:14.73]
OTUD4 (Q01804),VDR (P11473),,,,,,
MED1 (Q15648),VDR (P11473); RXRA (P19793),R-HSA-1368082 RORA activates gene expression[scr:5194]; R-HSA-400206 Regulation of lipid metabolism by PPARalpha[scr:2629]; R-HSA-1368108 BMAL1:CLOCK-NPAS2 activates circadian gene expression[scr:1948]; R-HSA-383280 Nuclear Receptor transcription pathway[scr:1833]; R-HSA-400253 Circadian Clock[scr:1640]; hsa04919 Thyroid hormone signaling pathway[scr:131],,,DB04891 Becocalcidiol[scr:867],,
RXRG (P48443),VDR (P11473),R-HSA-383280 Nuclear Receptor transcription pathway[scr:1833]; hsa04919 Thyroid hormone signaling pathway[scr:131]; hsa04928 Parathyroid hormone synthesis- secretion and action[scr:52]; hsa04920 Adipocytokine signaling pathway[scr:36]; hsa03320 PPAR signaling pathway[scr:33]; hsa04659 Th17 cell differentiation[scr:23],,,DB00307 Bexarotene[scr:578],,CHEMBL83835 [scr:21.35]; CHEMBL403274 [scr:21.35]; CHEMBL66650 [scr:19.41]; CHEMBL497748 [scr:18.57]; CHEMBL317651 [scr:17.8]; CHEMBL2114060 [scr:15.82]; CHEMBL330527 [scr:15.82]; CHEMBL132563 [scr:15.25]; CHEMBL18382 [scr:14.73]; CHEMBL312979 [scr:14.6]
RXRA (P19793),VDR (P11473); MED1 (Q15648); NCOA1 (Q15788),R-HSA-1368082 RORA activates gene expression[scr:5194]; R-HSA-400206 Regulation of lipid metabolism by PPARalpha[scr:2629]; R-HSA-1368108 BMAL1:CLOCK-NPAS2 activates circadian gene expression[scr:1948]; R-HSA-383280 Nuclear Receptor transcription pathway[scr:1833]; R-HSA-192105 Synthesis of bile acids and bile salts[scr:1669]; R-HSA-400253 Circadian Clock[scr:1640]; R-HSA-193807 Synthesis of bile acids and bile salts via 27-hydroxycholesterol[scr:1558]; R-HSA-159418 Recycling of bile acids and salts[scr:1461]; hsa04919 Thyroid hormone signaling pathway[scr:131]; hsa04928 Parathyroid hormone synthesis- secretion and action[scr:52]; hsa04920 Adipocytokine signaling pathway[scr:36]; hsa03320 PPAR signaling pathway[scr:33]; hsa04659 Th17 cell differentiation[scr:23],,,DB00307 Bexarotene[scr:578]; DB01436 Alfacalcidol[scr:578],,CHEMBL83835 [scr:21.35]; CHEMBL403274 [scr:21.35]; CHEMBL66650 [scr:19.41]; CHEMBL497748 [scr:18.57]; CHEMBL317651 [scr:17.8]; CHEMBL2114060 [scr:15.82]; CHEMBL330527 [scr:15.82]; CHEMBL132563 [scr:15.25]; CHEMBL18382 [scr:14.73]; CHEMBL312979 [scr:14.6]
NCOA1 (Q15788),VDR (P11473); RXRA (P19793),R-HSA-1368082 RORA activates gene expression[scr:5194]; R-HSA-400206 Regulation of lipid metabolism by PPARalpha[scr:2629]; R-HSA-1368108 BMAL1:CLOCK-NPAS2 activates circadian gene expression[scr:1948]; R-HSA-192105 Synthesis of bile acids and bile salts[scr:1669]; R-HSA-400253 Circadian Clock[scr:1640]; R-HSA-193807 Synthesis of bile acids and bile salts via 27-hydroxycholesterol[scr:1558]; R-HSA-159418 Recycling of bile acids and salts[scr:1461]; hsa04919 Thyroid hormone signaling pathway[scr:131],,,DB07530 (1R-3R)-5-[(2E)-3-{(1S-3R)-2-2-3-trimethyl-3-[6-6-6-trifluoro-5-hydroxy-5-(trifluoromethyl)hex-3-yn-1-yl]cyclopentyl}prop-2-en-1-ylidene]cyclohexane-1-3-diol[scr:867]; DB08742 1-3-CYCLOHEXANEDIOL- 4-METHYLENE-5-[(2E)-[(1S-3AS-7AS)-OCTAHYDRO-1-(5-HYDROXY-5-METHYL-1-3-HEXADIYNYL)-7A-METHYL-4H-INDEN-4-YLIDENE]ETHYLIDENE]-- (1R-3S-5Z)[scr:867],,
PTPN3 (P26045),VDR (P11473),,HP:0011985 Acholic stools[scr:96],,,,
SQSTM1 (Q13501),VDR (P11473); SQSTM1 (Q13501),hsa04137 Mitophagy[scr:10],,Orphanet:602 Distal myopathy- Nonaka type (EFO)[scr:164]; EFO:0004261 osteitis deformans (EFO)[scr:109]; Orphanet:275872 Frontotemporal dementia with motor neuron disease (EFO)[scr:41]; MONDO:0014940 neurodegeneration with ataxia- dystonia- and gaze palsy- childhood-onset (EFO)[scr:0]; H00437 Paget disease of bone (KEGG)[scr:83]; H02342 Frontotemporal dementia and amyotrophic lateral sclerosis (KEGG)[scr:83],,,
SNW1 (Q13573),VDR (P11473),R-HSA-8941856 RUNX3 regulates NOTCH signaling[scr:1669]; R-HSA-210744 Regulation of gene expression in late stage (branching morphogenesis) pancreatic bud precursor cells[scr:1461]; hsa04330 Notch signaling pathway[scr:47],,,,,
EP300 (Q09472),VDR (P11473),R-HSA-1368082 RORA activates gene expression[scr:5194]; R-HSA-8941856 RUNX3 regulates NOTCH signaling[scr:1669]; R-HSA-400253 Circadian Clock[scr:1640]; R-HSA-210744 Regulation of gene expression in late stage (branching morphogenesis) pancreatic bud precursor cells[scr:1461]; hsa04919 Thyroid hormone signaling pathway[scr:131]; hsa04330 Notch signaling pathway[scr:47]; hsa04520 Adherens junction[scr:9],HP:0001042 High axial triradius[scr:192]; HP:0008107 Plantar crease between first and second toes[scr:192]; HP:0010775 Vascular ring[scr:128]; HP:0000756 Agoraphobia[scr:128]; HP:0005895 Radial deviation of thumb terminal phalanx[scr:128],Orphanet:353284 Rubinstein-Taybi syndrome due to EP300 haploinsufficiency (EFO)[scr:327]; Orphanet:783 Rubinstein-Taybi syndrome (EFO)[scr:164]; EFO:0010253 Menke-Hennekam syndrome 2 (EFO)[scr:0]; H00504 Rubinstein-Taybi syndrome (KEGG)[scr:167]; H01613 Follicular lymphoma (KEGG)[scr:48],,,
TRIP13 (Q15645),VDR (P11473); TRIP13 (Q15645),,HP:0200024 Premature chromatid separation[scr:96],Orphanet:1052 Mosaic variegated aneuploidy syndrome (EFO)[scr:109]; H01288 Mosaic variegated aneuploidy syndrome (KEGG)[scr:111],,,
