{"options":{"search_start":1613059462,"tax_ids":[9606],"num_of_fn_nodes":10,"num_of_pathways":10,"num_of_phenotypes":10,"num_of_drugs":10,"num_of_diseases":10,"num_of_compounds":10,"chembl_compounds":0,"predictions":1,"reviewed_filter":1,"fn":1,"chembl":1,"search_finish":1613059467,"search_runtime":5},"search":[{"Drug":[{"DB03403":"Cytidine-5'-Monophosphate"}]}],"nodes":[{"data":{"id":"P30085","display_name":"CMPK1","Node_Type":"Protein"}},{"data":{"id":"Q9BZX2","display_name":"UCK2","Node_Type":"Protein"}},{"data":{"id":"Q9UHD4","display_name":"CIDEB","Node_Type":"Protein_N"}},{"data":{"id":"Q96EQ0","display_name":"SGTB","Node_Type":"Protein_N"}},{"data":{"id":"DB03403","display_name":"Cytidine-5'-Monophosphate","Node_Type":"Drug","enrichScore":9999999}},{"data":{"id":"DB02097","display_name":"Cytidine","Node_Type":"Drug","enrichScore":1192.25}},{"data":{"id":"DB03664","display_name":"P1-(adenosine-5'-P5-(uridine-5')pentaphosphate","Node_Type":"Drug","enrichScore":1192.25}},{"data":{"id":"DB00441","display_name":"Gemcitabine","Node_Type":"Drug","enrichScore":397.417}},{"data":{"id":"DB04005","display_name":"Uridine 5'-triphosphate","Node_Type":"Drug","enrichScore":397.417}},{"data":{"id":"DB02431","display_name":"Cytidine-5'-Triphosphate","Node_Type":"Drug","enrichScore":149.031}},{"data":{"id":"DB04444","display_name":"Tetrafluoroaluminate Ion","Node_Type":"Drug","enrichScore":132.472}},{"data":{"id":"DB03435","display_name":"Uridine-5'-Diphosphate","Node_Type":"Drug","enrichScore":85.161}},{"data":{"id":"DB04272","display_name":"Citric acid","Node_Type":"Drug","enrichScore":20.556}},{"data":{"id":"R-HSA-73614","display_name":"Pyrimidine salvage","Node_Type":"Pathway","enrichScore":1460.795}},{"data":{"id":"R-HSA-499943","display_name":"Interconversion of nucleotide di- and triphosphates","Node_Type":"Pathway","enrichScore":535.625}},{"data":{"id":"hsa00240","display_name":"Pyrimidine metabolism","Node_Type":"kegg_Pathway","enrichScore":119.965}},{"data":{"id":"hsa00983","display_name":"Drug metabolism","Node_Type":"kegg_Pathway","enrichScore":86.557}},{"data":{"id":"hsa01100","display_name":"Metabolic pathways","Node_Type":"kegg_Pathway","enrichScore":4.623}}],"edges":[{"data":{"source":"Q9BZX2","target":"Q9BZX2","Edge_Type":"PPI","label":"interacts w\/"}},{"data":{"source":"Q9UHD4","target":"P30085","Edge_Type":"PPI","label":"interacts w\/"}},{"data":{"source":"Q9UHD4","target":"Q9UHD4","Edge_Type":"PPI","label":"interacts w\/"}},{"data":{"source":"Q96EQ0","target":"P30085","Edge_Type":"PPI","label":"interacts w\/"}},{"data":{"source":"P30085","target":"DB03403","Edge_Type":"Drug","label":"targets"}},{"data":{"source":"Q9BZX2","target":"DB03403","Edge_Type":"Drug","label":"targets"}},{"data":{"source":"Q9BZX2","target":"DB02097","Edge_Type":"Drug","label":"targets"}},{"data":{"source":"P30085","target":"DB03664","Edge_Type":"Drug","label":"targets"}},{"data":{"source":"P30085","target":"DB00441","Edge_Type":"Drug","label":"targets"}},{"data":{"source":"Q9BZX2","target":"DB04005","Edge_Type":"Drug","label":"targets"}},{"data":{"source":"Q9BZX2","target":"DB02431","Edge_Type":"Drug","label":"targets"}},{"data":{"source":"P30085","target":"DB04444","Edge_Type":"Drug","label":"targets"}},{"data":{"source":"P30085","target":"DB03435","Edge_Type":"Drug","label":"targets"}},{"data":{"source":"Q9BZX2","target":"DB04272","Edge_Type":"Drug","label":"targets"}},{"data":{"source":"Q9BZX2","target":"R-HSA-73614","Edge_Type":"Pathway","label":"is involved in"}},{"data":{"source":"P30085","target":"R-HSA-499943","Edge_Type":"Pathway","label":"is involved in"}},{"data":{"source":"P30085","target":"hsa00240","Edge_Type":"kegg_path_prot","label":"is involved in"}},{"data":{"source":"Q9BZX2","target":"hsa00240","Edge_Type":"kegg_path_prot","label":"is involved in"}},{"data":{"source":"P30085","target":"hsa00983","Edge_Type":"kegg_path_prot","label":"is involved in"}},{"data":{"source":"Q9BZX2","target":"hsa00983","Edge_Type":"kegg_path_prot","label":"is involved in"}},{"data":{"source":"P30085","target":"hsa01100","Edge_Type":"kegg_path_prot","label":"is involved in"}},{"data":{"source":"Q9BZX2","target":"hsa01100","Edge_Type":"kegg_path_prot","label":"is involved in"}}]}