{"options":{"search_start":1613059980,"tax_ids":[9606],"num_of_fn_nodes":10,"num_of_pathways":10,"num_of_phenotypes":10,"num_of_drugs":10,"num_of_diseases":10,"num_of_compounds":10,"chembl_compounds":0,"predictions":1,"reviewed_filter":1,"fn":1,"chembl":1,"search_finish":1613059992,"search_runtime":12},"search":[{"Drug":[{"DB00565":"Cisatracurium"}]}],"nodes":[{"data":{"id":"Q15822","display_name":"CHRNA2","Node_Type":"Protein"}},{"data":{"id":"Orphanet:98784","display_name":"Autosomal dominant nocturnal frontal lobe epilepsy","Node_Type":"Disease","enrichScore":900.25}},{"data":{"id":"DB00565","display_name":"Cisatracurium","Node_Type":"Drug","enrichScore":9999999}},{"data":{"id":"DB08960","display_name":"Hexamethonium","Node_Type":"Drug","enrichScore":4769}},{"data":{"id":"DB00732","display_name":"Atracurium besylate","Node_Type":"Drug","enrichScore":4769}},{"data":{"id":"DB00416","display_name":"Metocurine iodide","Node_Type":"Drug","enrichScore":4769}},{"data":{"id":"DB01339","display_name":"Vecuronium","Node_Type":"Drug","enrichScore":4769}},{"data":{"id":"DB01336","display_name":"Metocurine","Node_Type":"Drug","enrichScore":2384.5}},{"data":{"id":"DB01135","display_name":"Doxacurium","Node_Type":"Drug","enrichScore":2384.5}},{"data":{"id":"DB00810","display_name":"Biperiden","Node_Type":"Drug","enrichScore":2384.5}},{"data":{"id":"DB01338","display_name":"Pipecuronium","Node_Type":"Drug","enrichScore":1589.667}},{"data":{"id":"DB00728","display_name":"Rocuronium","Node_Type":"Drug","enrichScore":1589.667}},{"data":{"id":"R-HSA-629597","display_name":"Highly calcium permeable nicotinic acetylcholine receptors","Node_Type":"Pathway","enrichScore":7141.667}},{"data":{"id":"R-HSA-629594","display_name":"Highly calcium permeable postsynaptic nicotinic acetylcholine receptors","Node_Type":"Pathway","enrichScore":5843.182}},{"data":{"id":"HP:0025144","display_name":"Shivering","Node_Type":"HPO","enrichScore":1410.333}},{"data":{"id":"HP:0001289","display_name":"Confusion","Node_Type":"HPO","enrichScore":74.228}},{"data":{"id":"HP:0003829","display_name":"Incomplete penetrance","Node_Type":"HPO","enrichScore":28.979}},{"data":{"id":"HP:0001425","display_name":"Heterogeneous","Node_Type":"HPO","enrichScore":14.794}},{"data":{"id":"HP:0004372","display_name":"Reduced consciousness\/confusion","Node_Type":"HPO","enrichScore":13.518}},{"data":{"id":"HP:0001332","display_name":"Dystonia","Node_Type":"HPO","enrichScore":10.905}},{"data":{"id":"HP:0003812","display_name":"Phenotypic variability","Node_Type":"HPO","enrichScore":10.074}},{"data":{"id":"HP:0025142","display_name":"Constitutional symptom","Node_Type":"HPO","enrichScore":4.863}},{"data":{"id":"HP:0000708","display_name":"Behavioral abnormality","Node_Type":"HPO","enrichScore":3.046}},{"data":{"id":"HP:0001250","display_name":"Seizure","Node_Type":"HPO","enrichScore":2.795}},{"data":{"id":"hsa04080","display_name":"Neuroactive ligand-receptor interaction","Node_Type":"kegg_Pathway","enrichScore":19.994}},{"data":{"id":"H00807","display_name":"Nocturnal frontal lobe epilepsy","Node_Type":"kegg_Disease","enrichScore":916.75}}],"edges":[{"data":{"source":"HP:0025144","target":"Orphanet:98784","Edge_Type":"hpodis","label":"is associated w\/"}},{"data":{"source":"HP:0001289","target":"Orphanet:98784","Edge_Type":"hpodis","label":"is associated w\/"}},{"data":{"source":"HP:0003829","target":"Orphanet:98784","Edge_Type":"hpodis","label":"is associated w\/"}},{"data":{"source":"HP:0003829","target":"Orphanet:98784","Edge_Type":"hpodis","label":"is associated w\/"}},{"data":{"source":"HP:0001425","target":"Orphanet:98784","Edge_Type":"hpodis","label":"is associated w\/"}},{"data":{"source":"HP:0004372","target":"Orphanet:98784","Edge_Type":"hpodis","label":"is associated w\/"}},{"data":{"source":"HP:0001332","target":"Orphanet:98784","Edge_Type":"hpodis","label":"is associated w\/"}},{"data":{"source":"HP:0003812","target":"Orphanet:98784","Edge_Type":"hpodis","label":"is associated w\/"}},{"data":{"source":"HP:0003812","target":"Orphanet:98784","Edge_Type":"hpodis","label":"is associated w\/"}},{"data":{"source":"HP:0025142","target":"Orphanet:98784","Edge_Type":"hpodis","label":"is associated w\/"}},{"data":{"source":"HP:0000708","target":"Orphanet:98784","Edge_Type":"hpodis","label":"is associated w\/"}},{"data":{"source":"HP:0000708","target":"Orphanet:98784","Edge_Type":"hpodis","label":"is associated w\/"}},{"data":{"source":"HP:0001250","target":"Orphanet:98784","Edge_Type":"hpodis","label":"is associated w\/"}},{"data":{"source":"HP:0001250","target":"Orphanet:98784","Edge_Type":"hpodis","label":"is associated w\/"}},{"data":{"source":"HP:0001250","target":"Orphanet:98784","Edge_Type":"hpodis","label":"is associated w\/"}},{"data":{"source":"HP:0001250","target":"Orphanet:98784","Edge_Type":"hpodis","label":"is associated w\/"}},{"data":{"source":"Q15822","target":"Orphanet:98784","Edge_Type":"Disease","label":"is related to"}},{"data":{"source":"Q15822","target":"DB00565","Edge_Type":"Drug","label":"targets"}},{"data":{"source":"Q15822","target":"DB08960","Edge_Type":"Drug","label":"targets"}},{"data":{"source":"Q15822","target":"DB00732","Edge_Type":"Drug","label":"targets"}},{"data":{"source":"Q15822","target":"DB00416","Edge_Type":"Drug","label":"targets"}},{"data":{"source":"Q15822","target":"DB01339","Edge_Type":"Drug","label":"targets"}},{"data":{"source":"Q15822","target":"DB01336","Edge_Type":"Drug","label":"targets"}},{"data":{"source":"Q15822","target":"DB01135","Edge_Type":"Drug","label":"targets"}},{"data":{"source":"Q15822","target":"DB00810","Edge_Type":"Drug","label":"targets"}},{"data":{"source":"Q15822","target":"DB01338","Edge_Type":"Drug","label":"targets"}},{"data":{"source":"Q15822","target":"DB00728","Edge_Type":"Drug","label":"targets"}},{"data":{"source":"Q15822","target":"R-HSA-629597","Edge_Type":"Pathway","label":"is involved in"}},{"data":{"source":"Q15822","target":"R-HSA-629594","Edge_Type":"Pathway","label":"is involved in"}},{"data":{"source":"Q15822","target":"HP:0025144","Edge_Type":"HPO","label":"is associated w\/"}},{"data":{"source":"Q15822","target":"HP:0001289","Edge_Type":"HPO","label":"is associated w\/"}},{"data":{"source":"Q15822","target":"HP:0003829","Edge_Type":"HPO","label":"is associated w\/"}},{"data":{"source":"Q15822","target":"HP:0001425","Edge_Type":"HPO","label":"is associated w\/"}},{"data":{"source":"Q15822","target":"HP:0004372","Edge_Type":"HPO","label":"is associated w\/"}},{"data":{"source":"Q15822","target":"HP:0001332","Edge_Type":"HPO","label":"is associated w\/"}},{"data":{"source":"Q15822","target":"HP:0003812","Edge_Type":"HPO","label":"is associated w\/"}},{"data":{"source":"Q15822","target":"HP:0025142","Edge_Type":"HPO","label":"is associated w\/"}},{"data":{"source":"Q15822","target":"HP:0000708","Edge_Type":"HPO","label":"is associated w\/"}},{"data":{"source":"Q15822","target":"HP:0001250","Edge_Type":"HPO","label":"is associated w\/"}},{"data":{"source":"H00807","target":"hsa04080","Edge_Type":"kegg_dis_path","label":"modulates"}},{"data":{"source":"Q15822","target":"hsa04080","Edge_Type":"kegg_path_prot","label":"is involved in"}},{"data":{"source":"Q15822","target":"H00807","Edge_Type":"kegg_dis_prot","label":"is related to"}}]}