{"options":{"search_start":1613058662,"tax_ids":[9606],"num_of_fn_nodes":10,"num_of_pathways":10,"num_of_phenotypes":10,"num_of_drugs":10,"num_of_diseases":10,"num_of_compounds":10,"chembl_compounds":0,"predictions":1,"reviewed_filter":1,"fn":1,"chembl":1,"search_finish":1613058698,"search_runtime":36},"search":[{"Drug":[{"DB00399":"Zoledronic acid"}]}],"nodes":[{"data":{"id":"O43570","display_name":"CA12","Node_Type":"Protein"}},{"data":{"id":"O95749","display_name":"GGPS1","Node_Type":"Protein"}},{"data":{"id":"P00918","display_name":"CA2","Node_Type":"Protein"}},{"data":{"id":"P02545","display_name":"LMNA","Node_Type":"Protein"}},{"data":{"id":"P14324","display_name":"FDPS","Node_Type":"Protein"}},{"data":{"id":"Q9ULX7","display_name":"CA14","Node_Type":"Protein"}},{"data":{"id":"P42166","display_name":"TMPO","Node_Type":"Protein_N"}},{"data":{"id":"Q03252","display_name":"LMNB2","Node_Type":"Protein_N"}},{"data":{"id":"P18054","display_name":"ALOX12","Node_Type":"Protein_N"}},{"data":{"id":"O75844","display_name":"ZMPSTE24","Node_Type":"Protein_N"}},{"data":{"id":"Q6ZMZ0","display_name":"RNF19B","Node_Type":"Protein_N"}},{"data":{"id":"O00244","display_name":"ATOX1","Node_Type":"Protein_N"}},{"data":{"id":"O95870","display_name":"ABHD16A","Node_Type":"Protein_N"}},{"data":{"id":"Q96FA3","display_name":"PELI1","Node_Type":"Protein_N"}},{"data":{"id":"P36956","display_name":"SREBF1","Node_Type":"Protein_N"}},{"data":{"id":"Q9UII6","display_name":"DUSP13","Node_Type":"Protein_N"}},{"data":{"id":"Orphanet:2457","display_name":"Mandibuloacral dysplasia","Node_Type":"Disease","enrichScore":450.125}},{"data":{"id":"Orphanet:1662","display_name":"Lethal restrictive dermopathy","Node_Type":"Disease","enrichScore":450.125}},{"data":{"id":"Orphanet:98856","display_name":"Charcot-Marie-Tooth disease type 2B1","Node_Type":"Disease","enrichScore":225.063}},{"data":{"id":"Orphanet:98855","display_name":"Autosomal recessive Emery-Dreifuss muscular dystrophy","Node_Type":"Disease","enrichScore":225.063}},{"data":{"id":"Orphanet:90154","display_name":"Mandibuloacral dysplasia with type B lipodystrophy","Node_Type":"Disease","enrichScore":225.063}},{"data":{"id":"Orphanet:90153","display_name":"Mandibuloacral dysplasia with type A lipodystrophy","Node_Type":"Disease","enrichScore":225.063}},{"data":{"id":"Orphanet:740","display_name":"Hutchinson-Gilford progeria syndrome","Node_Type":"Disease","enrichScore":225.063}},{"data":{"id":"Orphanet:300751","display_name":"Familial dilated cardiomyopathy with conduction defect due to LMNA mutation","Node_Type":"Disease","enrichScore":225.063}},{"data":{"id":"Orphanet:2785","display_name":"Osteopetrosis with renal tubular acidosis","Node_Type":"Disease","enrichScore":225.063}},{"data":{"id":"Orphanet:2348","display_name":"Familial partial lipodystrophy, Dunnigan type","Node_Type":"Disease","enrichScore":225.063}},{"data":{"id":"DB00399","display_name":"Zoledronic acid","Node_Type":"Drug","enrichScore":9999999}},{"data":{"id":"DB06548","display_name":"Minodronic acid","Node_Type":"Drug","enrichScore":596.125}},{"data":{"id":"DB00819","display_name":"Acetazolamide","Node_Type":"Drug","enrichScore":335.32}},{"data":{"id":"DB03596","display_name":"N-[2-(1h-Indol-5-Yl)-Butyl]-4-Sulfamoyl-Benzamide","Node_Type":"Drug","enrichScore":298.063}},{"data":{"id":"DB08083","display_name":"2-(1,3-thiazol-4-yl)-1H-benzimidazole-5-sulfonamide","Node_Type":"Drug","enrichScore":298.063}},{"data":{"id":"DB04089","display_name":"AL5300","Node_Type":"Drug","enrichScore":298.063}},{"data":{"id":"DB04081","display_name":"(4s-Trans)-4-(Methylamino)-5,6-Dihydro-6-Methyl-4h-Thieno(2,3-B)Thiopyran-2-Sulfonamide-7,7-Dioxide","Node_Type":"Drug","enrichScore":298.063}},{"data":{"id":"DB04002","display_name":"4-Sulfonamide-[4-(Thiomethylaminobutane)]Benzamide","Node_Type":"Drug","enrichScore":298.063}},{"data":{"id":"DB03950","display_name":"(S)-N-(3-Indol-1-Yl-2-Methyl-Propyl)-4-Sulfamoyl-Benzamide","Node_Type":"Drug","enrichScore":298.063}},{"data":{"id":"DB08046","display_name":"2-chloro-5-[(1S)-1-hydroxy-3-oxo-2H-isoindol-1-yl]benzenesulfonamide","Node_Type":"Drug","enrichScore":298.063}},{"data":{"id":"R-HSA-2142696","display_name":"Synthesis of Hepoxilins (HX) and Trioxilins (TrX)","Node_Type":"Pathway","enrichScore":4017.188}},{"data":{"id":"R-HSA-1475029","display_name":"Reversible hydration of carbon dioxide","Node_Type":"Pathway","enrichScore":3012.891}},{"data":{"id":"R-HSA-9026290","display_name":"Biosynthesis of DPAn-3-derived maresins","Node_Type":"Pathway","enrichScore":2008.594}},{"data":{"id":"R-HSA-9025106","display_name":"Biosynthesis of DPAn-6 SPMs","Node_Type":"Pathway","enrichScore":2008.594}},{"data":{"id":"R-HSA-9018677","display_name":"Biosynthesis of DHA-derived SPMs","Node_Type":"Pathway","enrichScore":1339.063}},{"data":{"id":"R-HSA-352238","display_name":"Breakdown of the nuclear lamina","Node_Type":"Pathway","enrichScore":1339.063}},{"data":{"id":"R-HSA-6803544","display_name":"Ion influx\/efflux at host-pathogen interface","Node_Type":"Pathway","enrichScore":1004.297}},{"data":{"id":"R-HSA-2426168","display_name":"Activation of gene expression by SREBF (SREBP)","Node_Type":"Pathway","enrichScore":860.826}},{"data":{"id":"R-HSA-191273","display_name":"Cholesterol biosynthesis","Node_Type":"Pathway","enrichScore":765.179}},{"data":{"id":"R-HSA-2142700","display_name":"Synthesis of Lipoxins (LX)","Node_Type":"Pathway","enrichScore":669.531}},{"data":{"id":"HP:0009002","display_name":"Loss of truncal subcutaneous adipose tissue","Node_Type":"HPO","enrichScore":793.313}},{"data":{"id":"HP:0012478","display_name":"Temporomandibular joint ankylosis","Node_Type":"HPO","enrichScore":528.875}},{"data":{"id":"HP:0010189","display_name":"Osteolytic defects of the distal phalanges of the toes","Node_Type":"HPO","enrichScore":528.875}},{"data":{"id":"HP:0011414","display_name":"Hydropic placenta","Node_Type":"HPO","enrichScore":528.875}},{"data":{"id":"HP:0005253","display_name":"Increased anterioposterior diameter of thorax","Node_Type":"HPO","enrichScore":528.875}},{"data":{"id":"HP:0011832","display_name":"Narrow nasal tip","Node_Type":"HPO","enrichScore":528.875}},{"data":{"id":"HP:0001870","display_name":"Acroosteolysis of distal phalanges (feet)","Node_Type":"HPO","enrichScore":528.875}},{"data":{"id":"HP:0008244","display_name":"Congenital adrenal hypoplasia","Node_Type":"HPO","enrichScore":352.583}},{"data":{"id":"HP:0006224","display_name":"Tapering pointed ends of distal finger phalanges","Node_Type":"HPO","enrichScore":352.583}},{"data":{"id":"HP:0007543","display_name":"Epidermal hyperkeratosis","Node_Type":"HPO","enrichScore":352.583}},{"data":{"id":"CHEMBL3344072","display_name":"CHEMBL3344072","Node_Type":"Prediction","enrichScore":58.725}},{"data":{"id":"CHEMBL354092","display_name":"CHEMBL354092","Node_Type":"Prediction","enrichScore":43.5}},{"data":{"id":"CHEMBL552375","display_name":"CHEMBL552375","Node_Type":"Prediction","enrichScore":43.5}},{"data":{"id":"CHEMBL376716","display_name":"CHEMBL376716","Node_Type":"Prediction","enrichScore":43.5}},{"data":{"id":"CHEMBL364767","display_name":"CHEMBL364767","Node_Type":"Prediction","enrichScore":43.5}},{"data":{"id":"CHEMBL357712","display_name":"CHEMBL357712","Node_Type":"Prediction","enrichScore":43.5}},{"data":{"id":"CHEMBL370256","display_name":"CHEMBL370256","Node_Type":"Prediction","enrichScore":43.5}},{"data":{"id":"CHEMBL1822588","display_name":"CHEMBL1822588","Node_Type":"Prediction","enrichScore":43.5}},{"data":{"id":"CHEMBL376993","display_name":"CHEMBL376993","Node_Type":"Prediction","enrichScore":43.5}},{"data":{"id":"CHEMBL339304","display_name":"CHEMBL339304","Node_Type":"Prediction","enrichScore":36.703}},{"data":{"id":"hsa00910","display_name":"Nitrogen metabolism","Node_Type":"kegg_Pathway","enrichScore":226.257}},{"data":{"id":"hsa00900","display_name":"Terpenoid backbone biosynthesis","Node_Type":"kegg_Pathway","enrichScore":174.835}},{"data":{"id":"hsa04964","display_name":"Proximal tubule bicarbonate reclamation","Node_Type":"kegg_Pathway","enrichScore":18.582}},{"data":{"id":"hsa04966","display_name":"Collecting duct acid secretion","Node_Type":"kegg_Pathway","enrichScore":15.829}},{"data":{"id":"hsa04210","display_name":"Apoptosis","Node_Type":"kegg_Pathway","enrichScore":12.299}},{"data":{"id":"hsa01100","display_name":"Metabolic pathways","Node_Type":"kegg_Pathway","enrichScore":10.403}},{"data":{"id":"hsa04978","display_name":"Mineral absorption","Node_Type":"kegg_Pathway","enrichScore":7.369}},{"data":{"id":"hsa00590","display_name":"Arachidonic acid metabolism","Node_Type":"kegg_Pathway","enrichScore":6.893}},{"data":{"id":"hsa04976","display_name":"Bile secretion","Node_Type":"kegg_Pathway","enrichScore":5.854}},{"data":{"id":"hsa04971","display_name":"Gastric acid secretion","Node_Type":"kegg_Pathway","enrichScore":5.149}},{"data":{"id":"H01709","display_name":"Glucocorticoid-induced osteonecrosis","Node_Type":"kegg_Disease","enrichScore":1000000}},{"data":{"id":"H00437","display_name":"Paget disease of bone","Node_Type":"kegg_Disease","enrichScore":1000000}},{"data":{"id":"H01593","display_name":"Osteoporosis","Node_Type":"kegg_Disease","enrichScore":1000000}},{"data":{"id":"H00665","display_name":"Mandibuloacral dysplasia","Node_Type":"kegg_Disease","enrichScore":458.375}},{"data":{"id":"H00663","display_name":"Restrictive dermopathy","Node_Type":"kegg_Disease","enrichScore":458.375}},{"data":{"id":"H00601","display_name":"Hutchinson-Gilford progeria syndrome","Node_Type":"kegg_Disease","enrichScore":229.188}},{"data":{"id":"H01302","display_name":"Hyperchlorhidrosis isolated (HCHLH)","Node_Type":"kegg_Disease","enrichScore":229.188}},{"data":{"id":"H00241","display_name":"Combined proximal and distal renal tubular acidosis","Node_Type":"kegg_Disease","enrichScore":229.188}},{"data":{"id":"H00420","display_name":"Familial partial lipodystrophy","Node_Type":"kegg_Disease","enrichScore":130.964}},{"data":{"id":"H00563","display_name":"Emery-Dreifuss muscular dystrophy","Node_Type":"kegg_Disease","enrichScore":45.838}}],"edges":[{"data":{"source":"O95749","target":"O95749","Edge_Type":"PPI","label":"interacts w\/"}},{"data":{"source":"P42166","target":"P02545","Edge_Type":"PPI","label":"interacts w\/"}},{"data":{"source":"Q03252","target":"P02545","Edge_Type":"PPI","label":"interacts w\/"}},{"data":{"source":"Q03252","target":"Q03252","Edge_Type":"PPI","label":"interacts w\/"}},{"data":{"source":"P18054","target":"P02545","Edge_Type":"PPI","label":"interacts w\/"}},{"data":{"source":"O75844","target":"P02545","Edge_Type":"PPI","label":"interacts w\/"}},{"data":{"source":"Q6ZMZ0","target":"P14324","Edge_Type":"PPI","label":"interacts w\/"}},{"data":{"source":"O00244","target":"O95749","Edge_Type":"PPI","label":"interacts w\/"}},{"data":{"source":"O95870","target":"P14324","Edge_Type":"PPI","label":"interacts w\/"}},{"data":{"source":"Q96FA3","target":"P02545","Edge_Type":"PPI","label":"interacts w\/"}},{"data":{"source":"P36956","target":"P02545","Edge_Type":"PPI","label":"interacts w\/"}},{"data":{"source":"Q9UII6","target":"P02545","Edge_Type":"PPI","label":"interacts w\/"}},{"data":{"source":"HP:0009002","target":"Orphanet:2348","Edge_Type":"hpodis","label":"is associated w\/"}},{"data":{"source":"HP:0009002","target":"Orphanet:2457","Edge_Type":"hpodis","label":"is associated w\/"}},{"data":{"source":"HP:0012478","target":"Orphanet:1662","Edge_Type":"hpodis","label":"is associated w\/"}},{"data":{"source":"HP:0012478","target":"Orphanet:1662","Edge_Type":"hpodis","label":"is associated w\/"}},{"data":{"source":"HP:0010189","target":"Orphanet:90153","Edge_Type":"hpodis","label":"is associated w\/"}},{"data":{"source":"HP:0010189","target":"Orphanet:90154","Edge_Type":"hpodis","label":"is associated w\/"}},{"data":{"source":"HP:0010189","target":"Orphanet:2457","Edge_Type":"hpodis","label":"is associated w\/"}},{"data":{"source":"HP:0010189","target":"Orphanet:2457","Edge_Type":"hpodis","label":"is associated w\/"}},{"data":{"source":"HP:0011414","target":"Orphanet:1662","Edge_Type":"hpodis","label":"is associated w\/"}},{"data":{"source":"HP:0005253","target":"Orphanet:1662","Edge_Type":"hpodis","label":"is associated w\/"}},{"data":{"source":"HP:0005253","target":"Orphanet:1662","Edge_Type":"hpodis","label":"is associated w\/"}},{"data":{"source":"HP:0011832","target":"Orphanet:740","Edge_Type":"hpodis","label":"is associated w\/"}},{"data":{"source":"HP:0001870","target":"Orphanet:90153","Edge_Type":"hpodis","label":"is associated w\/"}},{"data":{"source":"HP:0001870","target":"Orphanet:90154","Edge_Type":"hpodis","label":"is associated w\/"}},{"data":{"source":"HP:0001870","target":"Orphanet:2457","Edge_Type":"hpodis","label":"is associated w\/"}},{"data":{"source":"HP:0001870","target":"Orphanet:2457","Edge_Type":"hpodis","label":"is associated w\/"}},{"data":{"source":"HP:0008244","target":"Orphanet:1662","Edge_Type":"hpodis","label":"is associated w\/"}},{"data":{"source":"HP:0006224","target":"Orphanet:740","Edge_Type":"hpodis","label":"is associated w\/"}},{"data":{"source":"HP:0007543","target":"Orphanet:1662","Edge_Type":"hpodis","label":"is associated w\/"}},{"data":{"source":"HP:0007543","target":"Orphanet:1662","Edge_Type":"hpodis","label":"is associated w\/"}},{"data":{"source":"P02545","target":"Orphanet:2457","Edge_Type":"Disease","label":"is related to"}},{"data":{"source":"O75844","target":"Orphanet:2457","Edge_Type":"Disease","label":"is related to"}},{"data":{"source":"P02545","target":"Orphanet:1662","Edge_Type":"Disease","label":"is related to"}},{"data":{"source":"O75844","target":"Orphanet:1662","Edge_Type":"Disease","label":"is related to"}},{"data":{"source":"P02545","target":"Orphanet:98856","Edge_Type":"Disease","label":"is related to"}},{"data":{"source":"P02545","target":"Orphanet:98855","Edge_Type":"Disease","label":"is related to"}},{"data":{"source":"O75844","target":"Orphanet:90154","Edge_Type":"Disease","label":"is related to"}},{"data":{"source":"P02545","target":"Orphanet:90153","Edge_Type":"Disease","label":"is related to"}},{"data":{"source":"P02545","target":"Orphanet:740","Edge_Type":"Disease","label":"is related to"}},{"data":{"source":"P02545","target":"Orphanet:300751","Edge_Type":"Disease","label":"is related to"}},{"data":{"source":"P00918","target":"Orphanet:2785","Edge_Type":"Disease","label":"is related to"}},{"data":{"source":"P02545","target":"Orphanet:2348","Edge_Type":"Disease","label":"is related to"}},{"data":{"source":"P14324","target":"DB00399","Edge_Type":"Drug","label":"targets"}},{"data":{"source":"O95749","target":"DB00399","Edge_Type":"Drug","label":"targets"}},{"data":{"source":"O43570","target":"DB00399","Edge_Type":"Chembl","label":"targets","pchembl_value":6.5}},{"data":{"source":"P00918","target":"DB00399","Edge_Type":"Chembl","label":"targets","pchembl_value":7.21}},{"data":{"source":"P02545","target":"DB00399","Edge_Type":"Chembl","label":"targets","pchembl_value":6.2}},{"data":{"source":"Q9ULX7","target":"DB00399","Edge_Type":"Chembl","label":"targets","pchembl_value":7.04}},{"data":{"source":"P14324","target":"DB06548","Edge_Type":"Drug","label":"targets"}},{"data":{"source":"O95749","target":"DB06548","Edge_Type":"Drug","label":"targets"}},{"data":{"source":"P00918","target":"DB00819","Edge_Type":"Drug","label":"targets"}},{"data":{"source":"O43570","target":"DB00819","Edge_Type":"Drug","label":"targets"}},{"data":{"source":"Q9ULX7","target":"DB00819","Edge_Type":"Drug","label":"targets"}},{"data":{"source":"P00918","target":"DB03596","Edge_Type":"Drug","label":"targets"}},{"data":{"source":"P00918","target":"DB08083","Edge_Type":"Drug","label":"targets"}},{"data":{"source":"P00918","target":"DB04089","Edge_Type":"Drug","label":"targets"}},{"data":{"source":"P00918","target":"DB04081","Edge_Type":"Drug","label":"targets"}},{"data":{"source":"P00918","target":"DB04002","Edge_Type":"Drug","label":"targets"}},{"data":{"source":"P00918","target":"DB03950","Edge_Type":"Drug","label":"targets"}},{"data":{"source":"P00918","target":"DB08046","Edge_Type":"Drug","label":"targets"}},{"data":{"source":"P18054","target":"R-HSA-2142696","Edge_Type":"Pathway","label":"is involved in"}},{"data":{"source":"O43570","target":"R-HSA-1475029","Edge_Type":"Pathway","label":"is involved in"}},{"data":{"source":"P00918","target":"R-HSA-1475029","Edge_Type":"Pathway","label":"is involved in"}},{"data":{"source":"Q9ULX7","target":"R-HSA-1475029","Edge_Type":"Pathway","label":"is involved in"}},{"data":{"source":"P18054","target":"R-HSA-9026290","Edge_Type":"Pathway","label":"is involved in"}},{"data":{"source":"P18054","target":"R-HSA-9025106","Edge_Type":"Pathway","label":"is involved in"}},{"data":{"source":"P18054","target":"R-HSA-9018677","Edge_Type":"Pathway","label":"is involved in"}},{"data":{"source":"P02545","target":"R-HSA-352238","Edge_Type":"Pathway","label":"is involved in"}},{"data":{"source":"O00244","target":"R-HSA-6803544","Edge_Type":"Pathway","label":"is involved in"}},{"data":{"source":"O95749","target":"R-HSA-2426168","Edge_Type":"Pathway","label":"is involved in"}},{"data":{"source":"P14324","target":"R-HSA-2426168","Edge_Type":"Pathway","label":"is involved in"}},{"data":{"source":"P36956","target":"R-HSA-2426168","Edge_Type":"Pathway","label":"is involved in"}},{"data":{"source":"O95749","target":"R-HSA-191273","Edge_Type":"Pathway","label":"is involved in"}},{"data":{"source":"P14324","target":"R-HSA-191273","Edge_Type":"Pathway","label":"is involved in"}},{"data":{"source":"P18054","target":"R-HSA-2142700","Edge_Type":"Pathway","label":"is involved in"}},{"data":{"source":"P02545","target":"HP:0009002","Edge_Type":"HPO","label":"is associated w\/"}},{"data":{"source":"Q03252","target":"HP:0009002","Edge_Type":"HPO","label":"is associated w\/"}},{"data":{"source":"O75844","target":"HP:0009002","Edge_Type":"HPO","label":"is associated w\/"}},{"data":{"source":"P02545","target":"HP:0012478","Edge_Type":"HPO","label":"is associated w\/"}},{"data":{"source":"O75844","target":"HP:0012478","Edge_Type":"HPO","label":"is associated w\/"}},{"data":{"source":"P02545","target":"HP:0010189","Edge_Type":"HPO","label":"is associated w\/"}},{"data":{"source":"O75844","target":"HP:0010189","Edge_Type":"HPO","label":"is associated w\/"}},{"data":{"source":"P02545","target":"HP:0011414","Edge_Type":"HPO","label":"is associated w\/"}},{"data":{"source":"O75844","target":"HP:0011414","Edge_Type":"HPO","label":"is associated w\/"}},{"data":{"source":"P02545","target":"HP:0005253","Edge_Type":"HPO","label":"is associated w\/"}},{"data":{"source":"O75844","target":"HP:0005253","Edge_Type":"HPO","label":"is associated w\/"}},{"data":{"source":"P02545","target":"HP:0011832","Edge_Type":"HPO","label":"is associated w\/"}},{"data":{"source":"O75844","target":"HP:0011832","Edge_Type":"HPO","label":"is associated w\/"}},{"data":{"source":"P02545","target":"HP:0001870","Edge_Type":"HPO","label":"is associated w\/"}},{"data":{"source":"O75844","target":"HP:0001870","Edge_Type":"HPO","label":"is associated w\/"}},{"data":{"source":"P02545","target":"HP:0008244","Edge_Type":"HPO","label":"is associated w\/"}},{"data":{"source":"O75844","target":"HP:0008244","Edge_Type":"HPO","label":"is associated w\/"}},{"data":{"source":"P02545","target":"HP:0006224","Edge_Type":"HPO","label":"is associated w\/"}},{"data":{"source":"O75844","target":"HP:0006224","Edge_Type":"HPO","label":"is associated w\/"}},{"data":{"source":"P02545","target":"HP:0007543","Edge_Type":"HPO","label":"is associated w\/"}},{"data":{"source":"O75844","target":"HP:0007543","Edge_Type":"HPO","label":"is associated w\/"}},{"data":{"source":"P00918","target":"CHEMBL3344072","Edge_Type":"Prediction","label":"targets"}},{"data":{"source":"Q9ULX7","target":"CHEMBL3344072","Edge_Type":"Prediction","label":"targets"}},{"data":{"source":"P18054","target":"CHEMBL3344072","Edge_Type":"Prediction","label":"targets"}},{"data":{"source":"P00918","target":"CHEMBL354092","Edge_Type":"Prediction","label":"targets"}},{"data":{"source":"Q9ULX7","target":"CHEMBL354092","Edge_Type":"Prediction","label":"targets"}},{"data":{"source":"P00918","target":"CHEMBL552375","Edge_Type":"Prediction","label":"targets"}},{"data":{"source":"P18054","target":"CHEMBL552375","Edge_Type":"Prediction","label":"targets"}},{"data":{"source":"P00918","target":"CHEMBL376716","Edge_Type":"Prediction","label":"targets"}},{"data":{"source":"Q9ULX7","target":"CHEMBL376716","Edge_Type":"Prediction","label":"targets"}},{"data":{"source":"P00918","target":"CHEMBL364767","Edge_Type":"Prediction","label":"targets"}},{"data":{"source":"Q9ULX7","target":"CHEMBL364767","Edge_Type":"Prediction","label":"targets"}},{"data":{"source":"Q9ULX7","target":"CHEMBL357712","Edge_Type":"Prediction","label":"targets"}},{"data":{"source":"P18054","target":"CHEMBL357712","Edge_Type":"Prediction","label":"targets"}},{"data":{"source":"Q9ULX7","target":"CHEMBL370256","Edge_Type":"Prediction","label":"targets"}},{"data":{"source":"P18054","target":"CHEMBL370256","Edge_Type":"Prediction","label":"targets"}},{"data":{"source":"P00918","target":"CHEMBL1822588","Edge_Type":"Prediction","label":"targets"}},{"data":{"source":"P18054","target":"CHEMBL1822588","Edge_Type":"Prediction","label":"targets"}},{"data":{"source":"P00918","target":"CHEMBL376993","Edge_Type":"Prediction","label":"targets"}},{"data":{"source":"Q9ULX7","target":"CHEMBL376993","Edge_Type":"Prediction","label":"targets"}},{"data":{"source":"P00918","target":"CHEMBL339304","Edge_Type":"Prediction","label":"targets"}},{"data":{"source":"Q9ULX7","target":"CHEMBL339304","Edge_Type":"Prediction","label":"targets"}},{"data":{"source":"P18054","target":"CHEMBL339304","Edge_Type":"Prediction","label":"targets"}},{"data":{"source":"H01709","target":"DB00399","Edge_Type":"kegg_dis_drug","label":"indicates"}},{"data":{"source":"H00437","target":"DB00399","Edge_Type":"kegg_dis_drug","label":"indicates"}},{"data":{"source":"H01593","target":"hsa04978","Edge_Type":"kegg_dis_path","label":"modulates"}},{"data":{"source":"H01593","target":"DB00399","Edge_Type":"kegg_dis_drug","label":"indicates"}},{"data":{"source":"H00663","target":"hsa00900","Edge_Type":"kegg_dis_path","label":"modulates"}},{"data":{"source":"H00241","target":"hsa04964","Edge_Type":"kegg_dis_path","label":"modulates"}},{"data":{"source":"H00241","target":"hsa04966","Edge_Type":"kegg_dis_path","label":"modulates"}},{"data":{"source":"O43570","target":"hsa00910","Edge_Type":"kegg_path_prot","label":"is involved in"}},{"data":{"source":"P00918","target":"hsa00910","Edge_Type":"kegg_path_prot","label":"is involved in"}},{"data":{"source":"Q9ULX7","target":"hsa00910","Edge_Type":"kegg_path_prot","label":"is involved in"}},{"data":{"source":"O95749","target":"hsa00900","Edge_Type":"kegg_path_prot","label":"is involved in"}},{"data":{"source":"P14324","target":"hsa00900","Edge_Type":"kegg_path_prot","label":"is involved in"}},{"data":{"source":"O75844","target":"hsa00900","Edge_Type":"kegg_path_prot","label":"is involved in"}},{"data":{"source":"P00918","target":"hsa04964","Edge_Type":"kegg_path_prot","label":"is involved in"}},{"data":{"source":"P00918","target":"hsa04966","Edge_Type":"kegg_path_prot","label":"is involved in"}},{"data":{"source":"P02545","target":"hsa04210","Edge_Type":"kegg_path_prot","label":"is involved in"}},{"data":{"source":"Q03252","target":"hsa04210","Edge_Type":"kegg_path_prot","label":"is involved in"}},{"data":{"source":"O43570","target":"hsa01100","Edge_Type":"kegg_path_prot","label":"is involved in"}},{"data":{"source":"O95749","target":"hsa01100","Edge_Type":"kegg_path_prot","label":"is involved in"}},{"data":{"source":"P00918","target":"hsa01100","Edge_Type":"kegg_path_prot","label":"is involved in"}},{"data":{"source":"P14324","target":"hsa01100","Edge_Type":"kegg_path_prot","label":"is involved in"}},{"data":{"source":"Q9ULX7","target":"hsa01100","Edge_Type":"kegg_path_prot","label":"is involved in"}},{"data":{"source":"P18054","target":"hsa01100","Edge_Type":"kegg_path_prot","label":"is involved in"}},{"data":{"source":"O00244","target":"hsa04978","Edge_Type":"kegg_path_prot","label":"is involved in"}},{"data":{"source":"P18054","target":"hsa00590","Edge_Type":"kegg_path_prot","label":"is involved in"}},{"data":{"source":"P00918","target":"hsa04976","Edge_Type":"kegg_path_prot","label":"is involved in"}},{"data":{"source":"P00918","target":"hsa04971","Edge_Type":"kegg_path_prot","label":"is involved in"}},{"data":{"source":"P02545","target":"H00665","Edge_Type":"kegg_dis_prot","label":"is related to"}},{"data":{"source":"O75844","target":"H00665","Edge_Type":"kegg_dis_prot","label":"is related to"}},{"data":{"source":"P02545","target":"H00663","Edge_Type":"kegg_dis_prot","label":"is related to"}},{"data":{"source":"O75844","target":"H00663","Edge_Type":"kegg_dis_prot","label":"is related to"}},{"data":{"source":"P02545","target":"H00601","Edge_Type":"kegg_dis_prot","label":"is related to"}},{"data":{"source":"O43570","target":"H01302","Edge_Type":"kegg_dis_prot","label":"is related to"}},{"data":{"source":"P00918","target":"H00241","Edge_Type":"kegg_dis_prot","label":"is related to"}},{"data":{"source":"P02545","target":"H00420","Edge_Type":"kegg_dis_prot","label":"is related to"}},{"data":{"source":"Q03252","target":"H00420","Edge_Type":"kegg_dis_prot","label":"is related to"}},{"data":{"source":"P02545","target":"H00563","Edge_Type":"kegg_dis_prot","label":"is related to"}}]}