{"options":{"search_start":1613060764,"tax_ids":[9606],"num_of_fn_nodes":10,"num_of_pathways":10,"num_of_phenotypes":10,"num_of_drugs":10,"num_of_diseases":10,"num_of_compounds":10,"chembl_compounds":0,"predictions":1,"reviewed_filter":1,"fn":1,"chembl":1,"search_finish":1613060769,"search_runtime":5},"search":[{"Drug":[{"DB02281":"Formycin"}]}],"nodes":[{"data":{"id":"Q13126","display_name":"MTAP","Node_Type":"Protein"}},{"data":{"id":"Q9H3R5","display_name":"CENPH","Node_Type":"Protein_N"}},{"data":{"id":"Q9P0I2","display_name":"EMC3","Node_Type":"Protein_N"}},{"data":{"id":"Orphanet:85182","display_name":"Diaphyseal medullary stenosis - bone malignancy","Node_Type":"Disease","enrichScore":1200.333}},{"data":{"id":"DB02281","display_name":"Formycin","Node_Type":"Drug","enrichScore":9999999}},{"data":{"id":"DB02158","display_name":"(2S,3S,4R,5S)-2-(4-Amino-4,5-dihydro-1H-pyrrolo[3,2-d]pyrimidin-7-yl)-5-[(methylsulfanyl)methyl]-3,4-pyrrolidinediol","Node_Type":"Drug","enrichScore":794.833}},{"data":{"id":"DB02282","display_name":"5'-S-methyl-5'-thioadenosine","Node_Type":"Drug","enrichScore":794.833}},{"data":{"id":"DB02933","display_name":"5'-Deoxy-5'-(Methylthio)-Tubercidin","Node_Type":"Drug","enrichScore":794.833}},{"data":{"id":"DB00173","display_name":"Adenine","Node_Type":"Drug","enrichScore":158.967}},{"data":{"id":"R-HSA-1237112","display_name":"Methionine salvage pathway","Node_Type":"Pathway","enrichScore":3570.833}},{"data":{"id":"R-HSA-8950505","display_name":"Gene and protein expression by JAK-STAT signaling after Interleukin-12 stimulation","Node_Type":"Pathway","enrichScore":579.054}},{"data":{"id":"R-HSA-606279","display_name":"Deposition of new CENPA-containing nucleosomes at the centromere","Node_Type":"Pathway","enrichScore":396.759}},{"data":{"id":"R-HSA-141444","display_name":"Amplification of signal from unattached kinetochores via a MAD2 inhibitory signal","Node_Type":"Pathway","enrichScore":227.926}},{"data":{"id":"R-HSA-68877","display_name":"Mitotic Prometaphase","Node_Type":"Pathway","enrichScore":189.602}},{"data":{"id":"R-HSA-2500257","display_name":"Resolution of Sister Chromatid Cohesion","Node_Type":"Pathway","enrichScore":170.04}},{"data":{"id":"R-HSA-5663220","display_name":"RHO GTPases Activate Formins","Node_Type":"Pathway","enrichScore":153.036}},{"data":{"id":"R-HSA-2467813","display_name":"Separation of Sister Chromatids","Node_Type":"Pathway","enrichScore":112.763}},{"data":{"id":"R-HSA-9648025","display_name":"EML4 and NUDC in mitotic spindle formation","Node_Type":"Pathway","enrichScore":0}},{"data":{"id":"HP:0005010","display_name":"Osteomyelitis leading to amputation due to slow healing fractures","Node_Type":"HPO","enrichScore":705.167}},{"data":{"id":"HP:0005045","display_name":"Diaphyseal cortical sclerosis","Node_Type":"HPO","enrichScore":705.167}},{"data":{"id":"HP:0100253","display_name":"Abnormality of the medullary cavity of the long bones","Node_Type":"HPO","enrichScore":470.111}},{"data":{"id":"HP:0007819","display_name":"Presenile cataracts","Node_Type":"HPO","enrichScore":470.111}},{"data":{"id":"HP:0100254","display_name":"Stenosis of the medullary cavity of the long bones","Node_Type":"HPO","enrichScore":470.111}},{"data":{"id":"HP:0012315","display_name":"Histiocytoma","Node_Type":"HPO","enrichScore":470.111}},{"data":{"id":"HP:0005686","display_name":"Patchy osteosclerosis","Node_Type":"HPO","enrichScore":352.583}},{"data":{"id":"HP:0031367","display_name":"Metaphyseal striations","Node_Type":"HPO","enrichScore":352.583}},{"data":{"id":"HP:0010658","display_name":"Patchy changes of bone mineral density","Node_Type":"HPO","enrichScore":282.067}},{"data":{"id":"HP:0003084","display_name":"Fractures of the long bones","Node_Type":"HPO","enrichScore":235.056}},{"data":{"id":"hsa00270","display_name":"Cysteine and methionine metabolism","Node_Type":"kegg_Pathway","enrichScore":44.693}},{"data":{"id":"hsa01100","display_name":"Metabolic pathways","Node_Type":"kegg_Pathway","enrichScore":1.541}}],"edges":[{"data":{"source":"Q9H3R5","target":"Q13126","Edge_Type":"PPI","label":"interacts w\/"}},{"data":{"source":"Q9P0I2","target":"Q13126","Edge_Type":"PPI","label":"interacts w\/"}},{"data":{"source":"HP:0005010","target":"Orphanet:85182","Edge_Type":"hpodis","label":"is associated w\/"}},{"data":{"source":"HP:0005045","target":"Orphanet:85182","Edge_Type":"hpodis","label":"is associated w\/"}},{"data":{"source":"HP:0100253","target":"Orphanet:85182","Edge_Type":"hpodis","label":"is associated w\/"}},{"data":{"source":"HP:0007819","target":"Orphanet:85182","Edge_Type":"hpodis","label":"is associated w\/"}},{"data":{"source":"HP:0100254","target":"Orphanet:85182","Edge_Type":"hpodis","label":"is associated w\/"}},{"data":{"source":"HP:0012315","target":"Orphanet:85182","Edge_Type":"hpodis","label":"is associated w\/"}},{"data":{"source":"HP:0005686","target":"Orphanet:85182","Edge_Type":"hpodis","label":"is associated w\/"}},{"data":{"source":"HP:0031367","target":"Orphanet:85182","Edge_Type":"hpodis","label":"is associated w\/"}},{"data":{"source":"HP:0010658","target":"Orphanet:85182","Edge_Type":"hpodis","label":"is associated w\/"}},{"data":{"source":"HP:0003084","target":"Orphanet:85182","Edge_Type":"hpodis","label":"is associated w\/"}},{"data":{"source":"Q13126","target":"Orphanet:85182","Edge_Type":"Disease","label":"is related to"}},{"data":{"source":"Q13126","target":"DB02281","Edge_Type":"Drug","label":"targets"}},{"data":{"source":"Q13126","target":"DB02158","Edge_Type":"Drug","label":"targets"}},{"data":{"source":"Q13126","target":"DB02282","Edge_Type":"Drug","label":"targets"}},{"data":{"source":"Q13126","target":"DB02933","Edge_Type":"Drug","label":"targets"}},{"data":{"source":"Q13126","target":"DB00173","Edge_Type":"Drug","label":"targets"}},{"data":{"source":"Q13126","target":"R-HSA-1237112","Edge_Type":"Pathway","label":"is involved in"}},{"data":{"source":"Q13126","target":"R-HSA-8950505","Edge_Type":"Pathway","label":"is involved in"}},{"data":{"source":"Q9H3R5","target":"R-HSA-606279","Edge_Type":"Pathway","label":"is involved in"}},{"data":{"source":"Q9H3R5","target":"R-HSA-141444","Edge_Type":"Pathway","label":"is involved in"}},{"data":{"source":"Q9H3R5","target":"R-HSA-68877","Edge_Type":"Pathway","label":"is involved in"}},{"data":{"source":"Q9H3R5","target":"R-HSA-2500257","Edge_Type":"Pathway","label":"is involved in"}},{"data":{"source":"Q9H3R5","target":"R-HSA-5663220","Edge_Type":"Pathway","label":"is involved in"}},{"data":{"source":"Q9H3R5","target":"R-HSA-2467813","Edge_Type":"Pathway","label":"is involved in"}},{"data":{"source":"Q9H3R5","target":"R-HSA-9648025","Edge_Type":"Pathway","label":"is involved in"}},{"data":{"source":"Q13126","target":"HP:0005010","Edge_Type":"HPO","label":"is associated w\/"}},{"data":{"source":"Q13126","target":"HP:0005045","Edge_Type":"HPO","label":"is associated w\/"}},{"data":{"source":"Q13126","target":"HP:0100253","Edge_Type":"HPO","label":"is associated w\/"}},{"data":{"source":"Q13126","target":"HP:0007819","Edge_Type":"HPO","label":"is associated w\/"}},{"data":{"source":"Q13126","target":"HP:0100254","Edge_Type":"HPO","label":"is associated w\/"}},{"data":{"source":"Q13126","target":"HP:0012315","Edge_Type":"HPO","label":"is associated w\/"}},{"data":{"source":"Q13126","target":"HP:0005686","Edge_Type":"HPO","label":"is associated w\/"}},{"data":{"source":"Q13126","target":"HP:0031367","Edge_Type":"HPO","label":"is associated w\/"}},{"data":{"source":"Q13126","target":"HP:0010658","Edge_Type":"HPO","label":"is associated w\/"}},{"data":{"source":"Q13126","target":"HP:0003084","Edge_Type":"HPO","label":"is associated w\/"}},{"data":{"source":"Q13126","target":"hsa00270","Edge_Type":"kegg_path_prot","label":"is involved in"}},{"data":{"source":"Q13126","target":"hsa01100","Edge_Type":"kegg_path_prot","label":"is involved in"}}]}