Core Proteins,Interacting Proteins,Pathways,HPO terms,Diseases,Targeting Drugs,Experimental Bioactive Compounds (pChEMBL),Predicted interacting Compounds
PIK3CD (O00329),PIK3R1 (P27986),R-HSA-9027276 Erythropoietin activates Phosphoinositide-3-kinase (PI3K)[scr:6376]; R-HSA-912631 Regulation of signaling by CBL[scr:2226]; R-HSA-512988 Interleukin-3- Interleukin-5 and GM-CSF signaling[scr:2040]; hsa04960 Aldosterone-regulated sodium reabsorption[scr:141]; hsa04150 mTOR signaling pathway[scr:134]; hsa04213 Longevity regulating pathway[scr:127]; hsa04914 Progesterone-mediated oocyte maturation[scr:123]; hsa04973 Carbohydrate digestion and absorption[scr:111]; hsa04012 ErbB signaling pathway[scr:96]; hsa04611 Platelet activation[scr:94]; hsa04923 Regulation of lipolysis in adipocytes[scr:93]; hsa04211 Longevity regulating pathway[scr:91]; hsa04068 FoxO signaling pathway[scr:90],HP:0030386 Abnormal proportion of class-switched memory B cells[scr:201]; HP:0030388 Decreased proportion of class-switched memory B cells[scr:201]; HP:0030379 Abnormal proportion of transitional B cells[scr:201]; HP:0012476 Decreased specific pneumococcal antibody level[scr:201]; HP:0030381 Increased proportion of transitional B cells[scr:201]; HP:0025539 Abnormal B cell subset distribution[scr:101]; HP:0030373 Abnormal proportion of memory B cells[scr:101],Orphanet:397596 Activated PIK3-delta syndrome (EFO)[scr:343]; H01387 Activated PI3K-delta syndrome (KEGG)[scr:175],DB08059 Wortmannin[scr:9999999]; DB05241 XL765[scr:1135]; DB11952 Duvelisib[scr:454]; DB05552 TG100-115[scr:454]; DB06831 2-((9H-PURIN-6-YLTHIO)METHYL)-5-CHLORO-3-(2-METHOXYPHENYL)QUINAZOLIN-4(3H)-ONE[scr:454]; DB12483 Copanlisib[scr:454],,CHEMBL95807 [scr:16.57]
HSP90AA1 (P07900),HSP90AA1 (P07900); RPS3A (P61247),R-HSA-5637810 Constitutive Signaling by EGFRvIII[scr:1836]; hsa04914 Progesterone-mediated oocyte maturation[scr:123],,,DB08059 Wortmannin[scr:9999999]; DB06961 5-(5-chloro-2-4-dihydroxyphenyl)-N-ethyl-4-[4-(morpholin-4-ylmethyl)phenyl]isoxazole-3-carboxamide[scr:227]; DB07495 5-(5-CHLORO-2-4-DIHYDROXYPHENYL)-N-ETHYL-4-(4-METHOXYPHENYL)-1H-PYRAZOLE-3-CARBOXAMIDE[scr:227],,
PIK3R1 (P27986),PIK3CA (P42336); PIK3CB (P42338); PIK3CD (O00329); TXK (P42681); TLR3 (O15455); CMIP (Q8IY22),R-HSA-9027276 Erythropoietin activates Phosphoinositide-3-kinase (PI3K)[scr:6376]; R-HSA-112399 IRS-mediated signalling[scr:4591]; R-HSA-389357 CD28 dependent PI3K/Akt signaling[scr:3478]; R-HSA-198203 PI3K/AKT activation[scr:3061]; R-HSA-912631 Regulation of signaling by CBL[scr:2226]; R-HSA-8851907 MET activates PI3K/AKT signaling[scr:2040]; R-HSA-9603381 Activated NTRK3 signals through PI3K[scr:2040]; R-HSA-512988 Interleukin-3- Interleukin-5 and GM-CSF signaling[scr:2040]; R-HSA-5637810 Constitutive Signaling by EGFRvIII[scr:1836]; hsa04960 Aldosterone-regulated sodium reabsorption[scr:141]; hsa04150 mTOR signaling pathway[scr:134]; hsa04213 Longevity regulating pathway[scr:127]; hsa04914 Progesterone-mediated oocyte maturation[scr:123]; hsa04973 Carbohydrate digestion and absorption[scr:111]; hsa04012 ErbB signaling pathway[scr:96]; hsa04611 Platelet activation[scr:94]; hsa04923 Regulation of lipolysis in adipocytes[scr:93]; hsa04211 Longevity regulating pathway[scr:91]; hsa04068 FoxO signaling pathway[scr:90],,Orphanet:397596 Activated PIK3-delta syndrome (EFO)[scr:343]; Orphanet:3163 SHORT syndrome (EFO)[scr:171]; H01370 SHORT syndrome (KEGG)[scr:175],DB08059 Wortmannin[scr:9999999]; DB05210 SF1126[scr:409],,
PIK3CA (P42336),PIK3R1 (P27986),R-HSA-9027276 Erythropoietin activates Phosphoinositide-3-kinase (PI3K)[scr:6376]; R-HSA-112399 IRS-mediated signalling[scr:4591]; R-HSA-389357 CD28 dependent PI3K/Akt signaling[scr:3478]; R-HSA-198203 PI3K/AKT activation[scr:3061]; R-HSA-912631 Regulation of signaling by CBL[scr:2226]; R-HSA-8851907 MET activates PI3K/AKT signaling[scr:2040]; R-HSA-9603381 Activated NTRK3 signals through PI3K[scr:2040]; R-HSA-512988 Interleukin-3- Interleukin-5 and GM-CSF signaling[scr:2040]; R-HSA-5637810 Constitutive Signaling by EGFRvIII[scr:1836]; hsa04960 Aldosterone-regulated sodium reabsorption[scr:141]; hsa04150 mTOR signaling pathway[scr:134]; hsa04213 Longevity regulating pathway[scr:127]; hsa04914 Progesterone-mediated oocyte maturation[scr:123]; hsa04973 Carbohydrate digestion and absorption[scr:111]; hsa04012 ErbB signaling pathway[scr:96]; hsa04611 Platelet activation[scr:94]; hsa04923 Regulation of lipolysis in adipocytes[scr:93]; hsa04211 Longevity regulating pathway[scr:91]; hsa04068 FoxO signaling pathway[scr:90],HP:0012887 Ovarian serous cystadenoma[scr:101]; HP:0040009 Hyperparakeratosis[scr:101]; HP:0010714 2-4 toe syndactyly[scr:101],Orphanet:60040 Megalencephaly-capillary malformation-polymicrogyria syndrome (EFO)[scr:171]; Orphanet:140944 CLOVE syndrome (EFO)[scr:171]; EFO:0005584 seborrheic keratosis (EFO)[scr:86]; H01912 Congenital lipomatous overgrowth- vascular malformations- and epidermal nevi (KEGG)[scr:175]; H02153 Megalencephaly-capillary malformation syndrome (KEGG)[scr:175]; H02297 CLAPO syndrome (KEGG)[scr:175]; H01985 Desmoplastic small round cell tumor (KEGG)[scr:58]; H01222 Cowden syndrome (KEGG)[scr:25],DB08059 Wortmannin[scr:9999999]; DB05241 XL765[scr:1135]; DB12483 Copanlisib[scr:454],,
PIK3CB (P42338),PIK3R1 (P27986),R-HSA-9027276 Erythropoietin activates Phosphoinositide-3-kinase (PI3K)[scr:6376]; R-HSA-112399 IRS-mediated signalling[scr:4591]; R-HSA-198203 PI3K/AKT activation[scr:3061]; R-HSA-912631 Regulation of signaling by CBL[scr:2226]; R-HSA-512988 Interleukin-3- Interleukin-5 and GM-CSF signaling[scr:2040]; hsa04960 Aldosterone-regulated sodium reabsorption[scr:141]; hsa04150 mTOR signaling pathway[scr:134]; hsa04213 Longevity regulating pathway[scr:127]; hsa04914 Progesterone-mediated oocyte maturation[scr:123]; hsa04973 Carbohydrate digestion and absorption[scr:111]; hsa04012 ErbB signaling pathway[scr:96]; hsa04611 Platelet activation[scr:94]; hsa04923 Regulation of lipolysis in adipocytes[scr:93]; hsa04211 Longevity regulating pathway[scr:91]; hsa04068 FoxO signaling pathway[scr:90],,,DB08059 Wortmannin[scr:9999999]; DB05241 XL765[scr:1135],,
MTOR (P42345),MTOR (P42345); GTF3C2 (Q8WUA4); MLST8 (Q9BVC4); MLST8 (Q9BVC4),R-HSA-389357 CD28 dependent PI3K/Akt signaling[scr:3478]; hsa04150 mTOR signaling pathway[scr:134]; hsa04213 Longevity regulating pathway[scr:127]; hsa04012 ErbB signaling pathway[scr:96]; hsa04211 Longevity regulating pathway[scr:91],,EFO:0009050 Macrocephaly-intellectual disability-neurodevelopmental disorder-small thorax syndrome (EFO)[scr:171]; Orphanet:65683 Isolated focal cortical dysplasia (EFO)[scr:57]; Orphanet:269008 Isolated focal cortical dysplasia type IIb (EFO)[scr:57]; Orphanet:269001 Isolated focal cortical dysplasia type IIa (EFO)[scr:57]; H01928 Smith-Kingsmore syndrome (KEGG)[scr:175],DB08059 Wortmannin[scr:9999999]; DB05241 XL765[scr:1135]; DB05210 SF1126[scr:409],,CHEMBL95807 [scr:16.57]
PIK3CG (P48736),PIK3CG (P48736),R-HSA-9027276 Erythropoietin activates Phosphoinositide-3-kinase (PI3K)[scr:6376]; hsa04611 Platelet activation[scr:94],,,DB08059 Wortmannin[scr:9999999]; DB05241 XL765[scr:1135]; DB11952 Duvelisib[scr:454]; DB05552 TG100-115[scr:454]; DB06831 2-((9H-PURIN-6-YLTHIO)METHYL)-5-CHLORO-3-(2-METHOXYPHENYL)QUINAZOLIN-4(3H)-ONE[scr:454],,
PLK1 (P53350),PLK1 (P53350); GTSE1 (Q9NYZ3); BORA (Q6PGQ7); EIF4B (P23588),hsa04914 Progesterone-mediated oocyte maturation[scr:123]; hsa04068 FoxO signaling pathway[scr:90],,,DB08059 Wortmannin[scr:9999999]; DB06963 3-[3-(3-methyl-6-{[(1S)-1-phenylethyl]amino}-1H-pyrazolo[4-3-c]pyridin-1-yl)phenyl]propanamide[scr:227],,CHEMBL95807 [scr:16.57]
PRKDC (P78527),MAPKAP1 (Q9BPZ7),,,Orphanet:317425 Severe combined immunodeficiency due to DNA-PKcs deficiency (EFO)[scr:171]; H00092 T-B-Severe combined immunodeficiency (KEGG)[scr:29],DB08059 Wortmannin[scr:9999999]; DB05210 SF1126[scr:409],,CHEMBL552408 [scr:24.86]; CHEMBL542704 [scr:24.86]; CHEMBL1822138 [scr:24.86]; CHEMBL95807 [scr:16.57]; CHEMBL374703 [scr:12.43]; CHEMBL385526 [scr:12.43]; CHEMBL373648 [scr:12.43]; CHEMBL556147 [scr:12.43]; CHEMBL552195 [scr:12.43]; CHEMBL543745 [scr:12.43]
MYLK (Q15746),,hsa04611 Platelet activation[scr:94],,H00801 Familial thoracic aortic aneurysm and dissection (KEGG)[scr:19],DB08059 Wortmannin[scr:9999999],,
PLK3 (Q9H4B4),,hsa04068 FoxO signaling pathway[scr:90],,,DB08059 Wortmannin[scr:9999999],,
GTSE1 (Q9NYZ3),PLK1 (P53350),,,,,,
RPS3A (P61247),HSP90AA1 (P07900),,,,,,
BORA (Q6PGQ7),PLK1 (P53350),,,,,,
MAPKAP1 (Q9BPZ7),PRKDC (P78527),R-HSA-389357 CD28 dependent PI3K/Akt signaling[scr:3478]; hsa04150 mTOR signaling pathway[scr:134],,,,,
TXK (P42681),PIK3R1 (P27986),,,,,,
TLR3 (O15455),PIK3R1 (P27986); TLR3 (O15455),R-HSA-5602410 TLR3 deficiency - HSE[scr:3061],,,,,
GTF3C2 (Q8WUA4),MTOR (P42345),,,,,,
MLST8 (Q9BVC4),MTOR (P42345),R-HSA-389357 CD28 dependent PI3K/Akt signaling[scr:3478]; hsa04150 mTOR signaling pathway[scr:134],,,,,
EIF4B (P23588),PLK1 (P53350),hsa04150 mTOR signaling pathway[scr:134],,,,,
CMIP (Q8IY22),PIK3R1 (P27986),,,,,,
