{"options":{"search_start":1613057287,"tax_ids":[9606],"num_of_fn_nodes":10,"num_of_pathways":10,"num_of_phenotypes":10,"num_of_drugs":10,"num_of_diseases":10,"num_of_compounds":10,"chembl_compounds":0,"predictions":1,"reviewed_filter":1,"fn":1,"chembl":1,"search_finish":1613057295,"search_runtime":8},"search":[{"Drug":[{"DB05676":"Apremilast"}]}],"nodes":[{"data":{"id":"Q08493","display_name":"PDE4C","Node_Type":"Protein"}},{"data":{"id":"P26367","display_name":"PAX6","Node_Type":"Protein_N"}},{"data":{"id":"Q96D03","display_name":"DDIT4L","Node_Type":"Protein_N"}},{"data":{"id":"P30626","display_name":"SRI","Node_Type":"Protein_N"}},{"data":{"id":"P26718","display_name":"KLRK1","Node_Type":"Protein_N"}},{"data":{"id":"Q9UJX0","display_name":"OSGIN1","Node_Type":"Protein_N"}},{"data":{"id":"P50221","display_name":"MEOX1","Node_Type":"Protein_N"}},{"data":{"id":"O15499","display_name":"GSC2","Node_Type":"Protein_N"}},{"data":{"id":"P59817","display_name":"ZNF280A","Node_Type":"Protein_N"}},{"data":{"id":"EFO:0004132","display_name":"obsolete_aniridia","Node_Type":"Disease","enrichScore":400.111}},{"data":{"id":"MONDO:0007350","display_name":"coloboma, ocular, autosomal dominant","Node_Type":"Disease","enrichScore":400.111}},{"data":{"id":"MONDO:0007354","display_name":"coloboma of optic nerve (disease)","Node_Type":"Disease","enrichScore":400.111}},{"data":{"id":"Orphanet:137902","display_name":"Isolated optic nerve hypoplasia","Node_Type":"Disease","enrichScore":400.111}},{"data":{"id":"Orphanet:2253","display_name":"Foveal hypoplasia - presenile cataract","Node_Type":"Disease","enrichScore":400.111}},{"data":{"id":"Orphanet:2334","display_name":"Autosomal dominant keratitis","Node_Type":"Disease","enrichScore":400.111}},{"data":{"id":"Orphanet:35737","display_name":"Morning glory syndrome","Node_Type":"Disease","enrichScore":400.111}},{"data":{"id":"Orphanet:98942","display_name":"Coloboma of choroid and retina","Node_Type":"Disease","enrichScore":400.111}},{"data":{"id":"Orphanet:98944","display_name":"Coloboma of iris","Node_Type":"Disease","enrichScore":400.111}},{"data":{"id":"Orphanet:194","display_name":"Ocular coloboma","Node_Type":"Disease","enrichScore":200.056}},{"data":{"id":"DB05676","display_name":"Apremilast","Node_Type":"Drug","enrichScore":9999999}},{"data":{"id":"DB01656","display_name":"Roflumilast","Node_Type":"Drug","enrichScore":132.472}},{"data":{"id":"DB01791","display_name":"Piclamilast","Node_Type":"Drug","enrichScore":132.472}},{"data":{"id":"DB05219","display_name":"Crisaborole","Node_Type":"Drug","enrichScore":132.472}},{"data":{"id":"DB05266","display_name":"Ibudilast","Node_Type":"Drug","enrichScore":105.978}},{"data":{"id":"DB06246","display_name":"Exisulind","Node_Type":"Drug","enrichScore":75.698}},{"data":{"id":"DB00651","display_name":"Dyphylline","Node_Type":"Drug","enrichScore":66.236}},{"data":{"id":"DB01088","display_name":"Iloprost","Node_Type":"Drug","enrichScore":66.236}},{"data":{"id":"DB09283","display_name":"Trapidil","Node_Type":"Drug","enrichScore":25.233}},{"data":{"id":"DB00201","display_name":"Caffeine","Node_Type":"Drug","enrichScore":16.559}},{"data":{"id":"R-HSA-425561","display_name":"Sodium\/Calcium exchangers","Node_Type":"Pathway","enrichScore":649.242}},{"data":{"id":"R-HSA-418359","display_name":"Reduction of cytosolic Ca++ levels","Node_Type":"Pathway","enrichScore":595.139}},{"data":{"id":"R-HSA-400511","display_name":"Synthesis, secretion, and inactivation of Glucose-dependent Insulinotropic Polypeptide (GIP)","Node_Type":"Pathway","enrichScore":549.359}},{"data":{"id":"R-HSA-210745","display_name":"Regulation of gene expression in beta cells","Node_Type":"Pathway","enrichScore":396.759}},{"data":{"id":"R-HSA-381771","display_name":"Synthesis, secretion, and inactivation of Glucagon-like Peptide-1 (GLP-1)","Node_Type":"Pathway","enrichScore":357.083}},{"data":{"id":"R-HSA-2172127","display_name":"DAP12 interactions","Node_Type":"Pathway","enrichScore":340.079}},{"data":{"id":"R-HSA-180024","display_name":"DARPP-32 events","Node_Type":"Pathway","enrichScore":297.569}},{"data":{"id":"R-HSA-2424491","display_name":"DAP12 signaling","Node_Type":"Pathway","enrichScore":246.264}},{"data":{"id":"R-HSA-5578775","display_name":"Ion homeostasis","Node_Type":"Pathway","enrichScore":132.253}},{"data":{"id":"R-HSA-936837","display_name":"Ion transport by P-type ATPases","Node_Type":"Pathway","enrichScore":129.848}},{"data":{"id":"HP:0012521","display_name":"Optic nerve aplasia","Node_Type":"HPO","enrichScore":470.111}},{"data":{"id":"HP:0011480","display_name":"Unilateral microphthalmos","Node_Type":"HPO","enrichScore":470.111}},{"data":{"id":"HP:0031883","display_name":"Increased proinsulin:insulin ratio","Node_Type":"HPO","enrichScore":235.056}},{"data":{"id":"HP:0007710","display_name":"Peripheral vitreous opacities","Node_Type":"HPO","enrichScore":235.056}},{"data":{"id":"HP:0030534","display_name":"Abnormal best corrected visual acuity test","Node_Type":"HPO","enrichScore":235.056}},{"data":{"id":"HP:0007819","display_name":"Presenile cataracts","Node_Type":"HPO","enrichScore":156.704}},{"data":{"id":"HP:0000466","display_name":"Limited neck range of motion","Node_Type":"HPO","enrichScore":156.704}},{"data":{"id":"HP:0000538","display_name":"Pseudopapilledema","Node_Type":"HPO","enrichScore":156.704}},{"data":{"id":"HP:0007299","display_name":"Dysfunction of lateral corticospinal tracts","Node_Type":"HPO","enrichScore":117.528}},{"data":{"id":"HP:0004602","display_name":"Cervical C2\/C3 vertebral fusion","Node_Type":"HPO","enrichScore":117.528}},{"data":{"id":"hsa04650","display_name":"Natural killer cell mediated cytotoxicity","Node_Type":"kegg_Pathway","enrichScore":23.378}},{"data":{"id":"hsa04928","display_name":"Parathyroid hormone synthesis, secretion and action","Node_Type":"kegg_Pathway","enrichScore":7.101}},{"data":{"id":"hsa00230","display_name":"Purine metabolism","Node_Type":"kegg_Pathway","enrichScore":5.89}},{"data":{"id":"hsa04550","display_name":"Signaling pathways regulating pluripotency of stem cells","Node_Type":"kegg_Pathway","enrichScore":5.351}},{"data":{"id":"hsa04024","display_name":"cAMP signaling pathway","Node_Type":"kegg_Pathway","enrichScore":3.407}},{"data":{"id":"hsa01100","display_name":"Metabolic pathways","Node_Type":"kegg_Pathway","enrichScore":0.514}},{"data":{"id":"H01656","display_name":"Psoriasis","Node_Type":"kegg_Disease","enrichScore":1000000}},{"data":{"id":"H01476","display_name":"Behcet disease","Node_Type":"kegg_Disease","enrichScore":1000000}},{"data":{"id":"H01507","display_name":"Seronegative arthritis","Node_Type":"kegg_Disease","enrichScore":1000000}},{"data":{"id":"H01273","display_name":"Autosomal dominant keratitis","Node_Type":"kegg_Disease","enrichScore":407.444}},{"data":{"id":"H02203","display_name":"Optic nerve hypoplasia","Node_Type":"kegg_Disease","enrichScore":407.444}},{"data":{"id":"H01256","display_name":"Foveal hypoplasia","Node_Type":"kegg_Disease","enrichScore":203.722}},{"data":{"id":"H00635","display_name":"Aniridia","Node_Type":"kegg_Disease","enrichScore":135.815}},{"data":{"id":"H01114","display_name":"Ocular coloboma","Node_Type":"kegg_Disease","enrichScore":135.815}},{"data":{"id":"H00852","display_name":"Klippel-Feil syndrome","Node_Type":"kegg_Disease","enrichScore":101.861}},{"data":{"id":"H01159","display_name":"Anterior segment dysgenesis","Node_Type":"kegg_Disease","enrichScore":58.206}}],"edges":[{"data":{"source":"P26367","target":"Q08493","Edge_Type":"PPI","label":"interacts w\/"}},{"data":{"source":"Q96D03","target":"Q08493","Edge_Type":"PPI","label":"interacts w\/"}},{"data":{"source":"P30626","target":"Q08493","Edge_Type":"PPI","label":"interacts w\/"}},{"data":{"source":"P26718","target":"Q08493","Edge_Type":"PPI","label":"interacts w\/"}},{"data":{"source":"Q9UJX0","target":"Q08493","Edge_Type":"PPI","label":"interacts w\/"}},{"data":{"source":"P50221","target":"Q08493","Edge_Type":"PPI","label":"interacts w\/"}},{"data":{"source":"P50221","target":"Q9UJX0","Edge_Type":"PPI","label":"interacts w\/"}},{"data":{"source":"O15499","target":"Q08493","Edge_Type":"PPI","label":"interacts w\/"}},{"data":{"source":"P59817","target":"Q08493","Edge_Type":"PPI","label":"interacts w\/"}},{"data":{"source":"HP:0012521","target":"Orphanet:137902","Edge_Type":"hpodis","label":"is associated w\/"}},{"data":{"source":"HP:0012521","target":"MONDO:0007350","Edge_Type":"hpodis","label":"is associated w\/"}},{"data":{"source":"HP:0011480","target":"Orphanet:137902","Edge_Type":"hpodis","label":"is associated w\/"}},{"data":{"source":"HP:0031883","target":"EFO:0004132","Edge_Type":"hpodis","label":"is associated w\/"}},{"data":{"source":"HP:0007710","target":"Orphanet:137902","Edge_Type":"hpodis","label":"is associated w\/"}},{"data":{"source":"HP:0030534","target":"Orphanet:137902","Edge_Type":"hpodis","label":"is associated w\/"}},{"data":{"source":"HP:0007819","target":"Orphanet:2253","Edge_Type":"hpodis","label":"is associated w\/"}},{"data":{"source":"HP:0000538","target":"Orphanet:137902","Edge_Type":"hpodis","label":"is associated w\/"}},{"data":{"source":"P26367","target":"EFO:0004132","Edge_Type":"Disease","label":"is related to"}},{"data":{"source":"P26367","target":"MONDO:0007350","Edge_Type":"Disease","label":"is related to"}},{"data":{"source":"P26367","target":"MONDO:0007354","Edge_Type":"Disease","label":"is related to"}},{"data":{"source":"P26367","target":"Orphanet:137902","Edge_Type":"Disease","label":"is related to"}},{"data":{"source":"P26367","target":"Orphanet:2253","Edge_Type":"Disease","label":"is related to"}},{"data":{"source":"P26367","target":"Orphanet:2334","Edge_Type":"Disease","label":"is related to"}},{"data":{"source":"P26367","target":"Orphanet:35737","Edge_Type":"Disease","label":"is related to"}},{"data":{"source":"P26367","target":"Orphanet:98942","Edge_Type":"Disease","label":"is related to"}},{"data":{"source":"P26367","target":"Orphanet:98944","Edge_Type":"Disease","label":"is related to"}},{"data":{"source":"P26367","target":"Orphanet:194","Edge_Type":"Disease","label":"is related to"}},{"data":{"source":"Q08493","target":"DB05676","Edge_Type":"Chembl","label":"targets","pchembl_value":7.13}},{"data":{"source":"Q08493","target":"DB01656","Edge_Type":"Drug","label":"targets"}},{"data":{"source":"Q08493","target":"DB01791","Edge_Type":"Drug","label":"targets"}},{"data":{"source":"Q08493","target":"DB05219","Edge_Type":"Drug","label":"targets"}},{"data":{"source":"Q08493","target":"DB05266","Edge_Type":"Drug","label":"targets"}},{"data":{"source":"Q08493","target":"DB06246","Edge_Type":"Drug","label":"targets"}},{"data":{"source":"Q08493","target":"DB00651","Edge_Type":"Drug","label":"targets"}},{"data":{"source":"Q08493","target":"DB01088","Edge_Type":"Drug","label":"targets"}},{"data":{"source":"Q08493","target":"DB09283","Edge_Type":"Drug","label":"targets"}},{"data":{"source":"Q08493","target":"DB00201","Edge_Type":"Drug","label":"targets"}},{"data":{"source":"P30626","target":"R-HSA-425561","Edge_Type":"Pathway","label":"is involved in"}},{"data":{"source":"P30626","target":"R-HSA-418359","Edge_Type":"Pathway","label":"is involved in"}},{"data":{"source":"P26367","target":"R-HSA-400511","Edge_Type":"Pathway","label":"is involved in"}},{"data":{"source":"P26367","target":"R-HSA-210745","Edge_Type":"Pathway","label":"is involved in"}},{"data":{"source":"P26367","target":"R-HSA-381771","Edge_Type":"Pathway","label":"is involved in"}},{"data":{"source":"P26718","target":"R-HSA-2172127","Edge_Type":"Pathway","label":"is involved in"}},{"data":{"source":"Q08493","target":"R-HSA-180024","Edge_Type":"Pathway","label":"is involved in"}},{"data":{"source":"P26718","target":"R-HSA-2424491","Edge_Type":"Pathway","label":"is involved in"}},{"data":{"source":"P30626","target":"R-HSA-5578775","Edge_Type":"Pathway","label":"is involved in"}},{"data":{"source":"P30626","target":"R-HSA-936837","Edge_Type":"Pathway","label":"is involved in"}},{"data":{"source":"P26367","target":"HP:0012521","Edge_Type":"HPO","label":"is associated w\/"}},{"data":{"source":"P26367","target":"HP:0011480","Edge_Type":"HPO","label":"is associated w\/"}},{"data":{"source":"P26367","target":"HP:0031883","Edge_Type":"HPO","label":"is associated w\/"}},{"data":{"source":"P26367","target":"HP:0007710","Edge_Type":"HPO","label":"is associated w\/"}},{"data":{"source":"P26367","target":"HP:0030534","Edge_Type":"HPO","label":"is associated w\/"}},{"data":{"source":"P26367","target":"HP:0007819","Edge_Type":"HPO","label":"is associated w\/"}},{"data":{"source":"P50221","target":"HP:0000466","Edge_Type":"HPO","label":"is associated w\/"}},{"data":{"source":"P26367","target":"HP:0000538","Edge_Type":"HPO","label":"is associated w\/"}},{"data":{"source":"P26367","target":"HP:0007299","Edge_Type":"HPO","label":"is associated w\/"}},{"data":{"source":"P50221","target":"HP:0004602","Edge_Type":"HPO","label":"is associated w\/"}},{"data":{"source":"H01656","target":"DB05676","Edge_Type":"kegg_dis_drug","label":"indicates"}},{"data":{"source":"H01476","target":"DB05676","Edge_Type":"kegg_dis_drug","label":"indicates"}},{"data":{"source":"H01507","target":"DB05676","Edge_Type":"kegg_dis_drug","label":"indicates"}},{"data":{"source":"P26718","target":"hsa04650","Edge_Type":"kegg_path_prot","label":"is involved in"}},{"data":{"source":"P26718","target":"hsa04650","Edge_Type":"kegg_path_prot","label":"is involved in"}},{"data":{"source":"Q08493","target":"hsa04928","Edge_Type":"kegg_path_prot","label":"is involved in"}},{"data":{"source":"Q08493","target":"hsa00230","Edge_Type":"kegg_path_prot","label":"is involved in"}},{"data":{"source":"P26367","target":"hsa04550","Edge_Type":"kegg_path_prot","label":"is involved in"}},{"data":{"source":"Q08493","target":"hsa04024","Edge_Type":"kegg_path_prot","label":"is involved in"}},{"data":{"source":"Q08493","target":"hsa01100","Edge_Type":"kegg_path_prot","label":"is involved in"}},{"data":{"source":"P26367","target":"H01273","Edge_Type":"kegg_dis_prot","label":"is related to"}},{"data":{"source":"P26367","target":"H02203","Edge_Type":"kegg_dis_prot","label":"is related to"}},{"data":{"source":"P26367","target":"H01256","Edge_Type":"kegg_dis_prot","label":"is related to"}},{"data":{"source":"P26367","target":"H00635","Edge_Type":"kegg_dis_prot","label":"is related to"}},{"data":{"source":"P26367","target":"H01114","Edge_Type":"kegg_dis_prot","label":"is related to"}},{"data":{"source":"P50221","target":"H00852","Edge_Type":"kegg_dis_prot","label":"is related to"}},{"data":{"source":"P26367","target":"H01159","Edge_Type":"kegg_dis_prot","label":"is related to"}}]}