{"options":{"search_start":1613059812,"tax_ids":[9606],"num_of_fn_nodes":10,"num_of_pathways":10,"num_of_phenotypes":10,"num_of_drugs":10,"num_of_diseases":10,"num_of_compounds":10,"chembl_compounds":0,"predictions":1,"reviewed_filter":1,"fn":1,"chembl":1,"search_finish":1613059846,"search_runtime":34},"search":[{"Drug":[{"DB04557":"Arachidonic Acid"}]}],"nodes":[{"data":{"id":"P15090","display_name":"FABP4","Node_Type":"Protein"}},{"data":{"id":"P16050","display_name":"ALOX15","Node_Type":"Protein"}},{"data":{"id":"P19793","display_name":"RXRA","Node_Type":"Protein"}},{"data":{"id":"P23219","display_name":"PTGS1","Node_Type":"Protein"}},{"data":{"id":"Q07869","display_name":"PPARA","Node_Type":"Protein"}},{"data":{"id":"Q96RI1","display_name":"NR1H4","Node_Type":"Protein"}},{"data":{"id":"Q9NPD5","display_name":"SLCO1B3","Node_Type":"Protein"}},{"data":{"id":"Q9Y6L6","display_name":"SLCO1B1","Node_Type":"Protein"}},{"data":{"id":"P55055","display_name":"NR1H2","Node_Type":"Protein_N"}},{"data":{"id":"Q3L8U1","display_name":"CHD9","Node_Type":"Protein_N"}},{"data":{"id":"Q13133","display_name":"NR1H3","Node_Type":"Protein_N"}},{"data":{"id":"P30086","display_name":"PEBP1","Node_Type":"Protein_N"}},{"data":{"id":"Q15788","display_name":"NCOA1","Node_Type":"Protein_N"}},{"data":{"id":"Q15596","display_name":"NCOA2","Node_Type":"Protein_N"}},{"data":{"id":"Q71SY5","display_name":"MED25","Node_Type":"Protein_N"}},{"data":{"id":"Q15648","display_name":"MED1","Node_Type":"Protein_N"}},{"data":{"id":"P48443","display_name":"RXRG","Node_Type":"Protein_N"}},{"data":{"id":"P37231","display_name":"PPARG","Node_Type":"Protein_N"}},{"data":{"id":"Orphanet:3111","display_name":"Rotor syndrome","Node_Type":"Disease","enrichScore":400.111}},{"data":{"id":"Orphanet:101101","display_name":"Charcot-Marie-Tooth disease type 2B2","Node_Type":"Disease","enrichScore":200.056}},{"data":{"id":"Orphanet:79083","display_name":"Familial partial lipodystrophy associated with PPARG mutations","Node_Type":"Disease","enrichScore":200.056}},{"data":{"id":"Orphanet:172","display_name":"Progressive familial intrahepatic cholestasis","Node_Type":"Disease","enrichScore":40.011}},{"data":{"id":"EFO:0000632","display_name":"oligodendroglioma","Node_Type":"Disease","enrichScore":22.228}},{"data":{"id":"EFO:0001073","display_name":"obesity","Node_Type":"Disease","enrichScore":20.006}},{"data":{"id":"Orphanet:71529","display_name":"Obesity due to melanocortin 4 receptor deficiency","Node_Type":"Disease","enrichScore":20.006}},{"data":{"id":"Orphanet:77828","display_name":"Genetic obesity","Node_Type":"Disease","enrichScore":20.006}},{"data":{"id":"DB04557","display_name":"Arachidonic Acid","Node_Type":"Drug","enrichScore":9999999}},{"data":{"id":"DB01241","display_name":"Gemfibrozil","Node_Type":"Drug","enrichScore":2384.5}},{"data":{"id":"DB07863","display_name":"2-chloro-5-nitro-N-phenylbenzamide","Node_Type":"Drug","enrichScore":794.833}},{"data":{"id":"DB08915","display_name":"Aleglitazar","Node_Type":"Drug","enrichScore":794.833}},{"data":{"id":"DB08402","display_name":"2-[(2,4-DICHLOROBENZOYL)AMINO]-5-(PYRIMIDIN-2-YLOXY)BENZOIC ACID","Node_Type":"Drug","enrichScore":794.833}},{"data":{"id":"DB07080","display_name":"TO-901317","Node_Type":"Drug","enrichScore":706.519}},{"data":{"id":"DB03756","display_name":"Doconexent","Node_Type":"Drug","enrichScore":706.519}},{"data":{"id":"DB00412","display_name":"Rosiglitazone","Node_Type":"Drug","enrichScore":605.587}},{"data":{"id":"DB01393","display_name":"Bezafibrate","Node_Type":"Drug","enrichScore":605.587}},{"data":{"id":"DB07724","display_name":"Indeglitazar","Node_Type":"Drug","enrichScore":596.125}},{"data":{"id":"R-HSA-159418","display_name":"Recycling of bile acids and salts","Node_Type":"Pathway","enrichScore":8034.375}},{"data":{"id":"R-HSA-1368082","display_name":"RORA activates gene expression","Node_Type":"Pathway","enrichScore":7141.667}},{"data":{"id":"R-HSA-400206","display_name":"Regulation of lipid metabolism by PPARalpha","Node_Type":"Pathway","enrichScore":6427.5}},{"data":{"id":"R-HSA-1368108","display_name":"BMAL1:CLOCK,NPAS2 activates circadian gene expression","Node_Type":"Pathway","enrichScore":4761.111}},{"data":{"id":"R-HSA-383280","display_name":"Nuclear Receptor transcription pathway","Node_Type":"Pathway","enrichScore":4481.046}},{"data":{"id":"R-HSA-4090294","display_name":"SUMOylation of intracellular receptors","Node_Type":"Pathway","enrichScore":4285}},{"data":{"id":"R-HSA-192105","display_name":"Synthesis of bile acids and bile salts","Node_Type":"Pathway","enrichScore":4080.952}},{"data":{"id":"R-HSA-193807","display_name":"Synthesis of bile acids and bile salts via 27-hydroxycholesterol","Node_Type":"Pathway","enrichScore":3808.889}},{"data":{"id":"R-HSA-1989781","display_name":"PPARA activates gene expression","Node_Type":"Pathway","enrichScore":3692.913}},{"data":{"id":"R-HSA-140180","display_name":"COX reactions","Node_Type":"Pathway","enrichScore":3570.833}},{"data":{"id":"HP:0012273","display_name":"Increased carotid artery intimal medial thickness","Node_Type":"HPO","enrichScore":235.056}},{"data":{"id":"HP:0007457","display_name":"Prominent veins on trunk","Node_Type":"HPO","enrichScore":58.764}},{"data":{"id":"HP:0009042","display_name":"Marked muscular hypertrophy","Node_Type":"HPO","enrichScore":58.764}},{"data":{"id":"HP:0009017","display_name":"Loss of gluteal subcutaneous adipose tissue","Node_Type":"HPO","enrichScore":58.764}},{"data":{"id":"HP:0002908","display_name":"Conjugated hyperbilirubinemia","Node_Type":"HPO","enrichScore":55.307}},{"data":{"id":"HP:0000292","display_name":"Loss of facial adipose tissue","Node_Type":"HPO","enrichScore":33.579}},{"data":{"id":"HP:0004295","display_name":"Abnormality of the gastric mucosa","Node_Type":"HPO","enrichScore":32.421}},{"data":{"id":"HP:0000291","display_name":"Abnormality of facial adipose tissue","Node_Type":"HPO","enrichScore":29.382}},{"data":{"id":"HP:0100601","display_name":"Eclampsia","Node_Type":"HPO","enrichScore":26.117}},{"data":{"id":"HP:0003414","display_name":"Atlantoaxial dislocation","Node_Type":"HPO","enrichScore":26.117}},{"data":{"id":"CHEMBL3703310","display_name":"CHEMBL3703310","Node_Type":"Prediction","enrichScore":29}},{"data":{"id":"CHEMBL2348465","display_name":"CHEMBL2348465","Node_Type":"Prediction","enrichScore":29}},{"data":{"id":"CHEMBL3663030","display_name":"CHEMBL3663030","Node_Type":"Prediction","enrichScore":29}},{"data":{"id":"CHEMBL3911212","display_name":"CHEMBL3911212","Node_Type":"Prediction","enrichScore":29}},{"data":{"id":"CHEMBL2179012","display_name":"CHEMBL2179012","Node_Type":"Prediction","enrichScore":29}},{"data":{"id":"CHEMBL3655551","display_name":"CHEMBL3655551","Node_Type":"Prediction","enrichScore":29}},{"data":{"id":"CHEMBL1771366","display_name":"CHEMBL1771366","Node_Type":"Prediction","enrichScore":29}},{"data":{"id":"CHEMBL3959760","display_name":"CHEMBL3959760","Node_Type":"Prediction","enrichScore":29}},{"data":{"id":"CHEMBL3114840","display_name":"CHEMBL3114840","Node_Type":"Prediction","enrichScore":29}},{"data":{"id":"CHEMBL3647880","display_name":"CHEMBL3647880","Node_Type":"Prediction","enrichScore":29}},{"data":{"id":"hsa03320","display_name":"PPAR signaling pathway","Node_Type":"kegg_Pathway","enrichScore":182.347}},{"data":{"id":"hsa04976","display_name":"Bile secretion","Node_Type":"kegg_Pathway","enrichScore":83.263}},{"data":{"id":"hsa04919","display_name":"Thyroid hormone signaling pathway","Node_Type":"kegg_Pathway","enrichScore":79.809}},{"data":{"id":"hsa04920","display_name":"Adipocytokine signaling pathway","Node_Type":"kegg_Pathway","enrichScore":49.551}},{"data":{"id":"hsa04923","display_name":"Regulation of lipolysis in adipocytes","Node_Type":"kegg_Pathway","enrichScore":27.135}},{"data":{"id":"hsa00590","display_name":"Arachidonic acid metabolism","Node_Type":"kegg_Pathway","enrichScore":24.509}},{"data":{"id":"hsa04659","display_name":"Th17 cell differentiation","Node_Type":"kegg_Pathway","enrichScore":14.335}},{"data":{"id":"hsa04928","display_name":"Parathyroid hormone synthesis, secretion and action","Node_Type":"kegg_Pathway","enrichScore":14.201}},{"data":{"id":"hsa00591","display_name":"Linoleic acid metabolism","Node_Type":"kegg_Pathway","enrichScore":13.567}},{"data":{"id":"hsa04726","display_name":"Serotonergic synapse","Node_Type":"kegg_Pathway","enrichScore":13.329}},{"data":{"id":"H02057","display_name":"Rotor syndrome","Node_Type":"kegg_Disease","enrichScore":407.444}},{"data":{"id":"H00208","display_name":"Hyperbilirubinemia","Node_Type":"kegg_Disease","enrichScore":203.722}},{"data":{"id":"H00624","display_name":"Progressive familial intrahepatic cholestasis","Node_Type":"kegg_Disease","enrichScore":40.744}},{"data":{"id":"H00420","display_name":"Familial partial lipodystrophy","Node_Type":"kegg_Disease","enrichScore":29.103}},{"data":{"id":"H00032","display_name":"Thyroid cancer","Node_Type":"kegg_Disease","enrichScore":12.733}},{"data":{"id":"H00409","display_name":"Type 2 diabetes mellitus","Node_Type":"kegg_Disease","enrichScore":10.722}},{"data":{"id":"H02106","display_name":"Genetic obesity","Node_Type":"kegg_Disease","enrichScore":8.488}},{"data":{"id":"H00264","display_name":"Charcot-Marie-Tooth disease","Node_Type":"kegg_Disease","enrichScore":4.158}}],"edges":[{"data":{"source":"P55055","target":"P19793","Edge_Type":"PPI","label":"interacts w\/"}},{"data":{"source":"P55055","target":"Q07869","Edge_Type":"PPI","label":"interacts w\/"}},{"data":{"source":"P55055","target":"P37231","Edge_Type":"PPI","label":"interacts w\/"}},{"data":{"source":"Q3L8U1","target":"Q07869","Edge_Type":"PPI","label":"interacts w\/"}},{"data":{"source":"Q13133","target":"P19793","Edge_Type":"PPI","label":"interacts w\/"}},{"data":{"source":"Q13133","target":"Q07869","Edge_Type":"PPI","label":"interacts w\/"}},{"data":{"source":"P30086","target":"P16050","Edge_Type":"PPI","label":"interacts w\/"}},{"data":{"source":"Q15788","target":"P19793","Edge_Type":"PPI","label":"interacts w\/"}},{"data":{"source":"Q15788","target":"Q96RI1","Edge_Type":"PPI","label":"interacts w\/"}},{"data":{"source":"Q15788","target":"Q13133","Edge_Type":"PPI","label":"interacts w\/"}},{"data":{"source":"Q15596","target":"P19793","Edge_Type":"PPI","label":"interacts w\/"}},{"data":{"source":"Q71SY5","target":"P19793","Edge_Type":"PPI","label":"interacts w\/"}},{"data":{"source":"Q15648","target":"P19793","Edge_Type":"PPI","label":"interacts w\/"}},{"data":{"source":"P48443","target":"Q96RI1","Edge_Type":"PPI","label":"interacts w\/"}},{"data":{"source":"P48443","target":"P55055","Edge_Type":"PPI","label":"interacts w\/"}},{"data":{"source":"P48443","target":"Q13133","Edge_Type":"PPI","label":"interacts w\/"}},{"data":{"source":"P37231","target":"P19793","Edge_Type":"PPI","label":"interacts w\/"}},{"data":{"source":"P37231","target":"P37231","Edge_Type":"PPI","label":"interacts w\/"}},{"data":{"source":"P37231","target":"Q13133","Edge_Type":"PPI","label":"interacts w\/"}},{"data":{"source":"HP:0007457","target":"Orphanet:79083","Edge_Type":"hpodis","label":"is associated w\/"}},{"data":{"source":"HP:0009042","target":"Orphanet:79083","Edge_Type":"hpodis","label":"is associated w\/"}},{"data":{"source":"HP:0009017","target":"Orphanet:79083","Edge_Type":"hpodis","label":"is associated w\/"}},{"data":{"source":"HP:0002908","target":"Orphanet:172","Edge_Type":"hpodis","label":"is associated w\/"}},{"data":{"source":"HP:0002908","target":"Orphanet:172","Edge_Type":"hpodis","label":"is associated w\/"}},{"data":{"source":"HP:0002908","target":"Orphanet:3111","Edge_Type":"hpodis","label":"is associated w\/"}},{"data":{"source":"HP:0002908","target":"Orphanet:3111","Edge_Type":"hpodis","label":"is associated w\/"}},{"data":{"source":"HP:0000292","target":"Orphanet:79083","Edge_Type":"hpodis","label":"is associated w\/"}},{"data":{"source":"HP:0004295","target":"Orphanet:3111","Edge_Type":"hpodis","label":"is associated w\/"}},{"data":{"source":"HP:0000291","target":"Orphanet:79083","Edge_Type":"hpodis","label":"is associated w\/"}},{"data":{"source":"HP:0100601","target":"Orphanet:79083","Edge_Type":"hpodis","label":"is associated w\/"}},{"data":{"source":"Q9NPD5","target":"Orphanet:3111","Edge_Type":"Disease","label":"is related to"}},{"data":{"source":"Q9Y6L6","target":"Orphanet:3111","Edge_Type":"Disease","label":"is related to"}},{"data":{"source":"Q71SY5","target":"Orphanet:101101","Edge_Type":"Disease","label":"is related to"}},{"data":{"source":"P37231","target":"Orphanet:79083","Edge_Type":"Disease","label":"is related to"}},{"data":{"source":"Q96RI1","target":"Orphanet:172","Edge_Type":"Disease","label":"is related to"}},{"data":{"source":"P37231","target":"EFO:0000632","Edge_Type":"Disease","label":"is related to"}},{"data":{"source":"P37231","target":"EFO:0001073","Edge_Type":"Disease","label":"is related to"}},{"data":{"source":"P37231","target":"Orphanet:71529","Edge_Type":"Disease","label":"is related to"}},{"data":{"source":"P37231","target":"Orphanet:77828","Edge_Type":"Disease","label":"is related to"}},{"data":{"source":"P23219","target":"DB04557","Edge_Type":"Drug","label":"targets"}},{"data":{"source":"Q07869","target":"DB04557","Edge_Type":"Drug","label":"targets"}},{"data":{"source":"Q96RI1","target":"DB04557","Edge_Type":"Drug","label":"targets"}},{"data":{"source":"P19793","target":"DB04557","Edge_Type":"Drug","label":"targets"}},{"data":{"source":"P15090","target":"DB04557","Edge_Type":"Chembl","label":"targets","pchembl_value":6.75}},{"data":{"source":"P16050","target":"DB04557","Edge_Type":"Chembl","label":"targets","pchembl_value":6.5}},{"data":{"source":"Q9NPD5","target":"DB04557","Edge_Type":"Chembl","label":"targets","pchembl_value":6.09}},{"data":{"source":"Q9Y6L6","target":"DB04557","Edge_Type":"Chembl","label":"targets","pchembl_value":6.22}},{"data":{"source":"Q07869","target":"DB01241","Edge_Type":"Drug","label":"targets"}},{"data":{"source":"Q9Y6L6","target":"DB01241","Edge_Type":"Drug","label":"targets"}},{"data":{"source":"Q9NPD5","target":"DB01241","Edge_Type":"Drug","label":"targets"}},{"data":{"source":"Q15596","target":"DB07863","Edge_Type":"Drug","label":"targets"}},{"data":{"source":"P37231","target":"DB07863","Edge_Type":"Drug","label":"targets"}},{"data":{"source":"P19793","target":"DB07863","Edge_Type":"Drug","label":"targets"}},{"data":{"source":"Q07869","target":"DB08915","Edge_Type":"Drug","label":"targets"}},{"data":{"source":"P37231","target":"DB08915","Edge_Type":"Drug","label":"targets"}},{"data":{"source":"Q15788","target":"DB08915","Edge_Type":"Drug","label":"targets"}},{"data":{"source":"P37231","target":"DB08402","Edge_Type":"Drug","label":"targets"}},{"data":{"source":"Q15596","target":"DB08402","Edge_Type":"Drug","label":"targets"}},{"data":{"source":"P19793","target":"DB08402","Edge_Type":"Drug","label":"targets"}},{"data":{"source":"P55055","target":"DB07080","Edge_Type":"Drug","label":"targets"}},{"data":{"source":"Q15596","target":"DB07080","Edge_Type":"Drug","label":"targets"}},{"data":{"source":"Q13133","target":"DB07080","Edge_Type":"Drug","label":"targets"}},{"data":{"source":"Q15788","target":"DB07080","Edge_Type":"Drug","label":"targets"}},{"data":{"source":"Q07869","target":"DB03756","Edge_Type":"Drug","label":"targets"}},{"data":{"source":"P37231","target":"DB03756","Edge_Type":"Drug","label":"targets"}},{"data":{"source":"P19793","target":"DB03756","Edge_Type":"Drug","label":"targets"}},{"data":{"source":"P48443","target":"DB03756","Edge_Type":"Drug","label":"targets"}},{"data":{"source":"P37231","target":"DB00412","Edge_Type":"Drug","label":"targets"}},{"data":{"source":"Q07869","target":"DB00412","Edge_Type":"Drug","label":"targets"}},{"data":{"source":"P19793","target":"DB00412","Edge_Type":"Drug","label":"targets"}},{"data":{"source":"P48443","target":"DB00412","Edge_Type":"Drug","label":"targets"}},{"data":{"source":"Q07869","target":"DB01393","Edge_Type":"Drug","label":"targets"}},{"data":{"source":"P37231","target":"DB01393","Edge_Type":"Drug","label":"targets"}},{"data":{"source":"P19793","target":"DB01393","Edge_Type":"Drug","label":"targets"}},{"data":{"source":"P48443","target":"DB01393","Edge_Type":"Drug","label":"targets"}},{"data":{"source":"Q15788","target":"DB07724","Edge_Type":"Drug","label":"targets"}},{"data":{"source":"Q07869","target":"DB07724","Edge_Type":"Drug","label":"targets"}},{"data":{"source":"P37231","target":"DB07724","Edge_Type":"Drug","label":"targets"}},{"data":{"source":"P19793","target":"R-HSA-159418","Edge_Type":"Pathway","label":"is involved in"}},{"data":{"source":"Q96RI1","target":"R-HSA-159418","Edge_Type":"Pathway","label":"is involved in"}},{"data":{"source":"Q9NPD5","target":"R-HSA-159418","Edge_Type":"Pathway","label":"is involved in"}},{"data":{"source":"Q9Y6L6","target":"R-HSA-159418","Edge_Type":"Pathway","label":"is involved in"}},{"data":{"source":"Q15788","target":"R-HSA-159418","Edge_Type":"Pathway","label":"is involved in"}},{"data":{"source":"Q15596","target":"R-HSA-159418","Edge_Type":"Pathway","label":"is involved in"}},{"data":{"source":"P19793","target":"R-HSA-1368082","Edge_Type":"Pathway","label":"is involved in"}},{"data":{"source":"Q07869","target":"R-HSA-1368082","Edge_Type":"Pathway","label":"is involved in"}},{"data":{"source":"Q3L8U1","target":"R-HSA-1368082","Edge_Type":"Pathway","label":"is involved in"}},{"data":{"source":"Q15788","target":"R-HSA-1368082","Edge_Type":"Pathway","label":"is involved in"}},{"data":{"source":"Q15596","target":"R-HSA-1368082","Edge_Type":"Pathway","label":"is involved in"}},{"data":{"source":"Q15648","target":"R-HSA-1368082","Edge_Type":"Pathway","label":"is involved in"}},{"data":{"source":"P19793","target":"R-HSA-400206","Edge_Type":"Pathway","label":"is involved in"}},{"data":{"source":"Q07869","target":"R-HSA-400206","Edge_Type":"Pathway","label":"is involved in"}},{"data":{"source":"Q3L8U1","target":"R-HSA-400206","Edge_Type":"Pathway","label":"is involved in"}},{"data":{"source":"Q15788","target":"R-HSA-400206","Edge_Type":"Pathway","label":"is involved in"}},{"data":{"source":"Q15596","target":"R-HSA-400206","Edge_Type":"Pathway","label":"is involved in"}},{"data":{"source":"Q15648","target":"R-HSA-400206","Edge_Type":"Pathway","label":"is involved in"}},{"data":{"source":"P19793","target":"R-HSA-1368108","Edge_Type":"Pathway","label":"is involved in"}},{"data":{"source":"Q07869","target":"R-HSA-1368108","Edge_Type":"Pathway","label":"is involved in"}},{"data":{"source":"Q3L8U1","target":"R-HSA-1368108","Edge_Type":"Pathway","label":"is involved in"}},{"data":{"source":"Q15788","target":"R-HSA-1368108","Edge_Type":"Pathway","label":"is involved in"}},{"data":{"source":"Q15596","target":"R-HSA-1368108","Edge_Type":"Pathway","label":"is involved in"}},{"data":{"source":"Q15648","target":"R-HSA-1368108","Edge_Type":"Pathway","label":"is involved in"}},{"data":{"source":"P19793","target":"R-HSA-383280","Edge_Type":"Pathway","label":"is involved in"}},{"data":{"source":"Q07869","target":"R-HSA-383280","Edge_Type":"Pathway","label":"is involved in"}},{"data":{"source":"Q96RI1","target":"R-HSA-383280","Edge_Type":"Pathway","label":"is involved in"}},{"data":{"source":"P55055","target":"R-HSA-383280","Edge_Type":"Pathway","label":"is involved in"}},{"data":{"source":"Q13133","target":"R-HSA-383280","Edge_Type":"Pathway","label":"is involved in"}},{"data":{"source":"Q15648","target":"R-HSA-383280","Edge_Type":"Pathway","label":"is involved in"}},{"data":{"source":"P48443","target":"R-HSA-383280","Edge_Type":"Pathway","label":"is involved in"}},{"data":{"source":"P37231","target":"R-HSA-383280","Edge_Type":"Pathway","label":"is involved in"}},{"data":{"source":"P19793","target":"R-HSA-4090294","Edge_Type":"Pathway","label":"is involved in"}},{"data":{"source":"Q07869","target":"R-HSA-4090294","Edge_Type":"Pathway","label":"is involved in"}},{"data":{"source":"Q96RI1","target":"R-HSA-4090294","Edge_Type":"Pathway","label":"is involved in"}},{"data":{"source":"P55055","target":"R-HSA-4090294","Edge_Type":"Pathway","label":"is involved in"}},{"data":{"source":"Q13133","target":"R-HSA-4090294","Edge_Type":"Pathway","label":"is involved in"}},{"data":{"source":"P37231","target":"R-HSA-4090294","Edge_Type":"Pathway","label":"is involved in"}},{"data":{"source":"P19793","target":"R-HSA-192105","Edge_Type":"Pathway","label":"is involved in"}},{"data":{"source":"Q96RI1","target":"R-HSA-192105","Edge_Type":"Pathway","label":"is involved in"}},{"data":{"source":"Q15788","target":"R-HSA-192105","Edge_Type":"Pathway","label":"is involved in"}},{"data":{"source":"Q15596","target":"R-HSA-192105","Edge_Type":"Pathway","label":"is involved in"}},{"data":{"source":"P19793","target":"R-HSA-193807","Edge_Type":"Pathway","label":"is involved in"}},{"data":{"source":"Q96RI1","target":"R-HSA-193807","Edge_Type":"Pathway","label":"is involved in"}},{"data":{"source":"Q15788","target":"R-HSA-193807","Edge_Type":"Pathway","label":"is involved in"}},{"data":{"source":"Q15596","target":"R-HSA-193807","Edge_Type":"Pathway","label":"is involved in"}},{"data":{"source":"P19793","target":"R-HSA-1989781","Edge_Type":"Pathway","label":"is involved in"}},{"data":{"source":"Q07869","target":"R-HSA-1989781","Edge_Type":"Pathway","label":"is involved in"}},{"data":{"source":"Q96RI1","target":"R-HSA-1989781","Edge_Type":"Pathway","label":"is involved in"}},{"data":{"source":"P55055","target":"R-HSA-1989781","Edge_Type":"Pathway","label":"is involved in"}},{"data":{"source":"Q3L8U1","target":"R-HSA-1989781","Edge_Type":"Pathway","label":"is involved in"}},{"data":{"source":"Q13133","target":"R-HSA-1989781","Edge_Type":"Pathway","label":"is involved in"}},{"data":{"source":"Q15788","target":"R-HSA-1989781","Edge_Type":"Pathway","label":"is involved in"}},{"data":{"source":"Q15596","target":"R-HSA-1989781","Edge_Type":"Pathway","label":"is involved in"}},{"data":{"source":"Q71SY5","target":"R-HSA-1989781","Edge_Type":"Pathway","label":"is involved in"}},{"data":{"source":"Q15648","target":"R-HSA-1989781","Edge_Type":"Pathway","label":"is involved in"}},{"data":{"source":"P37231","target":"R-HSA-1989781","Edge_Type":"Pathway","label":"is involved in"}},{"data":{"source":"P23219","target":"R-HSA-140180","Edge_Type":"Pathway","label":"is involved in"}},{"data":{"source":"P37231","target":"HP:0012273","Edge_Type":"HPO","label":"is associated w\/"}},{"data":{"source":"P37231","target":"HP:0007457","Edge_Type":"HPO","label":"is associated w\/"}},{"data":{"source":"P37231","target":"HP:0009042","Edge_Type":"HPO","label":"is associated w\/"}},{"data":{"source":"P37231","target":"HP:0009017","Edge_Type":"HPO","label":"is associated w\/"}},{"data":{"source":"Q9NPD5","target":"HP:0002908","Edge_Type":"HPO","label":"is associated w\/"}},{"data":{"source":"Q9Y6L6","target":"HP:0002908","Edge_Type":"HPO","label":"is associated w\/"}},{"data":{"source":"P37231","target":"HP:0000292","Edge_Type":"HPO","label":"is associated w\/"}},{"data":{"source":"Q9NPD5","target":"HP:0004295","Edge_Type":"HPO","label":"is associated w\/"}},{"data":{"source":"Q9Y6L6","target":"HP:0004295","Edge_Type":"HPO","label":"is associated w\/"}},{"data":{"source":"P37231","target":"HP:0000291","Edge_Type":"HPO","label":"is associated w\/"}},{"data":{"source":"P37231","target":"HP:0100601","Edge_Type":"HPO","label":"is associated w\/"}},{"data":{"source":"P37231","target":"HP:0003414","Edge_Type":"HPO","label":"is associated w\/"}},{"data":{"source":"Q96RI1","target":"CHEMBL3703310","Edge_Type":"Prediction","label":"targets"}},{"data":{"source":"Q96RI1","target":"CHEMBL2348465","Edge_Type":"Prediction","label":"targets"}},{"data":{"source":"Q96RI1","target":"CHEMBL3663030","Edge_Type":"Prediction","label":"targets"}},{"data":{"source":"Q96RI1","target":"CHEMBL3911212","Edge_Type":"Prediction","label":"targets"}},{"data":{"source":"Q96RI1","target":"CHEMBL2179012","Edge_Type":"Prediction","label":"targets"}},{"data":{"source":"Q96RI1","target":"CHEMBL3655551","Edge_Type":"Prediction","label":"targets"}},{"data":{"source":"Q96RI1","target":"CHEMBL1771366","Edge_Type":"Prediction","label":"targets"}},{"data":{"source":"Q96RI1","target":"CHEMBL3959760","Edge_Type":"Prediction","label":"targets"}},{"data":{"source":"Q96RI1","target":"CHEMBL3114840","Edge_Type":"Prediction","label":"targets"}},{"data":{"source":"Q96RI1","target":"CHEMBL3647880","Edge_Type":"Prediction","label":"targets"}},{"data":{"source":"H02057","target":"hsa04976","Edge_Type":"kegg_dis_path","label":"modulates"}},{"data":{"source":"H00208","target":"hsa04976","Edge_Type":"kegg_dis_path","label":"modulates"}},{"data":{"source":"H00624","target":"hsa04976","Edge_Type":"kegg_dis_path","label":"modulates"}},{"data":{"source":"H00420","target":"hsa03320","Edge_Type":"kegg_dis_path","label":"modulates"}},{"data":{"source":"H00420","target":"hsa04923","Edge_Type":"kegg_dis_path","label":"modulates"}},{"data":{"source":"H00409","target":"hsa03320","Edge_Type":"kegg_dis_path","label":"modulates"}},{"data":{"source":"H00409","target":"DB00412","Edge_Type":"kegg_dis_drug","label":"indicates"}},{"data":{"source":"H02106","target":"hsa03320","Edge_Type":"kegg_dis_path","label":"modulates"}},{"data":{"source":"H02106","target":"hsa04923","Edge_Type":"kegg_dis_path","label":"modulates"}},{"data":{"source":"P15090","target":"hsa03320","Edge_Type":"kegg_path_prot","label":"is involved in"}},{"data":{"source":"P19793","target":"hsa03320","Edge_Type":"kegg_path_prot","label":"is involved in"}},{"data":{"source":"Q07869","target":"hsa03320","Edge_Type":"kegg_path_prot","label":"is involved in"}},{"data":{"source":"Q13133","target":"hsa03320","Edge_Type":"kegg_path_prot","label":"is involved in"}},{"data":{"source":"P48443","target":"hsa03320","Edge_Type":"kegg_path_prot","label":"is involved in"}},{"data":{"source":"P37231","target":"hsa03320","Edge_Type":"kegg_path_prot","label":"is involved in"}},{"data":{"source":"P19793","target":"hsa04976","Edge_Type":"kegg_path_prot","label":"is involved in"}},{"data":{"source":"Q96RI1","target":"hsa04976","Edge_Type":"kegg_path_prot","label":"is involved in"}},{"data":{"source":"Q9NPD5","target":"hsa04976","Edge_Type":"kegg_path_prot","label":"is involved in"}},{"data":{"source":"Q9Y6L6","target":"hsa04976","Edge_Type":"kegg_path_prot","label":"is involved in"}},{"data":{"source":"P19793","target":"hsa04919","Edge_Type":"kegg_path_prot","label":"is involved in"}},{"data":{"source":"Q15788","target":"hsa04919","Edge_Type":"kegg_path_prot","label":"is involved in"}},{"data":{"source":"Q15596","target":"hsa04919","Edge_Type":"kegg_path_prot","label":"is involved in"}},{"data":{"source":"Q15648","target":"hsa04919","Edge_Type":"kegg_path_prot","label":"is involved in"}},{"data":{"source":"P48443","target":"hsa04919","Edge_Type":"kegg_path_prot","label":"is involved in"}},{"data":{"source":"P19793","target":"hsa04920","Edge_Type":"kegg_path_prot","label":"is involved in"}},{"data":{"source":"Q07869","target":"hsa04920","Edge_Type":"kegg_path_prot","label":"is involved in"}},{"data":{"source":"P48443","target":"hsa04920","Edge_Type":"kegg_path_prot","label":"is involved in"}},{"data":{"source":"P15090","target":"hsa04923","Edge_Type":"kegg_path_prot","label":"is involved in"}},{"data":{"source":"P23219","target":"hsa04923","Edge_Type":"kegg_path_prot","label":"is involved in"}},{"data":{"source":"P16050","target":"hsa00590","Edge_Type":"kegg_path_prot","label":"is involved in"}},{"data":{"source":"P23219","target":"hsa00590","Edge_Type":"kegg_path_prot","label":"is involved in"}},{"data":{"source":"P19793","target":"hsa04659","Edge_Type":"kegg_path_prot","label":"is involved in"}},{"data":{"source":"P48443","target":"hsa04659","Edge_Type":"kegg_path_prot","label":"is involved in"}},{"data":{"source":"P19793","target":"hsa04928","Edge_Type":"kegg_path_prot","label":"is involved in"}},{"data":{"source":"P48443","target":"hsa04928","Edge_Type":"kegg_path_prot","label":"is involved in"}},{"data":{"source":"P16050","target":"hsa00591","Edge_Type":"kegg_path_prot","label":"is involved in"}},{"data":{"source":"P16050","target":"hsa04726","Edge_Type":"kegg_path_prot","label":"is involved in"}},{"data":{"source":"P23219","target":"hsa04726","Edge_Type":"kegg_path_prot","label":"is involved in"}},{"data":{"source":"Q9NPD5","target":"H02057","Edge_Type":"kegg_dis_prot","label":"is related to"}},{"data":{"source":"Q9Y6L6","target":"H02057","Edge_Type":"kegg_dis_prot","label":"is related to"}},{"data":{"source":"Q9NPD5","target":"H00208","Edge_Type":"kegg_dis_prot","label":"is related to"}},{"data":{"source":"Q9Y6L6","target":"H00208","Edge_Type":"kegg_dis_prot","label":"is related to"}},{"data":{"source":"Q96RI1","target":"H00624","Edge_Type":"kegg_dis_prot","label":"is related to"}},{"data":{"source":"P37231","target":"H00420","Edge_Type":"kegg_dis_prot","label":"is related to"}},{"data":{"source":"P37231","target":"H00032","Edge_Type":"kegg_dis_prot","label":"is related to"}},{"data":{"source":"P37231","target":"H00409","Edge_Type":"kegg_dis_prot","label":"is related to"}},{"data":{"source":"P37231","target":"H02106","Edge_Type":"kegg_dis_prot","label":"is related to"}},{"data":{"source":"Q71SY5","target":"H00264","Edge_Type":"kegg_dis_prot","label":"is related to"}}]}