{"options":{"search_start":1613055974,"tax_ids":[9606],"num_of_fn_nodes":10,"num_of_pathways":10,"num_of_phenotypes":10,"num_of_drugs":10,"num_of_diseases":10,"num_of_compounds":10,"chembl_compounds":0,"predictions":1,"reviewed_filter":1,"fn":1,"chembl":1,"search_finish":1613055985,"search_runtime":11},"search":[{"Drug":[{"DB00736":"Esomeprazole"}]}],"nodes":[{"data":{"id":"O94760","display_name":"DDAH1","Node_Type":"Protein"}},{"data":{"id":"P20648","display_name":"ATP4A","Node_Type":"Protein"}},{"data":{"id":"DB00736","display_name":"Esomeprazole","Node_Type":"Drug","enrichScore":9999999}},{"data":{"id":"DB00213","display_name":"Pantoprazole","Node_Type":"Drug","enrichScore":9538}},{"data":{"id":"DB05351","display_name":"Dexlansoprazole","Node_Type":"Drug","enrichScore":4769}},{"data":{"id":"DB01129","display_name":"Rabeprazole","Node_Type":"Drug","enrichScore":2384.5}},{"data":{"id":"DB00338","display_name":"Omeprazole","Node_Type":"Drug","enrichScore":1192.25}},{"data":{"id":"DB00448","display_name":"Lansoprazole","Node_Type":"Drug","enrichScore":1192.25}},{"data":{"id":"DB00155","display_name":"Citrulline","Node_Type":"Drug","enrichScore":198.708}},{"data":{"id":"R-HSA-203615","display_name":"eNOS activation","Node_Type":"Pathway","enrichScore":2921.591}},{"data":{"id":"R-HSA-936837","display_name":"Ion transport by P-type ATPases","Node_Type":"Pathway","enrichScore":584.318}},{"data":{"id":"hsa04966","display_name":"Collecting duct acid secretion","Node_Type":"kegg_Pathway","enrichScore":126.63}},{"data":{"id":"hsa04971","display_name":"Gastric acid secretion","Node_Type":"kegg_Pathway","enrichScore":41.193}},{"data":{"id":"hsa00190","display_name":"Oxidative phosphorylation","Node_Type":"kegg_Pathway","enrichScore":25.707}},{"data":{"id":"hsa01100","display_name":"Metabolic pathways","Node_Type":"kegg_Pathway","enrichScore":2.312}},{"data":{"id":"H01522","display_name":"Zollinger-Ellison syndrome","Node_Type":"kegg_Disease","enrichScore":1000000}},{"data":{"id":"H01634","display_name":"Peptic ulcer","Node_Type":"kegg_Disease","enrichScore":1000000}},{"data":{"id":"H00320","display_name":"Helicobacter pylori infection","Node_Type":"kegg_Disease","enrichScore":1000000}},{"data":{"id":"H01602","display_name":"Gastroesophageal reflux disease","Node_Type":"kegg_Disease","enrichScore":1000000}}],"edges":[{"data":{"source":"P20648","target":"DB00736","Edge_Type":"Drug","label":"targets"}},{"data":{"source":"O94760","target":"DB00736","Edge_Type":"Drug","label":"targets"}},{"data":{"source":"P20648","target":"DB00213","Edge_Type":"Drug","label":"targets"}},{"data":{"source":"O94760","target":"DB00213","Edge_Type":"Drug","label":"targets"}},{"data":{"source":"P20648","target":"DB05351","Edge_Type":"Drug","label":"targets"}},{"data":{"source":"O94760","target":"DB05351","Edge_Type":"Drug","label":"targets"}},{"data":{"source":"P20648","target":"DB01129","Edge_Type":"Drug","label":"targets"}},{"data":{"source":"P20648","target":"DB00338","Edge_Type":"Drug","label":"targets"}},{"data":{"source":"P20648","target":"DB00448","Edge_Type":"Drug","label":"targets"}},{"data":{"source":"O94760","target":"DB00155","Edge_Type":"Drug","label":"targets"}},{"data":{"source":"O94760","target":"R-HSA-203615","Edge_Type":"Pathway","label":"is involved in"}},{"data":{"source":"P20648","target":"R-HSA-936837","Edge_Type":"Pathway","label":"is involved in"}},{"data":{"source":"H01522","target":"hsa04971","Edge_Type":"kegg_dis_path","label":"modulates"}},{"data":{"source":"H01522","target":"DB00448","Edge_Type":"kegg_dis_drug","label":"indicates"}},{"data":{"source":"H01522","target":"DB00213","Edge_Type":"kegg_dis_drug","label":"indicates"}},{"data":{"source":"H01522","target":"DB00736","Edge_Type":"kegg_dis_drug","label":"indicates"}},{"data":{"source":"H01522","target":"DB00338","Edge_Type":"kegg_dis_drug","label":"indicates"}},{"data":{"source":"H01522","target":"DB01129","Edge_Type":"kegg_dis_drug","label":"indicates"}},{"data":{"source":"H01634","target":"DB00448","Edge_Type":"kegg_dis_drug","label":"indicates"}},{"data":{"source":"H01634","target":"DB00736","Edge_Type":"kegg_dis_drug","label":"indicates"}},{"data":{"source":"H01634","target":"DB00338","Edge_Type":"kegg_dis_drug","label":"indicates"}},{"data":{"source":"H01634","target":"DB01129","Edge_Type":"kegg_dis_drug","label":"indicates"}},{"data":{"source":"H00320","target":"DB00736","Edge_Type":"kegg_dis_drug","label":"indicates"}},{"data":{"source":"H00320","target":"DB01129","Edge_Type":"kegg_dis_drug","label":"indicates"}},{"data":{"source":"H00320","target":"DB00448","Edge_Type":"kegg_dis_drug","label":"indicates"}},{"data":{"source":"H00320","target":"DB00338","Edge_Type":"kegg_dis_drug","label":"indicates"}},{"data":{"source":"H01602","target":"DB00736","Edge_Type":"kegg_dis_drug","label":"indicates"}},{"data":{"source":"H01602","target":"DB00338","Edge_Type":"kegg_dis_drug","label":"indicates"}},{"data":{"source":"H01602","target":"DB01129","Edge_Type":"kegg_dis_drug","label":"indicates"}},{"data":{"source":"H01602","target":"DB00448","Edge_Type":"kegg_dis_drug","label":"indicates"}},{"data":{"source":"H01602","target":"DB00213","Edge_Type":"kegg_dis_drug","label":"indicates"}},{"data":{"source":"P20648","target":"hsa04966","Edge_Type":"kegg_path_prot","label":"is involved in"}},{"data":{"source":"P20648","target":"hsa04971","Edge_Type":"kegg_path_prot","label":"is involved in"}},{"data":{"source":"P20648","target":"hsa00190","Edge_Type":"kegg_path_prot","label":"is involved in"}},{"data":{"source":"P20648","target":"hsa01100","Edge_Type":"kegg_path_prot","label":"is involved in"}}]}