Core Proteins,Interacting Proteins,Pathways,HPO terms,Diseases,Targeting Drugs,Experimental Bioactive Compounds (pChEMBL),Predicted interacting Compounds
CIT (O14578),,,HP:0045028 Microlissencephaly[scr:68],,DB08568 A-674563[scr:9999999],,
PRKACA (P17612),AKIP1 (Q9NQ31),R-HSA-111931 PKA-mediated phosphorylation of CREB[scr:1659]; R-HSA-163358 PKA-mediated phosphorylation of key metabolic factors[scr:1659]; R-HSA-8963896 HDL assembly[scr:1037]; R-HSA-9010642 ROBO receptors bind AKAP5[scr:922]; R-HSA-442720 CREB1 phosphorylation through the activation of Adenylate Cyclase[scr:691]; hsa04270 Vascular smooth muscle contraction[scr:78]; hsa04750 Inflammatory mediator regulation of TRP channels[scr:74]; hsa04923 Regulation of lipolysis in adipocytes[scr:63]; hsa04611 Platelet activation[scr:44]; hsa04140 Autophagy[scr:40]; hsa04914 Progesterone-mediated oocyte maturation[scr:37]; hsa04213 Longevity regulating pathway[scr:31]; hsa04062 Chemokine signaling pathway[scr:29]; hsa04924 Renin secretion[scr:26]; hsa04371 Apelin signaling pathway[scr:25],HP:0500011 Moon facies[scr:136]; HP:0025383 Dorsocervical fat pad[scr:68],Orphanet:189439 Primary pigmented nodular adrenocortical disease (EFO)[scr:29]; H02049 Bilateral macronodular adrenal hyperplasia (KEGG)[scr:13],DB08568 A-674563[scr:9999999]; DB04707 Hydroxyfasudil[scr:462]; DB07876 (S)-2-METHYL-1-[(4-METHYL-5-ISOQUINOLINE)SULFONYL]-HOMOPIPERAZINE[scr:462]; DB08162 Fasudil[scr:346]; DB08756 Y-27632[scr:346]; DB07583 (4R-2S)-5'-(4-(4-CHLOROBENZYLOXY)PYRROLIDIN-2-YLMETHANESULFONYL)ISOQUINOLINE[scr:308]; DB08148 1-[4-(4-chlorophenyl)-1-(7H-pyrrolo[2-3-d]pyrimidin-4-yl)piperidin-4-yl]methanamine[scr:308]; DB08149 1-[4-(4-chlorobenzyl)-1-(7H-pyrrolo[2-3-d]pyrimidin-4-yl)piperidin-4-yl]methanamine[scr:308]; DB07854 N-METHYL-1-[4-(9H-PURIN-6-YL)PHENYL]METHANAMINE[scr:308]; DB07855 (S)-1-PHENYL-1-[4-(9H-PURIN-6-YL)PHENYL]METHANAMINE[scr:308],,CHEMBL402443 [scr:25.26]; CHEMBL501854 [scr:20.21]; CHEMBL290433 [scr:19.19]; CHEMBL349502 [scr:18.94]; CHEMBL505439 [scr:17.83]; CHEMBL284345 [scr:17.83]
PRKACB (P22694),PKIA (P61925),R-HSA-111931 PKA-mediated phosphorylation of CREB[scr:1659]; R-HSA-163358 PKA-mediated phosphorylation of key metabolic factors[scr:1659]; R-HSA-8963896 HDL assembly[scr:1037]; R-HSA-9010642 ROBO receptors bind AKAP5[scr:922]; R-HSA-442720 CREB1 phosphorylation through the activation of Adenylate Cyclase[scr:691]; hsa04270 Vascular smooth muscle contraction[scr:78]; hsa04750 Inflammatory mediator regulation of TRP channels[scr:74]; hsa04923 Regulation of lipolysis in adipocytes[scr:63]; hsa04611 Platelet activation[scr:44]; hsa04140 Autophagy[scr:40]; hsa04914 Progesterone-mediated oocyte maturation[scr:37]; hsa04213 Longevity regulating pathway[scr:31]; hsa04062 Chemokine signaling pathway[scr:29]; hsa04924 Renin secretion[scr:26]; hsa04371 Apelin signaling pathway[scr:25],,,DB08568 A-674563[scr:9999999],,
PRKCH (P24723),,R-HSA-114508 Effects of PIP2 hydrolysis[scr:1508]; hsa04270 Vascular smooth muscle contraction[scr:78]; hsa04750 Inflammatory mediator regulation of TRP channels[scr:74],,EFO:0000712 stroke (EFO)[scr:15],DB08568 A-674563[scr:9999999],,CHEMBL402443 [scr:25.26]; CHEMBL501854 [scr:20.21]; CHEMBL290433 [scr:19.19]; CHEMBL505439 [scr:17.83]; CHEMBL284345 [scr:17.83]
CDK2 (P24941),CDK7 (P50613),hsa04914 Progesterone-mediated oocyte maturation[scr:37],,,DB08568 A-674563[scr:9999999],,CHEMBL349502 [scr:18.94]; CHEMBL505439 [scr:17.83]; CHEMBL555314 [scr:16.84]; CHEMBL349727 [scr:16.84]; CHEMBL365647 [scr:16.84]
AKT1 (P31749),AKT1 (P31749); XAF1 (Q6GPH4); THEM4 (Q5T1C6),R-HSA-199418 Negative regulation of the PI3K/AKT network[scr:1037]; R-HSA-1474151 Tetrahydrobiopterin (BH4) synthesis- recycling- salvage and regulation[scr:829]; hsa04923 Regulation of lipolysis in adipocytes[scr:63]; hsa04611 Platelet activation[scr:44]; hsa04140 Autophagy[scr:40]; hsa04914 Progesterone-mediated oocyte maturation[scr:37]; hsa04213 Longevity regulating pathway[scr:31]; hsa04062 Chemokine signaling pathway[scr:29]; hsa04371 Apelin signaling pathway[scr:25],HP:0007483 Depigmentation/hyperpigmentation of skin[scr:136]; HP:0007403 Hypertrophy of skin of soles[scr:136]; HP:0004472 Mandibular hyperostosis[scr:136]; HP:0010516 Thymus hyperplasia[scr:68]; HP:0010619 Fibroadenoma of the breast[scr:50],Orphanet:744 Proteus syndrome (EFO)[scr:116]; Orphanet:201 Cowden syndrome (EFO)[scr:23]; EFO:0003869 breast neoplasm (EFO)[scr:8]; H02119 Proteus syndrome (KEGG)[scr:118]; H01222 Cowden syndrome (KEGG)[scr:17]; H01556 Meningioma (KEGG)[scr:11]; H01649 Schizophrenia (KEGG)[scr:10],DB08568 A-674563[scr:9999999],,CHEMBL290433 [scr:19.19]; CHEMBL284345 [scr:17.83]
FLT3 (P36888),,,,EFO:0000222 acute myeloid leukemia (EFO)[scr:12]; H00003 Acute myeloid leukemia (KEGG)[scr:13]; H02412 Atypical chronic myeloid leukemia (KEGG)[scr:8],DB08568 A-674563[scr:9999999],,
CLK1 (P49759),CLK2 (P49760); CLASRP (Q8N2M8); SRRM4 (A7MD48); SRSF3 (P84103); SH2B2 (O14492),,,,DB08568 A-674563[scr:9999999],,
CLK2 (P49760),CLK2 (P49760); CLK1 (P49759); CLASRP (Q8N2M8); SRSF3 (P84103); SRRM1 (Q8IYB3); SRRM1 (Q8IYB3); TRIM50 (Q86XT4),,,,DB08568 A-674563[scr:9999999],,
CDK7 (P50613),CDK2 (P24941),,,,DB08568 A-674563[scr:9999999],,CHEMBL402443 [scr:25.26]; CHEMBL501854 [scr:20.21]; CHEMBL290433 [scr:19.19]; CHEMBL505439 [scr:17.83]
PKIA (P61925),PRKACB (P22694),,,,DB08568 A-674563[scr:9999999]; DB04707 Hydroxyfasudil[scr:462]; DB07876 (S)-2-METHYL-1-[(4-METHYL-5-ISOQUINOLINE)SULFONYL]-HOMOPIPERAZINE[scr:462]; DB08162 Fasudil[scr:346]; DB08756 Y-27632[scr:346]; DB07583 (4R-2S)-5'-(4-(4-CHLOROBENZYLOXY)PYRROLIDIN-2-YLMETHANESULFONYL)ISOQUINOLINE[scr:308]; DB08148 1-[4-(4-chlorophenyl)-1-(7H-pyrrolo[2-3-d]pyrimidin-4-yl)piperidin-4-yl]methanamine[scr:308]; DB08149 1-[4-(4-chlorobenzyl)-1-(7H-pyrrolo[2-3-d]pyrimidin-4-yl)piperidin-4-yl]methanamine[scr:308]; DB07854 N-METHYL-1-[4-(9H-PURIN-6-YL)PHENYL]METHANAMINE[scr:308]; DB07855 (S)-1-PHENYL-1-[4-(9H-PURIN-6-YL)PHENYL]METHANAMINE[scr:308],,
PRKCE (Q02156),,R-HSA-114508 Effects of PIP2 hydrolysis[scr:1508]; R-HSA-1489509 DAG and IP3 signaling[scr:1185]; hsa04270 Vascular smooth muscle contraction[scr:78]; hsa04750 Inflammatory mediator regulation of TRP channels[scr:74]; hsa04371 Apelin signaling pathway[scr:25],,,DB08568 A-674563[scr:9999999],,CHEMBL501854 [scr:20.21]; CHEMBL290433 [scr:19.19]; CHEMBL349502 [scr:18.94]; CHEMBL505439 [scr:17.83]; CHEMBL284345 [scr:17.83]; CHEMBL555314 [scr:16.84]; CHEMBL384390 [scr:16.84]
PRKCQ (Q04759),,R-HSA-114508 Effects of PIP2 hydrolysis[scr:1508]; R-HSA-111465 Apoptotic cleavage of cellular proteins[scr:1037]; hsa04270 Vascular smooth muscle contraction[scr:78]; hsa04750 Inflammatory mediator regulation of TRP channels[scr:74]; hsa04140 Autophagy[scr:40],,,DB08568 A-674563[scr:9999999],,CHEMBL290433 [scr:19.19]; CHEMBL284345 [scr:17.83]
PRKCD (Q05655),,R-HSA-114508 Effects of PIP2 hydrolysis[scr:1508]; R-HSA-1489509 DAG and IP3 signaling[scr:1185]; R-HSA-111465 Apoptotic cleavage of cellular proteins[scr:1037]; hsa04270 Vascular smooth muscle contraction[scr:78]; hsa04750 Inflammatory mediator regulation of TRP channels[scr:74]; hsa04140 Autophagy[scr:40]; hsa04062 Chemokine signaling pathway[scr:29],HP:0010619 Fibroadenoma of the breast[scr:50]; HP:0012578 Membranous nephropathy[scr:45],Orphanet:3261 Autoimmune lymphoproliferative syndrome (EFO)[scr:19]; Orphanet:1572 Common variable immunodeficiency (EFO)[scr:10]; H00108 Autoimmune lymphoproliferative syndromes (KEGG)[scr:17],DB08568 A-674563[scr:9999999],,CHEMBL501854 [scr:20.21]; CHEMBL290433 [scr:19.19]; CHEMBL505439 [scr:17.83]
PRKG2 (Q13237),,R-HSA-1474151 Tetrahydrobiopterin (BH4) synthesis- recycling- salvage and regulation[scr:829]; hsa04923 Regulation of lipolysis in adipocytes[scr:63]; hsa04611 Platelet activation[scr:44]; hsa04924 Renin secretion[scr:26],,,DB08568 A-674563[scr:9999999],,
ROCK1 (Q13464),,R-HSA-111465 Apoptotic cleavage of cellular proteins[scr:1037]; hsa04270 Vascular smooth muscle contraction[scr:78]; hsa04611 Platelet activation[scr:44]; hsa04062 Chemokine signaling pathway[scr:29],,,DB08568 A-674563[scr:9999999]; DB04707 Hydroxyfasudil[scr:462]; DB07876 (S)-2-METHYL-1-[(4-METHYL-5-ISOQUINOLINE)SULFONYL]-HOMOPIPERAZINE[scr:462]; DB08162 Fasudil[scr:346]; DB08756 Y-27632[scr:346],,CHEMBL501854 [scr:20.21]; CHEMBL284345 [scr:17.83]
DYRK1A (Q13627),DCAF7 (P61962),,HP:0012171 Stereotypical hand wringing[scr:136],MONDO:0013578 DYRK1A-related intellectual disability syndrome (EFO)[scr:116]; H01552 Down syndrome (KEGG)[scr:30],DB08568 A-674563[scr:9999999],,
AAK1 (Q2M2I8),,,,,DB08568 A-674563[scr:9999999],,
DYRK2 (Q92630),,,,,DB08568 A-674563[scr:9999999],,
CLK4 (Q9HAZ1),SRRM4 (A7MD48),,,,DB08568 A-674563[scr:9999999],,
DYRK1B (Q9Y463),DCAF7 (P61962),,,EFO:0000195 metabolic syndrome (EFO)[scr:116]; H02384 Abdominal obesity-metabolic syndrome (KEGG)[scr:59],DB08568 A-674563[scr:9999999],,
CLASRP (Q8N2M8),CLK1 (P49759); CLK2 (P49760),,,,,,
SRRM4 (A7MD48),CLK1 (P49759); CLK4 (Q9HAZ1); SRRM4 (A7MD48); SRRM1 (Q8IYB3),,,,,,
SRSF3 (P84103),CLK1 (P49759); CLK2 (P49760),,,,,,
XAF1 (Q6GPH4),AKT1 (P31749); TRIM50 (Q86XT4),,,,,,
SH2B2 (O14492),CLK1 (P49759),,,,,,
THEM4 (Q5T1C6),AKT1 (P31749),R-HSA-199418 Negative regulation of the PI3K/AKT network[scr:1037],,,,,
AKIP1 (Q9NQ31),PRKACA (P17612),,,,,,
DCAF7 (P61962),DYRK1A (Q13627); DYRK1B (Q9Y463),,,,,,
SRRM1 (Q8IYB3),CLK2 (P49760); SRRM4 (A7MD48),,,,,,
TRIM50 (Q86XT4),CLK2 (P49760); TRIM50 (Q86XT4); XAF1 (Q6GPH4),,,,,,
