Core Proteins,Interacting Proteins,Pathways,HPO terms,Diseases,Targeting Drugs,Experimental Bioactive Compounds (pChEMBL),Predicted interacting Compounds
GABRA1 (P14867),,R-HSA-977443 GABA receptor activation[scr:16397]; R-HSA-1236394 Signaling by ERBB4[scr:3339]; hsa04727 GABAergic synapse[scr:395]; hsa04742 Taste transduction[scr:193]; hsa04723 Retrograde endocannabinoid signaling[scr:165]; hsa04080 Neuroactive ligand-receptor interaction[scr:71],HP:0030218 Punding[scr:403]; HP:0010848 EEG with spike-wave complexes (2.5-3.5 Hz)[scr:403]; HP:0011147 Typical absence seizure[scr:403]; HP:0011150 Myoclonic absence seizure[scr:345]; HP:0007738 Uncontrolled eye movements[scr:345]; HP:0031469 Low self esteem[scr:242]; HP:0006961 Jerky head movements[scr:242]; HP:0002266 Focal clonic seizure[scr:220]; HP:0031475 Status epilepticus without prominent motor symptoms[scr:220]; HP:0011151 Atypical absence status epilepticus[scr:220],Orphanet:64280 Childhood absence epilepsy (EFO)[scr:514]; Orphanet:33069 Dravet syndrome (EFO)[scr:171]; Orphanet:307 Juvenile myoclonic epilepsy (EFO)[scr:86]; H02215 Childhood absence epilepsy (KEGG)[scr:524]; H02217 Juvenile myoclonic epilepsy (KEGG)[scr:87]; H00808 Idiopathic generalized epilepsies (KEGG)[scr:65]; H00606 Early infantile epileptic encephalopathy (KEGG)[scr:9],DB13872 Lormetazepam[scr:9999999]; DB00603 Medroxyprogesterone acetate[scr:8516]; DB00395 Carisoprodol[scr:3634]; DB01215 Estazolam[scr:3586]; DB01589 Quazepam[scr:3586]; DB01588 Prazepam[scr:3586]; DB00842 Oxazepam[scr:3586]; DB00801 Halazepam[scr:3586]; DB00404 Alprazolam[scr:3449]; DB00371 Meprobamate[scr:3449],,
GABRG2 (P18507),NOVA1 (P51513); GABARAP (O95166),R-HSA-977443 GABA receptor activation[scr:16397]; R-HSA-1236394 Signaling by ERBB4[scr:3339]; hsa04727 GABAergic synapse[scr:395]; hsa04723 Retrograde endocannabinoid signaling[scr:165]; hsa04080 Neuroactive ligand-receptor interaction[scr:71],HP:0030218 Punding[scr:403]; HP:0010848 EEG with spike-wave complexes (2.5-3.5 Hz)[scr:403]; HP:0011147 Typical absence seizure[scr:403]; HP:0011150 Myoclonic absence seizure[scr:345]; HP:0007738 Uncontrolled eye movements[scr:345]; HP:0031469 Low self esteem[scr:242]; HP:0006961 Jerky head movements[scr:242]; HP:0002266 Focal clonic seizure[scr:220]; HP:0031475 Status epilepticus without prominent motor symptoms[scr:220]; HP:0011151 Atypical absence status epilepticus[scr:220],Orphanet:64280 Childhood absence epilepsy (EFO)[scr:514]; Orphanet:1934 Early infantile epileptic encephalopathy (EFO)[scr:93]; Orphanet:36387 Generalized epilepsy with febrile seizures-plus (EFO)[scr:86]; H02215 Childhood absence epilepsy (KEGG)[scr:524]; H00783 Febrile seizures (KEGG)[scr:65],DB13872 Lormetazepam[scr:9999999]; DB00603 Medroxyprogesterone acetate[scr:8516]; DB00395 Carisoprodol[scr:3634]; DB01215 Estazolam[scr:3586]; DB01589 Quazepam[scr:3586]; DB01588 Prazepam[scr:3586]; DB00842 Oxazepam[scr:3586]; DB00801 Halazepam[scr:3586]; DB00404 Alprazolam[scr:3449]; DB00371 Meprobamate[scr:3449],,
GABRA5 (P31644),,R-HSA-977443 GABA receptor activation[scr:16397]; hsa04727 GABAergic synapse[scr:395]; hsa04742 Taste transduction[scr:193]; hsa04723 Retrograde endocannabinoid signaling[scr:165]; hsa04080 Neuroactive ligand-receptor interaction[scr:71],,Orphanet:1934 Early infantile epileptic encephalopathy (EFO)[scr:93],DB13872 Lormetazepam[scr:9999999]; DB00603 Medroxyprogesterone acetate[scr:8516]; DB00395 Carisoprodol[scr:3634]; DB01215 Estazolam[scr:3586]; DB01589 Quazepam[scr:3586]; DB01588 Prazepam[scr:3586]; DB00842 Oxazepam[scr:3586]; DB00801 Halazepam[scr:3586]; DB00404 Alprazolam[scr:3449]; DB00371 Meprobamate[scr:3449],,CHEMBL1808464 [scr:27.12]; CHEMBL1795619 [scr:24.86]; CHEMBL529217 [scr:21.31]; CHEMBL166390 [scr:19.89]; CHEMBL1807964 [scr:18.64]; CHEMBL1808620 [scr:18.64]; CHEMBL60142 [scr:17.55]; CHEMBL429680 [scr:15.7]; CHEMBL522866 [scr:14.2]
GABRA3 (P34903),,R-HSA-977443 GABA receptor activation[scr:16397]; hsa04727 GABAergic synapse[scr:395]; hsa04742 Taste transduction[scr:193]; hsa04723 Retrograde endocannabinoid signaling[scr:165]; hsa04080 Neuroactive ligand-receptor interaction[scr:71],,,DB13872 Lormetazepam[scr:9999999]; DB00603 Medroxyprogesterone acetate[scr:8516]; DB00395 Carisoprodol[scr:3634]; DB01215 Estazolam[scr:3586]; DB01589 Quazepam[scr:3586]; DB01588 Prazepam[scr:3586]; DB00842 Oxazepam[scr:3586]; DB00801 Halazepam[scr:3586]; DB00404 Alprazolam[scr:3449]; DB00371 Meprobamate[scr:3449],,
GABRA2 (P47869),,R-HSA-977443 GABA receptor activation[scr:16397]; hsa04727 GABAergic synapse[scr:395]; hsa04742 Taste transduction[scr:193]; hsa04723 Retrograde endocannabinoid signaling[scr:165]; hsa04080 Neuroactive ligand-receptor interaction[scr:71],,EFO:0003829 alcohol dependence (EFO)[scr:103]; Orphanet:1934 Early infantile epileptic encephalopathy (EFO)[scr:93]; H01611 Alcohol dependence (KEGG)[scr:65],DB13872 Lormetazepam[scr:9999999]; DB00603 Medroxyprogesterone acetate[scr:8516]; DB01215 Estazolam[scr:3586]; DB01589 Quazepam[scr:3586]; DB01588 Prazepam[scr:3586]; DB00842 Oxazepam[scr:3586]; DB00801 Halazepam[scr:3586]; DB00404 Alprazolam[scr:3449]; DB00371 Meprobamate[scr:3449],,CHEMBL1808464 [scr:27.12]; CHEMBL529217 [scr:21.31]; CHEMBL166390 [scr:19.89]; CHEMBL60142 [scr:17.55]; CHEMBL429680 [scr:15.7]; CHEMBL1808413 [scr:14.91]; CHEMBL522866 [scr:14.2]
NOVA1 (P51513),GABRG2 (P18507),,,,,,
GABARAP (O95166),GABRG2 (P18507),R-HSA-8854214 TBC/RABGAPs[scr:209]; R-HSA-1632852 Macroautophagy[scr:135]; hsa04727 GABAergic synapse[scr:395]; hsa04136 Autophagy[scr:31]; hsa04137 Mitophagy[scr:15]; hsa04068 FoxO signaling pathway[scr:8]; hsa04140 Autophagy[scr:7]; hsa04371 Apelin signaling pathway[scr:7]; hsa04621 NOD-like receptor signaling pathway[scr:5],,,,,
