{"options":{"search_start":1613056176,"tax_ids":[9606],"num_of_fn_nodes":10,"num_of_pathways":10,"num_of_phenotypes":10,"num_of_drugs":10,"num_of_diseases":10,"num_of_compounds":10,"chembl_compounds":0,"predictions":1,"reviewed_filter":1,"fn":1,"chembl":1,"search_finish":1613056183,"search_runtime":7},"search":[{"Drug":[{"DB02559":"6-(Octahydro-1h-Indol-1-Ylmethyl)Decahydroquinazoline-2,4-Diamine"}]}],"nodes":[{"data":{"id":"P00374","display_name":"DHFR","Node_Type":"Protein"}},{"data":{"id":"Orphanet:319651","display_name":"Constitutional megaloblastic anemia with severe neurologic disease","Node_Type":"Disease","enrichScore":3601}},{"data":{"id":"DB02559","display_name":"6-(Octahydro-1h-Indol-1-Ylmethyl)Decahydroquinazoline-2,4-Diamine","Node_Type":"Drug","enrichScore":9999999}},{"data":{"id":"DB08642","display_name":"(2R,6S)-6-{[methyl(3,4,5-trimethoxyphenyl)amino]methyl}-1,2,5,6,7,8-hexahydroquinazoline-2,4-diamine","Node_Type":"Drug","enrichScore":4769}},{"data":{"id":"DB03060","display_name":"Sri-9662","Node_Type":"Drug","enrichScore":4769}},{"data":{"id":"DB08448","display_name":"(4aS)-5-[(2,4-diaminopteridin-6-yl)methyl]-4a,5-dihydro-2H-dibenzo[b,f]azepin-8-ol","Node_Type":"Drug","enrichScore":4769}},{"data":{"id":"DB08406","display_name":"[N-(2,4-DIAMINOPTERIDIN-6-YL)-METHYL]-DIBENZ[B,F]AZEPINE","Node_Type":"Drug","enrichScore":4769}},{"data":{"id":"DB07144","display_name":"5-[(3R)-3-(5-methoxy-2',6'-dimethylbiphenyl-3-yl)but-1-yn-1-yl]-6-methylpyrimidine-2,4-diamine","Node_Type":"Drug","enrichScore":4769}},{"data":{"id":"DB07142","display_name":"5-[(3R)-3-(5-methoxy-3',5'-dimethylbiphenyl-3-yl)but-1-yn-1-yl]-6-methylpyrimidine-2,4-diamine","Node_Type":"Drug","enrichScore":4769}},{"data":{"id":"DB07141","display_name":"5-[(3R)-3-(5-methoxy-4'-methylbiphenyl-3-yl)but-1-yn-1-yl]-6-methylpyrimidine-2,4-diamine","Node_Type":"Drug","enrichScore":4769}},{"data":{"id":"DB07140","display_name":"5-[(3R)-3-(5-methoxybiphenyl-3-yl)but-1-yn-1-yl]-6-methylpyrimidine-2,4-diamine","Node_Type":"Drug","enrichScore":4769}},{"data":{"id":"DB06358","display_name":"Iclaprim","Node_Type":"Drug","enrichScore":4769}},{"data":{"id":"R-HSA-1474151","display_name":"Tetrahydrobiopterin (BH4) synthesis, recycling, salvage and regulation","Node_Type":"Pathway","enrichScore":6427.5}},{"data":{"id":"R-HSA-196757","display_name":"Metabolism of folate and pterines","Node_Type":"Pathway","enrichScore":3780.882}},{"data":{"id":"R-HSA-69205","display_name":"G1\/S-Specific Transcription","Node_Type":"Pathway","enrichScore":0}},{"data":{"id":"HP:0025097","display_name":"Eyelid myoclonus","Node_Type":"HPO","enrichScore":1410.333}},{"data":{"id":"HP:0001889","display_name":"Megaloblastic anemia","Node_Type":"HPO","enrichScore":235.056}},{"data":{"id":"HP:0001972","display_name":"Macrocytic anemia","Node_Type":"HPO","enrichScore":82.961}},{"data":{"id":"HP:0001876","display_name":"Pancytopenia","Node_Type":"HPO","enrichScore":46.495}},{"data":{"id":"HP:0002121","display_name":"Generalized non-motor (absence) seizure","Node_Type":"HPO","enrichScore":42.737}},{"data":{"id":"HP:0000980","display_name":"Pallor","Node_Type":"HPO","enrichScore":33.579}},{"data":{"id":"HP:0005484","display_name":"Postnatal microcephaly","Node_Type":"HPO","enrichScore":33.315}},{"data":{"id":"HP:0012448","display_name":"Delayed myelination","Node_Type":"HPO","enrichScore":32.798}},{"data":{"id":"HP:0012145","display_name":"Abnormality of multiple cell lineages in the bone marrow","Node_Type":"HPO","enrichScore":32.053}},{"data":{"id":"HP:0010972","display_name":"Anemia of inadequate production","Node_Type":"HPO","enrichScore":31.11}},{"data":{"id":"hsa00670","display_name":"One carbon pool by folate","Node_Type":"kegg_Pathway","enrichScore":359.895}},{"data":{"id":"hsa00790","display_name":"Folate biosynthesis","Node_Type":"kegg_Pathway","enrichScore":263}},{"data":{"id":"hsa01100","display_name":"Metabolic pathways","Node_Type":"kegg_Pathway","enrichScore":4.623}},{"data":{"id":"H01197","display_name":"Dihydrofolate reductase deficiency","Node_Type":"kegg_Disease","enrichScore":3667}}],"edges":[{"data":{"source":"HP:0025097","target":"Orphanet:319651","Edge_Type":"hpodis","label":"is associated w\/"}},{"data":{"source":"HP:0001889","target":"Orphanet:319651","Edge_Type":"hpodis","label":"is associated w\/"}},{"data":{"source":"HP:0001972","target":"Orphanet:319651","Edge_Type":"hpodis","label":"is associated w\/"}},{"data":{"source":"HP:0001876","target":"Orphanet:319651","Edge_Type":"hpodis","label":"is associated w\/"}},{"data":{"source":"HP:0002121","target":"Orphanet:319651","Edge_Type":"hpodis","label":"is associated w\/"}},{"data":{"source":"HP:0000980","target":"Orphanet:319651","Edge_Type":"hpodis","label":"is associated w\/"}},{"data":{"source":"HP:0005484","target":"Orphanet:319651","Edge_Type":"hpodis","label":"is associated w\/"}},{"data":{"source":"HP:0012448","target":"Orphanet:319651","Edge_Type":"hpodis","label":"is associated w\/"}},{"data":{"source":"HP:0012145","target":"Orphanet:319651","Edge_Type":"hpodis","label":"is associated w\/"}},{"data":{"source":"HP:0010972","target":"Orphanet:319651","Edge_Type":"hpodis","label":"is associated w\/"}},{"data":{"source":"P00374","target":"Orphanet:319651","Edge_Type":"Disease","label":"is related to"}},{"data":{"source":"P00374","target":"DB02559","Edge_Type":"Drug","label":"targets"}},{"data":{"source":"P00374","target":"DB08642","Edge_Type":"Drug","label":"targets"}},{"data":{"source":"P00374","target":"DB03060","Edge_Type":"Drug","label":"targets"}},{"data":{"source":"P00374","target":"DB08448","Edge_Type":"Drug","label":"targets"}},{"data":{"source":"P00374","target":"DB08406","Edge_Type":"Drug","label":"targets"}},{"data":{"source":"P00374","target":"DB07144","Edge_Type":"Drug","label":"targets"}},{"data":{"source":"P00374","target":"DB07142","Edge_Type":"Drug","label":"targets"}},{"data":{"source":"P00374","target":"DB07141","Edge_Type":"Drug","label":"targets"}},{"data":{"source":"P00374","target":"DB07140","Edge_Type":"Drug","label":"targets"}},{"data":{"source":"P00374","target":"DB06358","Edge_Type":"Drug","label":"targets"}},{"data":{"source":"P00374","target":"R-HSA-1474151","Edge_Type":"Pathway","label":"is involved in"}},{"data":{"source":"P00374","target":"R-HSA-196757","Edge_Type":"Pathway","label":"is involved in"}},{"data":{"source":"P00374","target":"R-HSA-69205","Edge_Type":"Pathway","label":"is involved in"}},{"data":{"source":"P00374","target":"HP:0025097","Edge_Type":"HPO","label":"is associated w\/"}},{"data":{"source":"P00374","target":"HP:0001889","Edge_Type":"HPO","label":"is associated w\/"}},{"data":{"source":"P00374","target":"HP:0001972","Edge_Type":"HPO","label":"is associated w\/"}},{"data":{"source":"P00374","target":"HP:0001876","Edge_Type":"HPO","label":"is associated w\/"}},{"data":{"source":"P00374","target":"HP:0002121","Edge_Type":"HPO","label":"is associated w\/"}},{"data":{"source":"P00374","target":"HP:0000980","Edge_Type":"HPO","label":"is associated w\/"}},{"data":{"source":"P00374","target":"HP:0005484","Edge_Type":"HPO","label":"is associated w\/"}},{"data":{"source":"P00374","target":"HP:0012448","Edge_Type":"HPO","label":"is associated w\/"}},{"data":{"source":"P00374","target":"HP:0012145","Edge_Type":"HPO","label":"is associated w\/"}},{"data":{"source":"P00374","target":"HP:0010972","Edge_Type":"HPO","label":"is associated w\/"}},{"data":{"source":"H01197","target":"hsa00670","Edge_Type":"kegg_dis_path","label":"modulates"}},{"data":{"source":"H01197","target":"hsa00790","Edge_Type":"kegg_dis_path","label":"modulates"}},{"data":{"source":"P00374","target":"hsa00670","Edge_Type":"kegg_path_prot","label":"is involved in"}},{"data":{"source":"P00374","target":"hsa00790","Edge_Type":"kegg_path_prot","label":"is involved in"}},{"data":{"source":"P00374","target":"hsa01100","Edge_Type":"kegg_path_prot","label":"is involved in"}},{"data":{"source":"P00374","target":"H01197","Edge_Type":"kegg_dis_prot","label":"is related to"}}]}