{"options":{"search_start":1613056860,"tax_ids":[9606],"num_of_fn_nodes":10,"num_of_pathways":10,"num_of_phenotypes":10,"num_of_drugs":10,"num_of_diseases":10,"num_of_compounds":10,"chembl_compounds":0,"predictions":1,"reviewed_filter":1,"fn":1,"chembl":1,"search_finish":1613056870,"search_runtime":10},"search":[{"Drug":[{"DB02557":"Phosphoramidon"}]}],"nodes":[{"data":{"id":"P08473","display_name":"MME","Node_Type":"Protein"}},{"data":{"id":"P23276","display_name":"KEL","Node_Type":"Protein"}},{"data":{"id":"P42892","display_name":"ECE1","Node_Type":"Protein"}},{"data":{"id":"P21926","display_name":"CD9","Node_Type":"Protein_N"}},{"data":{"id":"Q8IYS1","display_name":"PM20D2","Node_Type":"Protein_N"}},{"data":{"id":"P01031","display_name":"C5","Node_Type":"Protein_N"}},{"data":{"id":"Q5BVD1","display_name":"TTMP","Node_Type":"Protein_N"}},{"data":{"id":"Q8N6F1","display_name":"CLDN19","Node_Type":"Protein_N"}},{"data":{"id":"Q15848","display_name":"ADIPOQ","Node_Type":"Protein_N"}},{"data":{"id":"P49760","display_name":"CLK2","Node_Type":"Protein_N"}},{"data":{"id":"P04792","display_name":"HSPB1","Node_Type":"Protein_N"}},{"data":{"id":"A8MQ03","display_name":"CYSRT1","Node_Type":"Protein_N"}},{"data":{"id":"P60370","display_name":"KRTAP10-5","Node_Type":"Protein_N"}},{"data":{"id":"EFO:0009060","display_name":"Spinocerebellar ataxia type 43","Node_Type":"Disease","enrichScore":277}},{"data":{"id":"EFO:0009162","display_name":"charcot-marie-tooth disease, axonal, type 2t","Node_Type":"Disease","enrichScore":277}},{"data":{"id":"Orphanet:2196","display_name":"Familial primary hypomagnesemia with hypercalciuria and nephrocalcinosis with severe ocular involvement","Node_Type":"Disease","enrichScore":277}},{"data":{"id":"Orphanet:99940","display_name":"Autosomal dominant Charcot-Marie-Tooth disease type 2F","Node_Type":"Disease","enrichScore":277}},{"data":{"id":"Orphanet:139525","display_name":"Distal hereditary motor neuropathy type 2","Node_Type":"Disease","enrichScore":55.4}},{"data":{"id":"Orphanet:388","display_name":"Hirschsprung disease","Node_Type":"Disease","enrichScore":55.4}},{"data":{"id":"Orphanet:99","display_name":"Autosomal dominant cerebellar ataxia","Node_Type":"Disease","enrichScore":55.4}},{"data":{"id":"Orphanet:169150","display_name":"Immunodeficiency due to a late component of complements deficiency","Node_Type":"Disease","enrichScore":46.167}},{"data":{"id":"EFO:0001360","display_name":"type II diabetes mellitus","Node_Type":"Disease","enrichScore":10.259}},{"data":{"id":"MONDO:0014330","display_name":"obsolete eculizumab, poor response to","Node_Type":"Disease","enrichScore":0}},{"data":{"id":"DB02557","display_name":"Phosphoramidon","Node_Type":"Drug","enrichScore":9999999}},{"data":{"id":"DB07171","display_name":"5-(2-hydroxyethyl)nonane-1,9-diol","Node_Type":"Drug","enrichScore":366.846}},{"data":{"id":"DB09292","display_name":"Sacubitril","Node_Type":"Drug","enrichScore":366.846}},{"data":{"id":"DB01257","display_name":"Eculizumab","Node_Type":"Drug","enrichScore":366.846}},{"data":{"id":"DB11623","display_name":"Candoxatrilat","Node_Type":"Drug","enrichScore":366.846}},{"data":{"id":"DB02558","display_name":"N-(3-Phenyl-2-Sulfanylpropanoyl)Phenylalanylalanine","Node_Type":"Drug","enrichScore":366.846}},{"data":{"id":"DB05796","display_name":"Daglutril","Node_Type":"Drug","enrichScore":366.846}},{"data":{"id":"DB06094","display_name":"Apatorsen","Node_Type":"Drug","enrichScore":366.846}},{"data":{"id":"DB08575","display_name":"2-[(1S)-1-BENZYL-2-SULFANYLETHYL]-1H-IMIDAZO[4,5-C]PYRIDIN-5-IUM","Node_Type":"Drug","enrichScore":366.846}},{"data":{"id":"DB08626","display_name":"Thiorphan","Node_Type":"Drug","enrichScore":366.846}},{"data":{"id":"R-HSA-1300645","display_name":"Acrosome Reaction and Sperm:Oocyte Membrane Binding","Node_Type":"Pathway","enrichScore":4944.231}},{"data":{"id":"R-HSA-5336415","display_name":"Uptake and function of diphtheria toxin","Node_Type":"Pathway","enrichScore":824.038}},{"data":{"id":"R-HSA-174577","display_name":"Activation of C3 and C5","Node_Type":"Pathway","enrichScore":706.319}},{"data":{"id":"R-HSA-166665","display_name":"Terminal pathway of complement","Node_Type":"Pathway","enrichScore":618.029}},{"data":{"id":"R-HSA-163680","display_name":"AMPK inhibits chREBP transcriptional activation activity","Node_Type":"Pathway","enrichScore":618.029}},{"data":{"id":"R-HSA-375276","display_name":"Peptide ligand-binding receptors","Node_Type":"Pathway","enrichScore":419.793}},{"data":{"id":"R-HSA-2022377","display_name":"Metabolism of Angiotensinogen to Angiotensins","Node_Type":"Pathway","enrichScore":274.679}},{"data":{"id":"R-HSA-420029","display_name":"Tight junction interactions","Node_Type":"Pathway","enrichScore":164.808}},{"data":{"id":"R-HSA-450408","display_name":"AUF1 (hnRNP D0) binds and destabilizes mRNA","Node_Type":"Pathway","enrichScore":89.895}},{"data":{"id":"R-HSA-4420097","display_name":"VEGFA-VEGFR2 Pathway","Node_Type":"Pathway","enrichScore":79.746}},{"data":{"id":"HP:0009626","display_name":"Contractures of the interphalangeal joint of the thumb","Node_Type":"HPO","enrichScore":325.462}},{"data":{"id":"HP:0007569","display_name":"Generalized seborrheic dermatitis","Node_Type":"HPO","enrichScore":325.462}},{"data":{"id":"HP:0006946","display_name":"Recurrent meningitis","Node_Type":"HPO","enrichScore":108.487}},{"data":{"id":"HP:0012637","display_name":"Renal calcium wasting","Node_Type":"HPO","enrichScore":108.487}},{"data":{"id":"HP:0009600","display_name":"Flexion contracture of thumb","Node_Type":"HPO","enrichScore":108.487}},{"data":{"id":"HP:0001116","display_name":"Macular coloboma","Node_Type":"HPO","enrichScore":81.365}},{"data":{"id":"HP:0002601","display_name":"Paresis of extensor muscles of the big toe","Node_Type":"HPO","enrichScore":81.365}},{"data":{"id":"HP:0007289","display_name":"Limb fasciculations","Node_Type":"HPO","enrichScore":65.092}},{"data":{"id":"HP:0007267","display_name":"Chronic axonal neuropathy","Node_Type":"HPO","enrichScore":65.092}},{"data":{"id":"HP:0002041","display_name":"Intractable diarrhea","Node_Type":"HPO","enrichScore":54.244}},{"data":{"id":"hsa04614","display_name":"Renin-angiotensin system","Node_Type":"kegg_Pathway","enrichScore":22.87}},{"data":{"id":"hsa04640","display_name":"Hematopoietic cell lineage","Node_Type":"kegg_Pathway","enrichScore":21.917}},{"data":{"id":"hsa04370","display_name":"VEGF signaling pathway","Node_Type":"kegg_Pathway","enrichScore":8.915}},{"data":{"id":"hsa04920","display_name":"Adipocytokine signaling pathway","Node_Type":"kegg_Pathway","enrichScore":7.623}},{"data":{"id":"hsa03320","display_name":"PPAR signaling pathway","Node_Type":"kegg_Pathway","enrichScore":7.013}},{"data":{"id":"hsa04610","display_name":"Complement and coagulation cascades","Node_Type":"kegg_Pathway","enrichScore":6.116}},{"data":{"id":"hsa04211","display_name":"Longevity regulating pathway","Node_Type":"kegg_Pathway","enrichScore":5.91}},{"data":{"id":"hsa04974","display_name":"Protein digestion and absorption","Node_Type":"kegg_Pathway","enrichScore":5.537}},{"data":{"id":"hsa04670","display_name":"Leukocyte transendothelial migration","Node_Type":"kegg_Pathway","enrichScore":4.696}},{"data":{"id":"hsa04152","display_name":"AMPK signaling pathway","Node_Type":"kegg_Pathway","enrichScore":4.383}},{"data":{"id":"H00967","display_name":"Adiponectin deficiency","Node_Type":"kegg_Disease","enrichScore":282.077}},{"data":{"id":"H01210","display_name":"Hypomagnesemia","Node_Type":"kegg_Disease","enrichScore":47.013}},{"data":{"id":"H00103","display_name":"Late complement pathway defects","Node_Type":"kegg_Disease","enrichScore":40.297}},{"data":{"id":"H00856","display_name":"Distal hereditary motor neuropathies","Node_Type":"kegg_Disease","enrichScore":18.805}},{"data":{"id":"H00063","display_name":"Spinocerebellar ataxia (SCA)","Node_Type":"kegg_Disease","enrichScore":8.815}},{"data":{"id":"H00264","display_name":"Charcot-Marie-Tooth disease","Node_Type":"kegg_Disease","enrichScore":5.757}}],"edges":[{"data":{"source":"P21926","target":"P08473","Edge_Type":"PPI","label":"interacts w\/"}},{"data":{"source":"Q8IYS1","target":"P23276","Edge_Type":"PPI","label":"interacts w\/"}},{"data":{"source":"Q8IYS1","target":"Q8IYS1","Edge_Type":"PPI","label":"interacts w\/"}},{"data":{"source":"P01031","target":"P23276","Edge_Type":"PPI","label":"interacts w\/"}},{"data":{"source":"Q5BVD1","target":"P23276","Edge_Type":"PPI","label":"interacts w\/"}},{"data":{"source":"Q8N6F1","target":"P23276","Edge_Type":"PPI","label":"interacts w\/"}},{"data":{"source":"Q8N6F1","target":"A8MQ03","Edge_Type":"PPI","label":"interacts w\/"}},{"data":{"source":"Q15848","target":"P23276","Edge_Type":"PPI","label":"interacts w\/"}},{"data":{"source":"P49760","target":"P42892","Edge_Type":"PPI","label":"interacts w\/"}},{"data":{"source":"P49760","target":"P49760","Edge_Type":"PPI","label":"interacts w\/"}},{"data":{"source":"P04792","target":"P08473","Edge_Type":"PPI","label":"interacts w\/"}},{"data":{"source":"P04792","target":"P04792","Edge_Type":"PPI","label":"interacts w\/"}},{"data":{"source":"A8MQ03","target":"P42892","Edge_Type":"PPI","label":"interacts w\/"}},{"data":{"source":"A8MQ03","target":"A8MQ03","Edge_Type":"PPI","label":"interacts w\/"}},{"data":{"source":"P60370","target":"P42892","Edge_Type":"PPI","label":"interacts w\/"}},{"data":{"source":"P60370","target":"P60370","Edge_Type":"PPI","label":"interacts w\/"}},{"data":{"source":"P60370","target":"A8MQ03","Edge_Type":"PPI","label":"interacts w\/"}},{"data":{"source":"HP:0009626","target":"Orphanet:388","Edge_Type":"hpodis","label":"is associated w\/"}},{"data":{"source":"HP:0007569","target":"Orphanet:169150","Edge_Type":"hpodis","label":"is associated w\/"}},{"data":{"source":"HP:0006946","target":"Orphanet:169150","Edge_Type":"hpodis","label":"is associated w\/"}},{"data":{"source":"HP:0012637","target":"Orphanet:2196","Edge_Type":"hpodis","label":"is associated w\/"}},{"data":{"source":"HP:0009600","target":"Orphanet:388","Edge_Type":"hpodis","label":"is associated w\/"}},{"data":{"source":"HP:0001116","target":"Orphanet:2196","Edge_Type":"hpodis","label":"is associated w\/"}},{"data":{"source":"HP:0001116","target":"Orphanet:2196","Edge_Type":"hpodis","label":"is associated w\/"}},{"data":{"source":"HP:0002601","target":"Orphanet:139525","Edge_Type":"hpodis","label":"is associated w\/"}},{"data":{"source":"HP:0002601","target":"Orphanet:139525","Edge_Type":"hpodis","label":"is associated w\/"}},{"data":{"source":"HP:0007289","target":"Orphanet:99940","Edge_Type":"hpodis","label":"is associated w\/"}},{"data":{"source":"HP:0007267","target":"Orphanet:99940","Edge_Type":"hpodis","label":"is associated w\/"}},{"data":{"source":"HP:0002041","target":"Orphanet:169150","Edge_Type":"hpodis","label":"is associated w\/"}},{"data":{"source":"P08473","target":"EFO:0009060","Edge_Type":"Disease","label":"is related to"}},{"data":{"source":"P08473","target":"EFO:0009162","Edge_Type":"Disease","label":"is related to"}},{"data":{"source":"Q8N6F1","target":"Orphanet:2196","Edge_Type":"Disease","label":"is related to"}},{"data":{"source":"P04792","target":"Orphanet:99940","Edge_Type":"Disease","label":"is related to"}},{"data":{"source":"P04792","target":"Orphanet:139525","Edge_Type":"Disease","label":"is related to"}},{"data":{"source":"P42892","target":"Orphanet:388","Edge_Type":"Disease","label":"is related to"}},{"data":{"source":"P08473","target":"Orphanet:99","Edge_Type":"Disease","label":"is related to"}},{"data":{"source":"P01031","target":"Orphanet:169150","Edge_Type":"Disease","label":"is related to"}},{"data":{"source":"Q15848","target":"EFO:0001360","Edge_Type":"Disease","label":"is related to"}},{"data":{"source":"P01031","target":"MONDO:0014330","Edge_Type":"Disease","label":"is related to"}},{"data":{"source":"P08473","target":"DB02557","Edge_Type":"Drug","label":"targets"}},{"data":{"source":"P23276","target":"DB02557","Edge_Type":"Drug","label":"targets"}},{"data":{"source":"P42892","target":"DB02557","Edge_Type":"Chembl","label":"targets","pchembl_value":6.1}},{"data":{"source":"P42892","target":"DB07171","Edge_Type":"Drug","label":"targets"}},{"data":{"source":"P08473","target":"DB09292","Edge_Type":"Drug","label":"targets"}},{"data":{"source":"P01031","target":"DB01257","Edge_Type":"Drug","label":"targets"}},{"data":{"source":"P08473","target":"DB11623","Edge_Type":"Drug","label":"targets"}},{"data":{"source":"P08473","target":"DB02558","Edge_Type":"Drug","label":"targets"}},{"data":{"source":"P08473","target":"DB05796","Edge_Type":"Drug","label":"targets"}},{"data":{"source":"P04792","target":"DB06094","Edge_Type":"Drug","label":"targets"}},{"data":{"source":"P08473","target":"DB08575","Edge_Type":"Drug","label":"targets"}},{"data":{"source":"P08473","target":"DB08626","Edge_Type":"Drug","label":"targets"}},{"data":{"source":"P21926","target":"R-HSA-1300645","Edge_Type":"Pathway","label":"is involved in"}},{"data":{"source":"P21926","target":"R-HSA-5336415","Edge_Type":"Pathway","label":"is involved in"}},{"data":{"source":"P01031","target":"R-HSA-174577","Edge_Type":"Pathway","label":"is involved in"}},{"data":{"source":"P01031","target":"R-HSA-166665","Edge_Type":"Pathway","label":"is involved in"}},{"data":{"source":"Q15848","target":"R-HSA-163680","Edge_Type":"Pathway","label":"is involved in"}},{"data":{"source":"P23276","target":"R-HSA-375276","Edge_Type":"Pathway","label":"is involved in"}},{"data":{"source":"P42892","target":"R-HSA-375276","Edge_Type":"Pathway","label":"is involved in"}},{"data":{"source":"P01031","target":"R-HSA-375276","Edge_Type":"Pathway","label":"is involved in"}},{"data":{"source":"P08473","target":"R-HSA-2022377","Edge_Type":"Pathway","label":"is involved in"}},{"data":{"source":"Q8N6F1","target":"R-HSA-420029","Edge_Type":"Pathway","label":"is involved in"}},{"data":{"source":"P04792","target":"R-HSA-450408","Edge_Type":"Pathway","label":"is involved in"}},{"data":{"source":"P04792","target":"R-HSA-4420097","Edge_Type":"Pathway","label":"is involved in"}},{"data":{"source":"P42892","target":"HP:0009626","Edge_Type":"HPO","label":"is associated w\/"}},{"data":{"source":"P01031","target":"HP:0007569","Edge_Type":"HPO","label":"is associated w\/"}},{"data":{"source":"P01031","target":"HP:0006946","Edge_Type":"HPO","label":"is associated w\/"}},{"data":{"source":"Q8N6F1","target":"HP:0012637","Edge_Type":"HPO","label":"is associated w\/"}},{"data":{"source":"P42892","target":"HP:0009600","Edge_Type":"HPO","label":"is associated w\/"}},{"data":{"source":"Q8N6F1","target":"HP:0001116","Edge_Type":"HPO","label":"is associated w\/"}},{"data":{"source":"P04792","target":"HP:0002601","Edge_Type":"HPO","label":"is associated w\/"}},{"data":{"source":"P04792","target":"HP:0007289","Edge_Type":"HPO","label":"is associated w\/"}},{"data":{"source":"P04792","target":"HP:0007267","Edge_Type":"HPO","label":"is associated w\/"}},{"data":{"source":"P01031","target":"HP:0002041","Edge_Type":"HPO","label":"is associated w\/"}},{"data":{"source":"H00967","target":"hsa03320","Edge_Type":"kegg_dis_path","label":"modulates"}},{"data":{"source":"H00967","target":"hsa04920","Edge_Type":"kegg_dis_path","label":"modulates"}},{"data":{"source":"H00103","target":"hsa04610","Edge_Type":"kegg_dis_path","label":"modulates"}},{"data":{"source":"P08473","target":"hsa04614","Edge_Type":"kegg_path_prot","label":"is involved in"}},{"data":{"source":"P08473","target":"hsa04640","Edge_Type":"kegg_path_prot","label":"is involved in"}},{"data":{"source":"P21926","target":"hsa04640","Edge_Type":"kegg_path_prot","label":"is involved in"}},{"data":{"source":"P04792","target":"hsa04370","Edge_Type":"kegg_path_prot","label":"is involved in"}},{"data":{"source":"Q15848","target":"hsa04920","Edge_Type":"kegg_path_prot","label":"is involved in"}},{"data":{"source":"Q15848","target":"hsa03320","Edge_Type":"kegg_path_prot","label":"is involved in"}},{"data":{"source":"P01031","target":"hsa04610","Edge_Type":"kegg_path_prot","label":"is involved in"}},{"data":{"source":"Q15848","target":"hsa04211","Edge_Type":"kegg_path_prot","label":"is involved in"}},{"data":{"source":"P08473","target":"hsa04974","Edge_Type":"kegg_path_prot","label":"is involved in"}},{"data":{"source":"Q8N6F1","target":"hsa04670","Edge_Type":"kegg_path_prot","label":"is involved in"}},{"data":{"source":"Q15848","target":"hsa04152","Edge_Type":"kegg_path_prot","label":"is involved in"}},{"data":{"source":"Q15848","target":"H00967","Edge_Type":"kegg_dis_prot","label":"is related to"}},{"data":{"source":"Q8N6F1","target":"H01210","Edge_Type":"kegg_dis_prot","label":"is related to"}},{"data":{"source":"P01031","target":"H00103","Edge_Type":"kegg_dis_prot","label":"is related to"}},{"data":{"source":"P04792","target":"H00856","Edge_Type":"kegg_dis_prot","label":"is related to"}},{"data":{"source":"P08473","target":"H00063","Edge_Type":"kegg_dis_prot","label":"is related to"}},{"data":{"source":"P08473","target":"H00264","Edge_Type":"kegg_dis_prot","label":"is related to"}}]}