Core Proteins,Interacting Proteins,Pathways,HPO terms,Diseases,Targeting Drugs,Experimental Bioactive Compounds (pChEMBL),Predicted interacting Compounds
F2 (P00734),THBD (P07204),R-HSA-140875 Common Pathway of Fibrin Clot Formation[scr:899]; R-HSA-159763 Transport of gamma-carboxylated protein precursors from the endoplasmic reticulum to the Golgi apparatus[scr:549]; R-HSA-76009 Platelet Aggregation (Plug Formation)[scr:494]; R-HSA-159740 Gamma-carboxylation of protein precursors[scr:494]; R-HSA-159782 Removal of aminoterminal propeptides from gamma-carboxylated proteins[scr:494]; R-HSA-140837 Intrinsic Pathway of Fibrin Clot Formation[scr:225]; R-HSA-381426 Regulation of Insulin-like Growth Factor (IGF) transport and uptake by Insulin-like Growth Factor Binding Proteins (IGFBPs)[scr:159]; hsa04610 Complement and coagulation cascades[scr:24]; hsa04611 Platelet activation[scr:4]; hsa04072 Phospholipase D signaling pathway[scr:4]; hsa04810 Regulation of actin cytoskeleton[scr:2]; hsa04080 Neuroactive ligand-receptor interaction[scr:2],HP:0030138 Excessive bleeding from superficial cuts[scr:325]; HP:0040250 Reduced prothrombin antigen[scr:163]; HP:0002625 Deep venous thrombosis[scr:87]; HP:0004419 Recurrent thrombophlebitis[scr:65],Orphanet:325 Congenital factor II deficiency (EFO)[scr:277]; HP:0004936 Venous thrombosis (EFO)[scr:222]; EFO:1000954 habitual abortion (EFO)[scr:69]; EFO:0000712 stroke (EFO)[scr:35]; H01254 Congenital prothrombin deficiency (KEGG)[scr:282]; H00223 Inherited thrombophilia (KEGG)[scr:81],DB01766 Beta-(2-Naphthyl)-Alanine[scr:9999999]; DB00001 Lepirudin[scr:367]; DB06936 N-(4-carbamimidoylbenzyl)-1-(4-methylpentanoyl)-L-prolinamide[scr:367]; DB07027 D-phenylalanyl-N-(3-fluorobenzyl)-L-prolinamide[scr:367]; DB07016 (3R)-8-(dioxidosulfanyl)-3-methyl-1-2-3-4-tetrahydroquinoline[scr:367]; DB07005 D-phenylalanyl-N-{4-[amino(iminio)methyl]benzyl}-L-prolinamide[scr:367]; DB06996 D-leucyl-N-(4-carbamimidoylbenzyl)-L-prolinamide[scr:367]; DB06947 1-[(2R)-2-aminobutanoyl]-N-(4-carbamimidoylbenzyl)-L-prolinamide[scr:367]; DB06942 N-(4-carbamimidoylbenzyl)-1-(3-phenylpropanoyl)-L-prolinamide[scr:367]; DB06929 1-butanoyl-N-(4-carbamimidoylbenzyl)-L-prolinamide[scr:367],,
YARS1 (P54577),,R-HSA-379716 Cytosolic tRNA aminoacylation[scr:206]; hsa00970 Aminoacyl-tRNA biosynthesis[scr:12],,Orphanet:100045 Autosomal dominant intermediate Charcot-Marie-Tooth disease type C (EFO)[scr:277]; H00264 Charcot-Marie-Tooth disease (KEGG)[scr:6],DB01766 Beta-(2-Naphthyl)-Alanine[scr:9999999],,
PIN1 (Q13526),FUCA2 (Q9BTY2); RAI1 (Q7Z5J4); NR4A3 (Q92570); NEUROD4 (Q9HD90); SCYL1 (Q96KG9); SP140 (Q13342); EYA2 (O00167); ZBTB2 (Q8N680); FOXI1 (Q12951),R-HSA-6811555 PI5P Regulates TP53 Acetylation[scr:549]; R-HSA-5668599 RHO GTPases Activate NADPH Oxidases[scr:206]; hsa04622 RIG-I-like receptor signaling pathway[scr:8],,,DB01766 Beta-(2-Naphthyl)-Alanine[scr:9999999],,
THBD (P07204),F2 (P00734),R-HSA-140875 Common Pathway of Fibrin Clot Formation[scr:899]; hsa04610 Complement and coagulation cascades[scr:24],HP:0002625 Deep venous thrombosis[scr:87],Orphanet:217023 Atypical hemolytic-uremic syndrome with thrombomodulin anomaly (EFO)[scr:277]; HP:0004936 Venous thrombosis (EFO)[scr:222]; Orphanet:2134 Atypical hemolytic-uremic syndrome (EFO)[scr:31]; H00223 Inherited thrombophilia (KEGG)[scr:81]; H01434 Atypical hemolytic uremic syndrome (KEGG)[scr:35],,,
FUCA2 (Q9BTY2),PIN1 (Q13526),R-HSA-381426 Regulation of Insulin-like Growth Factor (IGF) transport and uptake by Insulin-like Growth Factor Binding Proteins (IGFBPs)[scr:159]; hsa00511 Other glycan degradation[scr:29]; hsa04142 Lysosome[scr:4],,,,,
RAI1 (Q7Z5J4),PIN1 (Q13526),,HP:0012168 Head-banging[scr:325]; HP:0032521 Self hugging[scr:325]; HP:0031849 Sleep-wake inversion[scr:325]; HP:0007365 Aplasia/Hypoplasia involving the corticospinal tracts[scr:65],Orphanet:819 Smith-Magenis syndrome (EFO)[scr:277]; H01791 Smith-Magenis syndrome (KEGG)[scr:282],,,
NR4A3 (Q92570),PIN1 (Q13526),,,EFO:0000174 Ewing sarcoma (EFO)[scr:55]; H00053 Extraskeletal myxoid chondrosarcoma (KEGG)[scr:282],,,
NEUROD4 (Q9HD90),PIN1 (Q13526),,,,,,
SCYL1 (Q96KG9),PIN1 (Q13526),,HP:0025268 Stuttering[scr:108],Orphanet:1172 Autosomal recessive cerebellar ataxia (EFO)[scr:92]; H01891 Autosomal recessive spinocerebellar ataxias (KEGG)[scr:12],,,
SP140 (Q13342),PIN1 (Q13526),,,,,,
EYA2 (O00167),PIN1 (Q13526),,,,,,
ZBTB2 (Q8N680),PIN1 (Q13526); ZBTB2 (Q8N680),,,,,,
FOXI1 (Q12951),PIN1 (Q13526),,HP:0011387 Enlarged vestibular aqueduct[scr:108],H00251 Thyroid dyshormonogenesis (KEGG)[scr:35],,,
