{"options":{"search_start":1613058614,"tax_ids":[9606],"num_of_fn_nodes":10,"num_of_pathways":10,"num_of_phenotypes":10,"num_of_drugs":10,"num_of_diseases":10,"num_of_compounds":10,"chembl_compounds":0,"predictions":1,"reviewed_filter":1,"fn":1,"chembl":1,"search_finish":1613058622,"search_runtime":8},"search":[{"Drug":[{"DB00066":"Follitropin"}]}],"nodes":[{"data":{"id":"P23945","display_name":"FSHR","Node_Type":"Protein"}},{"data":{"id":"P27348","display_name":"YWHAQ","Node_Type":"Protein_N"}},{"data":{"id":"Orphanet:64739","display_name":"Ovarian hyperstimulation syndrome","Node_Type":"Disease","enrichScore":1800.5}},{"data":{"id":"Orphanet:243","display_name":"46,XX gonadal dysgenesis","Node_Type":"Disease","enrichScore":300.083}},{"data":{"id":"DB00066","display_name":"Follitropin","Node_Type":"Drug","enrichScore":9999999}},{"data":{"id":"DB00094","display_name":"Urofollitropin","Node_Type":"Drug","enrichScore":2384.5}},{"data":{"id":"DB09066","display_name":"Corifollitropin alfa","Node_Type":"Drug","enrichScore":2384.5}},{"data":{"id":"DB00032","display_name":"Menotropins","Node_Type":"Drug","enrichScore":1192.25}},{"data":{"id":"DB00097","display_name":"Choriogonadotropin alfa","Node_Type":"Drug","enrichScore":1192.25}},{"data":{"id":"DB04786","display_name":"Suramin","Node_Type":"Drug","enrichScore":340.643}},{"data":{"id":"DB12695","display_name":"Phenethyl Isothiocyanate","Node_Type":"Drug","enrichScore":54.193}},{"data":{"id":"R-HSA-9614399","display_name":"Regulation of localization of FOXO transcription factors","Node_Type":"Pathway","enrichScore":2678.125}},{"data":{"id":"R-HSA-75035","display_name":"Chk1\/Chk2(Cds1) mediated inactivation of Cyclin B:Cdk1 complex","Node_Type":"Pathway","enrichScore":2472.115}},{"data":{"id":"R-HSA-375281","display_name":"Hormone ligand-binding receptors","Node_Type":"Pathway","enrichScore":2472.115}},{"data":{"id":"R-HSA-111447","display_name":"Activation of BAD and translocation to mitochondria","Node_Type":"Pathway","enrichScore":2142.5}},{"data":{"id":"R-HSA-5625740","display_name":"RHO GTPases activate PKNs","Node_Type":"Pathway","enrichScore":1147.768}},{"data":{"id":"R-HSA-1445148","display_name":"Translocation of SLC2A4 (GLUT4) to the plasma membrane","Node_Type":"Pathway","enrichScore":446.354}},{"data":{"id":"R-HSA-5628897","display_name":"TP53 Regulates Metabolic Genes","Node_Type":"Pathway","enrichScore":369.397}},{"data":{"id":"R-HSA-418555","display_name":"G alpha (s) signalling events","Node_Type":"Pathway","enrichScore":217.145}},{"data":{"id":"HP:0030005","display_name":"Capillary leak","Node_Type":"HPO","enrichScore":2115.5}},{"data":{"id":"HP:0025018","display_name":"Abnormal capillary physiology","Node_Type":"HPO","enrichScore":2115.5}},{"data":{"id":"HP:0012886","display_name":"Hemorrhagic ovarian cyst","Node_Type":"HPO","enrichScore":1057.75}},{"data":{"id":"HP:0012398","display_name":"Peripheral edema","Node_Type":"HPO","enrichScore":705.167}},{"data":{"id":"HP:0030088","display_name":"Increased serum testosterone level","Node_Type":"HPO","enrichScore":528.875}},{"data":{"id":"HP:0030348","display_name":"Increased circulating androgen level","Node_Type":"HPO","enrichScore":352.583}},{"data":{"id":"HP:0100598","display_name":"Pulmonary edema","Node_Type":"HPO","enrichScore":302.214}},{"data":{"id":"HP:0007430","display_name":"Generalized edema","Node_Type":"HPO","enrichScore":141.033}},{"data":{"id":"HP:0040161","display_name":"Localized osteoporosis","Node_Type":"HPO","enrichScore":141.033}},{"data":{"id":"HP:0005625","display_name":"Osteoporosis of vertebrae","Node_Type":"HPO","enrichScore":141.033}},{"data":{"id":"hsa04913","display_name":"Ovarian steroidogenesis","Node_Type":"kegg_Pathway","enrichScore":65.75}},{"data":{"id":"hsa04110","display_name":"Cell cycle","Node_Type":"kegg_Pathway","enrichScore":27.573}},{"data":{"id":"hsa04114","display_name":"Oocyte meiosis","Node_Type":"kegg_Pathway","enrichScore":26.3}},{"data":{"id":"hsa04390","display_name":"Hippo signaling pathway","Node_Type":"kegg_Pathway","enrichScore":21.777}},{"data":{"id":"hsa04024","display_name":"cAMP signaling pathway","Node_Type":"kegg_Pathway","enrichScore":15.332}},{"data":{"id":"hsa04080","display_name":"Neuroactive ligand-receptor interaction","Node_Type":"kegg_Pathway","enrichScore":9.997}},{"data":{"id":"hsa04151","display_name":"PI3K-Akt signaling pathway","Node_Type":"kegg_Pathway","enrichScore":9.658}},{"data":{"id":"H00255","display_name":"Hypogonadotropic hypogonadism","Node_Type":"kegg_Disease","enrichScore":1000000}},{"data":{"id":"H01739","display_name":"Polycystic ovary syndrome","Node_Type":"kegg_Disease","enrichScore":1000000}},{"data":{"id":"H01039","display_name":"Ovarian hyperstimulation syndrome","Node_Type":"kegg_Disease","enrichScore":1833.5}},{"data":{"id":"H00599","display_name":"46,XX gonadal dysgenesis","Node_Type":"kegg_Disease","enrichScore":458.375}}],"edges":[{"data":{"source":"P27348","target":"P23945","Edge_Type":"PPI","label":"interacts w\/"}},{"data":{"source":"P27348","target":"P27348","Edge_Type":"PPI","label":"interacts w\/"}},{"data":{"source":"HP:0030005","target":"Orphanet:64739","Edge_Type":"hpodis","label":"is associated w\/"}},{"data":{"source":"HP:0025018","target":"Orphanet:64739","Edge_Type":"hpodis","label":"is associated w\/"}},{"data":{"source":"HP:0012886","target":"Orphanet:64739","Edge_Type":"hpodis","label":"is associated w\/"}},{"data":{"source":"HP:0012398","target":"Orphanet:64739","Edge_Type":"hpodis","label":"is associated w\/"}},{"data":{"source":"HP:0030088","target":"Orphanet:64739","Edge_Type":"hpodis","label":"is associated w\/"}},{"data":{"source":"HP:0030348","target":"Orphanet:64739","Edge_Type":"hpodis","label":"is associated w\/"}},{"data":{"source":"HP:0100598","target":"Orphanet:64739","Edge_Type":"hpodis","label":"is associated w\/"}},{"data":{"source":"HP:0007430","target":"Orphanet:64739","Edge_Type":"hpodis","label":"is associated w\/"}},{"data":{"source":"HP:0040161","target":"Orphanet:243","Edge_Type":"hpodis","label":"is associated w\/"}},{"data":{"source":"HP:0005625","target":"Orphanet:243","Edge_Type":"hpodis","label":"is associated w\/"}},{"data":{"source":"P23945","target":"Orphanet:64739","Edge_Type":"Disease","label":"is related to"}},{"data":{"source":"P23945","target":"Orphanet:243","Edge_Type":"Disease","label":"is related to"}},{"data":{"source":"P23945","target":"DB00066","Edge_Type":"Drug","label":"targets"}},{"data":{"source":"P23945","target":"DB00094","Edge_Type":"Drug","label":"targets"}},{"data":{"source":"P23945","target":"DB09066","Edge_Type":"Drug","label":"targets"}},{"data":{"source":"P23945","target":"DB00032","Edge_Type":"Drug","label":"targets"}},{"data":{"source":"P23945","target":"DB00097","Edge_Type":"Drug","label":"targets"}},{"data":{"source":"P23945","target":"DB04786","Edge_Type":"Drug","label":"targets"}},{"data":{"source":"P27348","target":"DB12695","Edge_Type":"Drug","label":"targets"}},{"data":{"source":"P27348","target":"R-HSA-9614399","Edge_Type":"Pathway","label":"is involved in"}},{"data":{"source":"P27348","target":"R-HSA-75035","Edge_Type":"Pathway","label":"is involved in"}},{"data":{"source":"P23945","target":"R-HSA-375281","Edge_Type":"Pathway","label":"is involved in"}},{"data":{"source":"P27348","target":"R-HSA-111447","Edge_Type":"Pathway","label":"is involved in"}},{"data":{"source":"P27348","target":"R-HSA-5625740","Edge_Type":"Pathway","label":"is involved in"}},{"data":{"source":"P27348","target":"R-HSA-1445148","Edge_Type":"Pathway","label":"is involved in"}},{"data":{"source":"P27348","target":"R-HSA-5628897","Edge_Type":"Pathway","label":"is involved in"}},{"data":{"source":"P23945","target":"R-HSA-418555","Edge_Type":"Pathway","label":"is involved in"}},{"data":{"source":"P23945","target":"HP:0030005","Edge_Type":"HPO","label":"is associated w\/"}},{"data":{"source":"P23945","target":"HP:0025018","Edge_Type":"HPO","label":"is associated w\/"}},{"data":{"source":"P23945","target":"HP:0012886","Edge_Type":"HPO","label":"is associated w\/"}},{"data":{"source":"P23945","target":"HP:0012398","Edge_Type":"HPO","label":"is associated w\/"}},{"data":{"source":"P23945","target":"HP:0030088","Edge_Type":"HPO","label":"is associated w\/"}},{"data":{"source":"P23945","target":"HP:0030348","Edge_Type":"HPO","label":"is associated w\/"}},{"data":{"source":"P23945","target":"HP:0100598","Edge_Type":"HPO","label":"is associated w\/"}},{"data":{"source":"P23945","target":"HP:0007430","Edge_Type":"HPO","label":"is associated w\/"}},{"data":{"source":"P23945","target":"HP:0040161","Edge_Type":"HPO","label":"is associated w\/"}},{"data":{"source":"P23945","target":"HP:0005625","Edge_Type":"HPO","label":"is associated w\/"}},{"data":{"source":"H00255","target":"hsa04080","Edge_Type":"kegg_dis_path","label":"modulates"}},{"data":{"source":"H00255","target":"DB00066","Edge_Type":"kegg_dis_drug","label":"indicates"}},{"data":{"source":"H01739","target":"DB00066","Edge_Type":"kegg_dis_drug","label":"indicates"}},{"data":{"source":"H01039","target":"hsa04080","Edge_Type":"kegg_dis_path","label":"modulates"}},{"data":{"source":"H00599","target":"hsa04913","Edge_Type":"kegg_dis_path","label":"modulates"}},{"data":{"source":"P23945","target":"hsa04913","Edge_Type":"kegg_path_prot","label":"is involved in"}},{"data":{"source":"P27348","target":"hsa04110","Edge_Type":"kegg_path_prot","label":"is involved in"}},{"data":{"source":"P27348","target":"hsa04114","Edge_Type":"kegg_path_prot","label":"is involved in"}},{"data":{"source":"P27348","target":"hsa04390","Edge_Type":"kegg_path_prot","label":"is involved in"}},{"data":{"source":"P23945","target":"hsa04024","Edge_Type":"kegg_path_prot","label":"is involved in"}},{"data":{"source":"P23945","target":"hsa04080","Edge_Type":"kegg_path_prot","label":"is involved in"}},{"data":{"source":"P27348","target":"hsa04151","Edge_Type":"kegg_path_prot","label":"is involved in"}},{"data":{"source":"P23945","target":"H01039","Edge_Type":"kegg_dis_prot","label":"is related to"}},{"data":{"source":"P23945","target":"H00599","Edge_Type":"kegg_dis_prot","label":"is related to"}}]}