Core Proteins,Interacting Proteins,Pathways,HPO terms,Diseases,Targeting Drugs,Experimental Bioactive Compounds (pChEMBL),Predicted interacting Compounds
ADRA2A (P08913),ADRA2A (P08913),R-HSA-392023 Adrenaline signalling through Alpha-2 adrenergic receptor[scr:932]; hsa04080 Neuroactive ligand-receptor interaction[scr:56],,,DB00472 Fluoxetine[scr:9999999]; DB00715 Paroxetine[scr:1270]; DB01175 Escitalopram[scr:1244]; DB01149 Nefazodone[scr:1016]; DB00656 Trazodone[scr:741]; DB00502 Haloperidol[scr:741],,
ACHE (P22303),COLQ (Q9Y215),R-HSA-112311 Neurotransmitter clearance[scr:699]; hsa04725 Cholinergic synapse[scr:24],,,DB00472 Fluoxetine[scr:9999999],,
SLC6A2 (P23975),,R-HSA-5619109 Defective SLC6A2 causes orthostatic intolerance (OI)[scr:2795]; hsa04721 Synaptic vesicle cycle[scr:15],HP:0012173 Orthostatic tachycardia[scr:184],EFO:1000645 orthostatic intolerance (EFO)[scr:157]; H01031 Orthostatic intolerance (KEGG)[scr:159],DB00472 Fluoxetine[scr:9999999]; DB00924 Cyclobenzaprine[scr:3318]; DB00715 Paroxetine[scr:1270]; DB01175 Escitalopram[scr:1244]; DB01149 Nefazodone[scr:1016]; DB01242 Clomipramine[scr:553]; DB01454 Midomafetamine[scr:474],,
HTR2A (P28223),HTR2A (P28223); HTR2C (P28335); HTR1A (P08908); CNR1 (P21554),R-HSA-390666 Serotonin receptors[scr:2096]; hsa04726 Serotonergic synapse[scr:65]; hsa04080 Neuroactive ligand-receptor interaction[scr:56]; hsa04540 Gap junction[scr:13]; hsa04750 Inflammatory mediator regulation of TRP channels[scr:11]; hsa04020 Calcium signaling pathway[scr:6],HP:0012166 Skin-picking[scr:368]; HP:0030212 Collectionism[scr:67],H01450 Obsessive-compulsive disorder (KEGG)[scr:1000000]; H01646 Major depressive disorder (KEGG)[scr:1000000],DB00472 Fluoxetine[scr:9999999]; DB00924 Cyclobenzaprine[scr:3318]; DB00715 Paroxetine[scr:1270]; DB01175 Escitalopram[scr:1244]; DB01149 Nefazodone[scr:1016]; DB00656 Trazodone[scr:741]; DB00502 Haloperidol[scr:741]; DB01242 Clomipramine[scr:553]; DB01454 Midomafetamine[scr:474],,
HTR2C (P28335),HTR2C (P28335); HTR2A (P28223),R-HSA-390666 Serotonin receptors[scr:2096]; hsa04726 Serotonergic synapse[scr:65]; hsa04080 Neuroactive ligand-receptor interaction[scr:56]; hsa04540 Gap junction[scr:13]; hsa04750 Inflammatory mediator regulation of TRP channels[scr:11]; hsa04020 Calcium signaling pathway[scr:6],,,DB00472 Fluoxetine[scr:9999999]; DB00924 Cyclobenzaprine[scr:3318]; DB00715 Paroxetine[scr:1270]; DB01175 Escitalopram[scr:1244]; DB01149 Nefazodone[scr:1016]; DB00656 Trazodone[scr:741]; DB00502 Haloperidol[scr:741]; DB01242 Clomipramine[scr:553]; DB01454 Midomafetamine[scr:474],,CHEMBL3216833 [scr:68.09]; CHEMBL3214536 [scr:68.09]; CHEMBL2204877 [scr:51.07]; CHEMBL3945379 [scr:51.07]; CHEMBL3659494 [scr:51.07]; CHEMBL1952122 [scr:51.07]; CHEMBL3891346 [scr:51.07]; CHEMBL2024506 [scr:51.07]; CHEMBL3297841 [scr:51.07]; CHEMBL3924064 [scr:51.07]
CHRNB4 (P30926),,R-HSA-629597 Highly calcium permeable nicotinic acetylcholine receptors[scr:2795]; R-HSA-629594 Highly calcium permeable postsynaptic nicotinic acetylcholine receptors[scr:2286]; R-HSA-629587 Highly sodium permeable acetylcholine nicotinic receptors[scr:1597]; hsa04080 Neuroactive ligand-receptor interaction[scr:56]; hsa04725 Cholinergic synapse[scr:24],,,DB00472 Fluoxetine[scr:9999999],,
SLC6A4 (P31645),,R-HSA-380615 Serotonin clearance from the synaptic cleft[scr:2795]; hsa04726 Serotonergic synapse[scr:65]; hsa04721 Synaptic vesicle cycle[scr:15],HP:0012166 Skin-picking[scr:368]; HP:0030212 Collectionism[scr:67],EFO:0004242 obsessive-compulsive disorder (EFO)[scr:157]; H01450 Obsessive-compulsive disorder (KEGG)[scr:1000000],DB00472 Fluoxetine[scr:9999999]; DB00924 Cyclobenzaprine[scr:3318]; DB00715 Paroxetine[scr:1270]; DB01175 Escitalopram[scr:1244]; DB01149 Nefazodone[scr:1016]; DB06684 Vilazodone[scr:829]; DB00656 Trazodone[scr:741]; DB01242 Clomipramine[scr:553]; DB01454 Midomafetamine[scr:474],,CHEMBL3216833 [scr:68.09]; CHEMBL3214536 [scr:68.09]; CHEMBL2204877 [scr:51.07]; CHEMBL3945379 [scr:51.07]; CHEMBL3659494 [scr:51.07]; CHEMBL1952122 [scr:51.07]; CHEMBL3891346 [scr:51.07]; CHEMBL2024506 [scr:51.07]; CHEMBL3297841 [scr:51.07]; CHEMBL3924064 [scr:51.07]
CHRNA3 (P32297),,R-HSA-629597 Highly calcium permeable nicotinic acetylcholine receptors[scr:2795]; R-HSA-629594 Highly calcium permeable postsynaptic nicotinic acetylcholine receptors[scr:2286]; R-HSA-629587 Highly sodium permeable acetylcholine nicotinic receptors[scr:1597]; hsa04080 Neuroactive ligand-receptor interaction[scr:56]; hsa04725 Cholinergic synapse[scr:24],,,DB00472 Fluoxetine[scr:9999999],,
CYP2C19 (P33261),,hsa04726 Serotonergic synapse[scr:65]; hsa00591 Linoleic acid metabolism[scr:11]; hsa00590 Arachidonic acid metabolism[scr:5],,H01171 Poor drug metabolism (KEGG)[scr:80],DB00472 Fluoxetine[scr:9999999],,
CKS1B (P61024),GAS8 (O95995); LZTS1 (Q9Y250); LHX3 (Q9UBR4); PAX5 (Q02548); NR5A1 (Q13285); SERTAD1 (Q9UHV2),,,,DB00472 Fluoxetine[scr:9999999],,
KCNH2 (Q12809),KCNH2 (Q12809); FRMD8 (Q9BZ67),R-HSA-5576890 Phase 3 - rapid repolarisation[scr:349],,Orphanet:51083 Familial short QT syndrome (EFO)[scr:52]; H00725 Short QT syndrome (KEGG)[scr:53],DB00472 Fluoxetine[scr:9999999]; DB01149 Nefazodone[scr:1016],,
CHRNA2 (Q15822),,R-HSA-629597 Highly calcium permeable nicotinic acetylcholine receptors[scr:2795]; R-HSA-629594 Highly calcium permeable postsynaptic nicotinic acetylcholine receptors[scr:2286]; hsa04080 Neuroactive ligand-receptor interaction[scr:56],HP:0025144 Shivering[scr:61],Orphanet:98784 Autosomal dominant nocturnal frontal lobe epilepsy (EFO)[scr:39],DB00472 Fluoxetine[scr:9999999],,
SIGMAR1 (Q99720),,,,Orphanet:139552 Distal hereditary motor neuropathy- Jerash type (EFO)[scr:157]; Orphanet:300605 Juvenile amyotrophic lateral sclerosis (EFO)[scr:52],DB00472 Fluoxetine[scr:9999999]; DB00502 Haloperidol[scr:741],,
GAS8 (O95995),CKS1B (P61024); LZTS1 (Q9Y250),,,,,,
HTR1A (P08908),HTR2A (P28223),R-HSA-390666 Serotonin receptors[scr:2096]; hsa04726 Serotonergic synapse[scr:65]; hsa04080 Neuroactive ligand-receptor interaction[scr:56],,,DB00715 Paroxetine[scr:1270]; DB01175 Escitalopram[scr:1244]; DB01149 Nefazodone[scr:1016]; DB06684 Vilazodone[scr:829]; DB00656 Trazodone[scr:741]; DB00502 Haloperidol[scr:741],,CHEMBL3216833 [scr:68.09]; CHEMBL3214536 [scr:68.09]; CHEMBL2204877 [scr:51.07]; CHEMBL3945379 [scr:51.07]; CHEMBL3659494 [scr:51.07]; CHEMBL1952122 [scr:51.07]; CHEMBL3891346 [scr:51.07]; CHEMBL2024506 [scr:51.07]; CHEMBL3297841 [scr:51.07]; CHEMBL3924064 [scr:51.07]
LZTS1 (Q9Y250),CKS1B (P61024); GAS8 (O95995),,,,,,
LHX3 (Q9UBR4),CKS1B (P61024); GAS8 (O95995),,HP:0012287 Hypothalamic luteinizing hormone-releasing hormone deficiency[scr:184],Orphanet:231720 Non-acquired combined pituitary hormone deficiency with spine abnormalities (EFO)[scr:157],,,
COLQ (Q9Y215),ACHE (P22303),,HP:0030203 Unfavorable response of muscle weakness to acetylcholine esterase inhibitors[scr:92]; HP:0003436 Prolonged miniature endplate currents[scr:61],Orphanet:98915 Synaptic congenital myasthenic syndromes (EFO)[scr:157],,,
PAX5 (Q02548),CKS1B (P61024),R-HSA-8939245 RUNX1 regulates transcription of genes involved in BCR signaling[scr:466],,EFO:0000220 acute lymphoblastic leukemia (EFO)[scr:52]; H00011 Lymphoplasmacytic lymphoma (KEGG)[scr:159],,,
CNR1 (P21554),HTR2A (P28223); CNR1 (P21554),hsa04080 Neuroactive ligand-receptor interaction[scr:56],,,,,
NR5A1 (Q13285),CKS1B (P61024),hsa04927 Cortisol synthesis and secretion[scr:5],HP:0005092 Streaky metaphyseal sclerosis[scr:92]; HP:0001470 Sex-limited autosomal dominant[scr:61]; HP:0030974 Cryptozoospermia[scr:61],Orphanet:2138 46-XX ovotesticular disorder of sex development (EFO)[scr:78]; H02316 Adrenal insufficiency- NR5A1 related (KEGG)[scr:159]; H00598 46-XX testicular disorder of sex development (KEGG)[scr:53],,,
FRMD8 (Q9BZ67),KCNH2 (Q12809),,,,,,
SERTAD1 (Q9UHV2),CKS1B (P61024),,,,,,
