{"options":{"search_start":1613056033,"tax_ids":[9606],"num_of_fn_nodes":10,"num_of_pathways":10,"num_of_phenotypes":10,"num_of_drugs":10,"num_of_diseases":10,"num_of_compounds":10,"chembl_compounds":0,"predictions":1,"reviewed_filter":1,"fn":1,"chembl":1,"search_finish":1613056078,"search_runtime":45},"search":[{"Drug":[{"DB01118":"Amiodarone"}]}],"nodes":[{"data":{"id":"O00305","display_name":"CACNB4","Node_Type":"Protein"}},{"data":{"id":"O60840","display_name":"CACNA1F","Node_Type":"Protein"}},{"data":{"id":"P06241","display_name":"FYN","Node_Type":"Protein"}},{"data":{"id":"P07550","display_name":"ADRB2","Node_Type":"Protein"}},{"data":{"id":"P08173","display_name":"CHRM4","Node_Type":"Protein"}},{"data":{"id":"P08588","display_name":"ADRB1","Node_Type":"Protein"}},{"data":{"id":"P08913","display_name":"ADRA2A","Node_Type":"Protein"}},{"data":{"id":"P10827","display_name":"THRA","Node_Type":"Protein"}},{"data":{"id":"P10828","display_name":"THRB","Node_Type":"Protein"}},{"data":{"id":"P11229","display_name":"CHRM1","Node_Type":"Protein"}},{"data":{"id":"P11712","display_name":"CYP2C9","Node_Type":"Protein"}},{"data":{"id":"P13945","display_name":"ADRB3","Node_Type":"Protein"}},{"data":{"id":"P20309","display_name":"CHRM3","Node_Type":"Protein"}},{"data":{"id":"P28335","display_name":"HTR2C","Node_Type":"Protein"}},{"data":{"id":"P35462","display_name":"DRD3","Node_Type":"Protein"}},{"data":{"id":"P37231","display_name":"PPARG","Node_Type":"Protein"}},{"data":{"id":"P41595","display_name":"HTR2B","Node_Type":"Protein"}},{"data":{"id":"P54284","display_name":"CACNB3","Node_Type":"Protein"}},{"data":{"id":"Q01668","display_name":"CACNA1D","Node_Type":"Protein"}},{"data":{"id":"Q02641","display_name":"CACNB1","Node_Type":"Protein"}},{"data":{"id":"Q07869","display_name":"PPARA","Node_Type":"Protein"}},{"data":{"id":"Q08289","display_name":"CACNB2","Node_Type":"Protein"}},{"data":{"id":"Q12809","display_name":"KCNH2","Node_Type":"Protein"}},{"data":{"id":"Q13698","display_name":"CACNA1S","Node_Type":"Protein"}},{"data":{"id":"Q13936","display_name":"CACNA1C","Node_Type":"Protein"}},{"data":{"id":"Q15125","display_name":"EBP","Node_Type":"Protein"}},{"data":{"id":"Q86YN6","display_name":"PPARGC1B","Node_Type":"Protein"}},{"data":{"id":"Q99720","display_name":"SIGMAR1","Node_Type":"Protein"}},{"data":{"id":"Q9H252","display_name":"KCNH6","Node_Type":"Protein"}},{"data":{"id":"Q9NS40","display_name":"KCNH7","Node_Type":"Protein"}},{"data":{"id":"Q9P0X4","display_name":"CACNA1I","Node_Type":"Protein"}},{"data":{"id":"P30542","display_name":"ADORA1","Node_Type":"Protein_N"}},{"data":{"id":"P28223","display_name":"HTR2A","Node_Type":"Protein_N"}},{"data":{"id":"Q5TCQ9","display_name":"MAGI3","Node_Type":"Protein_N"}},{"data":{"id":"Q96P56","display_name":"CATSPER2","Node_Type":"Protein_N"}},{"data":{"id":"Q92982","display_name":"NINJ1","Node_Type":"Protein_N"}},{"data":{"id":"Q6ZSS7","display_name":"MFSD6","Node_Type":"Protein_N"}},{"data":{"id":"Q9NX14","display_name":"NDUFB11","Node_Type":"Protein_N"}},{"data":{"id":"Q99519","display_name":"NEU1","Node_Type":"Protein_N"}},{"data":{"id":"Q86UL8","display_name":"MAGI2","Node_Type":"Protein_N"}},{"data":{"id":"Q8N138","display_name":"ORMDL3","Node_Type":"Protein_N"}},{"data":{"id":"Orphanet:97927","display_name":"Peripheral resistance to thyroid hormones","Node_Type":"Disease","enrichScore":87.829}},{"data":{"id":"Orphanet:139552","display_name":"Distal hereditary motor neuropathy, Jerash type","Node_Type":"Disease","enrichScore":87.829}},{"data":{"id":"Orphanet:2970","display_name":"Prune belly syndrome","Node_Type":"Disease","enrichScore":87.829}},{"data":{"id":"Orphanet:35173","display_name":"X-linked dominant chondrodysplasia punctata","Node_Type":"Disease","enrichScore":87.829}},{"data":{"id":"Orphanet:369929","display_name":"Aldosterone-producing adenoma with seizures and neurological abnormalities","Node_Type":"Disease","enrichScore":87.829}},{"data":{"id":"Orphanet:401973","display_name":"MEND syndrome","Node_Type":"Disease","enrichScore":87.829}},{"data":{"id":"Orphanet:211067","display_name":"Episodic ataxia type 5","Node_Type":"Disease","enrichScore":87.829}},{"data":{"id":"Orphanet:178333","display_name":"\u00c5land Islands eye disease","Node_Type":"Disease","enrichScore":87.829}},{"data":{"id":"Orphanet:165994","display_name":"Selective pituitary resistance to thyroid hormone","Node_Type":"Disease","enrichScore":87.829}},{"data":{"id":"Orphanet:324321","display_name":"Sinoatrial node dysfunction and deafness","Node_Type":"Disease","enrichScore":87.829}},{"data":{"id":"DB01118","display_name":"Amiodarone","Node_Type":"Drug","enrichScore":9999999}},{"data":{"id":"DB00153","display_name":"Ergocalciferol","Node_Type":"Drug","enrichScore":9421.683}},{"data":{"id":"DB00243","display_name":"Ranolazine","Node_Type":"Drug","enrichScore":4710.841}},{"data":{"id":"DB13746","display_name":"Bioallethrin","Node_Type":"Drug","enrichScore":3140.561}},{"data":{"id":"DB00715","display_name":"Paroxetine","Node_Type":"Drug","enrichScore":2093.707}},{"data":{"id":"DB00252","display_name":"Phenytoin","Node_Type":"Drug","enrichScore":1884.337}},{"data":{"id":"DB00924","display_name":"Cyclobenzaprine","Node_Type":"Drug","enrichScore":1046.854}},{"data":{"id":"DB09236","display_name":"Lacidipine","Node_Type":"Drug","enrichScore":930.537}},{"data":{"id":"DB04855","display_name":"Dronedarone","Node_Type":"Drug","enrichScore":930.537}},{"data":{"id":"DB01388","display_name":"Mibefradil","Node_Type":"Drug","enrichScore":856.517}},{"data":{"id":"R-HSA-5576893","display_name":"Phase 2 - plateau phase","Node_Type":"Pathway","enrichScore":3715.989}},{"data":{"id":"R-HSA-390648","display_name":"Muscarinic acetylcholine receptors","Node_Type":"Pathway","enrichScore":2821.829}},{"data":{"id":"R-HSA-390696","display_name":"Adrenoceptors","Node_Type":"Pathway","enrichScore":2786.992}},{"data":{"id":"R-HSA-419037","display_name":"NCAM1 interactions","Node_Type":"Pathway","enrichScore":2388.85}},{"data":{"id":"R-HSA-5576892","display_name":"Phase 0 - rapid depolarisation","Node_Type":"Pathway","enrichScore":2280.266}},{"data":{"id":"R-HSA-112308","display_name":"Presynaptic depolarization and calcium channel opening","Node_Type":"Pathway","enrichScore":2090.244}},{"data":{"id":"R-HSA-4341670","display_name":"Defective NEU1 causes sialidosis","Node_Type":"Pathway","enrichScore":1567.683}},{"data":{"id":"R-HSA-400042","display_name":"Adrenaline,noradrenaline inhibits insulin secretion","Node_Type":"Pathway","enrichScore":1399.717}},{"data":{"id":"R-HSA-390666","display_name":"Serotonin receptors","Node_Type":"Pathway","enrichScore":1175.762}},{"data":{"id":"R-HSA-4090294","display_name":"SUMOylation of intracellular receptors","Node_Type":"Pathway","enrichScore":836.098}},{"data":{"id":"HP:0002930","display_name":"Impaired sensitivity to thyroid hormone","Node_Type":"HPO","enrichScore":206.39}},{"data":{"id":"HP:0012232","display_name":"Shortened QT interval","Node_Type":"HPO","enrichScore":132.679}},{"data":{"id":"HP:0012272","display_name":"J wave","Node_Type":"HPO","enrichScore":103.195}},{"data":{"id":"HP:0012061","display_name":"Urinary excretion of sialylated oligosaccharides","Node_Type":"HPO","enrichScore":103.195}},{"data":{"id":"HP:0008131","display_name":"Tarsal stippling","Node_Type":"HPO","enrichScore":103.195}},{"data":{"id":"HP:0005199","display_name":"Aplasia of the abdominal wall musculature","Node_Type":"HPO","enrichScore":103.195}},{"data":{"id":"HP:0011706","display_name":"Second degree atrioventricular block","Node_Type":"HPO","enrichScore":103.195}},{"data":{"id":"HP:0012273","display_name":"Increased carotid artery intimal medial thickness","Node_Type":"HPO","enrichScore":103.195}},{"data":{"id":"HP:0004241","display_name":"Stippled calcification in carpal bones","Node_Type":"HPO","enrichScore":103.195}},{"data":{"id":"HP:0030512","display_name":"Difficulty adjusting to changes in luminance","Node_Type":"HPO","enrichScore":103.195}},{"data":{"id":"CHEMBL1939069","display_name":"CHEMBL1939069","Node_Type":"Prediction","enrichScore":50.927}},{"data":{"id":"CHEMBL3906499","display_name":"CHEMBL3906499","Node_Type":"Prediction","enrichScore":38.195}},{"data":{"id":"CHEMBL3962958","display_name":"CHEMBL3962958","Node_Type":"Prediction","enrichScore":38.195}},{"data":{"id":"CHEMBL3192183","display_name":"CHEMBL3192183","Node_Type":"Prediction","enrichScore":38.195}},{"data":{"id":"CHEMBL2449501","display_name":"CHEMBL2449501","Node_Type":"Prediction","enrichScore":38.195}},{"data":{"id":"CHEMBL3207616","display_name":"CHEMBL3207616","Node_Type":"Prediction","enrichScore":38.195}},{"data":{"id":"CHEMBL3193609","display_name":"CHEMBL3193609","Node_Type":"Prediction","enrichScore":38.195}},{"data":{"id":"CHEMBL3664367","display_name":"CHEMBL3664367","Node_Type":"Prediction","enrichScore":38.195}},{"data":{"id":"CHEMBL1981464","display_name":"CHEMBL1981464","Node_Type":"Prediction","enrichScore":38.195}},{"data":{"id":"CHEMBL2348941","display_name":"CHEMBL2348941","Node_Type":"Prediction","enrichScore":33.951}},{"data":{"id":"hsa04020","display_name":"Calcium signaling pathway","Node_Type":"kegg_Pathway","enrichScore":141.638}},{"data":{"id":"hsa04924","display_name":"Renin secretion","Node_Type":"kegg_Pathway","enrichScore":140.447}},{"data":{"id":"hsa04260","display_name":"Cardiac muscle contraction","Node_Type":"kegg_Pathway","enrichScore":124.116}},{"data":{"id":"hsa04261","display_name":"Adrenergic signaling in cardiomyocytes","Node_Type":"kegg_Pathway","enrichScore":106.911}},{"data":{"id":"hsa04080","display_name":"Neuroactive ligand-receptor interaction","Node_Type":"kegg_Pathway","enrichScore":95.582}},{"data":{"id":"hsa04725","display_name":"Cholinergic synapse","Node_Type":"kegg_Pathway","enrichScore":95.303}},{"data":{"id":"hsa04726","display_name":"Serotonergic synapse","Node_Type":"kegg_Pathway","enrichScore":93.631}},{"data":{"id":"hsa04022","display_name":"cGMP-PKG signaling pathway","Node_Type":"kegg_Pathway","enrichScore":78.088}},{"data":{"id":"hsa04921","display_name":"Oxytocin signaling pathway","Node_Type":"kegg_Pathway","enrichScore":66.712}},{"data":{"id":"hsa04929","display_name":"GnRH secretion","Node_Type":"kegg_Pathway","enrichScore":65.149}},{"data":{"id":"H00292","display_name":"Hypertrophic cardiomyopathy","Node_Type":"kegg_Disease","enrichScore":1000000}},{"data":{"id":"H00731","display_name":"Atrial fibrillation","Node_Type":"kegg_Disease","enrichScore":1000000}},{"data":{"id":"H02129","display_name":"Prune belly syndrome","Node_Type":"kegg_Disease","enrichScore":89.439}},{"data":{"id":"H00142","display_name":"Sialidosis","Node_Type":"kegg_Disease","enrichScore":89.439}},{"data":{"id":"H02248","display_name":"MEND syndrome","Node_Type":"kegg_Disease","enrichScore":89.439}},{"data":{"id":"H00690","display_name":"Aland Island eye disease","Node_Type":"kegg_Disease","enrichScore":89.439}},{"data":{"id":"H00249","display_name":"Thyroid hormone resistance syndrome","Node_Type":"kegg_Disease","enrichScore":89.439}},{"data":{"id":"H02106","display_name":"Genetic obesity","Node_Type":"kegg_Disease","enrichScore":59.626}},{"data":{"id":"H01194","display_name":"X-linked chondrodysplasia punctata","Node_Type":"kegg_Disease","enrichScore":44.72}},{"data":{"id":"H00746","display_name":"Hypokalemic periodic paralysis (HypoPP)","Node_Type":"kegg_Disease","enrichScore":44.72}}],"edges":[{"data":{"source":"P06241","target":"P06241","Edge_Type":"PPI","label":"interacts w\/"}},{"data":{"source":"P07550","target":"P07550","Edge_Type":"PPI","label":"interacts w\/"}},{"data":{"source":"P08913","target":"P08913","Edge_Type":"PPI","label":"interacts w\/"}},{"data":{"source":"P28335","target":"P28335","Edge_Type":"PPI","label":"interacts w\/"}},{"data":{"source":"P28335","target":"P07550","Edge_Type":"PPI","label":"interacts w\/"}},{"data":{"source":"P28335","target":"P08173","Edge_Type":"PPI","label":"interacts w\/"}},{"data":{"source":"P37231","target":"P37231","Edge_Type":"PPI","label":"interacts w\/"}},{"data":{"source":"P41595","target":"P28335","Edge_Type":"PPI","label":"interacts w\/"}},{"data":{"source":"Q12809","target":"Q12809","Edge_Type":"PPI","label":"interacts w\/"}},{"data":{"source":"Q13936","target":"Q02641","Edge_Type":"PPI","label":"interacts w\/"}},{"data":{"source":"Q13936","target":"Q08289","Edge_Type":"PPI","label":"interacts w\/"}},{"data":{"source":"Q13936","target":"P54284","Edge_Type":"PPI","label":"interacts w\/"}},{"data":{"source":"Q15125","target":"Q15125","Edge_Type":"PPI","label":"interacts w\/"}},{"data":{"source":"P30542","target":"P07550","Edge_Type":"PPI","label":"interacts w\/"}},{"data":{"source":"P30542","target":"P08588","Edge_Type":"PPI","label":"interacts w\/"}},{"data":{"source":"P28223","target":"P28335","Edge_Type":"PPI","label":"interacts w\/"}},{"data":{"source":"P28223","target":"P41595","Edge_Type":"PPI","label":"interacts w\/"}},{"data":{"source":"P28223","target":"P28223","Edge_Type":"PPI","label":"interacts w\/"}},{"data":{"source":"Q5TCQ9","target":"P07550","Edge_Type":"PPI","label":"interacts w\/"}},{"data":{"source":"Q5TCQ9","target":"P08588","Edge_Type":"PPI","label":"interacts w\/"}},{"data":{"source":"Q96P56","target":"Q9P0X4","Edge_Type":"PPI","label":"interacts w\/"}},{"data":{"source":"Q92982","target":"Q15125","Edge_Type":"PPI","label":"interacts w\/"}},{"data":{"source":"Q6ZSS7","target":"Q15125","Edge_Type":"PPI","label":"interacts w\/"}},{"data":{"source":"Q9NX14","target":"Q15125","Edge_Type":"PPI","label":"interacts w\/"}},{"data":{"source":"Q99519","target":"Q15125","Edge_Type":"PPI","label":"interacts w\/"}},{"data":{"source":"Q86UL8","target":"P08588","Edge_Type":"PPI","label":"interacts w\/"}},{"data":{"source":"Q8N138","target":"Q15125","Edge_Type":"PPI","label":"interacts w\/"}},{"data":{"source":"HP:0002930","target":"Orphanet:165994","Edge_Type":"hpodis","label":"is associated w\/"}},{"data":{"source":"HP:0002930","target":"Orphanet:97927","Edge_Type":"hpodis","label":"is associated w\/"}},{"data":{"source":"HP:0008131","target":"Orphanet:35173","Edge_Type":"hpodis","label":"is associated w\/"}},{"data":{"source":"HP:0005199","target":"Orphanet:2970","Edge_Type":"hpodis","label":"is associated w\/"}},{"data":{"source":"HP:0005199","target":"Orphanet:2970","Edge_Type":"hpodis","label":"is associated w\/"}},{"data":{"source":"HP:0011706","target":"Orphanet:369929","Edge_Type":"hpodis","label":"is associated w\/"}},{"data":{"source":"HP:0004241","target":"Orphanet:35173","Edge_Type":"hpodis","label":"is associated w\/"}},{"data":{"source":"HP:0030512","target":"Orphanet:178333","Edge_Type":"hpodis","label":"is associated w\/"}},{"data":{"source":"P10827","target":"Orphanet:97927","Edge_Type":"Disease","label":"is related to"}},{"data":{"source":"Q99720","target":"Orphanet:139552","Edge_Type":"Disease","label":"is related to"}},{"data":{"source":"P20309","target":"Orphanet:2970","Edge_Type":"Disease","label":"is related to"}},{"data":{"source":"Q15125","target":"Orphanet:35173","Edge_Type":"Disease","label":"is related to"}},{"data":{"source":"Q01668","target":"Orphanet:369929","Edge_Type":"Disease","label":"is related to"}},{"data":{"source":"Q15125","target":"Orphanet:401973","Edge_Type":"Disease","label":"is related to"}},{"data":{"source":"O00305","target":"Orphanet:211067","Edge_Type":"Disease","label":"is related to"}},{"data":{"source":"O60840","target":"Orphanet:178333","Edge_Type":"Disease","label":"is related to"}},{"data":{"source":"P10828","target":"Orphanet:165994","Edge_Type":"Disease","label":"is related to"}},{"data":{"source":"Q01668","target":"Orphanet:324321","Edge_Type":"Disease","label":"is related to"}},{"data":{"source":"Q12809","target":"DB01118","Edge_Type":"Drug","label":"targets"}},{"data":{"source":"Q9H252","target":"DB01118","Edge_Type":"Drug","label":"targets"}},{"data":{"source":"Q9NS40","target":"DB01118","Edge_Type":"Drug","label":"targets"}},{"data":{"source":"P08588","target":"DB01118","Edge_Type":"Drug","label":"targets"}},{"data":{"source":"P07550","target":"DB01118","Edge_Type":"Drug","label":"targets"}},{"data":{"source":"P13945","target":"DB01118","Edge_Type":"Drug","label":"targets"}},{"data":{"source":"Q9P0X4","target":"DB01118","Edge_Type":"Drug","label":"targets"}},{"data":{"source":"Q13936","target":"DB01118","Edge_Type":"Drug","label":"targets"}},{"data":{"source":"Q01668","target":"DB01118","Edge_Type":"Drug","label":"targets"}},{"data":{"source":"O60840","target":"DB01118","Edge_Type":"Drug","label":"targets"}},{"data":{"source":"Q13698","target":"DB01118","Edge_Type":"Drug","label":"targets"}},{"data":{"source":"Q02641","target":"DB01118","Edge_Type":"Drug","label":"targets"}},{"data":{"source":"Q08289","target":"DB01118","Edge_Type":"Drug","label":"targets"}},{"data":{"source":"P54284","target":"DB01118","Edge_Type":"Drug","label":"targets"}},{"data":{"source":"O00305","target":"DB01118","Edge_Type":"Drug","label":"targets"}},{"data":{"source":"P10827","target":"DB01118","Edge_Type":"Drug","label":"targets"}},{"data":{"source":"P10828","target":"DB01118","Edge_Type":"Drug","label":"targets"}},{"data":{"source":"P37231","target":"DB01118","Edge_Type":"Drug","label":"targets"}},{"data":{"source":"Q07869","target":"DB01118","Edge_Type":"Drug","label":"targets"}},{"data":{"source":"Q86YN6","target":"DB01118","Edge_Type":"Drug","label":"targets"}},{"data":{"source":"P06241","target":"DB01118","Edge_Type":"Chembl","label":"targets","pchembl_value":6.09}},{"data":{"source":"P08173","target":"DB01118","Edge_Type":"Chembl","label":"targets","pchembl_value":6.3}},{"data":{"source":"P08913","target":"DB01118","Edge_Type":"Chembl","label":"targets","pchembl_value":6.51}},{"data":{"source":"P11229","target":"DB01118","Edge_Type":"Chembl","label":"targets","pchembl_value":6.2}},{"data":{"source":"P11712","target":"DB01118","Edge_Type":"Chembl","label":"targets","pchembl_value":7.2}},{"data":{"source":"P20309","target":"DB01118","Edge_Type":"Chembl","label":"targets","pchembl_value":6.17}},{"data":{"source":"P28335","target":"DB01118","Edge_Type":"Chembl","label":"targets","pchembl_value":6.39}},{"data":{"source":"P35462","target":"DB01118","Edge_Type":"Chembl","label":"targets","pchembl_value":6.39}},{"data":{"source":"P41595","target":"DB01118","Edge_Type":"Chembl","label":"targets","pchembl_value":6.04}},{"data":{"source":"Q15125","target":"DB01118","Edge_Type":"Chembl","label":"targets","pchembl_value":7.6}},{"data":{"source":"Q99720","target":"DB01118","Edge_Type":"Chembl","label":"targets","pchembl_value":7.01}},{"data":{"source":"Q13936","target":"DB00153","Edge_Type":"Drug","label":"targets"}},{"data":{"source":"Q01668","target":"DB00153","Edge_Type":"Drug","label":"targets"}},{"data":{"source":"O60840","target":"DB00153","Edge_Type":"Drug","label":"targets"}},{"data":{"source":"Q13698","target":"DB00153","Edge_Type":"Drug","label":"targets"}},{"data":{"source":"Q02641","target":"DB00153","Edge_Type":"Drug","label":"targets"}},{"data":{"source":"Q08289","target":"DB00153","Edge_Type":"Drug","label":"targets"}},{"data":{"source":"P54284","target":"DB00153","Edge_Type":"Drug","label":"targets"}},{"data":{"source":"O00305","target":"DB00153","Edge_Type":"Drug","label":"targets"}},{"data":{"source":"Q9P0X4","target":"DB00153","Edge_Type":"Drug","label":"targets"}},{"data":{"source":"Q13936","target":"DB00243","Edge_Type":"Drug","label":"targets"}},{"data":{"source":"Q01668","target":"DB00243","Edge_Type":"Drug","label":"targets"}},{"data":{"source":"O60840","target":"DB00243","Edge_Type":"Drug","label":"targets"}},{"data":{"source":"Q13698","target":"DB00243","Edge_Type":"Drug","label":"targets"}},{"data":{"source":"Q02641","target":"DB00243","Edge_Type":"Drug","label":"targets"}},{"data":{"source":"Q08289","target":"DB00243","Edge_Type":"Drug","label":"targets"}},{"data":{"source":"P54284","target":"DB00243","Edge_Type":"Drug","label":"targets"}},{"data":{"source":"O00305","target":"DB00243","Edge_Type":"Drug","label":"targets"}},{"data":{"source":"P08588","target":"DB00243","Edge_Type":"Drug","label":"targets"}},{"data":{"source":"Q13936","target":"DB13746","Edge_Type":"Drug","label":"targets"}},{"data":{"source":"Q01668","target":"DB13746","Edge_Type":"Drug","label":"targets"}},{"data":{"source":"O60840","target":"DB13746","Edge_Type":"Drug","label":"targets"}},{"data":{"source":"Q13698","target":"DB13746","Edge_Type":"Drug","label":"targets"}},{"data":{"source":"Q02641","target":"DB13746","Edge_Type":"Drug","label":"targets"}},{"data":{"source":"Q08289","target":"DB13746","Edge_Type":"Drug","label":"targets"}},{"data":{"source":"P54284","target":"DB13746","Edge_Type":"Drug","label":"targets"}},{"data":{"source":"O00305","target":"DB13746","Edge_Type":"Drug","label":"targets"}},{"data":{"source":"Q9P0X4","target":"DB13746","Edge_Type":"Drug","label":"targets"}},{"data":{"source":"P28223","target":"DB00715","Edge_Type":"Drug","label":"targets"}},{"data":{"source":"P08913","target":"DB00715","Edge_Type":"Drug","label":"targets"}},{"data":{"source":"P08588","target":"DB00715","Edge_Type":"Drug","label":"targets"}},{"data":{"source":"P07550","target":"DB00715","Edge_Type":"Drug","label":"targets"}},{"data":{"source":"P13945","target":"DB00715","Edge_Type":"Drug","label":"targets"}},{"data":{"source":"P41595","target":"DB00715","Edge_Type":"Drug","label":"targets"}},{"data":{"source":"P28335","target":"DB00715","Edge_Type":"Drug","label":"targets"}},{"data":{"source":"P11229","target":"DB00715","Edge_Type":"Drug","label":"targets"}},{"data":{"source":"P20309","target":"DB00715","Edge_Type":"Drug","label":"targets"}},{"data":{"source":"P08173","target":"DB00715","Edge_Type":"Drug","label":"targets"}},{"data":{"source":"Q12809","target":"DB00252","Edge_Type":"Drug","label":"targets"}},{"data":{"source":"Q13936","target":"DB00252","Edge_Type":"Drug","label":"targets"}},{"data":{"source":"Q01668","target":"DB00252","Edge_Type":"Drug","label":"targets"}},{"data":{"source":"O60840","target":"DB00252","Edge_Type":"Drug","label":"targets"}},{"data":{"source":"Q13698","target":"DB00252","Edge_Type":"Drug","label":"targets"}},{"data":{"source":"Q02641","target":"DB00252","Edge_Type":"Drug","label":"targets"}},{"data":{"source":"Q08289","target":"DB00252","Edge_Type":"Drug","label":"targets"}},{"data":{"source":"P54284","target":"DB00252","Edge_Type":"Drug","label":"targets"}},{"data":{"source":"O00305","target":"DB00252","Edge_Type":"Drug","label":"targets"}},{"data":{"source":"P28223","target":"DB00924","Edge_Type":"Drug","label":"targets"}},{"data":{"source":"P41595","target":"DB00924","Edge_Type":"Drug","label":"targets"}},{"data":{"source":"P28335","target":"DB00924","Edge_Type":"Drug","label":"targets"}},{"data":{"source":"Q13936","target":"DB09236","Edge_Type":"Drug","label":"targets"}},{"data":{"source":"Q01668","target":"DB09236","Edge_Type":"Drug","label":"targets"}},{"data":{"source":"O60840","target":"DB09236","Edge_Type":"Drug","label":"targets"}},{"data":{"source":"Q13698","target":"DB09236","Edge_Type":"Drug","label":"targets"}},{"data":{"source":"Q02641","target":"DB09236","Edge_Type":"Drug","label":"targets"}},{"data":{"source":"Q08289","target":"DB09236","Edge_Type":"Drug","label":"targets"}},{"data":{"source":"P54284","target":"DB09236","Edge_Type":"Drug","label":"targets"}},{"data":{"source":"O00305","target":"DB09236","Edge_Type":"Drug","label":"targets"}},{"data":{"source":"P08913","target":"DB04855","Edge_Type":"Drug","label":"targets"}},{"data":{"source":"P08588","target":"DB04855","Edge_Type":"Drug","label":"targets"}},{"data":{"source":"Q12809","target":"DB04855","Edge_Type":"Drug","label":"targets"}},{"data":{"source":"Q13936","target":"DB04855","Edge_Type":"Drug","label":"targets"}},{"data":{"source":"Q01668","target":"DB04855","Edge_Type":"Drug","label":"targets"}},{"data":{"source":"O60840","target":"DB04855","Edge_Type":"Drug","label":"targets"}},{"data":{"source":"Q13698","target":"DB04855","Edge_Type":"Drug","label":"targets"}},{"data":{"source":"Q02641","target":"DB04855","Edge_Type":"Drug","label":"targets"}},{"data":{"source":"Q08289","target":"DB04855","Edge_Type":"Drug","label":"targets"}},{"data":{"source":"P54284","target":"DB04855","Edge_Type":"Drug","label":"targets"}},{"data":{"source":"O00305","target":"DB04855","Edge_Type":"Drug","label":"targets"}},{"data":{"source":"P10827","target":"DB04855","Edge_Type":"Drug","label":"targets"}},{"data":{"source":"Q13936","target":"DB01388","Edge_Type":"Drug","label":"targets"}},{"data":{"source":"Q01668","target":"DB01388","Edge_Type":"Drug","label":"targets"}},{"data":{"source":"O60840","target":"DB01388","Edge_Type":"Drug","label":"targets"}},{"data":{"source":"Q9P0X4","target":"DB01388","Edge_Type":"Drug","label":"targets"}},{"data":{"source":"Q13698","target":"DB01388","Edge_Type":"Drug","label":"targets"}},{"data":{"source":"Q02641","target":"DB01388","Edge_Type":"Drug","label":"targets"}},{"data":{"source":"Q08289","target":"DB01388","Edge_Type":"Drug","label":"targets"}},{"data":{"source":"P54284","target":"DB01388","Edge_Type":"Drug","label":"targets"}},{"data":{"source":"O00305","target":"DB01388","Edge_Type":"Drug","label":"targets"}},{"data":{"source":"O00305","target":"R-HSA-5576893","Edge_Type":"Pathway","label":"is involved in"}},{"data":{"source":"O60840","target":"R-HSA-5576893","Edge_Type":"Pathway","label":"is involved in"}},{"data":{"source":"P54284","target":"R-HSA-5576893","Edge_Type":"Pathway","label":"is involved in"}},{"data":{"source":"Q01668","target":"R-HSA-5576893","Edge_Type":"Pathway","label":"is involved in"}},{"data":{"source":"Q02641","target":"R-HSA-5576893","Edge_Type":"Pathway","label":"is involved in"}},{"data":{"source":"Q08289","target":"R-HSA-5576893","Edge_Type":"Pathway","label":"is involved in"}},{"data":{"source":"Q13698","target":"R-HSA-5576893","Edge_Type":"Pathway","label":"is involved in"}},{"data":{"source":"Q13936","target":"R-HSA-5576893","Edge_Type":"Pathway","label":"is involved in"}},{"data":{"source":"P08173","target":"R-HSA-390648","Edge_Type":"Pathway","label":"is involved in"}},{"data":{"source":"P11229","target":"R-HSA-390648","Edge_Type":"Pathway","label":"is involved in"}},{"data":{"source":"P20309","target":"R-HSA-390648","Edge_Type":"Pathway","label":"is involved in"}},{"data":{"source":"P07550","target":"R-HSA-390696","Edge_Type":"Pathway","label":"is involved in"}},{"data":{"source":"P08588","target":"R-HSA-390696","Edge_Type":"Pathway","label":"is involved in"}},{"data":{"source":"P08913","target":"R-HSA-390696","Edge_Type":"Pathway","label":"is involved in"}},{"data":{"source":"P13945","target":"R-HSA-390696","Edge_Type":"Pathway","label":"is involved in"}},{"data":{"source":"O00305","target":"R-HSA-419037","Edge_Type":"Pathway","label":"is involved in"}},{"data":{"source":"P54284","target":"R-HSA-419037","Edge_Type":"Pathway","label":"is involved in"}},{"data":{"source":"Q01668","target":"R-HSA-419037","Edge_Type":"Pathway","label":"is involved in"}},{"data":{"source":"Q02641","target":"R-HSA-419037","Edge_Type":"Pathway","label":"is involved in"}},{"data":{"source":"Q08289","target":"R-HSA-419037","Edge_Type":"Pathway","label":"is involved in"}},{"data":{"source":"Q13698","target":"R-HSA-419037","Edge_Type":"Pathway","label":"is involved in"}},{"data":{"source":"Q13936","target":"R-HSA-419037","Edge_Type":"Pathway","label":"is involved in"}},{"data":{"source":"Q9P0X4","target":"R-HSA-419037","Edge_Type":"Pathway","label":"is involved in"}},{"data":{"source":"O00305","target":"R-HSA-5576892","Edge_Type":"Pathway","label":"is involved in"}},{"data":{"source":"O60840","target":"R-HSA-5576892","Edge_Type":"Pathway","label":"is involved in"}},{"data":{"source":"P54284","target":"R-HSA-5576892","Edge_Type":"Pathway","label":"is involved in"}},{"data":{"source":"Q01668","target":"R-HSA-5576892","Edge_Type":"Pathway","label":"is involved in"}},{"data":{"source":"Q02641","target":"R-HSA-5576892","Edge_Type":"Pathway","label":"is involved in"}},{"data":{"source":"Q08289","target":"R-HSA-5576892","Edge_Type":"Pathway","label":"is involved in"}},{"data":{"source":"Q13698","target":"R-HSA-5576892","Edge_Type":"Pathway","label":"is involved in"}},{"data":{"source":"Q13936","target":"R-HSA-5576892","Edge_Type":"Pathway","label":"is involved in"}},{"data":{"source":"O00305","target":"R-HSA-112308","Edge_Type":"Pathway","label":"is involved in"}},{"data":{"source":"P54284","target":"R-HSA-112308","Edge_Type":"Pathway","label":"is involved in"}},{"data":{"source":"Q02641","target":"R-HSA-112308","Edge_Type":"Pathway","label":"is involved in"}},{"data":{"source":"Q08289","target":"R-HSA-112308","Edge_Type":"Pathway","label":"is involved in"}},{"data":{"source":"Q99519","target":"R-HSA-4341670","Edge_Type":"Pathway","label":"is involved in"}},{"data":{"source":"P08913","target":"R-HSA-400042","Edge_Type":"Pathway","label":"is involved in"}},{"data":{"source":"P54284","target":"R-HSA-400042","Edge_Type":"Pathway","label":"is involved in"}},{"data":{"source":"Q01668","target":"R-HSA-400042","Edge_Type":"Pathway","label":"is involved in"}},{"data":{"source":"Q08289","target":"R-HSA-400042","Edge_Type":"Pathway","label":"is involved in"}},{"data":{"source":"Q13936","target":"R-HSA-400042","Edge_Type":"Pathway","label":"is involved in"}},{"data":{"source":"P28335","target":"R-HSA-390666","Edge_Type":"Pathway","label":"is involved in"}},{"data":{"source":"P41595","target":"R-HSA-390666","Edge_Type":"Pathway","label":"is involved in"}},{"data":{"source":"P28223","target":"R-HSA-390666","Edge_Type":"Pathway","label":"is involved in"}},{"data":{"source":"P10827","target":"R-HSA-4090294","Edge_Type":"Pathway","label":"is involved in"}},{"data":{"source":"P10828","target":"R-HSA-4090294","Edge_Type":"Pathway","label":"is involved in"}},{"data":{"source":"P37231","target":"R-HSA-4090294","Edge_Type":"Pathway","label":"is involved in"}},{"data":{"source":"Q07869","target":"R-HSA-4090294","Edge_Type":"Pathway","label":"is involved in"}},{"data":{"source":"P10827","target":"HP:0002930","Edge_Type":"HPO","label":"is associated w\/"}},{"data":{"source":"P10828","target":"HP:0002930","Edge_Type":"HPO","label":"is associated w\/"}},{"data":{"source":"Q08289","target":"HP:0012232","Edge_Type":"HPO","label":"is associated w\/"}},{"data":{"source":"Q12809","target":"HP:0012232","Edge_Type":"HPO","label":"is associated w\/"}},{"data":{"source":"Q13936","target":"HP:0012232","Edge_Type":"HPO","label":"is associated w\/"}},{"data":{"source":"Q13936","target":"HP:0012272","Edge_Type":"HPO","label":"is associated w\/"}},{"data":{"source":"Q99519","target":"HP:0012061","Edge_Type":"HPO","label":"is associated w\/"}},{"data":{"source":"Q15125","target":"HP:0008131","Edge_Type":"HPO","label":"is associated w\/"}},{"data":{"source":"P20309","target":"HP:0005199","Edge_Type":"HPO","label":"is associated w\/"}},{"data":{"source":"Q01668","target":"HP:0011706","Edge_Type":"HPO","label":"is associated w\/"}},{"data":{"source":"Q13698","target":"HP:0011706","Edge_Type":"HPO","label":"is associated w\/"}},{"data":{"source":"P37231","target":"HP:0012273","Edge_Type":"HPO","label":"is associated w\/"}},{"data":{"source":"Q15125","target":"HP:0004241","Edge_Type":"HPO","label":"is associated w\/"}},{"data":{"source":"O60840","target":"HP:0030512","Edge_Type":"HPO","label":"is associated w\/"}},{"data":{"source":"P07550","target":"CHEMBL1939069","Edge_Type":"Prediction","label":"targets"}},{"data":{"source":"P08588","target":"CHEMBL1939069","Edge_Type":"Prediction","label":"targets"}},{"data":{"source":"P10828","target":"CHEMBL1939069","Edge_Type":"Prediction","label":"targets"}},{"data":{"source":"P28335","target":"CHEMBL1939069","Edge_Type":"Prediction","label":"targets"}},{"data":{"source":"P07550","target":"CHEMBL3906499","Edge_Type":"Prediction","label":"targets"}},{"data":{"source":"P08173","target":"CHEMBL3906499","Edge_Type":"Prediction","label":"targets"}},{"data":{"source":"P08588","target":"CHEMBL3906499","Edge_Type":"Prediction","label":"targets"}},{"data":{"source":"P08173","target":"CHEMBL3962958","Edge_Type":"Prediction","label":"targets"}},{"data":{"source":"P10828","target":"CHEMBL3962958","Edge_Type":"Prediction","label":"targets"}},{"data":{"source":"P28335","target":"CHEMBL3962958","Edge_Type":"Prediction","label":"targets"}},{"data":{"source":"P07550","target":"CHEMBL3192183","Edge_Type":"Prediction","label":"targets"}},{"data":{"source":"P08173","target":"CHEMBL3192183","Edge_Type":"Prediction","label":"targets"}},{"data":{"source":"P28335","target":"CHEMBL3192183","Edge_Type":"Prediction","label":"targets"}},{"data":{"source":"P07550","target":"CHEMBL2449501","Edge_Type":"Prediction","label":"targets"}},{"data":{"source":"P08588","target":"CHEMBL2449501","Edge_Type":"Prediction","label":"targets"}},{"data":{"source":"P10828","target":"CHEMBL2449501","Edge_Type":"Prediction","label":"targets"}},{"data":{"source":"P07550","target":"CHEMBL3207616","Edge_Type":"Prediction","label":"targets"}},{"data":{"source":"P08173","target":"CHEMBL3207616","Edge_Type":"Prediction","label":"targets"}},{"data":{"source":"P28335","target":"CHEMBL3207616","Edge_Type":"Prediction","label":"targets"}},{"data":{"source":"P07550","target":"CHEMBL3193609","Edge_Type":"Prediction","label":"targets"}},{"data":{"source":"P08588","target":"CHEMBL3193609","Edge_Type":"Prediction","label":"targets"}},{"data":{"source":"P10828","target":"CHEMBL3193609","Edge_Type":"Prediction","label":"targets"}},{"data":{"source":"P08173","target":"CHEMBL3664367","Edge_Type":"Prediction","label":"targets"}},{"data":{"source":"P08588","target":"CHEMBL3664367","Edge_Type":"Prediction","label":"targets"}},{"data":{"source":"P28335","target":"CHEMBL3664367","Edge_Type":"Prediction","label":"targets"}},{"data":{"source":"P07550","target":"CHEMBL1981464","Edge_Type":"Prediction","label":"targets"}},{"data":{"source":"P08173","target":"CHEMBL1981464","Edge_Type":"Prediction","label":"targets"}},{"data":{"source":"P08588","target":"CHEMBL1981464","Edge_Type":"Prediction","label":"targets"}},{"data":{"source":"P08173","target":"CHEMBL2348941","Edge_Type":"Prediction","label":"targets"}},{"data":{"source":"P08588","target":"CHEMBL2348941","Edge_Type":"Prediction","label":"targets"}},{"data":{"source":"P10828","target":"CHEMBL2348941","Edge_Type":"Prediction","label":"targets"}},{"data":{"source":"P28335","target":"CHEMBL2348941","Edge_Type":"Prediction","label":"targets"}},{"data":{"source":"H00292","target":"DB01118","Edge_Type":"kegg_dis_drug","label":"indicates"}},{"data":{"source":"H00731","target":"hsa04261","Edge_Type":"kegg_dis_path","label":"modulates"}},{"data":{"source":"H00731","target":"DB01118","Edge_Type":"kegg_dis_drug","label":"indicates"}},{"data":{"source":"H00249","target":"hsa04080","Edge_Type":"kegg_dis_path","label":"modulates"}},{"data":{"source":"H02106","target":"hsa04080","Edge_Type":"kegg_dis_path","label":"modulates"}},{"data":{"source":"H00746","target":"hsa04020","Edge_Type":"kegg_dis_path","label":"modulates"}},{"data":{"source":"H00746","target":"hsa04260","Edge_Type":"kegg_dis_path","label":"modulates"}},{"data":{"source":"H00746","target":"hsa04725","Edge_Type":"kegg_dis_path","label":"modulates"}},{"data":{"source":"O60840","target":"hsa04020","Edge_Type":"kegg_path_prot","label":"is involved in"}},{"data":{"source":"P07550","target":"hsa04020","Edge_Type":"kegg_path_prot","label":"is involved in"}},{"data":{"source":"P08588","target":"hsa04020","Edge_Type":"kegg_path_prot","label":"is involved in"}},{"data":{"source":"P11229","target":"hsa04020","Edge_Type":"kegg_path_prot","label":"is involved in"}},{"data":{"source":"P13945","target":"hsa04020","Edge_Type":"kegg_path_prot","label":"is involved in"}},{"data":{"source":"P20309","target":"hsa04020","Edge_Type":"kegg_path_prot","label":"is involved in"}},{"data":{"source":"P28335","target":"hsa04020","Edge_Type":"kegg_path_prot","label":"is involved in"}},{"data":{"source":"P41595","target":"hsa04020","Edge_Type":"kegg_path_prot","label":"is involved in"}},{"data":{"source":"Q01668","target":"hsa04020","Edge_Type":"kegg_path_prot","label":"is involved in"}},{"data":{"source":"Q13698","target":"hsa04020","Edge_Type":"kegg_path_prot","label":"is involved in"}},{"data":{"source":"Q13936","target":"hsa04020","Edge_Type":"kegg_path_prot","label":"is involved in"}},{"data":{"source":"Q9P0X4","target":"hsa04020","Edge_Type":"kegg_path_prot","label":"is involved in"}},{"data":{"source":"P28223","target":"hsa04020","Edge_Type":"kegg_path_prot","label":"is involved in"}},{"data":{"source":"O60840","target":"hsa04924","Edge_Type":"kegg_path_prot","label":"is involved in"}},{"data":{"source":"P07550","target":"hsa04924","Edge_Type":"kegg_path_prot","label":"is involved in"}},{"data":{"source":"P08588","target":"hsa04924","Edge_Type":"kegg_path_prot","label":"is involved in"}},{"data":{"source":"P13945","target":"hsa04924","Edge_Type":"kegg_path_prot","label":"is involved in"}},{"data":{"source":"Q01668","target":"hsa04924","Edge_Type":"kegg_path_prot","label":"is involved in"}},{"data":{"source":"Q13698","target":"hsa04924","Edge_Type":"kegg_path_prot","label":"is involved in"}},{"data":{"source":"Q13936","target":"hsa04924","Edge_Type":"kegg_path_prot","label":"is involved in"}},{"data":{"source":"P30542","target":"hsa04924","Edge_Type":"kegg_path_prot","label":"is involved in"}},{"data":{"source":"O00305","target":"hsa04260","Edge_Type":"kegg_path_prot","label":"is involved in"}},{"data":{"source":"O60840","target":"hsa04260","Edge_Type":"kegg_path_prot","label":"is involved in"}},{"data":{"source":"P54284","target":"hsa04260","Edge_Type":"kegg_path_prot","label":"is involved in"}},{"data":{"source":"Q01668","target":"hsa04260","Edge_Type":"kegg_path_prot","label":"is involved in"}},{"data":{"source":"Q02641","target":"hsa04260","Edge_Type":"kegg_path_prot","label":"is involved in"}},{"data":{"source":"Q08289","target":"hsa04260","Edge_Type":"kegg_path_prot","label":"is involved in"}},{"data":{"source":"Q13698","target":"hsa04260","Edge_Type":"kegg_path_prot","label":"is involved in"}},{"data":{"source":"Q13936","target":"hsa04260","Edge_Type":"kegg_path_prot","label":"is involved in"}},{"data":{"source":"O00305","target":"hsa04261","Edge_Type":"kegg_path_prot","label":"is involved in"}},{"data":{"source":"O60840","target":"hsa04261","Edge_Type":"kegg_path_prot","label":"is involved in"}},{"data":{"source":"P07550","target":"hsa04261","Edge_Type":"kegg_path_prot","label":"is involved in"}},{"data":{"source":"P08588","target":"hsa04261","Edge_Type":"kegg_path_prot","label":"is involved in"}},{"data":{"source":"P54284","target":"hsa04261","Edge_Type":"kegg_path_prot","label":"is involved in"}},{"data":{"source":"Q01668","target":"hsa04261","Edge_Type":"kegg_path_prot","label":"is involved in"}},{"data":{"source":"Q02641","target":"hsa04261","Edge_Type":"kegg_path_prot","label":"is involved in"}},{"data":{"source":"Q08289","target":"hsa04261","Edge_Type":"kegg_path_prot","label":"is involved in"}},{"data":{"source":"Q13698","target":"hsa04261","Edge_Type":"kegg_path_prot","label":"is involved in"}},{"data":{"source":"Q13936","target":"hsa04261","Edge_Type":"kegg_path_prot","label":"is involved in"}},{"data":{"source":"P07550","target":"hsa04080","Edge_Type":"kegg_path_prot","label":"is involved in"}},{"data":{"source":"P08173","target":"hsa04080","Edge_Type":"kegg_path_prot","label":"is involved in"}},{"data":{"source":"P08588","target":"hsa04080","Edge_Type":"kegg_path_prot","label":"is involved in"}},{"data":{"source":"P08913","target":"hsa04080","Edge_Type":"kegg_path_prot","label":"is involved in"}},{"data":{"source":"P10827","target":"hsa04080","Edge_Type":"kegg_path_prot","label":"is involved in"}},{"data":{"source":"P10828","target":"hsa04080","Edge_Type":"kegg_path_prot","label":"is involved in"}},{"data":{"source":"P11229","target":"hsa04080","Edge_Type":"kegg_path_prot","label":"is involved in"}},{"data":{"source":"P13945","target":"hsa04080","Edge_Type":"kegg_path_prot","label":"is involved in"}},{"data":{"source":"P20309","target":"hsa04080","Edge_Type":"kegg_path_prot","label":"is involved in"}},{"data":{"source":"P28335","target":"hsa04080","Edge_Type":"kegg_path_prot","label":"is involved in"}},{"data":{"source":"P35462","target":"hsa04080","Edge_Type":"kegg_path_prot","label":"is involved in"}},{"data":{"source":"P41595","target":"hsa04080","Edge_Type":"kegg_path_prot","label":"is involved in"}},{"data":{"source":"P30542","target":"hsa04080","Edge_Type":"kegg_path_prot","label":"is involved in"}},{"data":{"source":"P28223","target":"hsa04080","Edge_Type":"kegg_path_prot","label":"is involved in"}},{"data":{"source":"O60840","target":"hsa04725","Edge_Type":"kegg_path_prot","label":"is involved in"}},{"data":{"source":"P06241","target":"hsa04725","Edge_Type":"kegg_path_prot","label":"is involved in"}},{"data":{"source":"P08173","target":"hsa04725","Edge_Type":"kegg_path_prot","label":"is involved in"}},{"data":{"source":"P11229","target":"hsa04725","Edge_Type":"kegg_path_prot","label":"is involved in"}},{"data":{"source":"P20309","target":"hsa04725","Edge_Type":"kegg_path_prot","label":"is involved in"}},{"data":{"source":"Q01668","target":"hsa04725","Edge_Type":"kegg_path_prot","label":"is involved in"}},{"data":{"source":"Q13698","target":"hsa04725","Edge_Type":"kegg_path_prot","label":"is involved in"}},{"data":{"source":"Q13936","target":"hsa04725","Edge_Type":"kegg_path_prot","label":"is involved in"}},{"data":{"source":"O60840","target":"hsa04726","Edge_Type":"kegg_path_prot","label":"is involved in"}},{"data":{"source":"P11712","target":"hsa04726","Edge_Type":"kegg_path_prot","label":"is involved in"}},{"data":{"source":"P28335","target":"hsa04726","Edge_Type":"kegg_path_prot","label":"is involved in"}},{"data":{"source":"P41595","target":"hsa04726","Edge_Type":"kegg_path_prot","label":"is involved in"}},{"data":{"source":"Q01668","target":"hsa04726","Edge_Type":"kegg_path_prot","label":"is involved in"}},{"data":{"source":"Q13698","target":"hsa04726","Edge_Type":"kegg_path_prot","label":"is involved in"}},{"data":{"source":"Q13936","target":"hsa04726","Edge_Type":"kegg_path_prot","label":"is involved in"}},{"data":{"source":"P28223","target":"hsa04726","Edge_Type":"kegg_path_prot","label":"is involved in"}},{"data":{"source":"O60840","target":"hsa04022","Edge_Type":"kegg_path_prot","label":"is involved in"}},{"data":{"source":"P07550","target":"hsa04022","Edge_Type":"kegg_path_prot","label":"is involved in"}},{"data":{"source":"P08588","target":"hsa04022","Edge_Type":"kegg_path_prot","label":"is involved in"}},{"data":{"source":"P08913","target":"hsa04022","Edge_Type":"kegg_path_prot","label":"is involved in"}},{"data":{"source":"P13945","target":"hsa04022","Edge_Type":"kegg_path_prot","label":"is involved in"}},{"data":{"source":"Q01668","target":"hsa04022","Edge_Type":"kegg_path_prot","label":"is involved in"}},{"data":{"source":"Q13698","target":"hsa04022","Edge_Type":"kegg_path_prot","label":"is involved in"}},{"data":{"source":"Q13936","target":"hsa04022","Edge_Type":"kegg_path_prot","label":"is involved in"}},{"data":{"source":"P30542","target":"hsa04022","Edge_Type":"kegg_path_prot","label":"is involved in"}},{"data":{"source":"O00305","target":"hsa04921","Edge_Type":"kegg_path_prot","label":"is involved in"}},{"data":{"source":"O60840","target":"hsa04921","Edge_Type":"kegg_path_prot","label":"is involved in"}},{"data":{"source":"P54284","target":"hsa04921","Edge_Type":"kegg_path_prot","label":"is involved in"}},{"data":{"source":"Q01668","target":"hsa04921","Edge_Type":"kegg_path_prot","label":"is involved in"}},{"data":{"source":"Q02641","target":"hsa04921","Edge_Type":"kegg_path_prot","label":"is involved in"}},{"data":{"source":"Q08289","target":"hsa04921","Edge_Type":"kegg_path_prot","label":"is involved in"}},{"data":{"source":"Q13698","target":"hsa04921","Edge_Type":"kegg_path_prot","label":"is involved in"}},{"data":{"source":"Q13936","target":"hsa04921","Edge_Type":"kegg_path_prot","label":"is involved in"}},{"data":{"source":"O60840","target":"hsa04929","Edge_Type":"kegg_path_prot","label":"is involved in"}},{"data":{"source":"Q01668","target":"hsa04929","Edge_Type":"kegg_path_prot","label":"is involved in"}},{"data":{"source":"Q13698","target":"hsa04929","Edge_Type":"kegg_path_prot","label":"is involved in"}},{"data":{"source":"Q13936","target":"hsa04929","Edge_Type":"kegg_path_prot","label":"is involved in"}},{"data":{"source":"Q9P0X4","target":"hsa04929","Edge_Type":"kegg_path_prot","label":"is involved in"}},{"data":{"source":"P20309","target":"H02129","Edge_Type":"kegg_dis_prot","label":"is related to"}},{"data":{"source":"Q99519","target":"H00142","Edge_Type":"kegg_dis_prot","label":"is related to"}},{"data":{"source":"Q15125","target":"H02248","Edge_Type":"kegg_dis_prot","label":"is related to"}},{"data":{"source":"O60840","target":"H00690","Edge_Type":"kegg_dis_prot","label":"is related to"}},{"data":{"source":"P10828","target":"H00249","Edge_Type":"kegg_dis_prot","label":"is related to"}},{"data":{"source":"P07550","target":"H02106","Edge_Type":"kegg_dis_prot","label":"is related to"}},{"data":{"source":"P13945","target":"H02106","Edge_Type":"kegg_dis_prot","label":"is related to"}},{"data":{"source":"P37231","target":"H02106","Edge_Type":"kegg_dis_prot","label":"is related to"}},{"data":{"source":"Q86YN6","target":"H02106","Edge_Type":"kegg_dis_prot","label":"is related to"}},{"data":{"source":"Q15125","target":"H01194","Edge_Type":"kegg_dis_prot","label":"is related to"}},{"data":{"source":"Q13698","target":"H00746","Edge_Type":"kegg_dis_prot","label":"is related to"}}]}