{"options":{"search_start":1613059239,"tax_ids":[9606],"num_of_fn_nodes":10,"num_of_pathways":10,"num_of_phenotypes":10,"num_of_drugs":10,"num_of_diseases":10,"num_of_compounds":10,"chembl_compounds":0,"predictions":1,"reviewed_filter":1,"fn":1,"chembl":1,"search_finish":1613059250,"search_runtime":11},"search":[{"Drug":[{"DB01643":"Thymidine monophosphate"}]}],"nodes":[{"data":{"id":"P04818","display_name":"TYMS","Node_Type":"Protein"}},{"data":{"id":"P23919","display_name":"DTYMK","Node_Type":"Protein"}},{"data":{"id":"DB01643","display_name":"Thymidine monophosphate","Node_Type":"Drug","enrichScore":9999999}},{"data":{"id":"DB05116","display_name":"Thymectacin","Node_Type":"Drug","enrichScore":2384.5}},{"data":{"id":"DB03233","display_name":"3'-deoxy-3'-aminothymidine monophosphate","Node_Type":"Drug","enrichScore":2384.5}},{"data":{"id":"DB05457","display_name":"OSI-7904L","Node_Type":"Drug","enrichScore":2384.5}},{"data":{"id":"DB03845","display_name":"P1-(5'-Adenosyl)P5-(5'-(3'azido-3'-Deoxythymidyl))Pentaphosphate","Node_Type":"Drug","enrichScore":2384.5}},{"data":{"id":"DB07577","display_name":"2,4-Diamino-5-phenyl-6-ethylpyrimidine","Node_Type":"Drug","enrichScore":2384.5}},{"data":{"id":"DB00322","display_name":"Floxuridine","Node_Type":"Drug","enrichScore":2384.5}},{"data":{"id":"DB08478","display_name":"N-[2-Chloro-5-(trifluoromethyl)phenyl]imidodicarbonimidic diamide","Node_Type":"Drug","enrichScore":2384.5}},{"data":{"id":"DB08479","display_name":"N-(3,5-dimethoxyphenyl)imidodicarbonimidic diamide","Node_Type":"Drug","enrichScore":2384.5}},{"data":{"id":"DB03195","display_name":"3'-Fluoro-3'-deoxythymidine 5'-monophosphate","Node_Type":"Drug","enrichScore":2384.5}},{"data":{"id":"R-HSA-499943","display_name":"Interconversion of nucleotide di- and triphosphates","Node_Type":"Pathway","enrichScore":4285}},{"data":{"id":"R-HSA-69205","display_name":"G1\/S-Specific Transcription","Node_Type":"Pathway","enrichScore":0}},{"data":{"id":"hsa00240","display_name":"Pyrimidine metabolism","Node_Type":"kegg_Pathway","enrichScore":239.93}},{"data":{"id":"hsa00670","display_name":"One carbon pool by folate","Node_Type":"kegg_Pathway","enrichScore":179.947}},{"data":{"id":"hsa01100","display_name":"Metabolic pathways","Node_Type":"kegg_Pathway","enrichScore":9.247}}],"edges":[{"data":{"source":"P23919","target":"DB01643","Edge_Type":"Drug","label":"targets"}},{"data":{"source":"P04818","target":"DB01643","Edge_Type":"Drug","label":"targets"}},{"data":{"source":"P04818","target":"DB05116","Edge_Type":"Drug","label":"targets"}},{"data":{"source":"P23919","target":"DB03233","Edge_Type":"Drug","label":"targets"}},{"data":{"source":"P04818","target":"DB05457","Edge_Type":"Drug","label":"targets"}},{"data":{"source":"P23919","target":"DB03845","Edge_Type":"Drug","label":"targets"}},{"data":{"source":"P04818","target":"DB07577","Edge_Type":"Drug","label":"targets"}},{"data":{"source":"P04818","target":"DB00322","Edge_Type":"Drug","label":"targets"}},{"data":{"source":"P04818","target":"DB08478","Edge_Type":"Drug","label":"targets"}},{"data":{"source":"P04818","target":"DB08479","Edge_Type":"Drug","label":"targets"}},{"data":{"source":"P23919","target":"DB03195","Edge_Type":"Drug","label":"targets"}},{"data":{"source":"P04818","target":"R-HSA-499943","Edge_Type":"Pathway","label":"is involved in"}},{"data":{"source":"P23919","target":"R-HSA-499943","Edge_Type":"Pathway","label":"is involved in"}},{"data":{"source":"P04818","target":"R-HSA-69205","Edge_Type":"Pathway","label":"is involved in"}},{"data":{"source":"P04818","target":"hsa00240","Edge_Type":"kegg_path_prot","label":"is involved in"}},{"data":{"source":"P23919","target":"hsa00240","Edge_Type":"kegg_path_prot","label":"is involved in"}},{"data":{"source":"P04818","target":"hsa00670","Edge_Type":"kegg_path_prot","label":"is involved in"}},{"data":{"source":"P04818","target":"hsa01100","Edge_Type":"kegg_path_prot","label":"is involved in"}},{"data":{"source":"P23919","target":"hsa01100","Edge_Type":"kegg_path_prot","label":"is involved in"}}]}