{"options":{"search_start":1613060532,"tax_ids":[9606],"num_of_fn_nodes":10,"num_of_pathways":10,"num_of_phenotypes":10,"num_of_drugs":10,"num_of_diseases":10,"num_of_compounds":10,"chembl_compounds":0,"predictions":1,"reviewed_filter":1,"fn":1,"chembl":1,"search_finish":1613060558,"search_runtime":26},"search":[{"Drug":[{"DB00275":"Olmesartan"}]}],"nodes":[{"data":{"id":"P30556","display_name":"AGTR1","Node_Type":"Protein"}},{"data":{"id":"O75937","display_name":"DNAJC8","Node_Type":"Protein_N"}},{"data":{"id":"P54368","display_name":"OAZ1","Node_Type":"Protein_N"}},{"data":{"id":"Q6ZMG9","display_name":"CERS6","Node_Type":"Protein_N"}},{"data":{"id":"P05026","display_name":"ATP1B1","Node_Type":"Protein_N"}},{"data":{"id":"P01019","display_name":"AGT","Node_Type":"Protein_N"}},{"data":{"id":"P35414","display_name":"APLNR","Node_Type":"Protein_N"}},{"data":{"id":"Orphanet:97369","display_name":"Renal tubular dysgenesis of genetic origin","Node_Type":"Disease","enrichScore":514.429}},{"data":{"id":"EFO:0000537","display_name":"hypertension","Node_Type":"Disease","enrichScore":257.214}},{"data":{"id":"DB00275","display_name":"Olmesartan","Node_Type":"Drug","enrichScore":9999999}},{"data":{"id":"DB11842","display_name":"Angiotensin II","Node_Type":"Drug","enrichScore":681.286}},{"data":{"id":"DB00678","display_name":"Losartan","Node_Type":"Drug","enrichScore":681.286}},{"data":{"id":"DB00796","display_name":"Candesartan cilexetil","Node_Type":"Drug","enrichScore":681.286}},{"data":{"id":"DB00876","display_name":"Eprosartan","Node_Type":"Drug","enrichScore":681.286}},{"data":{"id":"DB01342","display_name":"Forasartan","Node_Type":"Drug","enrichScore":681.286}},{"data":{"id":"DB01347","display_name":"Saprisartan","Node_Type":"Drug","enrichScore":681.286}},{"data":{"id":"DB00177","display_name":"Valsartan","Node_Type":"Drug","enrichScore":681.286}},{"data":{"id":"DB13919","display_name":"Candesartan","Node_Type":"Drug","enrichScore":681.286}},{"data":{"id":"DB08822","display_name":"Azilsartan medoxomil","Node_Type":"Drug","enrichScore":681.286}},{"data":{"id":"R-HSA-375276","display_name":"Peptide ligand-binding receptors","Node_Type":"Pathway","enrichScore":779.616}},{"data":{"id":"R-HSA-2022377","display_name":"Metabolism of Angiotensinogen to Angiotensins","Node_Type":"Pathway","enrichScore":510.119}},{"data":{"id":"R-HSA-210991","display_name":"Basigin interactions","Node_Type":"Pathway","enrichScore":367.286}},{"data":{"id":"R-HSA-416476","display_name":"G alpha (q) signalling events","Node_Type":"Pathway","enrichScore":208.685}},{"data":{"id":"R-HSA-1660661","display_name":"Sphingolipid de novo biosynthesis","Node_Type":"Pathway","enrichScore":208.685}},{"data":{"id":"R-HSA-350562","display_name":"Regulation of ornithine decarboxylase (ODC)","Node_Type":"Pathway","enrichScore":180.042}},{"data":{"id":"R-HSA-5578775","display_name":"Ion homeostasis","Node_Type":"Pathway","enrichScore":170.04}},{"data":{"id":"R-HSA-936837","display_name":"Ion transport by P-type ATPases","Node_Type":"Pathway","enrichScore":166.948}},{"data":{"id":"R-HSA-418594","display_name":"G alpha (i) signalling events","Node_Type":"Pathway","enrichScore":139.123}},{"data":{"id":"R-HSA-8856825","display_name":"Cargo recognition for clathrin-mediated endocytosis","Node_Type":"Pathway","enrichScore":87.449}},{"data":{"id":"HP:0008660","display_name":"Renotubular dysgenesis","Node_Type":"HPO","enrichScore":604.429}},{"data":{"id":"HP:0002009","display_name":"Potter facies","Node_Type":"HPO","enrichScore":268.635}},{"data":{"id":"HP:0004972","display_name":"Elevated mean arterial pressure","Node_Type":"HPO","enrichScore":268.635}},{"data":{"id":"HP:0005117","display_name":"Elevated diastolic blood pressure","Node_Type":"HPO","enrichScore":241.771}},{"data":{"id":"HP:0011334","display_name":"Facial shape deformation","Node_Type":"HPO","enrichScore":241.771}},{"data":{"id":"HP:0004421","display_name":"Elevated systolic blood pressure","Node_Type":"HPO","enrichScore":241.771}},{"data":{"id":"HP:0100519","display_name":"Anuria","Node_Type":"HPO","enrichScore":201.476}},{"data":{"id":"HP:0004492","display_name":"Widely patent fontanelles and sutures","Node_Type":"HPO","enrichScore":142.218}},{"data":{"id":"HP:0011037","display_name":"Decreased urine output","Node_Type":"HPO","enrichScore":134.317}},{"data":{"id":"HP:0010537","display_name":"Wide cranial sutures","Node_Type":"HPO","enrichScore":100.738}},{"data":{"id":"CHEMBL1598836","display_name":"CHEMBL1598836","Node_Type":"Prediction","enrichScore":74.571}},{"data":{"id":"CHEMBL3934241","display_name":"CHEMBL3934241","Node_Type":"Prediction","enrichScore":74.571}},{"data":{"id":"CHEMBL3915279","display_name":"CHEMBL3915279","Node_Type":"Prediction","enrichScore":74.571}},{"data":{"id":"CHEMBL3915489","display_name":"CHEMBL3915489","Node_Type":"Prediction","enrichScore":74.571}},{"data":{"id":"CHEMBL2424684","display_name":"CHEMBL2424684","Node_Type":"Prediction","enrichScore":74.571}},{"data":{"id":"CHEMBL3946848","display_name":"CHEMBL3946848","Node_Type":"Prediction","enrichScore":74.571}},{"data":{"id":"CHEMBL3973624","display_name":"CHEMBL3973624","Node_Type":"Prediction","enrichScore":74.571}},{"data":{"id":"CHEMBL3675980","display_name":"CHEMBL3675980","Node_Type":"Prediction","enrichScore":74.571}},{"data":{"id":"CHEMBL3905805","display_name":"CHEMBL3905805","Node_Type":"Prediction","enrichScore":74.571}},{"data":{"id":"CHEMBL3143422","display_name":"CHEMBL3143422","Node_Type":"Prediction","enrichScore":74.571}},{"data":{"id":"hsa04614","display_name":"Renin-angiotensin system","Node_Type":"kegg_Pathway","enrichScore":169.888}},{"data":{"id":"hsa04925","display_name":"Aldosterone synthesis and secretion","Node_Type":"kegg_Pathway","enrichScore":83.731}},{"data":{"id":"hsa04927","display_name":"Cortisol synthesis and secretion","Node_Type":"kegg_Pathway","enrichScore":59.203}},{"data":{"id":"hsa04261","display_name":"Adrenergic signaling in cardiomyocytes","Node_Type":"kegg_Pathway","enrichScore":56.357}},{"data":{"id":"hsa04924","display_name":"Renin secretion","Node_Type":"kegg_Pathway","enrichScore":51.414}},{"data":{"id":"hsa04964","display_name":"Proximal tubule bicarbonate reclamation","Node_Type":"kegg_Pathway","enrichScore":42.472}},{"data":{"id":"hsa04270","display_name":"Vascular smooth muscle contraction","Node_Type":"kegg_Pathway","enrichScore":28.315}},{"data":{"id":"hsa04371","display_name":"Apelin signaling pathway","Node_Type":"kegg_Pathway","enrichScore":27.325}},{"data":{"id":"hsa04960","display_name":"Aldosterone-regulated sodium reabsorption","Node_Type":"kegg_Pathway","enrichScore":26.402}},{"data":{"id":"hsa04072","display_name":"Phospholipase D signaling pathway","Node_Type":"kegg_Pathway","enrichScore":26.402}},{"data":{"id":"H01633","display_name":"High blood pressure","Node_Type":"kegg_Disease","enrichScore":1000000}},{"data":{"id":"H00575","display_name":"Renal tubular dysgenesis","Node_Type":"kegg_Disease","enrichScore":523.857}}],"edges":[{"data":{"source":"O75937","target":"P30556","Edge_Type":"PPI","label":"interacts w\/"}},{"data":{"source":"P54368","target":"P30556","Edge_Type":"PPI","label":"interacts w\/"}},{"data":{"source":"Q6ZMG9","target":"P30556","Edge_Type":"PPI","label":"interacts w\/"}},{"data":{"source":"P05026","target":"P30556","Edge_Type":"PPI","label":"interacts w\/"}},{"data":{"source":"P01019","target":"P30556","Edge_Type":"PPI","label":"interacts w\/"}},{"data":{"source":"P35414","target":"P30556","Edge_Type":"PPI","label":"interacts w\/"}},{"data":{"source":"HP:0008660","target":"Orphanet:97369","Edge_Type":"hpodis","label":"is associated w\/"}},{"data":{"source":"HP:0002009","target":"Orphanet:97369","Edge_Type":"hpodis","label":"is associated w\/"}},{"data":{"source":"HP:0004972","target":"EFO:0000537","Edge_Type":"hpodis","label":"is associated w\/"}},{"data":{"source":"HP:0005117","target":"EFO:0000537","Edge_Type":"hpodis","label":"is associated w\/"}},{"data":{"source":"HP:0011334","target":"Orphanet:97369","Edge_Type":"hpodis","label":"is associated w\/"}},{"data":{"source":"HP:0004421","target":"EFO:0000537","Edge_Type":"hpodis","label":"is associated w\/"}},{"data":{"source":"HP:0100519","target":"Orphanet:97369","Edge_Type":"hpodis","label":"is associated w\/"}},{"data":{"source":"HP:0004492","target":"Orphanet:97369","Edge_Type":"hpodis","label":"is associated w\/"}},{"data":{"source":"HP:0011037","target":"Orphanet:97369","Edge_Type":"hpodis","label":"is associated w\/"}},{"data":{"source":"HP:0010537","target":"Orphanet:97369","Edge_Type":"hpodis","label":"is associated w\/"}},{"data":{"source":"P30556","target":"Orphanet:97369","Edge_Type":"Disease","label":"is related to"}},{"data":{"source":"P01019","target":"Orphanet:97369","Edge_Type":"Disease","label":"is related to"}},{"data":{"source":"P01019","target":"EFO:0000537","Edge_Type":"Disease","label":"is related to"}},{"data":{"source":"P30556","target":"DB00275","Edge_Type":"Drug","label":"targets"}},{"data":{"source":"P30556","target":"DB11842","Edge_Type":"Drug","label":"targets"}},{"data":{"source":"P30556","target":"DB00678","Edge_Type":"Drug","label":"targets"}},{"data":{"source":"P30556","target":"DB00796","Edge_Type":"Drug","label":"targets"}},{"data":{"source":"P30556","target":"DB00876","Edge_Type":"Drug","label":"targets"}},{"data":{"source":"P30556","target":"DB01342","Edge_Type":"Drug","label":"targets"}},{"data":{"source":"P30556","target":"DB01347","Edge_Type":"Drug","label":"targets"}},{"data":{"source":"P30556","target":"DB00177","Edge_Type":"Drug","label":"targets"}},{"data":{"source":"P30556","target":"DB13919","Edge_Type":"Drug","label":"targets"}},{"data":{"source":"P30556","target":"DB08822","Edge_Type":"Drug","label":"targets"}},{"data":{"source":"P30556","target":"R-HSA-375276","Edge_Type":"Pathway","label":"is involved in"}},{"data":{"source":"P01019","target":"R-HSA-375276","Edge_Type":"Pathway","label":"is involved in"}},{"data":{"source":"P35414","target":"R-HSA-375276","Edge_Type":"Pathway","label":"is involved in"}},{"data":{"source":"P01019","target":"R-HSA-2022377","Edge_Type":"Pathway","label":"is involved in"}},{"data":{"source":"P05026","target":"R-HSA-210991","Edge_Type":"Pathway","label":"is involved in"}},{"data":{"source":"P30556","target":"R-HSA-416476","Edge_Type":"Pathway","label":"is involved in"}},{"data":{"source":"P01019","target":"R-HSA-416476","Edge_Type":"Pathway","label":"is involved in"}},{"data":{"source":"Q6ZMG9","target":"R-HSA-1660661","Edge_Type":"Pathway","label":"is involved in"}},{"data":{"source":"P54368","target":"R-HSA-350562","Edge_Type":"Pathway","label":"is involved in"}},{"data":{"source":"P05026","target":"R-HSA-5578775","Edge_Type":"Pathway","label":"is involved in"}},{"data":{"source":"P05026","target":"R-HSA-936837","Edge_Type":"Pathway","label":"is involved in"}},{"data":{"source":"P01019","target":"R-HSA-418594","Edge_Type":"Pathway","label":"is involved in"}},{"data":{"source":"P35414","target":"R-HSA-418594","Edge_Type":"Pathway","label":"is involved in"}},{"data":{"source":"P30556","target":"R-HSA-8856825","Edge_Type":"Pathway","label":"is involved in"}},{"data":{"source":"P30556","target":"HP:0008660","Edge_Type":"HPO","label":"is associated w\/"}},{"data":{"source":"P01019","target":"HP:0008660","Edge_Type":"HPO","label":"is associated w\/"}},{"data":{"source":"P30556","target":"HP:0002009","Edge_Type":"HPO","label":"is associated w\/"}},{"data":{"source":"P01019","target":"HP:0002009","Edge_Type":"HPO","label":"is associated w\/"}},{"data":{"source":"P30556","target":"HP:0004972","Edge_Type":"HPO","label":"is associated w\/"}},{"data":{"source":"P01019","target":"HP:0004972","Edge_Type":"HPO","label":"is associated w\/"}},{"data":{"source":"P30556","target":"HP:0005117","Edge_Type":"HPO","label":"is associated w\/"}},{"data":{"source":"P01019","target":"HP:0005117","Edge_Type":"HPO","label":"is associated w\/"}},{"data":{"source":"P30556","target":"HP:0011334","Edge_Type":"HPO","label":"is associated w\/"}},{"data":{"source":"P01019","target":"HP:0011334","Edge_Type":"HPO","label":"is associated w\/"}},{"data":{"source":"P30556","target":"HP:0004421","Edge_Type":"HPO","label":"is associated w\/"}},{"data":{"source":"P01019","target":"HP:0004421","Edge_Type":"HPO","label":"is associated w\/"}},{"data":{"source":"P30556","target":"HP:0100519","Edge_Type":"HPO","label":"is associated w\/"}},{"data":{"source":"P01019","target":"HP:0100519","Edge_Type":"HPO","label":"is associated w\/"}},{"data":{"source":"P30556","target":"HP:0004492","Edge_Type":"HPO","label":"is associated w\/"}},{"data":{"source":"P01019","target":"HP:0004492","Edge_Type":"HPO","label":"is associated w\/"}},{"data":{"source":"P30556","target":"HP:0011037","Edge_Type":"HPO","label":"is associated w\/"}},{"data":{"source":"P01019","target":"HP:0011037","Edge_Type":"HPO","label":"is associated w\/"}},{"data":{"source":"P30556","target":"HP:0010537","Edge_Type":"HPO","label":"is associated w\/"}},{"data":{"source":"P01019","target":"HP:0010537","Edge_Type":"HPO","label":"is associated w\/"}},{"data":{"source":"P30556","target":"CHEMBL1598836","Edge_Type":"Prediction","label":"targets"}},{"data":{"source":"P30556","target":"CHEMBL3934241","Edge_Type":"Prediction","label":"targets"}},{"data":{"source":"P30556","target":"CHEMBL3915279","Edge_Type":"Prediction","label":"targets"}},{"data":{"source":"P30556","target":"CHEMBL3915489","Edge_Type":"Prediction","label":"targets"}},{"data":{"source":"P30556","target":"CHEMBL2424684","Edge_Type":"Prediction","label":"targets"}},{"data":{"source":"P30556","target":"CHEMBL3946848","Edge_Type":"Prediction","label":"targets"}},{"data":{"source":"P30556","target":"CHEMBL3973624","Edge_Type":"Prediction","label":"targets"}},{"data":{"source":"P30556","target":"CHEMBL3675980","Edge_Type":"Prediction","label":"targets"}},{"data":{"source":"P30556","target":"CHEMBL3905805","Edge_Type":"Prediction","label":"targets"}},{"data":{"source":"P30556","target":"CHEMBL3143422","Edge_Type":"Prediction","label":"targets"}},{"data":{"source":"H01633","target":"DB00876","Edge_Type":"kegg_dis_drug","label":"indicates"}},{"data":{"source":"H01633","target":"DB00678","Edge_Type":"kegg_dis_drug","label":"indicates"}},{"data":{"source":"H01633","target":"DB08822","Edge_Type":"kegg_dis_drug","label":"indicates"}},{"data":{"source":"H01633","target":"DB00275","Edge_Type":"kegg_dis_drug","label":"indicates"}},{"data":{"source":"H01633","target":"DB00796","Edge_Type":"kegg_dis_drug","label":"indicates"}},{"data":{"source":"H01633","target":"DB00177","Edge_Type":"kegg_dis_drug","label":"indicates"}},{"data":{"source":"H00575","target":"hsa04614","Edge_Type":"kegg_dis_path","label":"modulates"}},{"data":{"source":"P30556","target":"hsa04614","Edge_Type":"kegg_path_prot","label":"is involved in"}},{"data":{"source":"P01019","target":"hsa04614","Edge_Type":"kegg_path_prot","label":"is involved in"}},{"data":{"source":"P30556","target":"hsa04925","Edge_Type":"kegg_path_prot","label":"is involved in"}},{"data":{"source":"P05026","target":"hsa04925","Edge_Type":"kegg_path_prot","label":"is involved in"}},{"data":{"source":"P01019","target":"hsa04925","Edge_Type":"kegg_path_prot","label":"is involved in"}},{"data":{"source":"P30556","target":"hsa04927","Edge_Type":"kegg_path_prot","label":"is involved in"}},{"data":{"source":"P01019","target":"hsa04927","Edge_Type":"kegg_path_prot","label":"is involved in"}},{"data":{"source":"P30556","target":"hsa04261","Edge_Type":"kegg_path_prot","label":"is involved in"}},{"data":{"source":"P05026","target":"hsa04261","Edge_Type":"kegg_path_prot","label":"is involved in"}},{"data":{"source":"P01019","target":"hsa04261","Edge_Type":"kegg_path_prot","label":"is involved in"}},{"data":{"source":"P30556","target":"hsa04924","Edge_Type":"kegg_path_prot","label":"is involved in"}},{"data":{"source":"P01019","target":"hsa04924","Edge_Type":"kegg_path_prot","label":"is involved in"}},{"data":{"source":"P05026","target":"hsa04964","Edge_Type":"kegg_path_prot","label":"is involved in"}},{"data":{"source":"P30556","target":"hsa04270","Edge_Type":"kegg_path_prot","label":"is involved in"}},{"data":{"source":"P01019","target":"hsa04270","Edge_Type":"kegg_path_prot","label":"is involved in"}},{"data":{"source":"P30556","target":"hsa04371","Edge_Type":"kegg_path_prot","label":"is involved in"}},{"data":{"source":"P35414","target":"hsa04371","Edge_Type":"kegg_path_prot","label":"is involved in"}},{"data":{"source":"P05026","target":"hsa04960","Edge_Type":"kegg_path_prot","label":"is involved in"}},{"data":{"source":"P30556","target":"hsa04072","Edge_Type":"kegg_path_prot","label":"is involved in"}},{"data":{"source":"P01019","target":"hsa04072","Edge_Type":"kegg_path_prot","label":"is involved in"}},{"data":{"source":"P30556","target":"H00575","Edge_Type":"kegg_dis_prot","label":"is related to"}},{"data":{"source":"P01019","target":"H00575","Edge_Type":"kegg_dis_prot","label":"is related to"}}]}