Core Proteins,Interacting Proteins,Pathways,HPO terms,Diseases,Targeting Drugs,Experimental Bioactive Compounds (pChEMBL),Predicted interacting Compounds
HMGCR (P04035),UBIAD1 (Q9Y5Z9); UBIAD1 (Q9Y5Z9),hsa00900 Terpenoid backbone biosynthesis[scr:24]; hsa04976 Bile secretion[scr:7],,,DB00641 Simvastatin[scr:9999999]; DB08860 Pitavastatin[scr:1467]; DB00175 Pravastatin[scr:1467]; DB01098 Rosuvastatin[scr:1467]; DB01095 Fluvastatin[scr:1467]; DB00227 Lovastatin[scr:1101]; DB01076 Atorvastatin[scr:489]; DB04377 Meglutol[scr:367],,
ITGAL (P20701),ICAM1 (P05362); PTPRC (P08575),R-HSA-8949275 RUNX3 Regulates Immune Response and Cell Migration[scr:824]; hsa04514 Cell adhesion molecules (CAMs)[scr:33]; hsa04670 Leukocyte transendothelial migration[scr:19]; hsa04650 Natural killer cell mediated cytotoxicity[scr:16],,,DB00641 Simvastatin[scr:9999999]; DB08860 Pitavastatin[scr:1467]; DB01098 Rosuvastatin[scr:1467]; DB00227 Lovastatin[scr:1101]; DB03932 LFA703[scr:367]; DB07486 3-({4-[(1E)-3-morpholin-4-yl-3-oxoprop-1-en-1-yl]-2-3-bis(trifluoromethyl)phenyl}sulfanyl)aniline[scr:367],,
HDAC2 (Q92769),SRA1 (Q9HD15); RFX5 (P48382); BCL11B (Q9C0K0); ZNF827 (Q17R98); SIN3A (Q96ST3); BRMS1 (Q9HCU9); MBD1 (Q9UIS9),R-HSA-9022699 MECP2 regulates neuronal receptors and channels[scr:1163]; R-HSA-193670 p75NTR negatively regulates cell cycle via SC1[scr:824]; R-HSA-9615017 FOXO-mediated transcription of oxidative stress- metabolic and neuronal genes[scr:659]; R-HSA-9022692 Regulation of MECP2 expression and activity[scr:638]; R-HSA-350054 Notch-HLH transcription pathway[scr:380]; hsa04919 Thyroid hormone signaling pathway[scr:18]; hsa04330 Notch signaling pathway[scr:10]; hsa04213 Longevity regulating pathway[scr:8],,,DB00641 Simvastatin[scr:9999999]; DB00175 Pravastatin[scr:1467]; DB01095 Fluvastatin[scr:1467]; DB00227 Lovastatin[scr:1101]; DB01076 Atorvastatin[scr:489],,
SRA1 (Q9HD15),HDAC2 (Q92769),,,,,,
ICAM1 (P05362),ITGAL (P20701),hsa04514 Cell adhesion molecules (CAMs)[scr:33]; hsa04670 Leukocyte transendothelial migration[scr:19]; hsa04650 Natural killer cell mediated cytotoxicity[scr:16],,EFO:0009157 susceptibility to malaria (EFO)[scr:21]; MONDO:0021024 malaria- susceptibility to (EFO)[scr:21]; H00083 Allograft rejection (KEGG)[scr:28],,,CHEMBL315428 [scr:10.04]; CHEMBL317356 [scr:5.74]; CHEMBL316103 [scr:5.74]; CHEMBL315546 [scr:5.02]; CHEMBL391029 [scr:5.02]; CHEMBL1077196 [scr:5.02]; CHEMBL315661 [scr:4.46]; CHEMBL316996 [scr:4.46]; CHEMBL387220 [scr:4.46]; CHEMBL31171 [scr:4.46]
RFX5 (P48382),HDAC2 (Q92769),hsa04612 Antigen processing and presentation[scr:7],HP:0031394 Abnormal CD4:CD8 ratio[scr:81]; HP:0025347 Decreased circulating beta-2-microglobulin level[scr:81]; HP:0025345 Abnormality of circulating beta-2-microglobulin level[scr:81]; HP:0007041 Chronic lymphocytic meningitis[scr:81]; HP:0005386 Recurrent protozoan infections[scr:81],Orphanet:572 Immunodeficiency by defective expression of HLA class 2 (EFO)[scr:69]; H00985 Bare lymphocyte syndrome type2 (KEGG)[scr:71]; H00093 Combined immunodeficiency (KEGG)[scr:11],,,
UBIAD1 (Q9Y5Z9),HMGCR (P04035),R-HSA-6806664 Metabolism of vitamin K[scr:1648],HP:0007760 Crystalline corneal dystrophy[scr:325]; HP:0007856 Punctate opacification of the cornea[scr:81],Orphanet:98967 Schnyder corneal dystrophy (EFO)[scr:277]; H00959 Schnyder corneal dystrophy (KEGG)[scr:282],,,
BCL11B (Q9C0K0),HDAC2 (Q92769),,,MONDO:0060763 intellectual developmental disorder with speech delay- dysmorphic facies- and t-cell abnormalities (EFO)[scr:0],,,
ZNF827 (Q17R98),HDAC2 (Q92769),,,,,,
SIN3A (Q96ST3),HDAC2 (Q92769),R-HSA-9022538 Loss of MECP2 binding ability to 5mC-DNA[scr:1648]; R-HSA-9022699 MECP2 regulates neuronal receptors and channels[scr:1163]; R-HSA-9615017 FOXO-mediated transcription of oxidative stress- metabolic and neuronal genes[scr:659]; R-HSA-9022692 Regulation of MECP2 expression and activity[scr:638]; R-HSA-9022702 MECP2 regulates transcription of neuronal ligands[scr:618]; R-HSA-3899300 SUMOylation of transcription cofactors[scr:449]; hsa04919 Thyroid hormone signaling pathway[scr:18],HP:0100024 Conspicuously happy disposition[scr:81]; HP:0000454 Flared nostrils[scr:81],Orphanet:94065 15q24 microdeletion syndrome (EFO)[scr:0]; H01861 Chromosome 15q24 microdeletion syndrome (KEGG)[scr:282],,,
PTPRC (P08575),ITGAL (P20701),hsa04514 Cell adhesion molecules (CAMs)[scr:33]; hsa04666 Fc gamma R-mediated phagocytosis[scr:6],HP:0008866 Failure to thrive secondary to recurrent infections[scr:81],Orphanet:169154 T-B+ severe combined immunodeficiency due to IL-7Ralpha deficiency (EFO)[scr:139]; Orphanet:169157 T-B+ severe combined immunodeficiency due to CD45 deficiency (EFO)[scr:139]; EFO:0003885 multiple sclerosis (EFO)[scr:69]; Orphanet:169160 T-B+ severe combined immunodeficiency due to CD3delta/CD3epsilon/CD3zeta (EFO)[scr:55]; H00091 T-B+Severe combined immunodeficiency (KEGG)[scr:28],,,
BRMS1 (Q9HCU9),HDAC2 (Q92769),,,,,,
MBD1 (Q9UIS9),HDAC2 (Q92769),R-HSA-3899300 SUMOylation of transcription cofactors[scr:449],,,,,
