Core Proteins,Interacting Proteins,Pathways,HPO terms,Diseases,Targeting Drugs,Experimental Bioactive Compounds (pChEMBL),Predicted interacting Compounds
ADRB2 (P07550),ADRB2 (P07550); ADORA1 (P30542); MAGI3 (Q5TCQ9); MGLL (Q99685); CNR1 (P21554),R-HSA-390696 Adrenoceptors[scr:16069]; hsa04923 Regulation of lipolysis in adipocytes[scr:191]; hsa04022 cGMP-PKG signaling pathway[scr:121]; hsa04080 Neuroactive ligand-receptor interaction[scr:101]; hsa04924 Renin secretion[scr:90]; hsa04970 Salivary secretion[scr:40]; hsa04020 Calcium signaling pathway[scr:19]; hsa04024 cAMP signaling pathway[scr:17],HP:0031819 Increased waist to hip ratio[scr:96]; HP:0012340 Decreased resting energy expenditure[scr:88]; HP:0012338 Abnormal energy expenditure[scr:88]; HP:0010982 Polygenic inheritance[scr:35],H02106 Genetic obesity (KEGG)[scr:38]; H00079 Asthma (KEGG)[scr:23],DB04846 Celiprolol[scr:9999999]; DB11278 DL-Methylephedrine[scr:2120]; DB00217 Bethanidine[scr:1533]; DB04861 Nebivolol[scr:1341]; DB00715 Paroxetine[scr:1341]; DB00397 Phenylpropanolamine[scr:1242]; DB11124 Racepinephrine[scr:1192]; DB01365 Mephentermine[scr:1192]; DB06262 Droxidopa[scr:1073],,CHEMBL1567522 [scr:97.88]; CHEMBL2235517 [scr:97.88]; CHEMBL1564468 [scr:73.41]; CHEMBL1526345 [scr:73.41]; CHEMBL3212531 [scr:73.41]; CHEMBL1589444 [scr:73.41]; CHEMBL1511963 [scr:73.41]; CHEMBL3827310 [scr:73.41]; CHEMBL3194932 [scr:73.41]; CHEMBL1476736 [scr:73.41]
ADRB1 (P08588),ADORA1 (P30542); MAGI3 (Q5TCQ9); MAGI2 (Q86UL8); DRD4 (P21917),R-HSA-390696 Adrenoceptors[scr:16069]; hsa04923 Regulation of lipolysis in adipocytes[scr:191]; hsa04022 cGMP-PKG signaling pathway[scr:121]; hsa04080 Neuroactive ligand-receptor interaction[scr:101]; hsa04924 Renin secretion[scr:90]; hsa04970 Salivary secretion[scr:40]; hsa04020 Calcium signaling pathway[scr:19]; hsa04024 cAMP signaling pathway[scr:17],,,DB04846 Celiprolol[scr:9999999]; DB11278 DL-Methylephedrine[scr:2120]; DB00217 Bethanidine[scr:1533]; DB04861 Nebivolol[scr:1341]; DB00715 Paroxetine[scr:1341]; DB00397 Phenylpropanolamine[scr:1242]; DB11124 Racepinephrine[scr:1192]; DB01365 Mephentermine[scr:1192]; DB06262 Droxidopa[scr:1073],,CHEMBL1567522 [scr:97.88]; CHEMBL2235517 [scr:97.88]; CHEMBL1564468 [scr:73.41]; CHEMBL1526345 [scr:73.41]; CHEMBL3212531 [scr:73.41]; CHEMBL1589444 [scr:73.41]; CHEMBL1511963 [scr:73.41]; CHEMBL3827310 [scr:73.41]; CHEMBL3194932 [scr:73.41]; CHEMBL1476736 [scr:73.41]
ADRA2A (P08913),ADRA2A (P08913); ADRA2C (P18825),R-HSA-390696 Adrenoceptors[scr:16069]; R-HSA-392023 Adrenaline signalling through Alpha-2 adrenergic receptor[scr:12052]; R-HSA-418597 G alpha (z) signalling events[scr:738]; R-HSA-400042 Adrenaline-noradrenaline inhibits insulin secretion[scr:574]; R-HSA-418594 G alpha (i) signalling events[scr:548]; R-HSA-5683826 Surfactant metabolism[scr:536]; hsa04022 cGMP-PKG signaling pathway[scr:121]; hsa04080 Neuroactive ligand-receptor interaction[scr:101],,,DB04846 Celiprolol[scr:9999999]; DB00433 Prochlorperazine[scr:2683]; DB11278 DL-Methylephedrine[scr:2120]; DB00217 Bethanidine[scr:1533]; DB00715 Paroxetine[scr:1341]; DB00397 Phenylpropanolamine[scr:1242]; DB11124 Racepinephrine[scr:1192]; DB01365 Mephentermine[scr:1192]; DB06262 Droxidopa[scr:1073],,
ADRB3 (P13945),,R-HSA-390696 Adrenoceptors[scr:16069]; hsa04923 Regulation of lipolysis in adipocytes[scr:191]; hsa04022 cGMP-PKG signaling pathway[scr:121]; hsa04080 Neuroactive ligand-receptor interaction[scr:101]; hsa04924 Renin secretion[scr:90]; hsa04970 Salivary secretion[scr:40]; hsa04020 Calcium signaling pathway[scr:19]; hsa04714 Thermogenesis[scr:17],HP:0031819 Increased waist to hip ratio[scr:96]; HP:0012340 Decreased resting energy expenditure[scr:88]; HP:0012338 Abnormal energy expenditure[scr:88]; HP:0010982 Polygenic inheritance[scr:35],H02106 Genetic obesity (KEGG)[scr:38],DB04846 Celiprolol[scr:9999999]; DB11278 DL-Methylephedrine[scr:2120]; DB00217 Bethanidine[scr:1533]; DB04861 Nebivolol[scr:1341]; DB00715 Paroxetine[scr:1341]; DB11124 Racepinephrine[scr:1192]; DB01365 Mephentermine[scr:1192]; DB06262 Droxidopa[scr:1073],,
ADRA2B (P18089),RAB26 (Q9ULW5),R-HSA-390696 Adrenoceptors[scr:16069]; R-HSA-392023 Adrenaline signalling through Alpha-2 adrenergic receptor[scr:12052]; R-HSA-418597 G alpha (z) signalling events[scr:738]; R-HSA-418594 G alpha (i) signalling events[scr:548]; hsa04022 cGMP-PKG signaling pathway[scr:121]; hsa04080 Neuroactive ligand-receptor interaction[scr:101],HP:0010852 EEG with photoparoxysmal response[scr:132]; HP:0001351 Jerk-locked premyoclonus spikes[scr:132]; HP:0001340 Enhancement of the C-reflex[scr:132]; HP:0001326 EEG with irregular generalized spike and wave complexes[scr:66]; HP:0001312 Giant somatosensory evoked potentials[scr:66],Orphanet:86814 Benign adult familial myoclonic epilepsy (EFO)[scr:75]; H02213 Familial adult myoclonic epilepsy (KEGG)[scr:46],DB04846 Celiprolol[scr:9999999]; DB00433 Prochlorperazine[scr:2683]; DB11278 DL-Methylephedrine[scr:2120]; DB00217 Bethanidine[scr:1533]; DB00715 Paroxetine[scr:1341]; DB00397 Phenylpropanolamine[scr:1242]; DB11124 Racepinephrine[scr:1192]; DB01365 Mephentermine[scr:1192]; DB06262 Droxidopa[scr:1073],,
ADRA2C (P18825),ADRA2C (P18825); ADRA2A (P08913); CNPY2 (Q9Y2B0); KRT34 (O76011); CCDC24 (Q8N4L8),R-HSA-390696 Adrenoceptors[scr:16069]; R-HSA-392023 Adrenaline signalling through Alpha-2 adrenergic receptor[scr:12052]; R-HSA-418597 G alpha (z) signalling events[scr:738]; R-HSA-400042 Adrenaline-noradrenaline inhibits insulin secretion[scr:574]; R-HSA-418594 G alpha (i) signalling events[scr:548]; R-HSA-5683826 Surfactant metabolism[scr:536]; hsa04022 cGMP-PKG signaling pathway[scr:121]; hsa04080 Neuroactive ligand-receptor interaction[scr:101],,,DB04846 Celiprolol[scr:9999999]; DB00433 Prochlorperazine[scr:2683]; DB11278 DL-Methylephedrine[scr:2120]; DB00217 Bethanidine[scr:1533]; DB00715 Paroxetine[scr:1341]; DB00397 Phenylpropanolamine[scr:1242]; DB11124 Racepinephrine[scr:1192]; DB01365 Mephentermine[scr:1192]; DB06262 Droxidopa[scr:1073],,
ADORA1 (P30542),ADRB2 (P07550); ADRB1 (P08588),R-HSA-417973 Adenosine P1 receptors[scr:1004]; R-HSA-418594 G alpha (i) signalling events[scr:548]; hsa04923 Regulation of lipolysis in adipocytes[scr:191]; hsa04022 cGMP-PKG signaling pathway[scr:121]; hsa04080 Neuroactive ligand-receptor interaction[scr:101]; hsa04924 Renin secretion[scr:90]; hsa04024 cAMP signaling pathway[scr:17],,,,,
MAGI3 (Q5TCQ9),ADRB2 (P07550); ADRB1 (P08588),hsa04015 Rap1 signaling pathway[scr:18],,,,,
CNPY2 (Q9Y2B0),ADRA2C (P18825),,,,,,
RAB26 (Q9ULW5),ADRA2B (P18089),,,,,,
MGLL (Q99685),ADRB2 (P07550),R-HSA-426048 Arachidonate production from DAG[scr:803]; R-HSA-1482883 Acyl chain remodeling of DAG and TAG[scr:502]; hsa04923 Regulation of lipolysis in adipocytes[scr:191]; hsa04714 Thermogenesis[scr:17],,,,,
MAGI2 (Q86UL8),ADRB1 (P08588),hsa04015 Rap1 signaling pathway[scr:18],HP:0012579 Minimal change glomerulonephritis[scr:53],Orphanet:656 Familial idiopathic steroid-resistant nephrotic syndrome (EFO)[scr:11]; H01657 Nephrotic syndrome (KEGG)[scr:14],,,
CNR1 (P21554),ADRB2 (P07550); CNR1 (P21554),R-HSA-418594 G alpha (i) signalling events[scr:548]; hsa04080 Neuroactive ligand-receptor interaction[scr:101]; hsa04015 Rap1 signaling pathway[scr:18]; hsa04714 Thermogenesis[scr:17],,EFO:0001073 obesity (EFO)[scr:23]; Orphanet:71529 Obesity due to melanocortin 4 receptor deficiency (EFO)[scr:23]; Orphanet:77828 Genetic obesity (EFO)[scr:23],,,
KRT34 (O76011),ADRA2C (P18825); CCDC24 (Q8N4L8),hsa04915 Estrogen signaling pathway[scr:12]; hsa04915 Estrogen signaling pathway[scr:12],,,,,
DRD4 (P21917),ADRB1 (P08588); DRD4 (P21917),R-HSA-390651 Dopamine receptors[scr:803]; R-HSA-418594 G alpha (i) signalling events[scr:548]; hsa04080 Neuroactive ligand-receptor interaction[scr:101],,H01671 Neurosis (KEGG)[scr:229]; H01895 Attention deficit hyperactivity disorder (ADHD) (KEGG)[scr:76]; H01450 Obsessive-compulsive disorder (KEGG)[scr:33],,,CHEMBL1567522 [scr:97.88]; CHEMBL2235517 [scr:97.88]; CHEMBL1564468 [scr:73.41]; CHEMBL1526345 [scr:73.41]; CHEMBL3212531 [scr:73.41]; CHEMBL1589444 [scr:73.41]; CHEMBL1511963 [scr:73.41]; CHEMBL3827310 [scr:73.41]; CHEMBL3194932 [scr:73.41]; CHEMBL1476736 [scr:73.41]
CCDC24 (Q8N4L8),ADRA2C (P18825); KRT34 (O76011),,,,,,
