Core Proteins,Interacting Proteins,Pathways,HPO terms,Diseases,Targeting Drugs,Experimental Bioactive Compounds (pChEMBL),Predicted interacting Compounds
LMNA (P02545),TMPO (P42166),R-HSA-352238 Breakdown of the nuclear lamina[scr:974]; hsa04210 Apoptosis[scr:20],HP:0010330 Abnormality of the phalanges of the 3rd toe[scr:192]; HP:0012723 Sinoatrial block[scr:192]; HP:0100362 Aplasia of the phalanges of the 3rd toe[scr:192]; HP:0008985 Increased intramuscular fat[scr:192]; HP:0012645 Enlarged peripheral nerve[scr:192]; HP:0010359 Aplasia/Hypoplasia of the phalanges of the 3rd toe[scr:192]; HP:0008739 Labial pseudohypertrophy[scr:192]; HP:0000287 Increased facial adipose tissue[scr:192],Orphanet:98855 Autosomal recessive Emery-Dreifuss muscular dystrophy (EFO)[scr:164]; Orphanet:90153 Mandibuloacral dysplasia with type A lipodystrophy (EFO)[scr:164]; Orphanet:740 Hutchinson-Gilford progeria syndrome (EFO)[scr:164]; Orphanet:300751 Familial dilated cardiomyopathy with conduction defect due to LMNA mutation (EFO)[scr:164]; H00601 Hutchinson-Gilford progeria syndrome (KEGG)[scr:167],DB01050 Ibuprofen[scr:9999999],,
THBD (P07204),SLC35C2 (Q9NQQ7); F2 (P00734); CIDEB (Q9UHD4); MTIF3 (Q9H2K0); TMEM86B (Q8N661); TMX2 (Q9Y320),hsa04610 Complement and coagulation cascades[scr:14],,Orphanet:217023 Atypical hemolytic-uremic syndrome with thrombomodulin anomaly (EFO)[scr:164],DB01050 Ibuprofen[scr:9999999]; DB09213 Dexibuprofen[scr:1806],,
GP1BA (P07359),,R-HSA-76009 Platelet Aggregation (Plug Formation)[scr:1169]; hsa04611 Platelet activation[scr:22],,Orphanet:52530 Pseudo-von Willebrand disease (EFO)[scr:164]; H02093 Platelet-type von Willebrand disease (KEGG)[scr:167],DB01050 Ibuprofen[scr:9999999]; DB09213 Dexibuprofen[scr:1806],,
BCL2 (P10415),BCL2 (P10415),R-HSA-844455 The NLRP1 inflammasome[scr:974]; hsa04064 NF-kappa B signaling pathway[scr:27]; hsa04210 Apoptosis[scr:20],,,DB01050 Ibuprofen[scr:9999999]; DB09213 Dexibuprofen[scr:1806],,CHEMBL399933 [scr:11.86]
FABP2 (P12104),,hsa03320 PPAR signaling pathway[scr:37],,,DB01050 Ibuprofen[scr:9999999]; DB09213 Dexibuprofen[scr:1806],,
CFTR (P13569),,R-HSA-5627083 RHO GTPases regulate CFTR trafficking[scr:974],,EFO:0000390 obsolete_cystic fibrosis (EFO)[scr:164]; Orphanet:586 Cystic fibrosis (EFO)[scr:164]; H00218 Cystic fibrosis (KEGG)[scr:167],DB01050 Ibuprofen[scr:9999999]; DB09213 Dexibuprofen[scr:1806],,CHEMBL543176 [scr:23.73]; CHEMBL540363 [scr:23.73]; CHEMBL545027 [scr:23.73]; CHEMBL542140 [scr:23.73]; CHEMBL59539 [scr:16.51]; CHEMBL540698 [scr:11.86]; CHEMBL361819 [scr:11.86]; CHEMBL544851 [scr:11.86]; CHEMBL399933 [scr:11.86]; CHEMBL366489 [scr:11.86]
NFKB1 (P19838),NFKB1 (P19838); PLD3 (Q8IV08); PDCD11 (Q14690),hsa04657 IL-17 signaling pathway[scr:30]; hsa04064 NF-kappa B signaling pathway[scr:27]; hsa04210 Apoptosis[scr:20]; hsa04920 Adipocytokine signaling pathway[scr:18],,,DB01050 Ibuprofen[scr:9999999],,
PTGS1 (P23219),,R-HSA-140180 COX reactions[scr:2922]; hsa04611 Platelet activation[scr:22]; hsa04923 Regulation of lipolysis in adipocytes[scr:22]; hsa00590 Arachidonic acid metabolism[scr:20],,,DB01050 Ibuprofen[scr:9999999]; DB09213 Dexibuprofen[scr:1806]; DB00573 Fenoprofen[scr:867]; DB02266 Flufenamic acid[scr:578]; DB01014 Balsalazide[scr:488]; DB09214 Dexketoprofen[scr:434]; DB00814 Meloxicam[scr:434]; DB00821 Carprofen[scr:434]; DB11201 Menthyl salicylate[scr:434],,
S100A7 (P31151),,hsa04657 IL-17 signaling pathway[scr:30],,,DB01050 Ibuprofen[scr:9999999]; DB09213 Dexibuprofen[scr:1806],,
PTGS2 (P35354),,R-HSA-9018679 Biosynthesis of EPA-derived SPMs[scr:2922]; R-HSA-9025094 Biosynthesis of DPAn-3 SPMs[scr:2922]; R-HSA-9027604 Biosynthesis of electrophilic Omega-3 PUFA oxo-derivatives[scr:1461]; R-HSA-9018677 Biosynthesis of DHA-derived SPMs[scr:974]; hsa04657 IL-17 signaling pathway[scr:30]; hsa04064 NF-kappa B signaling pathway[scr:27]; hsa04923 Regulation of lipolysis in adipocytes[scr:22]; hsa00590 Arachidonic acid metabolism[scr:20],,,DB01050 Ibuprofen[scr:9999999]; DB09213 Dexibuprofen[scr:1806]; DB00573 Fenoprofen[scr:867]; DB02266 Flufenamic acid[scr:578]; DB01014 Balsalazide[scr:488]; DB09214 Dexketoprofen[scr:434]; DB00814 Meloxicam[scr:434]; DB00821 Carprofen[scr:434]; DB11201 Menthyl salicylate[scr:434],,
PPARG (P37231),PPARG (P37231); NR1H2 (P55055),R-HSA-4090294 SUMOylation of intracellular receptors[scr:876]; hsa03320 PPAR signaling pathway[scr:37],HP:0012273 Increased carotid artery intimal medial thickness[scr:192],Orphanet:79083 Familial partial lipodystrophy associated with PPARG mutations (EFO)[scr:164],DB01050 Ibuprofen[scr:9999999]; DB09213 Dexibuprofen[scr:1806]; DB00573 Fenoprofen[scr:867]; DB02266 Flufenamic acid[scr:578]; DB01014 Balsalazide[scr:488]; DB06533 Ragaglitazar[scr:434],,CHEMBL59539 [scr:16.51]; CHEMBL399933 [scr:11.86]
PPARA (Q07869),NR1H2 (P55055),R-HSA-4090294 SUMOylation of intracellular receptors[scr:876]; hsa03320 PPAR signaling pathway[scr:37]; hsa04920 Adipocytokine signaling pathway[scr:18],,,DB01050 Ibuprofen[scr:9999999]; DB09213 Dexibuprofen[scr:1806]; DB00573 Fenoprofen[scr:867]; DB02266 Flufenamic acid[scr:578]; DB06533 Ragaglitazar[scr:434],,CHEMBL59539 [scr:16.51]; CHEMBL399933 [scr:11.86]
SLC35C2 (Q9NQQ7),THBD (P07204),,,,,,
F2 (P00734),THBD (P07204),R-HSA-76009 Platelet Aggregation (Plug Formation)[scr:1169]; hsa04611 Platelet activation[scr:22]; hsa04610 Complement and coagulation cascades[scr:14],HP:0030138 Excessive bleeding from superficial cuts[scr:192],Orphanet:325 Congenital factor II deficiency (EFO)[scr:164]; H01254 Congenital prothrombin deficiency (KEGG)[scr:167],,,
CIDEB (Q9UHD4),THBD (P07204); CIDEB (Q9UHD4),,,,,,
MTIF3 (Q9H2K0),THBD (P07204),,,,,,
PLD3 (Q8IV08),NFKB1 (P19838),hsa00565 Ether lipid metabolism[scr:27],,,,,
PDCD11 (Q14690),NFKB1 (P19838),,,,,,
TMEM86B (Q8N661),THBD (P07204); TMEM86B (Q8N661); TMX2 (Q9Y320),hsa00565 Ether lipid metabolism[scr:27],,,,,
TMX2 (Q9Y320),THBD (P07204); TMX2 (Q9Y320); TMEM86B (Q8N661),,,,,,
NR1H2 (P55055),PPARG (P37231); PPARA (Q07869),R-HSA-4090294 SUMOylation of intracellular receptors[scr:876],,,,,CHEMBL59539 [scr:16.51]
TMPO (P42166),LMNA (P02545),,,,,,
