{"options":{"search_start":1613059580,"tax_ids":[9606],"num_of_fn_nodes":10,"num_of_pathways":10,"num_of_phenotypes":10,"num_of_drugs":10,"num_of_diseases":10,"num_of_compounds":10,"chembl_compounds":0,"predictions":1,"reviewed_filter":1,"fn":1,"chembl":1,"search_finish":1613059598,"search_runtime":18},"search":[{"Drug":[{"DB08888":"Ocriplasmin"}]}],"nodes":[{"data":{"id":"P01023","display_name":"A2M","Node_Type":"Protein"}},{"data":{"id":"P02751","display_name":"FN1","Node_Type":"Protein"}},{"data":{"id":"P08697","display_name":"SERPINF2","Node_Type":"Protein"}},{"data":{"id":"P02452","display_name":"COL1A1","Node_Type":"Protein_N"}},{"data":{"id":"P35556","display_name":"FBN2","Node_Type":"Protein_N"}},{"data":{"id":"P08519","display_name":"LPA","Node_Type":"Protein_N"}},{"data":{"id":"P11684","display_name":"SCGB1A1","Node_Type":"Protein_N"}},{"data":{"id":"P29279","display_name":"CCN2","Node_Type":"Protein_N"}},{"data":{"id":"P07585","display_name":"DCN","Node_Type":"Protein_N"}},{"data":{"id":"P07996","display_name":"THBS1","Node_Type":"Protein_N"}},{"data":{"id":"P20908","display_name":"COL5A1","Node_Type":"Protein_N"}},{"data":{"id":"P35555","display_name":"FBN1","Node_Type":"Protein_N"}},{"data":{"id":"P21980","display_name":"TGM2","Node_Type":"Protein_N"}},{"data":{"id":"Orphanet:90309","display_name":"Ehlers-Danlos syndrome type 1","Node_Type":"Disease","enrichScore":554}},{"data":{"id":"Orphanet:287","display_name":"Ehlers-Danlos syndrome, classic type","Node_Type":"Disease","enrichScore":369.333}},{"data":{"id":"Orphanet:2833","display_name":"Stiff skin syndrome","Node_Type":"Disease","enrichScore":277}},{"data":{"id":"Orphanet:300382","display_name":"Progeroid and marfanoid aspect-lipodystrophy syndrome","Node_Type":"Disease","enrichScore":277}},{"data":{"id":"Orphanet:79","display_name":"Congenital alpha2 antiplasmin deficiency","Node_Type":"Disease","enrichScore":277}},{"data":{"id":"Orphanet:84090","display_name":"Fibronectin glomerulopathy","Node_Type":"Disease","enrichScore":277}},{"data":{"id":"Orphanet:2084","display_name":"Glaucoma - ectopia - microspherophakia - stiff joints - short stature","Node_Type":"Disease","enrichScore":277}},{"data":{"id":"Orphanet:99876","display_name":"Ehlers-Danlos syndrome type 7B","Node_Type":"Disease","enrichScore":277}},{"data":{"id":"Orphanet:93315","display_name":"Spondylometaphyseal dysplasia, 'corner fracture' type","Node_Type":"Disease","enrichScore":277}},{"data":{"id":"Orphanet:1310","display_name":"Caffey disease","Node_Type":"Disease","enrichScore":277}},{"data":{"id":"DB08888","display_name":"Ocriplasmin","Node_Type":"Drug","enrichScore":9999999}},{"data":{"id":"DB08373","display_name":"4,4'-BIS([H]METHYLSULFONYL)-2,2',5,5'-TETRACHLOROBIPHENYL","Node_Type":"Drug","enrichScore":366.846}},{"data":{"id":"DB13133","display_name":"Von Willebrand Factor Human","Node_Type":"Drug","enrichScore":183.423}},{"data":{"id":"DB00626","display_name":"Bacitracin","Node_Type":"Drug","enrichScore":183.423}},{"data":{"id":"DB12872","display_name":"Vonicog Alfa","Node_Type":"Drug","enrichScore":183.423}},{"data":{"id":"DB04866","display_name":"Halofuginone","Node_Type":"Drug","enrichScore":183.423}},{"data":{"id":"DB00513","display_name":"Aminocaproic acid","Node_Type":"Drug","enrichScore":122.282}},{"data":{"id":"DB11254","display_name":"Hexylresorcinol","Node_Type":"Drug","enrichScore":122.282}},{"data":{"id":"DB00102","display_name":"Becaplermin","Node_Type":"Drug","enrichScore":122.282}},{"data":{"id":"DB11338","display_name":"Clove oil","Node_Type":"Drug","enrichScore":91.712}},{"data":{"id":"R-HSA-1474244","display_name":"Extracellular matrix organization","Node_Type":"Pathway","enrichScore":2966.538}},{"data":{"id":"R-HSA-3000170","display_name":"Syndecan interactions","Node_Type":"Pathway","enrichScore":2929.915}},{"data":{"id":"R-HSA-1474228","display_name":"Degradation of the extracellular matrix","Node_Type":"Pathway","enrichScore":1525.997}},{"data":{"id":"R-HSA-8874081","display_name":"MET activates PTK2 signaling","Node_Type":"Pathway","enrichScore":1483.269}},{"data":{"id":"R-HSA-216083","display_name":"Integrin cell surface interactions","Node_Type":"Pathway","enrichScore":1454.186}},{"data":{"id":"R-HSA-8964041","display_name":"LDL remodeling","Node_Type":"Pathway","enrichScore":1236.058}},{"data":{"id":"R-HSA-2129379","display_name":"Molecules associated with elastic fibres","Node_Type":"Pathway","enrichScore":1171.002}},{"data":{"id":"R-HSA-3000171","display_name":"Non-integrin membrane-ECM interactions","Node_Type":"Pathway","enrichScore":1112.452}},{"data":{"id":"R-HSA-1566948","display_name":"Elastic fibre formation","Node_Type":"Pathway","enrichScore":1098.718}},{"data":{"id":"R-HSA-3000178","display_name":"ECM proteoglycans","Node_Type":"Pathway","enrichScore":1040.891}},{"data":{"id":"HP:0009901","display_name":"Crumpled ear","Node_Type":"HPO","enrichScore":433.949}},{"data":{"id":"HP:0040224","display_name":"Abnormality of fibrinolysis","Node_Type":"HPO","enrichScore":325.462}},{"data":{"id":"HP:0003088","display_name":"Premature osteoarthritis","Node_Type":"HPO","enrichScore":325.462}},{"data":{"id":"HP:0040247","display_name":"Reduced euglobulin clot lysis time","Node_Type":"HPO","enrichScore":325.462}},{"data":{"id":"HP:0032463","display_name":"HP:0032463","Node_Type":"HPO","enrichScore":325.462}},{"data":{"id":"HP:0006316","display_name":"Irregularly spaced teeth","Node_Type":"HPO","enrichScore":325.462}},{"data":{"id":"HP:0004872","display_name":"Incisional hernia","Node_Type":"HPO","enrichScore":325.462}},{"data":{"id":"HP:0005100","display_name":"Premature birth following premature rupture of fetal membranes","Node_Type":"HPO","enrichScore":325.462}},{"data":{"id":"HP:0012151","display_name":"Hemothorax","Node_Type":"HPO","enrichScore":325.462}},{"data":{"id":"HP:0006465","display_name":"Periosteal thickening of long tubular bones","Node_Type":"HPO","enrichScore":325.462}},{"data":{"id":"hsa04512","display_name":"ECM-receptor interaction","Node_Type":"kegg_Pathway","enrichScore":53.795}},{"data":{"id":"hsa04350","display_name":"TGF-beta signaling pathway","Node_Type":"kegg_Pathway","enrichScore":50.362}},{"data":{"id":"hsa04610","display_name":"Complement and coagulation cascades","Node_Type":"kegg_Pathway","enrichScore":24.465}},{"data":{"id":"hsa04510","display_name":"Focal adhesion","Node_Type":"kegg_Pathway","enrichScore":23.789}},{"data":{"id":"hsa04974","display_name":"Protein digestion and absorption","Node_Type":"kegg_Pathway","enrichScore":22.147}},{"data":{"id":"hsa04151","display_name":"PI3K-Akt signaling pathway","Node_Type":"kegg_Pathway","enrichScore":13.373}},{"data":{"id":"hsa04115","display_name":"p53 signaling pathway","Node_Type":"kegg_Pathway","enrichScore":7.205}},{"data":{"id":"hsa04611","display_name":"Platelet activation","Node_Type":"kegg_Pathway","enrichScore":4.208}},{"data":{"id":"hsa04926","display_name":"Relaxin signaling pathway","Node_Type":"kegg_Pathway","enrichScore":4.046}},{"data":{"id":"hsa04371","display_name":"Apelin signaling pathway","Node_Type":"kegg_Pathway","enrichScore":3.678}},{"data":{"id":"H01173","display_name":"Stiff skin syndrome","Node_Type":"kegg_Disease","enrichScore":282.077}},{"data":{"id":"H00660","display_name":"Congenital contractural arachnodactyly","Node_Type":"kegg_Disease","enrichScore":282.077}},{"data":{"id":"H02228","display_name":"Acromicric dysplasia","Node_Type":"kegg_Disease","enrichScore":282.077}},{"data":{"id":"H00661","display_name":"MASS phenotype","Node_Type":"kegg_Disease","enrichScore":282.077}},{"data":{"id":"H00653","display_name":"Marfan syndrome","Node_Type":"kegg_Disease","enrichScore":282.077}},{"data":{"id":"H01260","display_name":"Glomerulopathy with fibronectin deposits","Node_Type":"kegg_Disease","enrichScore":282.077}},{"data":{"id":"H00958","display_name":"Congenital stromal corneal dystrophy","Node_Type":"kegg_Disease","enrichScore":282.077}},{"data":{"id":"H00613","display_name":"Infantile cortical hyperostosis","Node_Type":"kegg_Disease","enrichScore":282.077}},{"data":{"id":"H00983","display_name":"Alpha-2-plasmin inhibitor (a2-PI) deficiency","Node_Type":"kegg_Disease","enrichScore":282.077}},{"data":{"id":"H02243","display_name":"Ehlers-Danlos syndrome arthrochalasia type","Node_Type":"kegg_Disease","enrichScore":141.038}}],"edges":[{"data":{"source":"P02751","target":"P02751","Edge_Type":"PPI","label":"interacts w\/"}},{"data":{"source":"P02452","target":"P02751","Edge_Type":"PPI","label":"interacts w\/"}},{"data":{"source":"P35556","target":"P02751","Edge_Type":"PPI","label":"interacts w\/"}},{"data":{"source":"P08519","target":"P02751","Edge_Type":"PPI","label":"interacts w\/"}},{"data":{"source":"P11684","target":"P02751","Edge_Type":"PPI","label":"interacts w\/"}},{"data":{"source":"P29279","target":"P02751","Edge_Type":"PPI","label":"interacts w\/"}},{"data":{"source":"P07585","target":"P02751","Edge_Type":"PPI","label":"interacts w\/"}},{"data":{"source":"P07996","target":"P02751","Edge_Type":"PPI","label":"interacts w\/"}},{"data":{"source":"P20908","target":"P02751","Edge_Type":"PPI","label":"interacts w\/"}},{"data":{"source":"P35555","target":"P02751","Edge_Type":"PPI","label":"interacts w\/"}},{"data":{"source":"P35555","target":"P35555","Edge_Type":"PPI","label":"interacts w\/"}},{"data":{"source":"P35555","target":"P35556","Edge_Type":"PPI","label":"interacts w\/"}},{"data":{"source":"P21980","target":"P02751","Edge_Type":"PPI","label":"interacts w\/"}},{"data":{"source":"HP:0040224","target":"Orphanet:79","Edge_Type":"hpodis","label":"is associated w\/"}},{"data":{"source":"HP:0003088","target":"Orphanet:99876","Edge_Type":"hpodis","label":"is associated w\/"}},{"data":{"source":"HP:0040247","target":"Orphanet:79","Edge_Type":"hpodis","label":"is associated w\/"}},{"data":{"source":"HP:0006316","target":"Orphanet:90309","Edge_Type":"hpodis","label":"is associated w\/"}},{"data":{"source":"HP:0005100","target":"Orphanet:90309","Edge_Type":"hpodis","label":"is associated w\/"}},{"data":{"source":"HP:0012151","target":"Orphanet:79","Edge_Type":"hpodis","label":"is associated w\/"}},{"data":{"source":"HP:0012151","target":"Orphanet:79","Edge_Type":"hpodis","label":"is associated w\/"}},{"data":{"source":"HP:0006465","target":"Orphanet:1310","Edge_Type":"hpodis","label":"is associated w\/"}},{"data":{"source":"HP:0006465","target":"Orphanet:1310","Edge_Type":"hpodis","label":"is associated w\/"}},{"data":{"source":"P02452","target":"Orphanet:90309","Edge_Type":"Disease","label":"is related to"}},{"data":{"source":"P20908","target":"Orphanet:90309","Edge_Type":"Disease","label":"is related to"}},{"data":{"source":"P02452","target":"Orphanet:287","Edge_Type":"Disease","label":"is related to"}},{"data":{"source":"P20908","target":"Orphanet:287","Edge_Type":"Disease","label":"is related to"}},{"data":{"source":"P35555","target":"Orphanet:2833","Edge_Type":"Disease","label":"is related to"}},{"data":{"source":"P35555","target":"Orphanet:300382","Edge_Type":"Disease","label":"is related to"}},{"data":{"source":"P08697","target":"Orphanet:79","Edge_Type":"Disease","label":"is related to"}},{"data":{"source":"P02751","target":"Orphanet:84090","Edge_Type":"Disease","label":"is related to"}},{"data":{"source":"P35555","target":"Orphanet:2084","Edge_Type":"Disease","label":"is related to"}},{"data":{"source":"P02452","target":"Orphanet:99876","Edge_Type":"Disease","label":"is related to"}},{"data":{"source":"P02751","target":"Orphanet:93315","Edge_Type":"Disease","label":"is related to"}},{"data":{"source":"P02452","target":"Orphanet:1310","Edge_Type":"Disease","label":"is related to"}},{"data":{"source":"P02751","target":"DB08888","Edge_Type":"Drug","label":"targets"}},{"data":{"source":"P01023","target":"DB08888","Edge_Type":"Drug","label":"targets"}},{"data":{"source":"P08697","target":"DB08888","Edge_Type":"Drug","label":"targets"}},{"data":{"source":"P11684","target":"DB08373","Edge_Type":"Drug","label":"targets"}},{"data":{"source":"P02452","target":"DB13133","Edge_Type":"Drug","label":"targets"}},{"data":{"source":"P01023","target":"DB00626","Edge_Type":"Drug","label":"targets"}},{"data":{"source":"P02452","target":"DB12872","Edge_Type":"Drug","label":"targets"}},{"data":{"source":"P02452","target":"DB04866","Edge_Type":"Drug","label":"targets"}},{"data":{"source":"P08519","target":"DB00513","Edge_Type":"Drug","label":"targets"}},{"data":{"source":"P21980","target":"DB11254","Edge_Type":"Drug","label":"targets"}},{"data":{"source":"P01023","target":"DB00102","Edge_Type":"Drug","label":"targets"}},{"data":{"source":"P02452","target":"DB11338","Edge_Type":"Drug","label":"targets"}},{"data":{"source":"P02751","target":"R-HSA-1474244","Edge_Type":"Pathway","label":"is involved in"}},{"data":{"source":"P02452","target":"R-HSA-1474244","Edge_Type":"Pathway","label":"is involved in"}},{"data":{"source":"P20908","target":"R-HSA-1474244","Edge_Type":"Pathway","label":"is involved in"}},{"data":{"source":"P02751","target":"R-HSA-3000170","Edge_Type":"Pathway","label":"is involved in"}},{"data":{"source":"P02452","target":"R-HSA-3000170","Edge_Type":"Pathway","label":"is involved in"}},{"data":{"source":"P07996","target":"R-HSA-3000170","Edge_Type":"Pathway","label":"is involved in"}},{"data":{"source":"P20908","target":"R-HSA-3000170","Edge_Type":"Pathway","label":"is involved in"}},{"data":{"source":"P01023","target":"R-HSA-1474228","Edge_Type":"Pathway","label":"is involved in"}},{"data":{"source":"P02751","target":"R-HSA-1474228","Edge_Type":"Pathway","label":"is involved in"}},{"data":{"source":"P35556","target":"R-HSA-1474228","Edge_Type":"Pathway","label":"is involved in"}},{"data":{"source":"P07585","target":"R-HSA-1474228","Edge_Type":"Pathway","label":"is involved in"}},{"data":{"source":"P35555","target":"R-HSA-1474228","Edge_Type":"Pathway","label":"is involved in"}},{"data":{"source":"P02751","target":"R-HSA-8874081","Edge_Type":"Pathway","label":"is involved in"}},{"data":{"source":"P02452","target":"R-HSA-8874081","Edge_Type":"Pathway","label":"is involved in"}},{"data":{"source":"P20908","target":"R-HSA-8874081","Edge_Type":"Pathway","label":"is involved in"}},{"data":{"source":"P02751","target":"R-HSA-216083","Edge_Type":"Pathway","label":"is involved in"}},{"data":{"source":"P02452","target":"R-HSA-216083","Edge_Type":"Pathway","label":"is involved in"}},{"data":{"source":"P07996","target":"R-HSA-216083","Edge_Type":"Pathway","label":"is involved in"}},{"data":{"source":"P20908","target":"R-HSA-216083","Edge_Type":"Pathway","label":"is involved in"}},{"data":{"source":"P35555","target":"R-HSA-216083","Edge_Type":"Pathway","label":"is involved in"}},{"data":{"source":"P08519","target":"R-HSA-8964041","Edge_Type":"Pathway","label":"is involved in"}},{"data":{"source":"P02751","target":"R-HSA-2129379","Edge_Type":"Pathway","label":"is involved in"}},{"data":{"source":"P35556","target":"R-HSA-2129379","Edge_Type":"Pathway","label":"is involved in"}},{"data":{"source":"P35555","target":"R-HSA-2129379","Edge_Type":"Pathway","label":"is involved in"}},{"data":{"source":"P02751","target":"R-HSA-3000171","Edge_Type":"Pathway","label":"is involved in"}},{"data":{"source":"P02452","target":"R-HSA-3000171","Edge_Type":"Pathway","label":"is involved in"}},{"data":{"source":"P20908","target":"R-HSA-3000171","Edge_Type":"Pathway","label":"is involved in"}},{"data":{"source":"P35556","target":"R-HSA-1566948","Edge_Type":"Pathway","label":"is involved in"}},{"data":{"source":"P35555","target":"R-HSA-1566948","Edge_Type":"Pathway","label":"is involved in"}},{"data":{"source":"P02751","target":"R-HSA-3000178","Edge_Type":"Pathway","label":"is involved in"}},{"data":{"source":"P02452","target":"R-HSA-3000178","Edge_Type":"Pathway","label":"is involved in"}},{"data":{"source":"P07585","target":"R-HSA-3000178","Edge_Type":"Pathway","label":"is involved in"}},{"data":{"source":"P20908","target":"R-HSA-3000178","Edge_Type":"Pathway","label":"is involved in"}},{"data":{"source":"P35556","target":"HP:0009901","Edge_Type":"HPO","label":"is associated w\/"}},{"data":{"source":"P35555","target":"HP:0009901","Edge_Type":"HPO","label":"is associated w\/"}},{"data":{"source":"P08697","target":"HP:0040224","Edge_Type":"HPO","label":"is associated w\/"}},{"data":{"source":"P02452","target":"HP:0003088","Edge_Type":"HPO","label":"is associated w\/"}},{"data":{"source":"P35555","target":"HP:0003088","Edge_Type":"HPO","label":"is associated w\/"}},{"data":{"source":"P08697","target":"HP:0040247","Edge_Type":"HPO","label":"is associated w\/"}},{"data":{"source":"P02751","target":"HP:0032463","Edge_Type":"HPO","label":"is associated w\/"}},{"data":{"source":"P20908","target":"HP:0006316","Edge_Type":"HPO","label":"is associated w\/"}},{"data":{"source":"P35555","target":"HP:0004872","Edge_Type":"HPO","label":"is associated w\/"}},{"data":{"source":"P20908","target":"HP:0005100","Edge_Type":"HPO","label":"is associated w\/"}},{"data":{"source":"P08697","target":"HP:0012151","Edge_Type":"HPO","label":"is associated w\/"}},{"data":{"source":"P02452","target":"HP:0006465","Edge_Type":"HPO","label":"is associated w\/"}},{"data":{"source":"H01260","target":"hsa04510","Edge_Type":"kegg_dis_path","label":"modulates"}},{"data":{"source":"H01260","target":"hsa04512","Edge_Type":"kegg_dis_path","label":"modulates"}},{"data":{"source":"H00958","target":"hsa04350","Edge_Type":"kegg_dis_path","label":"modulates"}},{"data":{"source":"H00983","target":"hsa04610","Edge_Type":"kegg_dis_path","label":"modulates"}},{"data":{"source":"H02243","target":"hsa04510","Edge_Type":"kegg_dis_path","label":"modulates"}},{"data":{"source":"H02243","target":"hsa04512","Edge_Type":"kegg_dis_path","label":"modulates"}},{"data":{"source":"H02243","target":"hsa04926","Edge_Type":"kegg_dis_path","label":"modulates"}},{"data":{"source":"P02751","target":"hsa04512","Edge_Type":"kegg_path_prot","label":"is involved in"}},{"data":{"source":"P02452","target":"hsa04512","Edge_Type":"kegg_path_prot","label":"is involved in"}},{"data":{"source":"P07996","target":"hsa04512","Edge_Type":"kegg_path_prot","label":"is involved in"}},{"data":{"source":"P07585","target":"hsa04350","Edge_Type":"kegg_path_prot","label":"is involved in"}},{"data":{"source":"P07996","target":"hsa04350","Edge_Type":"kegg_path_prot","label":"is involved in"}},{"data":{"source":"P35555","target":"hsa04350","Edge_Type":"kegg_path_prot","label":"is involved in"}},{"data":{"source":"P01023","target":"hsa04610","Edge_Type":"kegg_path_prot","label":"is involved in"}},{"data":{"source":"P08697","target":"hsa04610","Edge_Type":"kegg_path_prot","label":"is involved in"}},{"data":{"source":"P02751","target":"hsa04510","Edge_Type":"kegg_path_prot","label":"is involved in"}},{"data":{"source":"P02452","target":"hsa04510","Edge_Type":"kegg_path_prot","label":"is involved in"}},{"data":{"source":"P07996","target":"hsa04510","Edge_Type":"kegg_path_prot","label":"is involved in"}},{"data":{"source":"P02452","target":"hsa04974","Edge_Type":"kegg_path_prot","label":"is involved in"}},{"data":{"source":"P20908","target":"hsa04974","Edge_Type":"kegg_path_prot","label":"is involved in"}},{"data":{"source":"P02751","target":"hsa04151","Edge_Type":"kegg_path_prot","label":"is involved in"}},{"data":{"source":"P02452","target":"hsa04151","Edge_Type":"kegg_path_prot","label":"is involved in"}},{"data":{"source":"P07996","target":"hsa04151","Edge_Type":"kegg_path_prot","label":"is involved in"}},{"data":{"source":"P07996","target":"hsa04115","Edge_Type":"kegg_path_prot","label":"is involved in"}},{"data":{"source":"P02452","target":"hsa04611","Edge_Type":"kegg_path_prot","label":"is involved in"}},{"data":{"source":"P02452","target":"hsa04926","Edge_Type":"kegg_path_prot","label":"is involved in"}},{"data":{"source":"P29279","target":"hsa04371","Edge_Type":"kegg_path_prot","label":"is involved in"}},{"data":{"source":"P35555","target":"H01173","Edge_Type":"kegg_dis_prot","label":"is related to"}},{"data":{"source":"P35556","target":"H00660","Edge_Type":"kegg_dis_prot","label":"is related to"}},{"data":{"source":"P35555","target":"H02228","Edge_Type":"kegg_dis_prot","label":"is related to"}},{"data":{"source":"P35555","target":"H00661","Edge_Type":"kegg_dis_prot","label":"is related to"}},{"data":{"source":"P35555","target":"H00653","Edge_Type":"kegg_dis_prot","label":"is related to"}},{"data":{"source":"P02751","target":"H01260","Edge_Type":"kegg_dis_prot","label":"is related to"}},{"data":{"source":"P07585","target":"H00958","Edge_Type":"kegg_dis_prot","label":"is related to"}},{"data":{"source":"P02452","target":"H00613","Edge_Type":"kegg_dis_prot","label":"is related to"}},{"data":{"source":"P08697","target":"H00983","Edge_Type":"kegg_dis_prot","label":"is related to"}},{"data":{"source":"P02452","target":"H02243","Edge_Type":"kegg_dis_prot","label":"is related to"}}]}