{"options":{"search_start":1613058778,"tax_ids":[9606],"num_of_fn_nodes":10,"num_of_pathways":10,"num_of_phenotypes":10,"num_of_drugs":10,"num_of_diseases":10,"num_of_compounds":10,"chembl_compounds":0,"predictions":1,"reviewed_filter":1,"fn":1,"chembl":1,"search_finish":1613058789,"search_runtime":11},"search":[{"Drug":[{"DB03945":"N,N,N-Trimethyl-2-(phosphonooxy)ethanaminium"}]}],"nodes":[{"data":{"id":"P02741","display_name":"CRP","Node_Type":"Protein"}},{"data":{"id":"Q96BH3","display_name":"ELSPBP1","Node_Type":"Protein"}},{"data":{"id":"P04003","display_name":"C4BPA","Node_Type":"Protein_N"}},{"data":{"id":"P27918","display_name":"CFP","Node_Type":"Protein_N"}},{"data":{"id":"P31995","display_name":"FCGR2C","Node_Type":"Protein_N"}},{"data":{"id":"P08603","display_name":"CFH","Node_Type":"Protein_N"}},{"data":{"id":"Q96IJ6","display_name":"GMPPA","Node_Type":"Protein_N"}},{"data":{"id":"Q92496","display_name":"CFHR4","Node_Type":"Protein_N"}},{"data":{"id":"MONDO:0012350","display_name":"complement factor H deficiency","Node_Type":"Disease","enrichScore":450.125}},{"data":{"id":"Orphanet:200421","display_name":"Immunodeficiency with factor H anomaly","Node_Type":"Disease","enrichScore":450.125}},{"data":{"id":"Orphanet:2966","display_name":"Properdin deficiency","Node_Type":"Disease","enrichScore":450.125}},{"data":{"id":"Orphanet:93571","display_name":"Dense deposit disease","Node_Type":"Disease","enrichScore":450.125}},{"data":{"id":"Orphanet:101992","display_name":"Immunodeficiency due to a complement cascade protein anomaly","Node_Type":"Disease","enrichScore":225.063}},{"data":{"id":"Orphanet:329918","display_name":"Non-immunoglobulin-mediated membranoproliferative glomerulonephritis","Node_Type":"Disease","enrichScore":225.063}},{"data":{"id":"Orphanet:75376","display_name":"Familial drusen","Node_Type":"Disease","enrichScore":225.063}},{"data":{"id":"Orphanet:869","display_name":"Triple A syndrome","Node_Type":"Disease","enrichScore":225.063}},{"data":{"id":"MONDO:0009335","display_name":"hemolytic uremic syndrome, atypical, susceptibility to, 1","Node_Type":"Disease","enrichScore":150.042}},{"data":{"id":"Orphanet:54370","display_name":"Primary membranoproliferative glomerulonephritis","Node_Type":"Disease","enrichScore":150.042}},{"data":{"id":"DB03945","display_name":"N,N,N-Trimethyl-2-(phosphonooxy)ethanaminium","Node_Type":"Drug","enrichScore":9999999}},{"data":{"id":"DB05744","display_name":"CRx-139","Node_Type":"Drug","enrichScore":149.031}},{"data":{"id":"DB00092","display_name":"Alefacept","Node_Type":"Drug","enrichScore":54.193}},{"data":{"id":"DB00087","display_name":"Alemtuzumab","Node_Type":"Drug","enrichScore":54.193}},{"data":{"id":"DB00028","display_name":"Human immunoglobulin G","Node_Type":"Drug","enrichScore":54.193}},{"data":{"id":"DB00110","display_name":"Palivizumab","Node_Type":"Drug","enrichScore":54.193}},{"data":{"id":"DB00095","display_name":"Efalizumab","Node_Type":"Drug","enrichScore":54.193}},{"data":{"id":"DB00081","display_name":"Tositumomab","Node_Type":"Drug","enrichScore":54.193}},{"data":{"id":"DB00111","display_name":"Daclizumab","Node_Type":"Drug","enrichScore":49.677}},{"data":{"id":"DB00108","display_name":"Natalizumab","Node_Type":"Drug","enrichScore":49.677}},{"data":{"id":"R-HSA-173736","display_name":"Alternative complement activation","Node_Type":"Pathway","enrichScore":1606.875}},{"data":{"id":"R-HSA-446205","display_name":"Synthesis of GDP-mannose","Node_Type":"Pathway","enrichScore":1606.875}},{"data":{"id":"R-HSA-977606","display_name":"Regulation of Complement cascade","Node_Type":"Pathway","enrichScore":1168.636}},{"data":{"id":"R-HSA-174577","display_name":"Activation of C3 and C5","Node_Type":"Pathway","enrichScore":1147.768}},{"data":{"id":"R-HSA-5083635","display_name":"Defective B3GALTL causes Peters-plus syndrome (PpS)","Node_Type":"Pathway","enrichScore":211.431}},{"data":{"id":"R-HSA-5173214","display_name":"O-glycosylation of TSR domain-containing proteins","Node_Type":"Pathway","enrichScore":206.01}},{"data":{"id":"R-HSA-173623","display_name":"Classical antibody-mediated complement activation","Node_Type":"Pathway","enrichScore":114.777}},{"data":{"id":"R-HSA-6798695","display_name":"Neutrophil degranulation","Node_Type":"Pathway","enrichScore":16.808}},{"data":{"id":"HP:0005482","display_name":"Abnormality of the alternative complement pathway","Node_Type":"HPO","enrichScore":1057.75}},{"data":{"id":"HP:0005389","display_name":"Depletion of components of the alternative complement pathway","Node_Type":"HPO","enrichScore":528.875}},{"data":{"id":"HP:0004746","display_name":"Glomerular subendothelial electron-dense deposits","Node_Type":"HPO","enrichScore":528.875}},{"data":{"id":"HP:0005423","display_name":"Dysfunctional alternative complement pathway","Node_Type":"HPO","enrichScore":528.875}},{"data":{"id":"HP:0030949","display_name":"Glomerular deposits","Node_Type":"HPO","enrichScore":176.292}},{"data":{"id":"HP:0010486","display_name":"Abnormality of the hypothenar eminence","Node_Type":"HPO","enrichScore":132.219}},{"data":{"id":"HP:0003454","display_name":"Platelet antibody positive","Node_Type":"HPO","enrichScore":132.219}},{"data":{"id":"HP:0025547","display_name":"Decreased mean corpuscular hemoglobin concentration","Node_Type":"HPO","enrichScore":132.219}},{"data":{"id":"HP:0011419","display_name":"Placental abruption","Node_Type":"HPO","enrichScore":132.219}},{"data":{"id":"HP:0005369","display_name":"Decreased serum complement factor H","Node_Type":"HPO","enrichScore":132.219}},{"data":{"id":"hsa04610","display_name":"Complement and coagulation cascades","Node_Type":"kegg_Pathway","enrichScore":89.451}},{"data":{"id":"hsa00051","display_name":"Fructose and mannose metabolism","Node_Type":"kegg_Pathway","enrichScore":25.902}},{"data":{"id":"hsa00520","display_name":"Amino sugar and nucleotide sugar metabolism","Node_Type":"kegg_Pathway","enrichScore":17.807}},{"data":{"id":"hsa04380","display_name":"Osteoclast differentiation","Node_Type":"kegg_Pathway","enrichScore":6.838}},{"data":{"id":"hsa04145","display_name":"Phagosome","Node_Type":"kegg_Pathway","enrichScore":5.623}},{"data":{"id":"hsa01100","display_name":"Metabolic pathways","Node_Type":"kegg_Pathway","enrichScore":0.578}},{"data":{"id":"H00104","display_name":"Alternative complement pathway component defects","Node_Type":"kegg_Disease","enrichScore":458.375}},{"data":{"id":"H01240","display_name":"Immune thrombocytopenia","Node_Type":"kegg_Disease","enrichScore":458.375}},{"data":{"id":"H02108","display_name":"Basal laminar drusen","Node_Type":"kegg_Disease","enrichScore":458.375}},{"data":{"id":"H00257","display_name":"Achalasia Addisonianism Alacrima syndrome","Node_Type":"kegg_Disease","enrichScore":229.188}},{"data":{"id":"H01726","display_name":"Membranoproliferative glomerulonephritis","Node_Type":"kegg_Disease","enrichScore":152.792}},{"data":{"id":"H00106","display_name":"Complement regulatory protein defects","Node_Type":"kegg_Disease","enrichScore":76.396}},{"data":{"id":"H00825","display_name":"Familial flecked retina syndrome","Node_Type":"kegg_Disease","enrichScore":76.396}},{"data":{"id":"H01434","display_name":"Atypical hemolytic uremic syndrome","Node_Type":"kegg_Disease","enrichScore":57.297}},{"data":{"id":"H00080","display_name":"Systemic lupus erythematosus","Node_Type":"kegg_Disease","enrichScore":32.741}},{"data":{"id":"H00821","display_name":"Age-related macular degeneration","Node_Type":"kegg_Disease","enrichScore":26.963}}],"edges":[{"data":{"source":"P02741","target":"P02741","Edge_Type":"PPI","label":"interacts w\/"}},{"data":{"source":"P04003","target":"P02741","Edge_Type":"PPI","label":"interacts w\/"}},{"data":{"source":"P27918","target":"P02741","Edge_Type":"PPI","label":"interacts w\/"}},{"data":{"source":"P31995","target":"P02741","Edge_Type":"PPI","label":"interacts w\/"}},{"data":{"source":"P08603","target":"P02741","Edge_Type":"PPI","label":"interacts w\/"}},{"data":{"source":"P08603","target":"P08603","Edge_Type":"PPI","label":"interacts w\/"}},{"data":{"source":"Q96IJ6","target":"P02741","Edge_Type":"PPI","label":"interacts w\/"}},{"data":{"source":"Q92496","target":"P02741","Edge_Type":"PPI","label":"interacts w\/"}},{"data":{"source":"Q92496","target":"P27918","Edge_Type":"PPI","label":"interacts w\/"}},{"data":{"source":"HP:0005482","target":"Orphanet:2966","Edge_Type":"hpodis","label":"is associated w\/"}},{"data":{"source":"HP:0005482","target":"MONDO:0012350","Edge_Type":"hpodis","label":"is associated w\/"}},{"data":{"source":"HP:0005389","target":"MONDO:0012350","Edge_Type":"hpodis","label":"is associated w\/"}},{"data":{"source":"HP:0004746","target":"MONDO:0012350","Edge_Type":"hpodis","label":"is associated w\/"}},{"data":{"source":"HP:0005423","target":"Orphanet:2966","Edge_Type":"hpodis","label":"is associated w\/"}},{"data":{"source":"HP:0030949","target":"MONDO:0012350","Edge_Type":"hpodis","label":"is associated w\/"}},{"data":{"source":"HP:0010486","target":"Orphanet:869","Edge_Type":"hpodis","label":"is associated w\/"}},{"data":{"source":"HP:0005369","target":"MONDO:0012350","Edge_Type":"hpodis","label":"is associated w\/"}},{"data":{"source":"HP:0005369","target":"MONDO:0009335","Edge_Type":"hpodis","label":"is associated w\/"}},{"data":{"source":"P08603","target":"MONDO:0012350","Edge_Type":"Disease","label":"is related to"}},{"data":{"source":"P08603","target":"Orphanet:200421","Edge_Type":"Disease","label":"is related to"}},{"data":{"source":"P27918","target":"Orphanet:2966","Edge_Type":"Disease","label":"is related to"}},{"data":{"source":"P08603","target":"Orphanet:93571","Edge_Type":"Disease","label":"is related to"}},{"data":{"source":"P08603","target":"Orphanet:101992","Edge_Type":"Disease","label":"is related to"}},{"data":{"source":"P08603","target":"Orphanet:329918","Edge_Type":"Disease","label":"is related to"}},{"data":{"source":"P08603","target":"Orphanet:75376","Edge_Type":"Disease","label":"is related to"}},{"data":{"source":"Q96IJ6","target":"Orphanet:869","Edge_Type":"Disease","label":"is related to"}},{"data":{"source":"P08603","target":"MONDO:0009335","Edge_Type":"Disease","label":"is related to"}},{"data":{"source":"P08603","target":"Orphanet:54370","Edge_Type":"Disease","label":"is related to"}},{"data":{"source":"P02741","target":"DB03945","Edge_Type":"Drug","label":"targets"}},{"data":{"source":"Q96BH3","target":"DB03945","Edge_Type":"Drug","label":"targets"}},{"data":{"source":"P02741","target":"DB05744","Edge_Type":"Drug","label":"targets"}},{"data":{"source":"P31995","target":"DB00092","Edge_Type":"Drug","label":"targets"}},{"data":{"source":"P31995","target":"DB00087","Edge_Type":"Drug","label":"targets"}},{"data":{"source":"P31995","target":"DB00028","Edge_Type":"Drug","label":"targets"}},{"data":{"source":"P31995","target":"DB00110","Edge_Type":"Drug","label":"targets"}},{"data":{"source":"P31995","target":"DB00095","Edge_Type":"Drug","label":"targets"}},{"data":{"source":"P31995","target":"DB00081","Edge_Type":"Drug","label":"targets"}},{"data":{"source":"P31995","target":"DB00111","Edge_Type":"Drug","label":"targets"}},{"data":{"source":"P31995","target":"DB00108","Edge_Type":"Drug","label":"targets"}},{"data":{"source":"P27918","target":"R-HSA-173736","Edge_Type":"Pathway","label":"is involved in"}},{"data":{"source":"Q96IJ6","target":"R-HSA-446205","Edge_Type":"Pathway","label":"is involved in"}},{"data":{"source":"P04003","target":"R-HSA-977606","Edge_Type":"Pathway","label":"is involved in"}},{"data":{"source":"P27918","target":"R-HSA-977606","Edge_Type":"Pathway","label":"is involved in"}},{"data":{"source":"P08603","target":"R-HSA-977606","Edge_Type":"Pathway","label":"is involved in"}},{"data":{"source":"Q92496","target":"R-HSA-977606","Edge_Type":"Pathway","label":"is involved in"}},{"data":{"source":"P27918","target":"R-HSA-174577","Edge_Type":"Pathway","label":"is involved in"}},{"data":{"source":"P27918","target":"R-HSA-5083635","Edge_Type":"Pathway","label":"is involved in"}},{"data":{"source":"P27918","target":"R-HSA-5173214","Edge_Type":"Pathway","label":"is involved in"}},{"data":{"source":"P02741","target":"R-HSA-173623","Edge_Type":"Pathway","label":"is involved in"}},{"data":{"source":"P27918","target":"R-HSA-6798695","Edge_Type":"Pathway","label":"is involved in"}},{"data":{"source":"P27918","target":"HP:0005482","Edge_Type":"HPO","label":"is associated w\/"}},{"data":{"source":"P08603","target":"HP:0005482","Edge_Type":"HPO","label":"is associated w\/"}},{"data":{"source":"P08603","target":"HP:0005389","Edge_Type":"HPO","label":"is associated w\/"}},{"data":{"source":"P08603","target":"HP:0004746","Edge_Type":"HPO","label":"is associated w\/"}},{"data":{"source":"P27918","target":"HP:0005423","Edge_Type":"HPO","label":"is associated w\/"}},{"data":{"source":"P08603","target":"HP:0030949","Edge_Type":"HPO","label":"is associated w\/"}},{"data":{"source":"Q96IJ6","target":"HP:0010486","Edge_Type":"HPO","label":"is associated w\/"}},{"data":{"source":"P31995","target":"HP:0003454","Edge_Type":"HPO","label":"is associated w\/"}},{"data":{"source":"P08603","target":"HP:0025547","Edge_Type":"HPO","label":"is associated w\/"}},{"data":{"source":"P08603","target":"HP:0011419","Edge_Type":"HPO","label":"is associated w\/"}},{"data":{"source":"P08603","target":"HP:0005369","Edge_Type":"HPO","label":"is associated w\/"}},{"data":{"source":"H00104","target":"hsa04610","Edge_Type":"kegg_dis_path","label":"modulates"}},{"data":{"source":"H01240","target":"hsa04145","Edge_Type":"kegg_dis_path","label":"modulates"}},{"data":{"source":"H01240","target":"hsa04380","Edge_Type":"kegg_dis_path","label":"modulates"}},{"data":{"source":"H02108","target":"hsa04610","Edge_Type":"kegg_dis_path","label":"modulates"}},{"data":{"source":"H01726","target":"hsa04610","Edge_Type":"kegg_dis_path","label":"modulates"}},{"data":{"source":"H00106","target":"hsa04610","Edge_Type":"kegg_dis_path","label":"modulates"}},{"data":{"source":"H01434","target":"hsa04610","Edge_Type":"kegg_dis_path","label":"modulates"}},{"data":{"source":"H00821","target":"hsa04610","Edge_Type":"kegg_dis_path","label":"modulates"}},{"data":{"source":"P04003","target":"hsa04610","Edge_Type":"kegg_path_prot","label":"is involved in"}},{"data":{"source":"P08603","target":"hsa04610","Edge_Type":"kegg_path_prot","label":"is involved in"}},{"data":{"source":"Q92496","target":"hsa04610","Edge_Type":"kegg_path_prot","label":"is involved in"}},{"data":{"source":"Q96IJ6","target":"hsa00051","Edge_Type":"kegg_path_prot","label":"is involved in"}},{"data":{"source":"Q96IJ6","target":"hsa00520","Edge_Type":"kegg_path_prot","label":"is involved in"}},{"data":{"source":"P31995","target":"hsa04380","Edge_Type":"kegg_path_prot","label":"is involved in"}},{"data":{"source":"P31995","target":"hsa04145","Edge_Type":"kegg_path_prot","label":"is involved in"}},{"data":{"source":"Q96IJ6","target":"hsa01100","Edge_Type":"kegg_path_prot","label":"is involved in"}},{"data":{"source":"P27918","target":"H00104","Edge_Type":"kegg_dis_prot","label":"is related to"}},{"data":{"source":"P08603","target":"H00104","Edge_Type":"kegg_dis_prot","label":"is related to"}},{"data":{"source":"P31995","target":"H01240","Edge_Type":"kegg_dis_prot","label":"is related to"}},{"data":{"source":"P08603","target":"H02108","Edge_Type":"kegg_dis_prot","label":"is related to"}},{"data":{"source":"Q96IJ6","target":"H00257","Edge_Type":"kegg_dis_prot","label":"is related to"}},{"data":{"source":"P08603","target":"H01726","Edge_Type":"kegg_dis_prot","label":"is related to"}},{"data":{"source":"P04003","target":"H00106","Edge_Type":"kegg_dis_prot","label":"is related to"}},{"data":{"source":"P08603","target":"H00825","Edge_Type":"kegg_dis_prot","label":"is related to"}},{"data":{"source":"P08603","target":"H01434","Edge_Type":"kegg_dis_prot","label":"is related to"}},{"data":{"source":"P02741","target":"H00080","Edge_Type":"kegg_dis_prot","label":"is related to"}},{"data":{"source":"P08603","target":"H00821","Edge_Type":"kegg_dis_prot","label":"is related to"}}]}