{"options":{"search_start":1613057295,"tax_ids":[9606],"num_of_fn_nodes":10,"num_of_pathways":10,"num_of_phenotypes":10,"num_of_drugs":10,"num_of_diseases":10,"num_of_compounds":10,"chembl_compounds":0,"predictions":1,"reviewed_filter":1,"fn":1,"chembl":1,"search_finish":1613057325,"search_runtime":30},"search":[{"Drug":[{"DB13872":"Lormetazepam"}]}],"nodes":[{"data":{"id":"P14867","display_name":"GABRA1","Node_Type":"Protein"}},{"data":{"id":"P18507","display_name":"GABRG2","Node_Type":"Protein"}},{"data":{"id":"P31644","display_name":"GABRA5","Node_Type":"Protein"}},{"data":{"id":"P34903","display_name":"GABRA3","Node_Type":"Protein"}},{"data":{"id":"P47869","display_name":"GABRA2","Node_Type":"Protein"}},{"data":{"id":"P51513","display_name":"NOVA1","Node_Type":"Protein_N"}},{"data":{"id":"O95166","display_name":"GABARAP","Node_Type":"Protein_N"}},{"data":{"id":"Orphanet:64280","display_name":"Childhood absence epilepsy","Node_Type":"Disease","enrichScore":514.429}},{"data":{"id":"Orphanet:33069","display_name":"Dravet syndrome","Node_Type":"Disease","enrichScore":171.476}},{"data":{"id":"EFO:0003829","display_name":"alcohol dependence","Node_Type":"Disease","enrichScore":102.886}},{"data":{"id":"Orphanet:1934","display_name":"Early infantile epileptic encephalopathy","Node_Type":"Disease","enrichScore":92.597}},{"data":{"id":"Orphanet:307","display_name":"Juvenile myoclonic epilepsy","Node_Type":"Disease","enrichScore":85.738}},{"data":{"id":"Orphanet:36387","display_name":"Generalized epilepsy with febrile seizures-plus","Node_Type":"Disease","enrichScore":85.738}},{"data":{"id":"DB13872","display_name":"Lormetazepam","Node_Type":"Drug","enrichScore":9999999}},{"data":{"id":"DB00603","display_name":"Medroxyprogesterone acetate","Node_Type":"Drug","enrichScore":8516.071}},{"data":{"id":"DB00395","display_name":"Carisoprodol","Node_Type":"Drug","enrichScore":3633.524}},{"data":{"id":"DB01215","display_name":"Estazolam","Node_Type":"Drug","enrichScore":3585.714}},{"data":{"id":"DB01589","display_name":"Quazepam","Node_Type":"Drug","enrichScore":3585.714}},{"data":{"id":"DB01588","display_name":"Prazepam","Node_Type":"Drug","enrichScore":3585.714}},{"data":{"id":"DB00842","display_name":"Oxazepam","Node_Type":"Drug","enrichScore":3585.714}},{"data":{"id":"DB00801","display_name":"Halazepam","Node_Type":"Drug","enrichScore":3585.714}},{"data":{"id":"DB00404","display_name":"Alprazolam","Node_Type":"Drug","enrichScore":3449.009}},{"data":{"id":"DB00371","display_name":"Meprobamate","Node_Type":"Drug","enrichScore":3449.009}},{"data":{"id":"R-HSA-977443","display_name":"GABA receptor activation","Node_Type":"Pathway","enrichScore":16396.684}},{"data":{"id":"R-HSA-1236394","display_name":"Signaling by ERBB4","Node_Type":"Pathway","enrichScore":3338.961}},{"data":{"id":"R-HSA-8854214","display_name":"TBC\/RABGAPs","Node_Type":"Pathway","enrichScore":208.685}},{"data":{"id":"R-HSA-1632852","display_name":"Macroautophagy","Node_Type":"Pathway","enrichScore":135.032}},{"data":{"id":"HP:0030218","display_name":"Punding","Node_Type":"HPO","enrichScore":402.952}},{"data":{"id":"HP:0010848","display_name":"EEG with spike-wave complexes (2.5-3.5 Hz)","Node_Type":"HPO","enrichScore":402.952}},{"data":{"id":"HP:0011147","display_name":"Typical absence seizure","Node_Type":"HPO","enrichScore":402.952}},{"data":{"id":"HP:0011150","display_name":"Myoclonic absence seizure","Node_Type":"HPO","enrichScore":345.388}},{"data":{"id":"HP:0007738","display_name":"Uncontrolled eye movements","Node_Type":"HPO","enrichScore":345.388}},{"data":{"id":"HP:0031469","display_name":"Low self esteem","Node_Type":"HPO","enrichScore":241.771}},{"data":{"id":"HP:0006961","display_name":"Jerky head movements","Node_Type":"HPO","enrichScore":241.771}},{"data":{"id":"HP:0002266","display_name":"Focal clonic seizure","Node_Type":"HPO","enrichScore":219.792}},{"data":{"id":"HP:0031475","display_name":"Status epilepticus without prominent motor symptoms","Node_Type":"HPO","enrichScore":219.792}},{"data":{"id":"HP:0011151","display_name":"Atypical absence status epilepticus","Node_Type":"HPO","enrichScore":219.792}},{"data":{"id":"CHEMBL1808464","display_name":"CHEMBL1808464","Node_Type":"Prediction","enrichScore":27.117}},{"data":{"id":"CHEMBL1795619","display_name":"CHEMBL1795619","Node_Type":"Prediction","enrichScore":24.857}},{"data":{"id":"CHEMBL529217","display_name":"CHEMBL529217","Node_Type":"Prediction","enrichScore":21.306}},{"data":{"id":"CHEMBL166390","display_name":"CHEMBL166390","Node_Type":"Prediction","enrichScore":19.886}},{"data":{"id":"CHEMBL1807964","display_name":"CHEMBL1807964","Node_Type":"Prediction","enrichScore":18.643}},{"data":{"id":"CHEMBL1808620","display_name":"CHEMBL1808620","Node_Type":"Prediction","enrichScore":18.643}},{"data":{"id":"CHEMBL60142","display_name":"CHEMBL60142","Node_Type":"Prediction","enrichScore":17.546}},{"data":{"id":"CHEMBL429680","display_name":"CHEMBL429680","Node_Type":"Prediction","enrichScore":15.699}},{"data":{"id":"CHEMBL1808413","display_name":"CHEMBL1808413","Node_Type":"Prediction","enrichScore":14.914}},{"data":{"id":"CHEMBL522866","display_name":"CHEMBL522866","Node_Type":"Prediction","enrichScore":14.204}},{"data":{"id":"hsa04727","display_name":"GABAergic synapse","Node_Type":"kegg_Pathway","enrichScore":395.133}},{"data":{"id":"hsa04742","display_name":"Taste transduction","Node_Type":"kegg_Pathway","enrichScore":192.959}},{"data":{"id":"hsa04723","display_name":"Retrograde endocannabinoid signaling","Node_Type":"kegg_Pathway","enrichScore":165.01}},{"data":{"id":"hsa04080","display_name":"Neuroactive ligand-receptor interaction","Node_Type":"kegg_Pathway","enrichScore":71.408}},{"data":{"id":"hsa04136","display_name":"Autophagy","Node_Type":"kegg_Pathway","enrichScore":30.527}},{"data":{"id":"hsa04137","display_name":"Mitophagy","Node_Type":"kegg_Pathway","enrichScore":15.029}},{"data":{"id":"hsa04068","display_name":"FoxO signaling pathway","Node_Type":"kegg_Pathway","enrichScore":7.514}},{"data":{"id":"hsa04140","display_name":"Autophagy","Node_Type":"kegg_Pathway","enrichScore":7.13}},{"data":{"id":"hsa04371","display_name":"Apelin signaling pathway","Node_Type":"kegg_Pathway","enrichScore":6.831}},{"data":{"id":"hsa04621","display_name":"NOD-like receptor signaling pathway","Node_Type":"kegg_Pathway","enrichScore":5.397}},{"data":{"id":"H02215","display_name":"Childhood absence epilepsy","Node_Type":"kegg_Disease","enrichScore":523.857}},{"data":{"id":"H02217","display_name":"Juvenile myoclonic epilepsy","Node_Type":"kegg_Disease","enrichScore":87.31}},{"data":{"id":"H00808","display_name":"Idiopathic generalized epilepsies","Node_Type":"kegg_Disease","enrichScore":65.482}},{"data":{"id":"H00783","display_name":"Febrile seizures","Node_Type":"kegg_Disease","enrichScore":65.482}},{"data":{"id":"H01611","display_name":"Alcohol dependence","Node_Type":"kegg_Disease","enrichScore":65.482}},{"data":{"id":"H00606","display_name":"Early infantile epileptic encephalopathy","Node_Type":"kegg_Disease","enrichScore":8.879}}],"edges":[{"data":{"source":"P51513","target":"P18507","Edge_Type":"PPI","label":"interacts w\/"}},{"data":{"source":"O95166","target":"P18507","Edge_Type":"PPI","label":"interacts w\/"}},{"data":{"source":"HP:0030218","target":"Orphanet:64280","Edge_Type":"hpodis","label":"is associated w\/"}},{"data":{"source":"HP:0010848","target":"Orphanet:64280","Edge_Type":"hpodis","label":"is associated w\/"}},{"data":{"source":"HP:0011147","target":"Orphanet:64280","Edge_Type":"hpodis","label":"is associated w\/"}},{"data":{"source":"HP:0011150","target":"Orphanet:64280","Edge_Type":"hpodis","label":"is associated w\/"}},{"data":{"source":"HP:0007738","target":"Orphanet:64280","Edge_Type":"hpodis","label":"is associated w\/"}},{"data":{"source":"HP:0031469","target":"Orphanet:64280","Edge_Type":"hpodis","label":"is associated w\/"}},{"data":{"source":"HP:0006961","target":"Orphanet:64280","Edge_Type":"hpodis","label":"is associated w\/"}},{"data":{"source":"HP:0002266","target":"Orphanet:33069","Edge_Type":"hpodis","label":"is associated w\/"}},{"data":{"source":"HP:0002266","target":"Orphanet:36387","Edge_Type":"hpodis","label":"is associated w\/"}},{"data":{"source":"HP:0002266","target":"Orphanet:1934","Edge_Type":"hpodis","label":"is associated w\/"}},{"data":{"source":"HP:0002266","target":"Orphanet:33069","Edge_Type":"hpodis","label":"is associated w\/"}},{"data":{"source":"HP:0002266","target":"Orphanet:1934","Edge_Type":"hpodis","label":"is associated w\/"}},{"data":{"source":"HP:0002266","target":"Orphanet:33069","Edge_Type":"hpodis","label":"is associated w\/"}},{"data":{"source":"HP:0031475","target":"Orphanet:36387","Edge_Type":"hpodis","label":"is associated w\/"}},{"data":{"source":"HP:0031475","target":"Orphanet:33069","Edge_Type":"hpodis","label":"is associated w\/"}},{"data":{"source":"HP:0011151","target":"Orphanet:36387","Edge_Type":"hpodis","label":"is associated w\/"}},{"data":{"source":"P14867","target":"Orphanet:64280","Edge_Type":"Disease","label":"is related to"}},{"data":{"source":"P18507","target":"Orphanet:64280","Edge_Type":"Disease","label":"is related to"}},{"data":{"source":"P14867","target":"Orphanet:33069","Edge_Type":"Disease","label":"is related to"}},{"data":{"source":"P47869","target":"EFO:0003829","Edge_Type":"Disease","label":"is related to"}},{"data":{"source":"P18507","target":"Orphanet:1934","Edge_Type":"Disease","label":"is related to"}},{"data":{"source":"P31644","target":"Orphanet:1934","Edge_Type":"Disease","label":"is related to"}},{"data":{"source":"P47869","target":"Orphanet:1934","Edge_Type":"Disease","label":"is related to"}},{"data":{"source":"P14867","target":"Orphanet:307","Edge_Type":"Disease","label":"is related to"}},{"data":{"source":"P18507","target":"Orphanet:36387","Edge_Type":"Disease","label":"is related to"}},{"data":{"source":"P47869","target":"DB13872","Edge_Type":"Drug","label":"targets"}},{"data":{"source":"P18507","target":"DB13872","Edge_Type":"Drug","label":"targets"}},{"data":{"source":"P34903","target":"DB13872","Edge_Type":"Drug","label":"targets"}},{"data":{"source":"P31644","target":"DB13872","Edge_Type":"Drug","label":"targets"}},{"data":{"source":"P14867","target":"DB13872","Edge_Type":"Drug","label":"targets"}},{"data":{"source":"P14867","target":"DB00603","Edge_Type":"Drug","label":"targets"}},{"data":{"source":"P47869","target":"DB00603","Edge_Type":"Drug","label":"targets"}},{"data":{"source":"P34903","target":"DB00603","Edge_Type":"Drug","label":"targets"}},{"data":{"source":"P31644","target":"DB00603","Edge_Type":"Drug","label":"targets"}},{"data":{"source":"P18507","target":"DB00603","Edge_Type":"Drug","label":"targets"}},{"data":{"source":"P14867","target":"DB00395","Edge_Type":"Drug","label":"targets"}},{"data":{"source":"P18507","target":"DB00395","Edge_Type":"Drug","label":"targets"}},{"data":{"source":"P31644","target":"DB00395","Edge_Type":"Drug","label":"targets"}},{"data":{"source":"P34903","target":"DB00395","Edge_Type":"Drug","label":"targets"}},{"data":{"source":"P14867","target":"DB01215","Edge_Type":"Drug","label":"targets"}},{"data":{"source":"P47869","target":"DB01215","Edge_Type":"Drug","label":"targets"}},{"data":{"source":"P34903","target":"DB01215","Edge_Type":"Drug","label":"targets"}},{"data":{"source":"P31644","target":"DB01215","Edge_Type":"Drug","label":"targets"}},{"data":{"source":"P18507","target":"DB01215","Edge_Type":"Drug","label":"targets"}},{"data":{"source":"P14867","target":"DB01589","Edge_Type":"Drug","label":"targets"}},{"data":{"source":"P47869","target":"DB01589","Edge_Type":"Drug","label":"targets"}},{"data":{"source":"P34903","target":"DB01589","Edge_Type":"Drug","label":"targets"}},{"data":{"source":"P31644","target":"DB01589","Edge_Type":"Drug","label":"targets"}},{"data":{"source":"P18507","target":"DB01589","Edge_Type":"Drug","label":"targets"}},{"data":{"source":"P14867","target":"DB01588","Edge_Type":"Drug","label":"targets"}},{"data":{"source":"P47869","target":"DB01588","Edge_Type":"Drug","label":"targets"}},{"data":{"source":"P34903","target":"DB01588","Edge_Type":"Drug","label":"targets"}},{"data":{"source":"P31644","target":"DB01588","Edge_Type":"Drug","label":"targets"}},{"data":{"source":"P18507","target":"DB01588","Edge_Type":"Drug","label":"targets"}},{"data":{"source":"P14867","target":"DB00842","Edge_Type":"Drug","label":"targets"}},{"data":{"source":"P47869","target":"DB00842","Edge_Type":"Drug","label":"targets"}},{"data":{"source":"P34903","target":"DB00842","Edge_Type":"Drug","label":"targets"}},{"data":{"source":"P31644","target":"DB00842","Edge_Type":"Drug","label":"targets"}},{"data":{"source":"P18507","target":"DB00842","Edge_Type":"Drug","label":"targets"}},{"data":{"source":"P14867","target":"DB00801","Edge_Type":"Drug","label":"targets"}},{"data":{"source":"P47869","target":"DB00801","Edge_Type":"Drug","label":"targets"}},{"data":{"source":"P34903","target":"DB00801","Edge_Type":"Drug","label":"targets"}},{"data":{"source":"P31644","target":"DB00801","Edge_Type":"Drug","label":"targets"}},{"data":{"source":"P18507","target":"DB00801","Edge_Type":"Drug","label":"targets"}},{"data":{"source":"P14867","target":"DB00404","Edge_Type":"Drug","label":"targets"}},{"data":{"source":"P47869","target":"DB00404","Edge_Type":"Drug","label":"targets"}},{"data":{"source":"P34903","target":"DB00404","Edge_Type":"Drug","label":"targets"}},{"data":{"source":"P31644","target":"DB00404","Edge_Type":"Drug","label":"targets"}},{"data":{"source":"P18507","target":"DB00404","Edge_Type":"Drug","label":"targets"}},{"data":{"source":"P14867","target":"DB00371","Edge_Type":"Drug","label":"targets"}},{"data":{"source":"P47869","target":"DB00371","Edge_Type":"Drug","label":"targets"}},{"data":{"source":"P34903","target":"DB00371","Edge_Type":"Drug","label":"targets"}},{"data":{"source":"P31644","target":"DB00371","Edge_Type":"Drug","label":"targets"}},{"data":{"source":"P18507","target":"DB00371","Edge_Type":"Drug","label":"targets"}},{"data":{"source":"P14867","target":"R-HSA-977443","Edge_Type":"Pathway","label":"is involved in"}},{"data":{"source":"P18507","target":"R-HSA-977443","Edge_Type":"Pathway","label":"is involved in"}},{"data":{"source":"P31644","target":"R-HSA-977443","Edge_Type":"Pathway","label":"is involved in"}},{"data":{"source":"P34903","target":"R-HSA-977443","Edge_Type":"Pathway","label":"is involved in"}},{"data":{"source":"P47869","target":"R-HSA-977443","Edge_Type":"Pathway","label":"is involved in"}},{"data":{"source":"P14867","target":"R-HSA-1236394","Edge_Type":"Pathway","label":"is involved in"}},{"data":{"source":"P18507","target":"R-HSA-1236394","Edge_Type":"Pathway","label":"is involved in"}},{"data":{"source":"O95166","target":"R-HSA-8854214","Edge_Type":"Pathway","label":"is involved in"}},{"data":{"source":"O95166","target":"R-HSA-1632852","Edge_Type":"Pathway","label":"is involved in"}},{"data":{"source":"P14867","target":"HP:0030218","Edge_Type":"HPO","label":"is associated w\/"}},{"data":{"source":"P18507","target":"HP:0030218","Edge_Type":"HPO","label":"is associated w\/"}},{"data":{"source":"P14867","target":"HP:0010848","Edge_Type":"HPO","label":"is associated w\/"}},{"data":{"source":"P18507","target":"HP:0010848","Edge_Type":"HPO","label":"is associated w\/"}},{"data":{"source":"P14867","target":"HP:0011147","Edge_Type":"HPO","label":"is associated w\/"}},{"data":{"source":"P18507","target":"HP:0011147","Edge_Type":"HPO","label":"is associated w\/"}},{"data":{"source":"P14867","target":"HP:0011150","Edge_Type":"HPO","label":"is associated w\/"}},{"data":{"source":"P18507","target":"HP:0011150","Edge_Type":"HPO","label":"is associated w\/"}},{"data":{"source":"P14867","target":"HP:0007738","Edge_Type":"HPO","label":"is associated w\/"}},{"data":{"source":"P18507","target":"HP:0007738","Edge_Type":"HPO","label":"is associated w\/"}},{"data":{"source":"P14867","target":"HP:0031469","Edge_Type":"HPO","label":"is associated w\/"}},{"data":{"source":"P18507","target":"HP:0031469","Edge_Type":"HPO","label":"is associated w\/"}},{"data":{"source":"P14867","target":"HP:0006961","Edge_Type":"HPO","label":"is associated w\/"}},{"data":{"source":"P18507","target":"HP:0006961","Edge_Type":"HPO","label":"is associated w\/"}},{"data":{"source":"P14867","target":"HP:0002266","Edge_Type":"HPO","label":"is associated w\/"}},{"data":{"source":"P18507","target":"HP:0002266","Edge_Type":"HPO","label":"is associated w\/"}},{"data":{"source":"P14867","target":"HP:0031475","Edge_Type":"HPO","label":"is associated w\/"}},{"data":{"source":"P18507","target":"HP:0031475","Edge_Type":"HPO","label":"is associated w\/"}},{"data":{"source":"P14867","target":"HP:0011151","Edge_Type":"HPO","label":"is associated w\/"}},{"data":{"source":"P18507","target":"HP:0011151","Edge_Type":"HPO","label":"is associated w\/"}},{"data":{"source":"P31644","target":"CHEMBL1808464","Edge_Type":"Prediction","label":"targets"}},{"data":{"source":"P47869","target":"CHEMBL1808464","Edge_Type":"Prediction","label":"targets"}},{"data":{"source":"P31644","target":"CHEMBL1795619","Edge_Type":"Prediction","label":"targets"}},{"data":{"source":"P31644","target":"CHEMBL529217","Edge_Type":"Prediction","label":"targets"}},{"data":{"source":"P47869","target":"CHEMBL529217","Edge_Type":"Prediction","label":"targets"}},{"data":{"source":"P31644","target":"CHEMBL166390","Edge_Type":"Prediction","label":"targets"}},{"data":{"source":"P47869","target":"CHEMBL166390","Edge_Type":"Prediction","label":"targets"}},{"data":{"source":"P31644","target":"CHEMBL1807964","Edge_Type":"Prediction","label":"targets"}},{"data":{"source":"P31644","target":"CHEMBL1808620","Edge_Type":"Prediction","label":"targets"}},{"data":{"source":"P31644","target":"CHEMBL60142","Edge_Type":"Prediction","label":"targets"}},{"data":{"source":"P47869","target":"CHEMBL60142","Edge_Type":"Prediction","label":"targets"}},{"data":{"source":"P31644","target":"CHEMBL429680","Edge_Type":"Prediction","label":"targets"}},{"data":{"source":"P47869","target":"CHEMBL429680","Edge_Type":"Prediction","label":"targets"}},{"data":{"source":"P47869","target":"CHEMBL1808413","Edge_Type":"Prediction","label":"targets"}},{"data":{"source":"P31644","target":"CHEMBL522866","Edge_Type":"Prediction","label":"targets"}},{"data":{"source":"P47869","target":"CHEMBL522866","Edge_Type":"Prediction","label":"targets"}},{"data":{"source":"H02215","target":"hsa04727","Edge_Type":"kegg_dis_path","label":"modulates"}},{"data":{"source":"H00808","target":"hsa04727","Edge_Type":"kegg_dis_path","label":"modulates"}},{"data":{"source":"H00783","target":"hsa04080","Edge_Type":"kegg_dis_path","label":"modulates"}},{"data":{"source":"H00783","target":"hsa04727","Edge_Type":"kegg_dis_path","label":"modulates"}},{"data":{"source":"H01611","target":"hsa04080","Edge_Type":"kegg_dis_path","label":"modulates"}},{"data":{"source":"H00606","target":"hsa04723","Edge_Type":"kegg_dis_path","label":"modulates"}},{"data":{"source":"H00606","target":"hsa04727","Edge_Type":"kegg_dis_path","label":"modulates"}},{"data":{"source":"P14867","target":"hsa04727","Edge_Type":"kegg_path_prot","label":"is involved in"}},{"data":{"source":"P18507","target":"hsa04727","Edge_Type":"kegg_path_prot","label":"is involved in"}},{"data":{"source":"P31644","target":"hsa04727","Edge_Type":"kegg_path_prot","label":"is involved in"}},{"data":{"source":"P34903","target":"hsa04727","Edge_Type":"kegg_path_prot","label":"is involved in"}},{"data":{"source":"P47869","target":"hsa04727","Edge_Type":"kegg_path_prot","label":"is involved in"}},{"data":{"source":"O95166","target":"hsa04727","Edge_Type":"kegg_path_prot","label":"is involved in"}},{"data":{"source":"P14867","target":"hsa04742","Edge_Type":"kegg_path_prot","label":"is involved in"}},{"data":{"source":"P31644","target":"hsa04742","Edge_Type":"kegg_path_prot","label":"is involved in"}},{"data":{"source":"P34903","target":"hsa04742","Edge_Type":"kegg_path_prot","label":"is involved in"}},{"data":{"source":"P47869","target":"hsa04742","Edge_Type":"kegg_path_prot","label":"is involved in"}},{"data":{"source":"P14867","target":"hsa04723","Edge_Type":"kegg_path_prot","label":"is involved in"}},{"data":{"source":"P18507","target":"hsa04723","Edge_Type":"kegg_path_prot","label":"is involved in"}},{"data":{"source":"P31644","target":"hsa04723","Edge_Type":"kegg_path_prot","label":"is involved in"}},{"data":{"source":"P34903","target":"hsa04723","Edge_Type":"kegg_path_prot","label":"is involved in"}},{"data":{"source":"P47869","target":"hsa04723","Edge_Type":"kegg_path_prot","label":"is involved in"}},{"data":{"source":"P14867","target":"hsa04080","Edge_Type":"kegg_path_prot","label":"is involved in"}},{"data":{"source":"P18507","target":"hsa04080","Edge_Type":"kegg_path_prot","label":"is involved in"}},{"data":{"source":"P31644","target":"hsa04080","Edge_Type":"kegg_path_prot","label":"is involved in"}},{"data":{"source":"P34903","target":"hsa04080","Edge_Type":"kegg_path_prot","label":"is involved in"}},{"data":{"source":"P47869","target":"hsa04080","Edge_Type":"kegg_path_prot","label":"is involved in"}},{"data":{"source":"O95166","target":"hsa04136","Edge_Type":"kegg_path_prot","label":"is involved in"}},{"data":{"source":"O95166","target":"hsa04137","Edge_Type":"kegg_path_prot","label":"is involved in"}},{"data":{"source":"O95166","target":"hsa04068","Edge_Type":"kegg_path_prot","label":"is involved in"}},{"data":{"source":"O95166","target":"hsa04140","Edge_Type":"kegg_path_prot","label":"is involved in"}},{"data":{"source":"O95166","target":"hsa04371","Edge_Type":"kegg_path_prot","label":"is involved in"}},{"data":{"source":"O95166","target":"hsa04621","Edge_Type":"kegg_path_prot","label":"is involved in"}},{"data":{"source":"P14867","target":"H02215","Edge_Type":"kegg_dis_prot","label":"is related to"}},{"data":{"source":"P18507","target":"H02215","Edge_Type":"kegg_dis_prot","label":"is related to"}},{"data":{"source":"P14867","target":"H02217","Edge_Type":"kegg_dis_prot","label":"is related to"}},{"data":{"source":"P14867","target":"H00808","Edge_Type":"kegg_dis_prot","label":"is related to"}},{"data":{"source":"P18507","target":"H00783","Edge_Type":"kegg_dis_prot","label":"is related to"}},{"data":{"source":"P47869","target":"H01611","Edge_Type":"kegg_dis_prot","label":"is related to"}},{"data":{"source":"P14867","target":"H00606","Edge_Type":"kegg_dis_prot","label":"is related to"}}]}