{"options":{"search_start":1613058201,"tax_ids":[9606],"num_of_fn_nodes":10,"num_of_pathways":10,"num_of_phenotypes":10,"num_of_drugs":10,"num_of_diseases":10,"num_of_compounds":10,"chembl_compounds":0,"predictions":1,"reviewed_filter":1,"fn":1,"chembl":1,"search_finish":1613058240,"search_runtime":39},"search":[{"Drug":[{"DB08059":"Wortmannin"}]}],"nodes":[{"data":{"id":"O00329","display_name":"PIK3CD","Node_Type":"Protein"}},{"data":{"id":"P07900","display_name":"HSP90AA1","Node_Type":"Protein"}},{"data":{"id":"P27986","display_name":"PIK3R1","Node_Type":"Protein"}},{"data":{"id":"P42336","display_name":"PIK3CA","Node_Type":"Protein"}},{"data":{"id":"P42338","display_name":"PIK3CB","Node_Type":"Protein"}},{"data":{"id":"P42345","display_name":"MTOR","Node_Type":"Protein"}},{"data":{"id":"P48736","display_name":"PIK3CG","Node_Type":"Protein"}},{"data":{"id":"P53350","display_name":"PLK1","Node_Type":"Protein"}},{"data":{"id":"P78527","display_name":"PRKDC","Node_Type":"Protein"}},{"data":{"id":"Q15746","display_name":"MYLK","Node_Type":"Protein"}},{"data":{"id":"Q9H4B4","display_name":"PLK3","Node_Type":"Protein"}},{"data":{"id":"Q9NYZ3","display_name":"GTSE1","Node_Type":"Protein_N"}},{"data":{"id":"P61247","display_name":"RPS3A","Node_Type":"Protein_N"}},{"data":{"id":"Q6PGQ7","display_name":"BORA","Node_Type":"Protein_N"}},{"data":{"id":"Q9BPZ7","display_name":"MAPKAP1","Node_Type":"Protein_N"}},{"data":{"id":"P42681","display_name":"TXK","Node_Type":"Protein_N"}},{"data":{"id":"O15455","display_name":"TLR3","Node_Type":"Protein_N"}},{"data":{"id":"Q8WUA4","display_name":"GTF3C2","Node_Type":"Protein_N"}},{"data":{"id":"Q9BVC4","display_name":"MLST8","Node_Type":"Protein_N"}},{"data":{"id":"P23588","display_name":"EIF4B","Node_Type":"Protein_N"}},{"data":{"id":"Q8IY22","display_name":"CMIP","Node_Type":"Protein_N"}},{"data":{"id":"Orphanet:397596","display_name":"Activated PIK3-delta syndrome","Node_Type":"Disease","enrichScore":342.952}},{"data":{"id":"Orphanet:60040","display_name":"Megalencephaly-capillary malformation-polymicrogyria syndrome","Node_Type":"Disease","enrichScore":171.476}},{"data":{"id":"Orphanet:317425","display_name":"Severe combined immunodeficiency due to DNA-PKcs deficiency","Node_Type":"Disease","enrichScore":171.476}},{"data":{"id":"Orphanet:3163","display_name":"SHORT syndrome","Node_Type":"Disease","enrichScore":171.476}},{"data":{"id":"EFO:0009050","display_name":"Macrocephaly-intellectual disability-neurodevelopmental disorder-small thorax syndrome","Node_Type":"Disease","enrichScore":171.476}},{"data":{"id":"Orphanet:140944","display_name":"CLOVE syndrome","Node_Type":"Disease","enrichScore":171.476}},{"data":{"id":"EFO:0005584","display_name":"seborrheic keratosis","Node_Type":"Disease","enrichScore":85.738}},{"data":{"id":"Orphanet:65683","display_name":"Isolated focal cortical dysplasia","Node_Type":"Disease","enrichScore":57.159}},{"data":{"id":"Orphanet:269008","display_name":"Isolated focal cortical dysplasia type IIb","Node_Type":"Disease","enrichScore":57.159}},{"data":{"id":"Orphanet:269001","display_name":"Isolated focal cortical dysplasia type IIa","Node_Type":"Disease","enrichScore":57.159}},{"data":{"id":"DB08059","display_name":"Wortmannin","Node_Type":"Drug","enrichScore":9999999}},{"data":{"id":"DB05241","display_name":"XL765","Node_Type":"Drug","enrichScore":1135.476}},{"data":{"id":"DB11952","display_name":"Duvelisib","Node_Type":"Drug","enrichScore":454.19}},{"data":{"id":"DB05552","display_name":"TG100-115","Node_Type":"Drug","enrichScore":454.19}},{"data":{"id":"DB06831","display_name":"2-((9H-PURIN-6-YLTHIO)METHYL)-5-CHLORO-3-(2-METHOXYPHENYL)QUINAZOLIN-4(3H)-ONE","Node_Type":"Drug","enrichScore":454.19}},{"data":{"id":"DB12483","display_name":"Copanlisib","Node_Type":"Drug","enrichScore":454.19}},{"data":{"id":"DB05210","display_name":"SF1126","Node_Type":"Drug","enrichScore":408.771}},{"data":{"id":"DB06963","display_name":"3-[3-(3-methyl-6-{[(1S)-1-phenylethyl]amino}-1H-pyrazolo[4,3-c]pyridin-1-yl)phenyl]propanamide","Node_Type":"Drug","enrichScore":227.095}},{"data":{"id":"DB06961","display_name":"5-(5-chloro-2,4-dihydroxyphenyl)-N-ethyl-4-[4-(morpholin-4-ylmethyl)phenyl]isoxazole-3-carboxamide","Node_Type":"Drug","enrichScore":227.095}},{"data":{"id":"DB07495","display_name":"5-(5-CHLORO-2,4-DIHYDROXYPHENYL)-N-ETHYL-4-(4-METHOXYPHENYL)-1H-PYRAZOLE-3-CARBOXAMIDE","Node_Type":"Drug","enrichScore":227.095}},{"data":{"id":"R-HSA-9027276","display_name":"Erythropoietin activates Phosphoinositide-3-kinase (PI3K)","Node_Type":"Pathway","enrichScore":6376.488}},{"data":{"id":"R-HSA-112399","display_name":"IRS-mediated signalling","Node_Type":"Pathway","enrichScore":4591.071}},{"data":{"id":"R-HSA-389357","display_name":"CD28 dependent PI3K\/Akt signaling","Node_Type":"Pathway","enrichScore":3478.084}},{"data":{"id":"R-HSA-198203","display_name":"PI3K\/AKT activation","Node_Type":"Pathway","enrichScore":3060.714}},{"data":{"id":"R-HSA-5602410","display_name":"TLR3 deficiency - HSE","Node_Type":"Pathway","enrichScore":3060.714}},{"data":{"id":"R-HSA-912631","display_name":"Regulation of signaling by CBL","Node_Type":"Pathway","enrichScore":2225.974}},{"data":{"id":"R-HSA-8851907","display_name":"MET activates PI3K\/AKT signaling","Node_Type":"Pathway","enrichScore":2040.476}},{"data":{"id":"R-HSA-9603381","display_name":"Activated NTRK3 signals through PI3K","Node_Type":"Pathway","enrichScore":2040.476}},{"data":{"id":"R-HSA-512988","display_name":"Interleukin-3, Interleukin-5 and GM-CSF signaling","Node_Type":"Pathway","enrichScore":2040.476}},{"data":{"id":"R-HSA-5637810","display_name":"Constitutive Signaling by EGFRvIII","Node_Type":"Pathway","enrichScore":1836.429}},{"data":{"id":"HP:0030386","display_name":"Abnormal proportion of class-switched memory B cells","Node_Type":"HPO","enrichScore":201.476}},{"data":{"id":"HP:0030388","display_name":"Decreased proportion of class-switched memory B cells","Node_Type":"HPO","enrichScore":201.476}},{"data":{"id":"HP:0030379","display_name":"Abnormal proportion of transitional B cells","Node_Type":"HPO","enrichScore":201.476}},{"data":{"id":"HP:0012476","display_name":"Decreased specific pneumococcal antibody level","Node_Type":"HPO","enrichScore":201.476}},{"data":{"id":"HP:0030381","display_name":"Increased proportion of transitional B cells","Node_Type":"HPO","enrichScore":201.476}},{"data":{"id":"HP:0012887","display_name":"Ovarian serous cystadenoma","Node_Type":"HPO","enrichScore":100.738}},{"data":{"id":"HP:0025539","display_name":"Abnormal B cell subset distribution","Node_Type":"HPO","enrichScore":100.738}},{"data":{"id":"HP:0030373","display_name":"Abnormal proportion of memory B cells","Node_Type":"HPO","enrichScore":100.738}},{"data":{"id":"HP:0040009","display_name":"Hyperparakeratosis","Node_Type":"HPO","enrichScore":100.738}},{"data":{"id":"HP:0010714","display_name":"2-4 toe syndactyly","Node_Type":"HPO","enrichScore":100.738}},{"data":{"id":"CHEMBL552408","display_name":"CHEMBL552408","Node_Type":"Prediction","enrichScore":24.857}},{"data":{"id":"CHEMBL542704","display_name":"CHEMBL542704","Node_Type":"Prediction","enrichScore":24.857}},{"data":{"id":"CHEMBL1822138","display_name":"CHEMBL1822138","Node_Type":"Prediction","enrichScore":24.857}},{"data":{"id":"CHEMBL95807","display_name":"CHEMBL95807","Node_Type":"Prediction","enrichScore":16.571}},{"data":{"id":"CHEMBL374703","display_name":"CHEMBL374703","Node_Type":"Prediction","enrichScore":12.429}},{"data":{"id":"CHEMBL385526","display_name":"CHEMBL385526","Node_Type":"Prediction","enrichScore":12.429}},{"data":{"id":"CHEMBL373648","display_name":"CHEMBL373648","Node_Type":"Prediction","enrichScore":12.429}},{"data":{"id":"CHEMBL556147","display_name":"CHEMBL556147","Node_Type":"Prediction","enrichScore":12.429}},{"data":{"id":"CHEMBL552195","display_name":"CHEMBL552195","Node_Type":"Prediction","enrichScore":12.429}},{"data":{"id":"CHEMBL543745","display_name":"CHEMBL543745","Node_Type":"Prediction","enrichScore":12.429}},{"data":{"id":"hsa04960","display_name":"Aldosterone-regulated sodium reabsorption","Node_Type":"kegg_Pathway","enrichScore":140.808}},{"data":{"id":"hsa04150","display_name":"mTOR signaling pathway","Node_Type":"kegg_Pathway","enrichScore":134.449}},{"data":{"id":"hsa04213","display_name":"Longevity regulating pathway","Node_Type":"kegg_Pathway","enrichScore":127.195}},{"data":{"id":"hsa04914","display_name":"Progesterone-mediated oocyte maturation","Node_Type":"kegg_Pathway","enrichScore":123.392}},{"data":{"id":"hsa04973","display_name":"Carbohydrate digestion and absorption","Node_Type":"kegg_Pathway","enrichScore":110.849}},{"data":{"id":"hsa04012","display_name":"ErbB signaling pathway","Node_Type":"kegg_Pathway","enrichScore":95.77}},{"data":{"id":"hsa04611","display_name":"Platelet activation","Node_Type":"kegg_Pathway","enrichScore":93.778}},{"data":{"id":"hsa04923","display_name":"Regulation of lipolysis in adipocytes","Node_Type":"kegg_Pathway","enrichScore":93.034}},{"data":{"id":"hsa04211","display_name":"Longevity regulating pathway","Node_Type":"kegg_Pathway","enrichScore":91.466}},{"data":{"id":"hsa04068","display_name":"FoxO signaling pathway","Node_Type":"kegg_Pathway","enrichScore":90.171}},{"data":{"id":"H01387","display_name":"Activated PI3K-delta syndrome","Node_Type":"kegg_Disease","enrichScore":174.619}},{"data":{"id":"H01370","display_name":"SHORT syndrome","Node_Type":"kegg_Disease","enrichScore":174.619}},{"data":{"id":"H01912","display_name":"Congenital lipomatous overgrowth, vascular malformations, and epidermal nevi","Node_Type":"kegg_Disease","enrichScore":174.619}},{"data":{"id":"H02153","display_name":"Megalencephaly-capillary malformation syndrome","Node_Type":"kegg_Disease","enrichScore":174.619}},{"data":{"id":"H02297","display_name":"CLAPO syndrome","Node_Type":"kegg_Disease","enrichScore":174.619}},{"data":{"id":"H01928","display_name":"Smith-Kingsmore syndrome","Node_Type":"kegg_Disease","enrichScore":174.619}},{"data":{"id":"H01985","display_name":"Desmoplastic small round cell tumor","Node_Type":"kegg_Disease","enrichScore":58.206}},{"data":{"id":"H00092","display_name":"T-B-Severe combined immunodeficiency","Node_Type":"kegg_Disease","enrichScore":29.103}},{"data":{"id":"H01222","display_name":"Cowden syndrome","Node_Type":"kegg_Disease","enrichScore":24.946}},{"data":{"id":"H00801","display_name":"Familial thoracic aortic aneurysm and dissection","Node_Type":"kegg_Disease","enrichScore":19.402}}],"edges":[{"data":{"source":"P07900","target":"P07900","Edge_Type":"PPI","label":"interacts w\/"}},{"data":{"source":"P27986","target":"O00329","Edge_Type":"PPI","label":"interacts w\/"}},{"data":{"source":"P42336","target":"P27986","Edge_Type":"PPI","label":"interacts w\/"}},{"data":{"source":"P42338","target":"P27986","Edge_Type":"PPI","label":"interacts w\/"}},{"data":{"source":"P42345","target":"P42345","Edge_Type":"PPI","label":"interacts w\/"}},{"data":{"source":"P48736","target":"P48736","Edge_Type":"PPI","label":"interacts w\/"}},{"data":{"source":"P53350","target":"P53350","Edge_Type":"PPI","label":"interacts w\/"}},{"data":{"source":"Q9NYZ3","target":"P53350","Edge_Type":"PPI","label":"interacts w\/"}},{"data":{"source":"P61247","target":"P07900","Edge_Type":"PPI","label":"interacts w\/"}},{"data":{"source":"Q6PGQ7","target":"P53350","Edge_Type":"PPI","label":"interacts w\/"}},{"data":{"source":"Q9BPZ7","target":"P78527","Edge_Type":"PPI","label":"interacts w\/"}},{"data":{"source":"P42681","target":"P27986","Edge_Type":"PPI","label":"interacts w\/"}},{"data":{"source":"O15455","target":"P27986","Edge_Type":"PPI","label":"interacts w\/"}},{"data":{"source":"O15455","target":"O15455","Edge_Type":"PPI","label":"interacts w\/"}},{"data":{"source":"Q8WUA4","target":"P42345","Edge_Type":"PPI","label":"interacts w\/"}},{"data":{"source":"Q9BVC4","target":"P42345","Edge_Type":"PPI","label":"interacts w\/"}},{"data":{"source":"P23588","target":"P53350","Edge_Type":"PPI","label":"interacts w\/"}},{"data":{"source":"Q8IY22","target":"P27986","Edge_Type":"PPI","label":"interacts w\/"}},{"data":{"source":"HP:0030386","target":"Orphanet:397596","Edge_Type":"hpodis","label":"is associated w\/"}},{"data":{"source":"HP:0030388","target":"Orphanet:397596","Edge_Type":"hpodis","label":"is associated w\/"}},{"data":{"source":"HP:0030379","target":"Orphanet:397596","Edge_Type":"hpodis","label":"is associated w\/"}},{"data":{"source":"HP:0012476","target":"Orphanet:397596","Edge_Type":"hpodis","label":"is associated w\/"}},{"data":{"source":"HP:0030381","target":"Orphanet:397596","Edge_Type":"hpodis","label":"is associated w\/"}},{"data":{"source":"HP:0025539","target":"Orphanet:397596","Edge_Type":"hpodis","label":"is associated w\/"}},{"data":{"source":"HP:0030373","target":"Orphanet:397596","Edge_Type":"hpodis","label":"is associated w\/"}},{"data":{"source":"P27986","target":"Orphanet:397596","Edge_Type":"Disease","label":"is related to"}},{"data":{"source":"O00329","target":"Orphanet:397596","Edge_Type":"Disease","label":"is related to"}},{"data":{"source":"P42336","target":"Orphanet:60040","Edge_Type":"Disease","label":"is related to"}},{"data":{"source":"P78527","target":"Orphanet:317425","Edge_Type":"Disease","label":"is related to"}},{"data":{"source":"P27986","target":"Orphanet:3163","Edge_Type":"Disease","label":"is related to"}},{"data":{"source":"P42345","target":"EFO:0009050","Edge_Type":"Disease","label":"is related to"}},{"data":{"source":"P42336","target":"Orphanet:140944","Edge_Type":"Disease","label":"is related to"}},{"data":{"source":"P42336","target":"EFO:0005584","Edge_Type":"Disease","label":"is related to"}},{"data":{"source":"P42345","target":"Orphanet:65683","Edge_Type":"Disease","label":"is related to"}},{"data":{"source":"P42345","target":"Orphanet:269008","Edge_Type":"Disease","label":"is related to"}},{"data":{"source":"P42345","target":"Orphanet:269001","Edge_Type":"Disease","label":"is related to"}},{"data":{"source":"P48736","target":"DB08059","Edge_Type":"Drug","label":"targets"}},{"data":{"source":"P53350","target":"DB08059","Edge_Type":"Drug","label":"targets"}},{"data":{"source":"P27986","target":"DB08059","Edge_Type":"Drug","label":"targets"}},{"data":{"source":"P42336","target":"DB08059","Edge_Type":"Drug","label":"targets"}},{"data":{"source":"O00329","target":"DB08059","Edge_Type":"Chembl","label":"targets","pchembl_value":8.05}},{"data":{"source":"P07900","target":"DB08059","Edge_Type":"Chembl","label":"targets","pchembl_value":6.44}},{"data":{"source":"P42338","target":"DB08059","Edge_Type":"Chembl","label":"targets","pchembl_value":7.82}},{"data":{"source":"P42345","target":"DB08059","Edge_Type":"Chembl","label":"targets","pchembl_value":7.4}},{"data":{"source":"P78527","target":"DB08059","Edge_Type":"Chembl","label":"targets","pchembl_value":6.92}},{"data":{"source":"Q15746","target":"DB08059","Edge_Type":"Chembl","label":"targets","pchembl_value":6.77}},{"data":{"source":"Q9H4B4","target":"DB08059","Edge_Type":"Chembl","label":"targets","pchembl_value":6.66}},{"data":{"source":"P42336","target":"DB05241","Edge_Type":"Drug","label":"targets"}},{"data":{"source":"P48736","target":"DB05241","Edge_Type":"Drug","label":"targets"}},{"data":{"source":"O00329","target":"DB05241","Edge_Type":"Drug","label":"targets"}},{"data":{"source":"P42338","target":"DB05241","Edge_Type":"Drug","label":"targets"}},{"data":{"source":"P42345","target":"DB05241","Edge_Type":"Drug","label":"targets"}},{"data":{"source":"P48736","target":"DB11952","Edge_Type":"Drug","label":"targets"}},{"data":{"source":"O00329","target":"DB11952","Edge_Type":"Drug","label":"targets"}},{"data":{"source":"O00329","target":"DB05552","Edge_Type":"Drug","label":"targets"}},{"data":{"source":"P48736","target":"DB05552","Edge_Type":"Drug","label":"targets"}},{"data":{"source":"P48736","target":"DB06831","Edge_Type":"Drug","label":"targets"}},{"data":{"source":"O00329","target":"DB06831","Edge_Type":"Drug","label":"targets"}},{"data":{"source":"P42336","target":"DB12483","Edge_Type":"Drug","label":"targets"}},{"data":{"source":"O00329","target":"DB12483","Edge_Type":"Drug","label":"targets"}},{"data":{"source":"P27986","target":"DB05210","Edge_Type":"Drug","label":"targets"}},{"data":{"source":"P78527","target":"DB05210","Edge_Type":"Drug","label":"targets"}},{"data":{"source":"P42345","target":"DB05210","Edge_Type":"Drug","label":"targets"}},{"data":{"source":"P53350","target":"DB06963","Edge_Type":"Drug","label":"targets"}},{"data":{"source":"P07900","target":"DB06961","Edge_Type":"Drug","label":"targets"}},{"data":{"source":"P07900","target":"DB07495","Edge_Type":"Drug","label":"targets"}},{"data":{"source":"O00329","target":"R-HSA-9027276","Edge_Type":"Pathway","label":"is involved in"}},{"data":{"source":"P27986","target":"R-HSA-9027276","Edge_Type":"Pathway","label":"is involved in"}},{"data":{"source":"P42336","target":"R-HSA-9027276","Edge_Type":"Pathway","label":"is involved in"}},{"data":{"source":"P42338","target":"R-HSA-9027276","Edge_Type":"Pathway","label":"is involved in"}},{"data":{"source":"P48736","target":"R-HSA-9027276","Edge_Type":"Pathway","label":"is involved in"}},{"data":{"source":"P27986","target":"R-HSA-112399","Edge_Type":"Pathway","label":"is involved in"}},{"data":{"source":"P42336","target":"R-HSA-112399","Edge_Type":"Pathway","label":"is involved in"}},{"data":{"source":"P42338","target":"R-HSA-112399","Edge_Type":"Pathway","label":"is involved in"}},{"data":{"source":"P27986","target":"R-HSA-389357","Edge_Type":"Pathway","label":"is involved in"}},{"data":{"source":"P42336","target":"R-HSA-389357","Edge_Type":"Pathway","label":"is involved in"}},{"data":{"source":"P42345","target":"R-HSA-389357","Edge_Type":"Pathway","label":"is involved in"}},{"data":{"source":"Q9BPZ7","target":"R-HSA-389357","Edge_Type":"Pathway","label":"is involved in"}},{"data":{"source":"Q9BVC4","target":"R-HSA-389357","Edge_Type":"Pathway","label":"is involved in"}},{"data":{"source":"P27986","target":"R-HSA-198203","Edge_Type":"Pathway","label":"is involved in"}},{"data":{"source":"P42336","target":"R-HSA-198203","Edge_Type":"Pathway","label":"is involved in"}},{"data":{"source":"P42338","target":"R-HSA-198203","Edge_Type":"Pathway","label":"is involved in"}},{"data":{"source":"O15455","target":"R-HSA-5602410","Edge_Type":"Pathway","label":"is involved in"}},{"data":{"source":"O00329","target":"R-HSA-912631","Edge_Type":"Pathway","label":"is involved in"}},{"data":{"source":"P27986","target":"R-HSA-912631","Edge_Type":"Pathway","label":"is involved in"}},{"data":{"source":"P42336","target":"R-HSA-912631","Edge_Type":"Pathway","label":"is involved in"}},{"data":{"source":"P42338","target":"R-HSA-912631","Edge_Type":"Pathway","label":"is involved in"}},{"data":{"source":"P27986","target":"R-HSA-8851907","Edge_Type":"Pathway","label":"is involved in"}},{"data":{"source":"P42336","target":"R-HSA-8851907","Edge_Type":"Pathway","label":"is involved in"}},{"data":{"source":"P27986","target":"R-HSA-9603381","Edge_Type":"Pathway","label":"is involved in"}},{"data":{"source":"P42336","target":"R-HSA-9603381","Edge_Type":"Pathway","label":"is involved in"}},{"data":{"source":"O00329","target":"R-HSA-512988","Edge_Type":"Pathway","label":"is involved in"}},{"data":{"source":"P27986","target":"R-HSA-512988","Edge_Type":"Pathway","label":"is involved in"}},{"data":{"source":"P42336","target":"R-HSA-512988","Edge_Type":"Pathway","label":"is involved in"}},{"data":{"source":"P42338","target":"R-HSA-512988","Edge_Type":"Pathway","label":"is involved in"}},{"data":{"source":"P07900","target":"R-HSA-5637810","Edge_Type":"Pathway","label":"is involved in"}},{"data":{"source":"P27986","target":"R-HSA-5637810","Edge_Type":"Pathway","label":"is involved in"}},{"data":{"source":"P42336","target":"R-HSA-5637810","Edge_Type":"Pathway","label":"is involved in"}},{"data":{"source":"O00329","target":"HP:0030386","Edge_Type":"HPO","label":"is associated w\/"}},{"data":{"source":"O00329","target":"HP:0030388","Edge_Type":"HPO","label":"is associated w\/"}},{"data":{"source":"O00329","target":"HP:0030379","Edge_Type":"HPO","label":"is associated w\/"}},{"data":{"source":"O00329","target":"HP:0012476","Edge_Type":"HPO","label":"is associated w\/"}},{"data":{"source":"O00329","target":"HP:0030381","Edge_Type":"HPO","label":"is associated w\/"}},{"data":{"source":"P42336","target":"HP:0012887","Edge_Type":"HPO","label":"is associated w\/"}},{"data":{"source":"O00329","target":"HP:0025539","Edge_Type":"HPO","label":"is associated w\/"}},{"data":{"source":"O00329","target":"HP:0030373","Edge_Type":"HPO","label":"is associated w\/"}},{"data":{"source":"P42336","target":"HP:0040009","Edge_Type":"HPO","label":"is associated w\/"}},{"data":{"source":"P42336","target":"HP:0010714","Edge_Type":"HPO","label":"is associated w\/"}},{"data":{"source":"P78527","target":"CHEMBL552408","Edge_Type":"Prediction","label":"targets"}},{"data":{"source":"P78527","target":"CHEMBL542704","Edge_Type":"Prediction","label":"targets"}},{"data":{"source":"P78527","target":"CHEMBL1822138","Edge_Type":"Prediction","label":"targets"}},{"data":{"source":"O00329","target":"CHEMBL95807","Edge_Type":"Prediction","label":"targets"}},{"data":{"source":"P42345","target":"CHEMBL95807","Edge_Type":"Prediction","label":"targets"}},{"data":{"source":"P53350","target":"CHEMBL95807","Edge_Type":"Prediction","label":"targets"}},{"data":{"source":"P78527","target":"CHEMBL95807","Edge_Type":"Prediction","label":"targets"}},{"data":{"source":"P78527","target":"CHEMBL374703","Edge_Type":"Prediction","label":"targets"}},{"data":{"source":"P78527","target":"CHEMBL385526","Edge_Type":"Prediction","label":"targets"}},{"data":{"source":"P78527","target":"CHEMBL373648","Edge_Type":"Prediction","label":"targets"}},{"data":{"source":"P78527","target":"CHEMBL556147","Edge_Type":"Prediction","label":"targets"}},{"data":{"source":"P78527","target":"CHEMBL552195","Edge_Type":"Prediction","label":"targets"}},{"data":{"source":"P78527","target":"CHEMBL543745","Edge_Type":"Prediction","label":"targets"}},{"data":{"source":"H01912","target":"hsa04150","Edge_Type":"kegg_dis_path","label":"modulates"}},{"data":{"source":"H02153","target":"hsa04150","Edge_Type":"kegg_dis_path","label":"modulates"}},{"data":{"source":"H02297","target":"hsa04150","Edge_Type":"kegg_dis_path","label":"modulates"}},{"data":{"source":"H01928","target":"hsa04150","Edge_Type":"kegg_dis_path","label":"modulates"}},{"data":{"source":"O00329","target":"hsa04960","Edge_Type":"kegg_path_prot","label":"is involved in"}},{"data":{"source":"P27986","target":"hsa04960","Edge_Type":"kegg_path_prot","label":"is involved in"}},{"data":{"source":"P42336","target":"hsa04960","Edge_Type":"kegg_path_prot","label":"is involved in"}},{"data":{"source":"P42338","target":"hsa04960","Edge_Type":"kegg_path_prot","label":"is involved in"}},{"data":{"source":"O00329","target":"hsa04150","Edge_Type":"kegg_path_prot","label":"is involved in"}},{"data":{"source":"P27986","target":"hsa04150","Edge_Type":"kegg_path_prot","label":"is involved in"}},{"data":{"source":"P42336","target":"hsa04150","Edge_Type":"kegg_path_prot","label":"is involved in"}},{"data":{"source":"P42338","target":"hsa04150","Edge_Type":"kegg_path_prot","label":"is involved in"}},{"data":{"source":"P42345","target":"hsa04150","Edge_Type":"kegg_path_prot","label":"is involved in"}},{"data":{"source":"Q9BPZ7","target":"hsa04150","Edge_Type":"kegg_path_prot","label":"is involved in"}},{"data":{"source":"Q9BVC4","target":"hsa04150","Edge_Type":"kegg_path_prot","label":"is involved in"}},{"data":{"source":"P23588","target":"hsa04150","Edge_Type":"kegg_path_prot","label":"is involved in"}},{"data":{"source":"O00329","target":"hsa04213","Edge_Type":"kegg_path_prot","label":"is involved in"}},{"data":{"source":"P27986","target":"hsa04213","Edge_Type":"kegg_path_prot","label":"is involved in"}},{"data":{"source":"P42336","target":"hsa04213","Edge_Type":"kegg_path_prot","label":"is involved in"}},{"data":{"source":"P42338","target":"hsa04213","Edge_Type":"kegg_path_prot","label":"is involved in"}},{"data":{"source":"P42345","target":"hsa04213","Edge_Type":"kegg_path_prot","label":"is involved in"}},{"data":{"source":"O00329","target":"hsa04914","Edge_Type":"kegg_path_prot","label":"is involved in"}},{"data":{"source":"P07900","target":"hsa04914","Edge_Type":"kegg_path_prot","label":"is involved in"}},{"data":{"source":"P27986","target":"hsa04914","Edge_Type":"kegg_path_prot","label":"is involved in"}},{"data":{"source":"P42336","target":"hsa04914","Edge_Type":"kegg_path_prot","label":"is involved in"}},{"data":{"source":"P42338","target":"hsa04914","Edge_Type":"kegg_path_prot","label":"is involved in"}},{"data":{"source":"P53350","target":"hsa04914","Edge_Type":"kegg_path_prot","label":"is involved in"}},{"data":{"source":"O00329","target":"hsa04973","Edge_Type":"kegg_path_prot","label":"is involved in"}},{"data":{"source":"P27986","target":"hsa04973","Edge_Type":"kegg_path_prot","label":"is involved in"}},{"data":{"source":"P42336","target":"hsa04973","Edge_Type":"kegg_path_prot","label":"is involved in"}},{"data":{"source":"P42338","target":"hsa04973","Edge_Type":"kegg_path_prot","label":"is involved in"}},{"data":{"source":"O00329","target":"hsa04012","Edge_Type":"kegg_path_prot","label":"is involved in"}},{"data":{"source":"P27986","target":"hsa04012","Edge_Type":"kegg_path_prot","label":"is involved in"}},{"data":{"source":"P42336","target":"hsa04012","Edge_Type":"kegg_path_prot","label":"is involved in"}},{"data":{"source":"P42338","target":"hsa04012","Edge_Type":"kegg_path_prot","label":"is involved in"}},{"data":{"source":"P42345","target":"hsa04012","Edge_Type":"kegg_path_prot","label":"is involved in"}},{"data":{"source":"O00329","target":"hsa04611","Edge_Type":"kegg_path_prot","label":"is involved in"}},{"data":{"source":"P27986","target":"hsa04611","Edge_Type":"kegg_path_prot","label":"is involved in"}},{"data":{"source":"P42336","target":"hsa04611","Edge_Type":"kegg_path_prot","label":"is involved in"}},{"data":{"source":"P42338","target":"hsa04611","Edge_Type":"kegg_path_prot","label":"is involved in"}},{"data":{"source":"P48736","target":"hsa04611","Edge_Type":"kegg_path_prot","label":"is involved in"}},{"data":{"source":"Q15746","target":"hsa04611","Edge_Type":"kegg_path_prot","label":"is involved in"}},{"data":{"source":"O00329","target":"hsa04923","Edge_Type":"kegg_path_prot","label":"is involved in"}},{"data":{"source":"P27986","target":"hsa04923","Edge_Type":"kegg_path_prot","label":"is involved in"}},{"data":{"source":"P42336","target":"hsa04923","Edge_Type":"kegg_path_prot","label":"is involved in"}},{"data":{"source":"P42338","target":"hsa04923","Edge_Type":"kegg_path_prot","label":"is involved in"}},{"data":{"source":"O00329","target":"hsa04211","Edge_Type":"kegg_path_prot","label":"is involved in"}},{"data":{"source":"P27986","target":"hsa04211","Edge_Type":"kegg_path_prot","label":"is involved in"}},{"data":{"source":"P42336","target":"hsa04211","Edge_Type":"kegg_path_prot","label":"is involved in"}},{"data":{"source":"P42338","target":"hsa04211","Edge_Type":"kegg_path_prot","label":"is involved in"}},{"data":{"source":"P42345","target":"hsa04211","Edge_Type":"kegg_path_prot","label":"is involved in"}},{"data":{"source":"O00329","target":"hsa04068","Edge_Type":"kegg_path_prot","label":"is involved in"}},{"data":{"source":"P27986","target":"hsa04068","Edge_Type":"kegg_path_prot","label":"is involved in"}},{"data":{"source":"P42336","target":"hsa04068","Edge_Type":"kegg_path_prot","label":"is involved in"}},{"data":{"source":"P42338","target":"hsa04068","Edge_Type":"kegg_path_prot","label":"is involved in"}},{"data":{"source":"P53350","target":"hsa04068","Edge_Type":"kegg_path_prot","label":"is involved in"}},{"data":{"source":"Q9H4B4","target":"hsa04068","Edge_Type":"kegg_path_prot","label":"is involved in"}},{"data":{"source":"O00329","target":"H01387","Edge_Type":"kegg_dis_prot","label":"is related to"}},{"data":{"source":"P27986","target":"H01370","Edge_Type":"kegg_dis_prot","label":"is related to"}},{"data":{"source":"P42336","target":"H01912","Edge_Type":"kegg_dis_prot","label":"is related to"}},{"data":{"source":"P42336","target":"H02153","Edge_Type":"kegg_dis_prot","label":"is related to"}},{"data":{"source":"P42336","target":"H02297","Edge_Type":"kegg_dis_prot","label":"is related to"}},{"data":{"source":"P42345","target":"H01928","Edge_Type":"kegg_dis_prot","label":"is related to"}},{"data":{"source":"P42336","target":"H01985","Edge_Type":"kegg_dis_prot","label":"is related to"}},{"data":{"source":"P78527","target":"H00092","Edge_Type":"kegg_dis_prot","label":"is related to"}},{"data":{"source":"P42336","target":"H01222","Edge_Type":"kegg_dis_prot","label":"is related to"}},{"data":{"source":"Q15746","target":"H00801","Edge_Type":"kegg_dis_prot","label":"is related to"}}]}