Core Proteins,Interacting Proteins,Pathways,HPO terms,Diseases,Targeting Drugs,Experimental Bioactive Compounds (pChEMBL),Predicted interacting Compounds
GSTA1 (P08263),,R-HSA-156590 Glutathione conjugation[scr:6428]; R-HSA-189483 Heme degradation[scr:714]; hsa00480 Glutathione metabolism[scr:293]; hsa00982 Drug metabolism[scr:238]; hsa00980 Metabolism of xenobiotics by cytochrome P450[scr:225]; hsa00983 Drug metabolism[scr:208]; hsa01100 Metabolic pathways[scr:20],,,DB04132 S-Hexylglutathione[scr:9999999]; DB03003 Glutathione sulfonic acid[scr:715]; DB03602 S-benzylglutathione[scr:636]; DB13014 Hypericin[scr:636],,
GSTP1 (P09211),KRTAP3-1 (Q9BYR8); CARD10 (Q9BWT7); KRTAP3-3 (Q9BYR6); KRT34 (O76011); PRDX6 (P30041); FHL5 (Q5TD97); KRT33B (Q14525),R-HSA-156590 Glutathione conjugation[scr:6428]; R-HSA-3299685 Detoxification of Reactive Oxygen Species[scr:463]; R-HSA-6798695 Neutrophil degranulation[scr:36]; hsa00480 Glutathione metabolism[scr:293]; hsa00982 Drug metabolism[scr:238]; hsa00980 Metabolism of xenobiotics by cytochrome P450[scr:225]; hsa00983 Drug metabolism[scr:208]; hsa01100 Metabolic pathways[scr:20],,H00024 Prostate cancer (KEGG)[scr:24],DB04132 S-Hexylglutathione[scr:9999999]; DB03003 Glutathione sulfonic acid[scr:715]; DB13014 Hypericin[scr:636]; DB03686 S-(4-nitrobenzyl)glutathione[scr:318]; DB08370 S-(4-BROMOBENZYL)CYSTEINE[scr:318]; DB07849 S-NONYL-CYSTEINE[scr:318]; DB05460 Ezatiostat[scr:318]; DB04972 Canfosfamide[scr:318],,
GSTT2 (P0CG29),,R-HSA-156590 Glutathione conjugation[scr:6428]; hsa00480 Glutathione metabolism[scr:293]; hsa00982 Drug metabolism[scr:238]; hsa00980 Metabolism of xenobiotics by cytochrome P450[scr:225]; hsa00983 Drug metabolism[scr:208]; hsa01100 Metabolic pathways[scr:20],,,DB04132 S-Hexylglutathione[scr:9999999],,
GSTM4 (Q03013),GSTM3 (P21266); GSTM5 (P46439),R-HSA-156590 Glutathione conjugation[scr:6428]; R-HSA-9026762 Biosynthesis of maresin conjugates in tissue regeneration (MCTR)[scr:2143]; hsa00480 Glutathione metabolism[scr:293]; hsa00982 Drug metabolism[scr:238]; hsa00980 Metabolism of xenobiotics by cytochrome P450[scr:225]; hsa00983 Drug metabolism[scr:208]; hsa01100 Metabolic pathways[scr:20],,,DB04132 S-Hexylglutathione[scr:9999999]; DB03003 Glutathione sulfonic acid[scr:715],,
GLO1 (Q04760),PUS10 (Q3MIT2),R-HSA-70268 Pyruvate metabolism[scr:204]; hsa01100 Metabolic pathways[scr:20]; hsa00620 Pyruvate metabolism[scr:12],,,DB04132 S-Hexylglutathione[scr:9999999]; DB03602 S-benzylglutathione[scr:636]; DB08179 methyl 4-(2-3-dihydroxy-5-methylphenoxy)-2-hydroxy-6-methylbenzoate[scr:318],,
PUS10 (Q3MIT2),GLO1 (Q04760),,,,,,
GSTM3 (P21266),GSTM4 (Q03013); GSTM3 (P21266); GSTM5 (P46439),R-HSA-156590 Glutathione conjugation[scr:6428]; hsa00480 Glutathione metabolism[scr:293]; hsa00982 Drug metabolism[scr:238]; hsa00980 Metabolism of xenobiotics by cytochrome P450[scr:225]; hsa00983 Drug metabolism[scr:208]; hsa01100 Metabolic pathways[scr:20],,,,,
KRTAP3-1 (Q9BYR8),GSTP1 (P09211),R-HSA-6805567 Keratinization[scr:442],,,,,
CARD10 (Q9BWT7),GSTP1 (P09211),hsa04064 NF-kappa B signaling pathway[scr:4],,,,,
GSTM5 (P46439),GSTM4 (Q03013); GSTM5 (P46439); GSTM3 (P21266),R-HSA-156590 Glutathione conjugation[scr:6428]; hsa00480 Glutathione metabolism[scr:293]; hsa00982 Drug metabolism[scr:238]; hsa00980 Metabolism of xenobiotics by cytochrome P450[scr:225]; hsa00983 Drug metabolism[scr:208]; hsa01100 Metabolic pathways[scr:20],,,,,
KRTAP3-3 (Q9BYR6),GSTP1 (P09211),R-HSA-6805567 Keratinization[scr:442],,,,,
KRT34 (O76011),GSTP1 (P09211),R-HSA-6805567 Keratinization[scr:442]; R-HSA-6809371 Formation of the cornified envelope[scr:133]; hsa04915 Estrogen signaling pathway[scr:28]; hsa04915 Estrogen signaling pathway[scr:28],,,,,
PRDX6 (P30041),GSTP1 (P09211),R-HSA-3299685 Detoxification of Reactive Oxygen Species[scr:463]; R-HSA-6798695 Neutrophil degranulation[scr:36]; hsa01100 Metabolic pathways[scr:20],,,,,
FHL5 (Q5TD97),GSTP1 (P09211),,,,,,
KRT33B (Q14525),GSTP1 (P09211),R-HSA-6805567 Keratinization[scr:442]; R-HSA-6809371 Formation of the cornified envelope[scr:133]; hsa04915 Estrogen signaling pathway[scr:28],,,,,
