Core Proteins,Interacting Proteins,Pathways,HPO terms,Diseases,Targeting Drugs,Experimental Bioactive Compounds (pChEMBL),Predicted interacting Compounds
FTL (P02792),FTL (P02792); FTH1 (P02794); PSENEN (Q9NZ42); NAMPT (P43490),R-HSA-3000480 Scavenging by Class A Receptors[scr:967]; R-HSA-917937 Iron uptake and transport[scr:656]; R-HSA-432722 Golgi Associated Vesicle Biogenesis[scr:328]; hsa04216 Ferroptosis[scr:49]; hsa04978 Mineral absorption[scr:34]; hsa04217 Necroptosis[scr:12],HP:0007007 Cavitation of the basal ganglia[scr:302]; HP:0007123 Subcortical dementia[scr:151],H01779 Neuroferritinopathy (KEGG)[scr:262]; H02204 Hereditary hyperferritinaemia-cataract syndrome (KEGG)[scr:262]; H00833 Neurodegeneration with brain iron accumulation (KEGG)[scr:37],DB13995 Ferric pyrophosphate citrate[scr:9999999]; DB00893 Iron Dextran[scr:1363]; DB09517 Sodium ferric gluconate complex[scr:1022]; DB09147 Ferric pyrophosphate[scr:1022],,
FTH1 (P02794),FTL (P02792),R-HSA-3000480 Scavenging by Class A Receptors[scr:967]; R-HSA-917937 Iron uptake and transport[scr:656]; R-HSA-432722 Golgi Associated Vesicle Biogenesis[scr:328]; hsa04216 Ferroptosis[scr:49]; hsa04978 Mineral absorption[scr:34]; hsa04217 Necroptosis[scr:12],,Orphanet:247790 FTH1-related iron overload (EFO)[scr:257]; H00211 Hemochromatosis (KEGG)[scr:44],DB13995 Ferric pyrophosphate citrate[scr:9999999]; DB00893 Iron Dextran[scr:1363],,
HBB (P68871),HBA1 (P69905); HBQ1 (P09105); HBM (Q6B0K9),R-HSA-1247673 Erythrocytes take up oxygen and release carbon dioxide[scr:2296]; R-HSA-1237044 Erythrocytes take up carbon dioxide and release oxygen[scr:1530]; R-HSA-983231 Factors involved in megakaryocyte development and platelet production[scr:765],HP:0005511 Heinz body anemia[scr:403]; HP:0200023 Priapism[scr:302]; HP:0008346 Increased red cell sickling tendency[scr:302]; HP:0011907 Reduced alpha/beta synthesis ratio[scr:302]; HP:0011902 Abnormal hemoglobin[scr:222]; HP:0005560 Imbalanced hemoglobin synthesis[scr:201]; HP:0001930 Nonspherocytic hemolytic anemia[scr:173],Orphanet:178330 Heinz body anemia (EFO)[scr:514]; Orphanet:231214 Beta-thalassemia major (EFO)[scr:257]; Orphanet:848 Beta-thalassemia (EFO)[scr:257]; Orphanet:232 Sickle cell anemia (EFO)[scr:257]; Orphanet:231226 Dominant beta-thalassemia (EFO)[scr:257]; Orphanet:231222 Beta-thalassemia intermedia (EFO)[scr:257]; EFO:0000697 obsolete_sickle cell disease (EFO)[scr:257]; H00228 Thalassemia (KEGG)[scr:698]; H00229 Sickle cell anemia (KEGG)[scr:262],DB13995 Ferric pyrophosphate citrate[scr:9999999]; DB00893 Iron Dextran[scr:1363]; DB09517 Sodium ferric gluconate complex[scr:1022]; DB09147 Ferric pyrophosphate[scr:1022]; DB08632 Trimesic acid[scr:681]; DB07427 2-[(2-methoxy-5-methylphenoxy)methyl]pyridine[scr:681]; DB08486 Efaproxiral[scr:681]; DB08077 2-[4-({[(3-5-DICHLOROPHENYL)AMINO]CARBONYL}AMINO)PHENOXY]-2-METHYLPROPANOIC ACID[scr:681]; DB07645 Sebacic acid[scr:681]; DB07428 4-[(5-methoxy-2-methylphenoxy)methyl]pyridine[scr:681],,
HBA1 (P69905),HBB (P68871); HBQ1 (P09105); HBG2 (P69892); CYB5R3 (P00387); HBD (P02042); HBE1 (P02100); KRT34 (O76011); AHSP (Q9NZD4),R-HSA-1247673 Erythrocytes take up oxygen and release carbon dioxide[scr:2296]; R-HSA-1237044 Erythrocytes take up carbon dioxide and release oxygen[scr:1530],HP:0005511 Heinz body anemia[scr:403]; HP:0011907 Reduced alpha/beta synthesis ratio[scr:302]; HP:0011902 Abnormal hemoglobin[scr:222]; HP:0005560 Imbalanced hemoglobin synthesis[scr:201]; HP:0001930 Nonspherocytic hemolytic anemia[scr:173],Orphanet:178330 Heinz body anemia (EFO)[scr:514]; Orphanet:846 Alpha-thalassemia (EFO)[scr:257]; H00228 Thalassemia (KEGG)[scr:698]; H00228 Thalassemia (KEGG)[scr:698],DB13995 Ferric pyrophosphate citrate[scr:9999999]; DB00893 Iron Dextran[scr:1363]; DB09517 Sodium ferric gluconate complex[scr:1022]; DB09147 Ferric pyrophosphate[scr:1022]; DB08632 Trimesic acid[scr:681]; DB07427 2-[(2-methoxy-5-methylphenoxy)methyl]pyridine[scr:681]; DB08486 Efaproxiral[scr:681]; DB08077 2-[4-({[(3-5-DICHLOROPHENYL)AMINO]CARBONYL}AMINO)PHENOXY]-2-METHYLPROPANOIC ACID[scr:681]; DB07645 Sebacic acid[scr:681]; DB07428 4-[(5-methoxy-2-methylphenoxy)methyl]pyridine[scr:681],,
HBQ1 (P09105),HBB (P68871); HBA1 (P69905); HBD (P02042); HBE1 (P02100); HBG2 (P69892),,,,,,
HBG2 (P69892),HBA1 (P69905); HBM (Q6B0K9); HBQ1 (P09105),R-HSA-983231 Factors involved in megakaryocyte development and platelet production[scr:765],HP:0012119 Methemoglobinemia[scr:403]; HP:0011902 Abnormal hemoglobin[scr:222],Orphanet:280615 Hemoglobinopathy Toms River (EFO)[scr:257]; H00228 Thalassemia (KEGG)[scr:698],,,
CYB5R3 (P00387),HBA1 (P69905),R-HSA-196836 Vitamin C (ascorbate) metabolism[scr:574]; hsa00520 Amino sugar and nucleotide sugar metabolism[scr:10],HP:0012119 Methemoglobinemia[scr:403]; HP:0011902 Abnormal hemoglobin[scr:222],H00235 Methemoglobinemia (KEGG)[scr:131],,,
HBM (Q6B0K9),HBB (P68871); HBG2 (P69892),,,,,,
HBD (P02042),HBA1 (P69905); HBQ1 (P09105),R-HSA-983231 Factors involved in megakaryocyte development and platelet production[scr:765],HP:0011902 Abnormal hemoglobin[scr:222],,,,
HBE1 (P02100),HBA1 (P69905); HBQ1 (P09105),R-HSA-983231 Factors involved in megakaryocyte development and platelet production[scr:765],,,,,
KRT34 (O76011),HBA1 (P69905),hsa04915 Estrogen signaling pathway[scr:13]; hsa04915 Estrogen signaling pathway[scr:13],,,,,
PSENEN (Q9NZ42),FTL (P02792),R-HSA-9017802 Noncanonical activation of NOTCH3[scr:574]; R-HSA-9013700 NOTCH4 Activation and Transmission of Signal to the Nucleus[scr:417]; R-HSA-193692 Regulated proteolysis of p75NTR[scr:417]; hsa04330 Notch signaling pathway[scr:9],,H00681 Acne inversa (KEGG)[scr:87],,,
NAMPT (P43490),FTL (P02792); NAMPT (P43490),hsa00760 Nicotinate and nicotinamide metabolism[scr:13]; hsa04621 NOD-like receptor signaling pathway[scr:3]; hsa01100 Metabolic pathways[scr:0],,,,,CHEMBL3786418 [scr:37.29]; CHEMBL3955728 [scr:37.29]; CHEMBL1784893 [scr:37.29]; CHEMBL1589377 [scr:37.29]; CHEMBL3916737 [scr:37.29]; CHEMBL3701950 [scr:37.29]; CHEMBL3973656 [scr:37.29]; CHEMBL3957006 [scr:37.29]; CHEMBL1589310 [scr:37.29]; CHEMBL3084745 [scr:37.29]
AHSP (Q9NZD4),HBA1 (P69905),,,,,,
