{"options":{"search_start":1613060769,"tax_ids":[9606],"num_of_fn_nodes":10,"num_of_pathways":10,"num_of_phenotypes":10,"num_of_drugs":10,"num_of_diseases":10,"num_of_compounds":10,"chembl_compounds":0,"predictions":1,"reviewed_filter":1,"fn":1,"chembl":1,"search_finish":1613060777,"search_runtime":8},"search":[{"Drug":[{"DB00545":"Pyridostigmine"}]}],"nodes":[{"data":{"id":"P02768","display_name":"ALB","Node_Type":"Protein"}},{"data":{"id":"P06276","display_name":"BCHE","Node_Type":"Protein"}},{"data":{"id":"P22303","display_name":"ACHE","Node_Type":"Protein"}},{"data":{"id":"Q9Y215","display_name":"COLQ","Node_Type":"Protein_N"}},{"data":{"id":"P06733","display_name":"ENO1","Node_Type":"Protein_N"}},{"data":{"id":"P02786","display_name":"TFRC","Node_Type":"Protein_N"}},{"data":{"id":"P63244","display_name":"RACK1","Node_Type":"Protein_N"}},{"data":{"id":"P67812","display_name":"SEC11A","Node_Type":"Protein_N"}},{"data":{"id":"Orphanet:132","display_name":"Butyrylcholinesterase deficiency","Node_Type":"Disease","enrichScore":450.125}},{"data":{"id":"Orphanet:86816","display_name":"Congenital analbuminemia","Node_Type":"Disease","enrichScore":450.125}},{"data":{"id":"Orphanet:98915","display_name":"Synaptic congenital myasthenic syndromes","Node_Type":"Disease","enrichScore":450.125}},{"data":{"id":"EFO:0004127","display_name":"hyperthyroxinemia","Node_Type":"Disease","enrichScore":225.063}},{"data":{"id":"Orphanet:101997","display_name":"Primary immunodeficiency","Node_Type":"Disease","enrichScore":64.304}},{"data":{"id":"Orphanet:590","display_name":"Congenital myasthenic syndromes","Node_Type":"Disease","enrichScore":22.506}},{"data":{"id":"DB00545","display_name":"Pyridostigmine","Node_Type":"Drug","enrichScore":9999999}},{"data":{"id":"DB00944","display_name":"Demecarium","Node_Type":"Drug","enrichScore":1192.25}},{"data":{"id":"DB00843","display_name":"Donepezil","Node_Type":"Drug","enrichScore":1192.25}},{"data":{"id":"DB00733","display_name":"Pralidoxime","Node_Type":"Drug","enrichScore":1192.25}},{"data":{"id":"DB01010","display_name":"Edrophonium","Node_Type":"Drug","enrichScore":1192.25}},{"data":{"id":"DB00989","display_name":"Rivastigmine","Node_Type":"Drug","enrichScore":1192.25}},{"data":{"id":"DB02845","display_name":"Methylphosphinic Acid","Node_Type":"Drug","enrichScore":794.833}},{"data":{"id":"DB04892","display_name":"Phenserine","Node_Type":"Drug","enrichScore":794.833}},{"data":{"id":"DB00382","display_name":"Tacrine","Node_Type":"Drug","enrichScore":794.833}},{"data":{"id":"DB00677","display_name":"Isoflurophate","Node_Type":"Drug","enrichScore":794.833}},{"data":{"id":"R-HSA-112311","display_name":"Neurotransmitter clearance","Node_Type":"Pathway","enrichScore":8034.375}},{"data":{"id":"R-HSA-422085","display_name":"Synthesis, secretion, and deacylation of Ghrelin","Node_Type":"Pathway","enrichScore":3805.757}},{"data":{"id":"R-HSA-189483","display_name":"Heme degradation","Node_Type":"Pathway","enrichScore":1339.063}},{"data":{"id":"R-HSA-5626978","display_name":"TNFR1-mediated ceramide production","Node_Type":"Pathway","enrichScore":1339.063}},{"data":{"id":"R-HSA-1483191","display_name":"Synthesis of PC","Node_Type":"Pathway","enrichScore":1147.768}},{"data":{"id":"R-HSA-8964058","display_name":"HDL remodeling","Node_Type":"Pathway","enrichScore":803.438}},{"data":{"id":"R-HSA-189451","display_name":"Heme biosynthesis","Node_Type":"Pathway","enrichScore":730.398}},{"data":{"id":"R-HSA-879518","display_name":"Transport of organic anions","Node_Type":"Pathway","enrichScore":669.531}},{"data":{"id":"R-HSA-400511","display_name":"Synthesis, secretion, and inactivation of Glucose-dependent Insulinotropic Polypeptide (GIP)","Node_Type":"Pathway","enrichScore":618.029}},{"data":{"id":"R-HSA-159418","display_name":"Recycling of bile acids and salts","Node_Type":"Pathway","enrichScore":502.148}},{"data":{"id":"HP:0030203","display_name":"Unfavorable response of muscle weakness to acetylcholine esterase inhibitors","Node_Type":"HPO","enrichScore":264.438}},{"data":{"id":"HP:0003436","display_name":"Prolonged miniature endplate currents","Node_Type":"HPO","enrichScore":176.292}},{"data":{"id":"HP:0004854","display_name":"Intermittent thrombocytopenia","Node_Type":"HPO","enrichScore":176.292}},{"data":{"id":"HP:0030211","display_name":"Slow pupillary light response","Node_Type":"HPO","enrichScore":132.219}},{"data":{"id":"HP:0007695","display_name":"Abnormal pupillary light reflex","Node_Type":"HPO","enrichScore":105.775}},{"data":{"id":"HP:0006251","display_name":"Limited wrist extension","Node_Type":"HPO","enrichScore":105.775}},{"data":{"id":"HP:0009098","display_name":"Chronic oral candidiasis","Node_Type":"HPO","enrichScore":88.146}},{"data":{"id":"HP:0030201","display_name":"Response to drugs acting on neuromuscular transmission","Node_Type":"HPO","enrichScore":75.554}},{"data":{"id":"HP:0006248","display_name":"Limited wrist movement","Node_Type":"HPO","enrichScore":66.109}},{"data":{"id":"HP:0007941","display_name":"Limited extraocular movements","Node_Type":"HPO","enrichScore":48.08}},{"data":{"id":"hsa03060","display_name":"Protein export","Node_Type":"kegg_Pathway","enrichScore":37.163}},{"data":{"id":"hsa04066","display_name":"HIF-1 signaling pathway","Node_Type":"kegg_Pathway","enrichScore":31.367}},{"data":{"id":"hsa04216","display_name":"Ferroptosis","Node_Type":"kegg_Pathway","enrichScore":21.369}},{"data":{"id":"hsa00010","display_name":"Glycolysis \/ Gluconeogenesis","Node_Type":"kegg_Pathway","enrichScore":12.757}},{"data":{"id":"hsa04918","display_name":"Thyroid hormone synthesis","Node_Type":"kegg_Pathway","enrichScore":11.397}},{"data":{"id":"hsa01230","display_name":"Biosynthesis of amino acids","Node_Type":"kegg_Pathway","enrichScore":11.247}},{"data":{"id":"hsa03018","display_name":"RNA degradation","Node_Type":"kegg_Pathway","enrichScore":11.247}},{"data":{"id":"hsa04640","display_name":"Hematopoietic cell lineage","Node_Type":"kegg_Pathway","enrichScore":8.904}},{"data":{"id":"hsa00564","display_name":"Glycerophospholipid metabolism","Node_Type":"kegg_Pathway","enrichScore":8.812}},{"data":{"id":"hsa04725","display_name":"Cholinergic synapse","Node_Type":"kegg_Pathway","enrichScore":7.632}},{"data":{"id":"H01594","display_name":"Myasthenia gravis","Node_Type":"kegg_Disease","enrichScore":1000000}},{"data":{"id":"H00770","display_name":"Congenital myasthenic syndrome","Node_Type":"kegg_Disease","enrichScore":18.335}}],"edges":[{"data":{"source":"P02768","target":"P02768","Edge_Type":"PPI","label":"interacts w\/"}},{"data":{"source":"P06276","target":"P06276","Edge_Type":"PPI","label":"interacts w\/"}},{"data":{"source":"Q9Y215","target":"P22303","Edge_Type":"PPI","label":"interacts w\/"}},{"data":{"source":"P06733","target":"P22303","Edge_Type":"PPI","label":"interacts w\/"}},{"data":{"source":"P02786","target":"P02768","Edge_Type":"PPI","label":"interacts w\/"}},{"data":{"source":"P02786","target":"P02786","Edge_Type":"PPI","label":"interacts w\/"}},{"data":{"source":"P63244","target":"P22303","Edge_Type":"PPI","label":"interacts w\/"}},{"data":{"source":"P67812","target":"P06276","Edge_Type":"PPI","label":"interacts w\/"}},{"data":{"source":"HP:0030203","target":"Orphanet:98915","Edge_Type":"hpodis","label":"is associated w\/"}},{"data":{"source":"HP:0003436","target":"Orphanet:98915","Edge_Type":"hpodis","label":"is associated w\/"}},{"data":{"source":"HP:0003436","target":"Orphanet:98915","Edge_Type":"hpodis","label":"is associated w\/"}},{"data":{"source":"HP:0003436","target":"Orphanet:590","Edge_Type":"hpodis","label":"is associated w\/"}},{"data":{"source":"HP:0004854","target":"Orphanet:101997","Edge_Type":"hpodis","label":"is associated w\/"}},{"data":{"source":"HP:0030211","target":"Orphanet:98915","Edge_Type":"hpodis","label":"is associated w\/"}},{"data":{"source":"HP:0007695","target":"Orphanet:98915","Edge_Type":"hpodis","label":"is associated w\/"}},{"data":{"source":"HP:0006251","target":"Orphanet:98915","Edge_Type":"hpodis","label":"is associated w\/"}},{"data":{"source":"HP:0009098","target":"Orphanet:101997","Edge_Type":"hpodis","label":"is associated w\/"}},{"data":{"source":"HP:0030201","target":"Orphanet:98915","Edge_Type":"hpodis","label":"is associated w\/"}},{"data":{"source":"HP:0006248","target":"Orphanet:98915","Edge_Type":"hpodis","label":"is associated w\/"}},{"data":{"source":"HP:0007941","target":"Orphanet:98915","Edge_Type":"hpodis","label":"is associated w\/"}},{"data":{"source":"P06276","target":"Orphanet:132","Edge_Type":"Disease","label":"is related to"}},{"data":{"source":"P02768","target":"Orphanet:86816","Edge_Type":"Disease","label":"is related to"}},{"data":{"source":"Q9Y215","target":"Orphanet:98915","Edge_Type":"Disease","label":"is related to"}},{"data":{"source":"P02768","target":"EFO:0004127","Edge_Type":"Disease","label":"is related to"}},{"data":{"source":"P02786","target":"Orphanet:101997","Edge_Type":"Disease","label":"is related to"}},{"data":{"source":"Q9Y215","target":"Orphanet:590","Edge_Type":"Disease","label":"is related to"}},{"data":{"source":"P22303","target":"DB00545","Edge_Type":"Drug","label":"targets"}},{"data":{"source":"P06276","target":"DB00545","Edge_Type":"Drug","label":"targets"}},{"data":{"source":"P02768","target":"DB00545","Edge_Type":"Drug","label":"targets"}},{"data":{"source":"P22303","target":"DB00944","Edge_Type":"Drug","label":"targets"}},{"data":{"source":"P06276","target":"DB00944","Edge_Type":"Drug","label":"targets"}},{"data":{"source":"P22303","target":"DB00843","Edge_Type":"Drug","label":"targets"}},{"data":{"source":"P06276","target":"DB00843","Edge_Type":"Drug","label":"targets"}},{"data":{"source":"P22303","target":"DB00733","Edge_Type":"Drug","label":"targets"}},{"data":{"source":"P06276","target":"DB00733","Edge_Type":"Drug","label":"targets"}},{"data":{"source":"P22303","target":"DB01010","Edge_Type":"Drug","label":"targets"}},{"data":{"source":"P06276","target":"DB01010","Edge_Type":"Drug","label":"targets"}},{"data":{"source":"P22303","target":"DB00989","Edge_Type":"Drug","label":"targets"}},{"data":{"source":"P06276","target":"DB00989","Edge_Type":"Drug","label":"targets"}},{"data":{"source":"P06276","target":"DB02845","Edge_Type":"Drug","label":"targets"}},{"data":{"source":"P22303","target":"DB02845","Edge_Type":"Drug","label":"targets"}},{"data":{"source":"P22303","target":"DB04892","Edge_Type":"Drug","label":"targets"}},{"data":{"source":"P06276","target":"DB04892","Edge_Type":"Drug","label":"targets"}},{"data":{"source":"P22303","target":"DB00382","Edge_Type":"Drug","label":"targets"}},{"data":{"source":"P06276","target":"DB00382","Edge_Type":"Drug","label":"targets"}},{"data":{"source":"P22303","target":"DB00677","Edge_Type":"Drug","label":"targets"}},{"data":{"source":"P06276","target":"DB00677","Edge_Type":"Drug","label":"targets"}},{"data":{"source":"P06276","target":"R-HSA-112311","Edge_Type":"Pathway","label":"is involved in"}},{"data":{"source":"P22303","target":"R-HSA-112311","Edge_Type":"Pathway","label":"is involved in"}},{"data":{"source":"P06276","target":"R-HSA-422085","Edge_Type":"Pathway","label":"is involved in"}},{"data":{"source":"P22303","target":"R-HSA-422085","Edge_Type":"Pathway","label":"is involved in"}},{"data":{"source":"P67812","target":"R-HSA-422085","Edge_Type":"Pathway","label":"is involved in"}},{"data":{"source":"P02768","target":"R-HSA-189483","Edge_Type":"Pathway","label":"is involved in"}},{"data":{"source":"P63244","target":"R-HSA-5626978","Edge_Type":"Pathway","label":"is involved in"}},{"data":{"source":"P06276","target":"R-HSA-1483191","Edge_Type":"Pathway","label":"is involved in"}},{"data":{"source":"P22303","target":"R-HSA-1483191","Edge_Type":"Pathway","label":"is involved in"}},{"data":{"source":"P02768","target":"R-HSA-8964058","Edge_Type":"Pathway","label":"is involved in"}},{"data":{"source":"P02768","target":"R-HSA-189451","Edge_Type":"Pathway","label":"is involved in"}},{"data":{"source":"P02768","target":"R-HSA-879518","Edge_Type":"Pathway","label":"is involved in"}},{"data":{"source":"P67812","target":"R-HSA-400511","Edge_Type":"Pathway","label":"is involved in"}},{"data":{"source":"P02768","target":"R-HSA-159418","Edge_Type":"Pathway","label":"is involved in"}},{"data":{"source":"Q9Y215","target":"HP:0030203","Edge_Type":"HPO","label":"is associated w\/"}},{"data":{"source":"Q9Y215","target":"HP:0003436","Edge_Type":"HPO","label":"is associated w\/"}},{"data":{"source":"P02786","target":"HP:0004854","Edge_Type":"HPO","label":"is associated w\/"}},{"data":{"source":"Q9Y215","target":"HP:0030211","Edge_Type":"HPO","label":"is associated w\/"}},{"data":{"source":"Q9Y215","target":"HP:0007695","Edge_Type":"HPO","label":"is associated w\/"}},{"data":{"source":"Q9Y215","target":"HP:0006251","Edge_Type":"HPO","label":"is associated w\/"}},{"data":{"source":"P02786","target":"HP:0009098","Edge_Type":"HPO","label":"is associated w\/"}},{"data":{"source":"Q9Y215","target":"HP:0030201","Edge_Type":"HPO","label":"is associated w\/"}},{"data":{"source":"Q9Y215","target":"HP:0006248","Edge_Type":"HPO","label":"is associated w\/"}},{"data":{"source":"Q9Y215","target":"HP:0007941","Edge_Type":"HPO","label":"is associated w\/"}},{"data":{"source":"H01594","target":"DB01010","Edge_Type":"kegg_dis_drug","label":"indicates"}},{"data":{"source":"H01594","target":"DB00545","Edge_Type":"kegg_dis_drug","label":"indicates"}},{"data":{"source":"H00770","target":"hsa00564","Edge_Type":"kegg_dis_path","label":"modulates"}},{"data":{"source":"H00770","target":"hsa04725","Edge_Type":"kegg_dis_path","label":"modulates"}},{"data":{"source":"P67812","target":"hsa03060","Edge_Type":"kegg_path_prot","label":"is involved in"}},{"data":{"source":"P06733","target":"hsa04066","Edge_Type":"kegg_path_prot","label":"is involved in"}},{"data":{"source":"P02786","target":"hsa04066","Edge_Type":"kegg_path_prot","label":"is involved in"}},{"data":{"source":"P02786","target":"hsa04216","Edge_Type":"kegg_path_prot","label":"is involved in"}},{"data":{"source":"P06733","target":"hsa00010","Edge_Type":"kegg_path_prot","label":"is involved in"}},{"data":{"source":"P02768","target":"hsa04918","Edge_Type":"kegg_path_prot","label":"is involved in"}},{"data":{"source":"P06733","target":"hsa01230","Edge_Type":"kegg_path_prot","label":"is involved in"}},{"data":{"source":"P06733","target":"hsa03018","Edge_Type":"kegg_path_prot","label":"is involved in"}},{"data":{"source":"P02786","target":"hsa04640","Edge_Type":"kegg_path_prot","label":"is involved in"}},{"data":{"source":"P22303","target":"hsa00564","Edge_Type":"kegg_path_prot","label":"is involved in"}},{"data":{"source":"P22303","target":"hsa04725","Edge_Type":"kegg_path_prot","label":"is involved in"}},{"data":{"source":"Q9Y215","target":"H00770","Edge_Type":"kegg_dis_prot","label":"is related to"}}]}