Core Proteins,Interacting Proteins,Pathways,HPO terms,Diseases,Targeting Drugs,Experimental Bioactive Compounds (pChEMBL),Predicted interacting Compounds
SSTR1 (P30872),,R-HSA-375276 Peptide ligand-binding receptors[scr:2166]; R-HSA-418594 G alpha (i) signalling events[scr:870]; hsa04935 Growth hormone synthesis- secretion and action[scr:202]; hsa04080 Neuroactive ligand-receptor interaction[scr:71]; hsa04024 cAMP signaling pathway[scr:70],,,DB09099 Somatostatin[scr:9999999]; DB13985 Lutetium Lu 177 dotatate[scr:3406]; DB06663 Pasireotide[scr:2725]; DB00104 Octreotide[scr:2044],,CHEMBL321246 [scr:372.86]; CHEMBL3623789 [scr:310.71]; CHEMBL3679639 [scr:266.33]; CHEMBL2371606 [scr:266.33]; CHEMBL510395 [scr:266.33]; CHEMBL3623066 [scr:266.33]; CHEMBL3623776 [scr:266.33]; CHEMBL3422428 [scr:266.33]; CHEMBL3687421 [scr:238.63]; CHEMBL2314568 [scr:238.63]
SSTR2 (P30874),SSTR3 (P32745); PIK3R1 (P27986),R-HSA-375276 Peptide ligand-binding receptors[scr:2166]; R-HSA-418594 G alpha (i) signalling events[scr:870]; hsa04935 Growth hormone synthesis- secretion and action[scr:202]; hsa04080 Neuroactive ligand-receptor interaction[scr:71]; hsa04024 cAMP signaling pathway[scr:70],,,DB09099 Somatostatin[scr:9999999]; DB13985 Lutetium Lu 177 dotatate[scr:3406]; DB06663 Pasireotide[scr:2725]; DB00104 Octreotide[scr:2044]; DB06791 Lanreotide[scr:1363]; DB04894 Vapreotide[scr:908]; DB13925 Dotatate gallium Ga-68[scr:681],,CHEMBL321246 [scr:372.86]; CHEMBL3623789 [scr:310.71]; CHEMBL3679639 [scr:266.33]; CHEMBL2371606 [scr:266.33]; CHEMBL510395 [scr:266.33]; CHEMBL3623066 [scr:266.33]; CHEMBL3623776 [scr:266.33]; CHEMBL3422428 [scr:266.33]; CHEMBL3687421 [scr:238.63]; CHEMBL2314568 [scr:238.63]
SSTR4 (P31391),,R-HSA-375276 Peptide ligand-binding receptors[scr:2166]; R-HSA-418594 G alpha (i) signalling events[scr:870]; hsa04080 Neuroactive ligand-receptor interaction[scr:71],,,DB09099 Somatostatin[scr:9999999]; DB13985 Lutetium Lu 177 dotatate[scr:3406],,CHEMBL321246 [scr:372.86]; CHEMBL3623789 [scr:310.71]; CHEMBL3679639 [scr:266.33]; CHEMBL2371606 [scr:266.33]; CHEMBL510395 [scr:266.33]; CHEMBL3623066 [scr:266.33]; CHEMBL3623776 [scr:266.33]; CHEMBL3422428 [scr:266.33]; CHEMBL3687421 [scr:238.63]; CHEMBL2314568 [scr:238.63]
SSTR3 (P32745),SSTR2 (P30874); MPDZ (O75970),R-HSA-375276 Peptide ligand-binding receptors[scr:2166]; R-HSA-418594 G alpha (i) signalling events[scr:870]; hsa04935 Growth hormone synthesis- secretion and action[scr:202]; hsa04080 Neuroactive ligand-receptor interaction[scr:71],,,DB09099 Somatostatin[scr:9999999]; DB13985 Lutetium Lu 177 dotatate[scr:3406]; DB06663 Pasireotide[scr:2725],,CHEMBL321246 [scr:372.86]; CHEMBL3623789 [scr:310.71]; CHEMBL3679639 [scr:266.33]; CHEMBL2371606 [scr:266.33]; CHEMBL510395 [scr:266.33]; CHEMBL3623066 [scr:266.33]; CHEMBL3623776 [scr:266.33]; CHEMBL3422428 [scr:266.33]; CHEMBL3687421 [scr:238.63]; CHEMBL2314568 [scr:238.63]
SSTR5 (P35346),,R-HSA-375276 Peptide ligand-binding receptors[scr:2166]; R-HSA-418594 G alpha (i) signalling events[scr:870]; hsa04935 Growth hormone synthesis- secretion and action[scr:202]; hsa04080 Neuroactive ligand-receptor interaction[scr:71]; hsa04024 cAMP signaling pathway[scr:70],,,DB09099 Somatostatin[scr:9999999]; DB13985 Lutetium Lu 177 dotatate[scr:3406]; DB06663 Pasireotide[scr:2725]; DB00104 Octreotide[scr:2044]; DB06791 Lanreotide[scr:1363]; DB04894 Vapreotide[scr:908],,CHEMBL321246 [scr:372.86]; CHEMBL3623789 [scr:310.71]; CHEMBL3679639 [scr:266.33]; CHEMBL2371606 [scr:266.33]; CHEMBL510395 [scr:266.33]; CHEMBL3623066 [scr:266.33]; CHEMBL3623776 [scr:266.33]; CHEMBL3422428 [scr:266.33]
MPDZ (O75970),SSTR3 (P32745),,HP:0001104 Macular hypoplasia[scr:67]; HP:0001334 Communicating hydrocephalus[scr:55]; HP:0030048 Colpocephaly[scr:46],Orphanet:2185 Congenital hydrocephalus (EFO)[scr:257]; H01677 Congenital hydrocephalus (KEGG)[scr:175],,,
PIK3R1 (P27986),SSTR2 (P30874),R-HSA-112399 IRS-mediated signalling[scr:1530]; R-HSA-8851907 MET activates PI3K/AKT signaling[scr:1530]; R-HSA-9603381 Activated NTRK3 signals through PI3K[scr:1530]; R-HSA-9028335 Activated NTRK2 signals through PI3K[scr:1312]; R-HSA-198203 PI3K/AKT activation[scr:1020]; R-HSA-1250342 PI3K events in ERBB4 signaling[scr:918]; R-HSA-8853334 Signaling by FGFR3 fusions in cancer[scr:918]; R-HSA-388841 Costimulation by the CD28 family[scr:835]; hsa04935 Growth hormone synthesis- secretion and action[scr:202]; hsa04024 cAMP signaling pathway[scr:70]; hsa04960 Aldosterone-regulated sodium reabsorption[scr:26]; hsa04973 Carbohydrate digestion and absorption[scr:21]; hsa04923 Regulation of lipolysis in adipocytes[scr:17]; hsa04370 VEGF signaling pathway[scr:17]; hsa04929 GnRH secretion[scr:15]; hsa04213 Longevity regulating pathway[scr:15]; hsa04664 Fc epsilon RI signaling pathway[scr:15],HP:0005550 Chronic lymphatic leukemia[scr:76]; HP:0000558 Rieger anomaly[scr:55]; HP:0003561 Birth length less than 3rd percentile[scr:55]; HP:0010580 Enlarged epiphyses[scr:46]; HP:0010751 Dimple chin[scr:40]; HP:0012191 B-cell lymphoma[scr:40]; HP:0005558 Chronic leukemia[scr:32],Orphanet:3163 SHORT syndrome (EFO)[scr:514]; Orphanet:397596 Activated PIK3-delta syndrome (EFO)[scr:257]; Orphanet:183669 Agammaglobulinemia (EFO)[scr:86]; Orphanet:33110 Autosomal agammaglobulinemia (EFO)[scr:73]; Orphanet:229717 Isolated agammaglobulinemia (EFO)[scr:57]; H01370 SHORT syndrome (KEGG)[scr:524],DB08059 Wortmannin[scr:170]; DB05210 SF1126[scr:136]; DB01064 Isoprenaline[scr:85],,
