Core Proteins,Interacting Proteins,Pathways,HPO terms,Diseases,Targeting Drugs,Experimental Bioactive Compounds (pChEMBL),Predicted interacting Compounds
CCNB2 (O95067),,R-HSA-162658 Golgi Cisternae Pericentriolar Stack Reorganization[scr:874]; hsa04914 Progesterone-mediated oocyte maturation[scr:55]; hsa04114 Oocyte meiosis[scr:40]; hsa04110 Cell cycle[scr:24],,,DB07664 K-00546[scr:9999999],,
CCNA2 (P20248),,R-HSA-170145 Phosphorylation of proteins involved in the G2/M transition by Cyclin A:Cdc2 complexes[scr:1020]; hsa04914 Progesterone-mediated oocyte maturation[scr:55]; hsa04110 Cell cycle[scr:24],,,DB07664 K-00546[scr:9999999],,
MAPK1 (P28482),MAPK1 (P28482); RPS6KA3 (P51812); DUSP5 (Q16690); ZBTB42 (B2RXF5),R-HSA-444257 RSK activation[scr:1749]; R-HSA-111995 phospho-PLA2 pathway[scr:1530]; R-HSA-881907 Gastrin-CREB signalling pathway via PKC and MAPK[scr:1360]; R-HSA-112409 RAF-independent MAPK1/3 activation[scr:942]; R-HSA-162658 Golgi Cisternae Pericentriolar Stack Reorganization[scr:874]; R-HSA-198753 ERK/MAPK targets[scr:720]; hsa04722 Neurotrophin signaling pathway[scr:65]; hsa04914 Progesterone-mediated oocyte maturation[scr:55]; hsa04720 Long-term potentiation[scr:40]; hsa04114 Oocyte meiosis[scr:40]; hsa04012 ErbB signaling pathway[scr:34]; hsa04370 VEGF signaling pathway[scr:22]; hsa04910 Insulin signaling pathway[scr:20]; hsa04150 mTOR signaling pathway[scr:19],HP:0009795 Branchial fistula[scr:25],,DB07664 K-00546[scr:9999999]; DB06877 N-N-DIMETHYL-4-(4-PHENYL-1H-PYRAZOL-3-YL)-1H-PYRROLE-2-CARBOXAMIDE[scr:227],,
KDR (P35968),KDR (P35968),R-HSA-194306 Neurophilin interactions with VEGF and VEGFR[scr:765]; hsa04370 VEGF signaling pathway[scr:22],,Orphanet:91415 Familial capillary hemangioma (EFO)[scr:57]; H01482 Infantile hemangioma (KEGG)[scr:87],DB07664 K-00546[scr:9999999]; DB07326 6-chloro-N-pyrimidin-5-yl-3-{[3-(trifluoromethyl)phenyl]amino}-1-2-benzisoxazole-7-carboxamide[scr:227]; DB07274 N-cyclopropyl-6-[(6-7-dimethoxyquinolin-4-yl)oxy]naphthalene-1-carboxamide[scr:227]; DB05931 Pegdinetanib[scr:227]; DB06436 Semaxanib[scr:227]; DB06938 4-[[2-[[4-chloro-3-(trifluoromethyl)phenyl]amino]-3H-benzimidazol-5-yl]oxy]-N-methyl-pyridine-2-carboxamide[scr:227],,CHEMBL3355046 [scr:24.86]; CHEMBL3347389 [scr:12.43]; CHEMBL378003 [scr:12.43]; CHEMBL1822077 [scr:12.43]; CHEMBL370588 [scr:12.43]; CHEMBL1806728 [scr:12.43]; CHEMBL1822520 [scr:12.43]; CHEMBL374331 [scr:12.43]; CHEMBL1822374 [scr:12.43]; CHEMBL543434 [scr:12.43]
ABL2 (P42684),,hsa04012 ErbB signaling pathway[scr:34],,,DB07664 K-00546[scr:9999999],,
CLK3 (P49761),CLK3 (P49761); OAS2 (P29728); OAS2 (P29728); HOXB6 (P17509); SH2B2 (O14492); CLASRP (Q8N2M8),,,,DB07664 K-00546[scr:9999999],,
GSK3A (P49840),FRAT1 (Q92837),R-HSA-198323 AKT phosphorylates targets in the cytosol[scr:874],,,DB07664 K-00546[scr:9999999],,
GSK3B (P49841),FRAT1 (Q92837); CABYR (O75952); CABYR (O75952); STYK1 (Q6J9G0),R-HSA-198323 AKT phosphorylates targets in the cytosol[scr:874]; hsa04722 Neurotrophin signaling pathway[scr:65]; hsa04012 ErbB signaling pathway[scr:34]; hsa04340 Hedgehog signaling pathway[scr:26]; hsa04110 Cell cycle[scr:24]; hsa04910 Insulin signaling pathway[scr:20]; hsa04150 mTOR signaling pathway[scr:19],,,DB07664 K-00546[scr:9999999]; DB07676 3-({[(3S)-3-4-dihydroxybutyl]oxy}amino)-1H-2'H-2-3'-biindol-2'-one[scr:454]; DB07014 2-(1-3-benzodioxol-5-yl)-5-[(3-fluoro-4-methoxybenzyl)sulfanyl]-1-3-4-oxadiazole[scr:227]; DB07058 5-[1-(4-methoxyphenyl)-1H-benzimidazol-6-yl]-1-3-4-oxadiazole-2(3H)-thione[scr:227],,
CAMK4 (Q16566),,R-HSA-9022535 Loss of phosphorylation of MECP2 at T308[scr:765]; hsa04722 Neurotrophin signaling pathway[scr:65]; hsa04720 Long-term potentiation[scr:40],,,DB07664 K-00546[scr:9999999]; DB07676 3-({[(3S)-3-4-dihydroxybutyl]oxy}amino)-1H-2'H-2-3'-biindol-2'-one[scr:454],,
SLK (Q9H2G2),SLK (Q9H2G2),hsa04114 Oocyte meiosis[scr:40],,,DB07664 K-00546[scr:9999999],,
CSNK1G3 (Q9Y6M4),,hsa04340 Hedgehog signaling pathway[scr:26],,,DB07664 K-00546[scr:9999999],,
FRAT1 (Q92837),GSK3A (P49840); GSK3B (P49841),,,,,,
CABYR (O75952),GSK3B (P49841),,,,,,
RPS6KA3 (P51812),MAPK1 (P28482),R-HSA-444257 RSK activation[scr:1749]; R-HSA-881907 Gastrin-CREB signalling pathway via PKC and MAPK[scr:1360]; R-HSA-198753 ERK/MAPK targets[scr:720]; hsa04722 Neurotrophin signaling pathway[scr:65]; hsa04914 Progesterone-mediated oocyte maturation[scr:55]; hsa04720 Long-term potentiation[scr:40]; hsa04114 Oocyte meiosis[scr:40]; hsa04150 mTOR signaling pathway[scr:19],HP:0009746 Thick nasal septum[scr:201]; HP:0006129 Drumstick terminal phalanges[scr:201]; HP:0010309 Bifid sternum[scr:101]; HP:0008454 Lumbar kyphosis[scr:67]; HP:0000139 Uterine prolapse[scr:67]; HP:0100823 Genital hernia[scr:34]; HP:0002868 Narrow iliac wings[scr:25]; HP:0009193 Pseudoepiphyses of the metacarpals[scr:20]; HP:0001812 Hyperconvex fingernails[scr:18],Orphanet:192 Coffin-Lowry syndrome (EFO)[scr:171]; Orphanet:777 X-linked non-syndromic intellectual disability (EFO)[scr:6]; H00574 Coffin-Lowry syndrome (KEGG)[scr:175]; H00480 X-linked mental retardation (KEGG)[scr:6],,,
OAS2 (P29728),CLK3 (P49761),,,,,,
STYK1 (Q6J9G0),GSK3B (P49841),,,,,,
HOXB6 (P17509),CLK3 (P49761),,,,,,
SH2B2 (O14492),CLK3 (P49761),hsa04722 Neurotrophin signaling pathway[scr:65]; hsa04910 Insulin signaling pathway[scr:20],,,,,
CLASRP (Q8N2M8),CLK3 (P49761),,,,,,
DUSP5 (Q16690),MAPK1 (P28482),R-HSA-112409 RAF-independent MAPK1/3 activation[scr:942],,,,,
ZBTB42 (B2RXF5),MAPK1 (P28482),,,Orphanet:294965 Lethal congenital contracture syndrome (EFO)[scr:29]; H00865 Lethal congenital contractural syndrome (KEGG)[scr:16],,,
