Core Proteins,Interacting Proteins,Pathways,HPO terms,Diseases,Targeting Drugs,Experimental Bioactive Compounds (pChEMBL),Predicted interacting Compounds
VAMP1 (P23763),SLC30A8 (Q8IWU4); STX1B (P61266); STX1A (Q16623); RNF24 (Q9Y225); GPR152 (Q8TDT2); ELOVL7 (A1L3X0),R-HSA-5250989 Toxicity of botulinum toxin type G (BoNT/G)[scr:6592]; R-HSA-5250981 Toxicity of botulinum toxin type F (BoNT/F)[scr:3955]; R-HSA-5250955 Toxicity of botulinum toxin type D (BoNT/D)[scr:3955]; hsa04130 SNARE interactions in vesicular transport[scr:255],HP:0004661 Frontalis muscle weakness[scr:130]; HP:3000004 Abnormality of frontalis muscle belly[scr:130]; HP:0040172 Abnormality of occipitofrontalis muscle[scr:130]; HP:0030842 Choking episodes[scr:118]; HP:0012801 Narrow jaw[scr:118]; HP:0002872 Apneic episodes precipitated by illness- fatigue- stress[scr:108]; HP:0002882 Sudden episodic apnea[scr:100]; HP:0011469 Nasal regurgitation[scr:93]; HP:0004889 Intermittent episodes of respiratory insufficiency due to muscle weakness[scr:93]; HP:0025401 Staring gaze[scr:87],Orphanet:251282 Autosomal dominant spastic ataxia type 1 (EFO)[scr:277]; Orphanet:98914 Presynaptic congenital myasthenic syndromes (EFO)[scr:92]; H01351 Spastic ataxia (KEGG)[scr:47]; H00770 Congenital myasthenic syndrome (KEGG)[scr:45],DB00042 Botulinum Toxin Type B[scr:9999999],,
VAMP2 (P63027),SLC30A8 (Q8IWU4); STX1B (P61266); STX1A (Q16623); TMEM86B (Q8N661); PRKD3 (O94806),R-HSA-5250958 Toxicity of botulinum toxin type B (BoNT/B)[scr:6592]; R-HSA-5250989 Toxicity of botulinum toxin type G (BoNT/G)[scr:6592]; R-HSA-5250982 Toxicity of tetanus toxin (TeNT)[scr:4944]; R-HSA-5250981 Toxicity of botulinum toxin type F (BoNT/F)[scr:3955]; R-HSA-5250955 Toxicity of botulinum toxin type D (BoNT/D)[scr:3955]; R-HSA-264876 Insulin processing[scr:1648]; R-HSA-888590 GABA synthesis- release- reuptake and degradation[scr:1521]; R-HSA-264642 Acetylcholine Neurotransmitter Release Cycle[scr:1163]; hsa04130 SNARE interactions in vesicular transport[scr:255]; hsa04721 Synaptic vesicle cycle[scr:61]; hsa04911 Insulin secretion[scr:24]; hsa04962 Vasopressin-regulated water reabsorption[scr:12]; hsa04970 Salivary secretion[scr:5],,,DB00042 Botulinum Toxin Type B[scr:9999999],,
SYT2 (Q8N9I0),SLC30A8 (Q8IWU4); AQP10 (Q96PS8); ORMDL3 (Q8N138),R-HSA-5250958 Toxicity of botulinum toxin type B (BoNT/B)[scr:6592],HP:0004661 Frontalis muscle weakness[scr:130]; HP:3000004 Abnormality of frontalis muscle belly[scr:130]; HP:0040172 Abnormality of occipitofrontalis muscle[scr:130]; HP:0030842 Choking episodes[scr:118]; HP:0012801 Narrow jaw[scr:118]; HP:0002872 Apneic episodes precipitated by illness- fatigue- stress[scr:108]; HP:0002882 Sudden episodic apnea[scr:100]; HP:0011469 Nasal regurgitation[scr:93]; HP:0004889 Intermittent episodes of respiratory insufficiency due to muscle weakness[scr:93]; HP:0025401 Staring gaze[scr:87],Orphanet:590 Congenital myasthenic syndromes (EFO)[scr:14]; H00770 Congenital myasthenic syndrome (KEGG)[scr:45],DB00042 Botulinum Toxin Type B[scr:9999999],,
SLC30A8 (Q8IWU4),VAMP1 (P23763); VAMP2 (P63027); SYT2 (Q8N9I0),R-HSA-264876 Insulin processing[scr:1648],,EFO:0001360 type II diabetes mellitus (EFO)[scr:10]; H00409 Type 2 diabetes mellitus (KEGG)[scr:15],,,
STX1B (P61266),VAMP1 (P23763); VAMP2 (P63027); GPR152 (Q8TDT2),R-HSA-5250971 Toxicity of botulinum toxin type C (BoNT/C)[scr:6592]; R-HSA-5682910 LGI-ADAM interactions[scr:1413]; hsa04130 SNARE interactions in vesicular transport[scr:255]; hsa04721 Synaptic vesicle cycle[scr:61],,Orphanet:36387 Generalized epilepsy with febrile seizures-plus (EFO)[scr:46]; H00783 Febrile seizures (KEGG)[scr:35],,,
STX1A (Q16623),VAMP1 (P23763); VAMP2 (P63027); STX1A (Q16623),R-HSA-5250971 Toxicity of botulinum toxin type C (BoNT/C)[scr:6592]; R-HSA-264876 Insulin processing[scr:1648]; R-HSA-888590 GABA synthesis- release- reuptake and degradation[scr:1521]; R-HSA-5682910 LGI-ADAM interactions[scr:1413]; R-HSA-264642 Acetylcholine Neurotransmitter Release Cycle[scr:1163]; hsa04130 SNARE interactions in vesicular transport[scr:255]; hsa04721 Synaptic vesicle cycle[scr:61]; hsa04911 Insulin secretion[scr:24],,H01439 Williams-Beuren syndrome (KEGG)[scr:10],,,
AQP10 (Q96PS8),SYT2 (Q8N9I0); GPR152 (Q8TDT2),,,,,,
RNF24 (Q9Y225),VAMP1 (P23763),,,,,,
TMEM86B (Q8N661),VAMP2 (P63027); TMEM86B (Q8N661),hsa00565 Ether lipid metabolism[scr:11],,,,,
ORMDL3 (Q8N138),SYT2 (Q8N9I0); GPR152 (Q8TDT2),,,MONDO:0010940 inherited susceptibility to asthma (EFO)[scr:46]; EFO:0000270 asthma (EFO)[scr:28],,,
GPR152 (Q8TDT2),VAMP1 (P23763); GPR152 (Q8TDT2); AQP10 (Q96PS8); ORMDL3 (Q8N138); STX1B (P61266),,,,,,
PRKD3 (O94806),VAMP2 (P63027),hsa04925 Aldosterone synthesis and secretion[scr:5],,,,,
ELOVL7 (A1L3X0),VAMP1 (P23763),hsa00062 Fatty acid elongation[scr:19]; hsa01040 Biosynthesis of unsaturated fatty acids[scr:19]; hsa01212 Fatty acid metabolism[scr:9],,,,,
