{"options":{"search_start":1613056987,"tax_ids":[9606],"num_of_fn_nodes":10,"num_of_pathways":10,"num_of_phenotypes":10,"num_of_drugs":10,"num_of_diseases":10,"num_of_compounds":10,"chembl_compounds":0,"predictions":1,"reviewed_filter":1,"fn":1,"chembl":1,"search_finish":1613057017,"search_runtime":30},"search":[{"Drug":[{"DB08811":"Tofisopam"}]}],"nodes":[{"data":{"id":"O00408","display_name":"PDE2A","Node_Type":"Protein"}},{"data":{"id":"P27815","display_name":"PDE4A","Node_Type":"Protein"}},{"data":{"id":"Q14432","display_name":"PDE3A","Node_Type":"Protein"}},{"data":{"id":"Q9Y233","display_name":"PDE10A","Node_Type":"Protein"}},{"data":{"id":"P16118","display_name":"PFKFB1","Node_Type":"Protein_N"}},{"data":{"id":"O00170","display_name":"AIP","Node_Type":"Protein_N"}},{"data":{"id":"Q9Y6D5","display_name":"ARFGEF2","Node_Type":"Protein_N"}},{"data":{"id":"Q9Y6D6","display_name":"ARFGEF1","Node_Type":"Protein_N"}},{"data":{"id":"Q9UJX0","display_name":"OSGIN1","Node_Type":"Protein_N"}},{"data":{"id":"O14569","display_name":"CYB561D2","Node_Type":"Protein_N"}},{"data":{"id":"EFO:1000496","display_name":"Prolactin-Producing Pituitary Gland Adenoma","Node_Type":"Disease","enrichScore":360.1}},{"data":{"id":"MONDO:0007052","display_name":"growth hormone secreting pituitary adenoma 1","Node_Type":"Disease","enrichScore":360.1}},{"data":{"id":"Orphanet:1276","display_name":"Brachydactyly - arterial hypertension","Node_Type":"Disease","enrichScore":360.1}},{"data":{"id":"EFO:0004125","display_name":"growth hormone-secreting pituitary adenoma","Node_Type":"Disease","enrichScore":180.05}},{"data":{"id":"Orphanet:228169","display_name":"Autosomal dominant striatal neurodegeneration","Node_Type":"Disease","enrichScore":180.05}},{"data":{"id":"Orphanet:2149","display_name":"Nodular neuronal heterotopia","Node_Type":"Disease","enrichScore":120.033}},{"data":{"id":"Orphanet:98892","display_name":"Periventricular nodular heterotopia","Node_Type":"Disease","enrichScore":90.025}},{"data":{"id":"MONDO:0014834","display_name":"dyskinesia, limb and orofacial, infantile-onset","Node_Type":"Disease","enrichScore":0}},{"data":{"id":"DB08811","display_name":"Tofisopam","Node_Type":"Drug","enrichScore":9999999}},{"data":{"id":"DB04880","display_name":"Enoximone","Node_Type":"Drug","enrichScore":476.9}},{"data":{"id":"DB08384","display_name":"2-({4-[4-(pyridin-4-ylmethyl)-1H-pyrazol-3-yl]phenoxy}methyl)quinoline","Node_Type":"Drug","enrichScore":476.9}},{"data":{"id":"DB02393","display_name":"D-Gluco-2,5-Anhydro-1-Deoxy-1-Phosphonohexitol-6-Phosphate","Node_Type":"Drug","enrichScore":476.9}},{"data":{"id":"DB05142","display_name":"ND7001","Node_Type":"Drug","enrichScore":476.9}},{"data":{"id":"DB06479","display_name":"Propentofylline","Node_Type":"Drug","enrichScore":476.9}},{"data":{"id":"DB01166","display_name":"Cilostazol","Node_Type":"Drug","enrichScore":476.9}},{"data":{"id":"DB00235","display_name":"Milrinone","Node_Type":"Drug","enrichScore":476.9}},{"data":{"id":"DB08383","display_name":"4,5-bis(4-methoxyphenyl)-2-thiophen-2-yl-1H-imidazole","Node_Type":"Drug","enrichScore":476.9}},{"data":{"id":"DB08386","display_name":"2-{[4-(4-pyridin-4-yl-1H-pyrazol-3-yl)phenoxy]methyl}quinoline","Node_Type":"Drug","enrichScore":476.9}},{"data":{"id":"R-HSA-418457","display_name":"cGMP effects","Node_Type":"Pathway","enrichScore":1428.333}},{"data":{"id":"R-HSA-163358","display_name":"PKA-mediated phosphorylation of key metabolic factors","Node_Type":"Pathway","enrichScore":1285.5}},{"data":{"id":"R-HSA-163767","display_name":"PP2A-mediated dephosphorylation of key metabolic factors","Node_Type":"Pathway","enrichScore":918.214}},{"data":{"id":"R-HSA-8937144","display_name":"Aryl hydrocarbon receptor signalling","Node_Type":"Pathway","enrichScore":918.214}},{"data":{"id":"R-HSA-418555","display_name":"G alpha (s) signalling events","Node_Type":"Pathway","enrichScore":694.865}},{"data":{"id":"R-HSA-180024","display_name":"DARPP-32 events","Node_Type":"Pathway","enrichScore":267.813}},{"data":{"id":"R-HSA-8950505","display_name":"Gene and protein expression by JAK-STAT signaling after Interleukin-12 stimulation","Node_Type":"Pathway","enrichScore":173.716}},{"data":{"id":"R-HSA-390471","display_name":"Association of TriC\/CCT with target proteins during biosynthesis","Node_Type":"Pathway","enrichScore":164.808}},{"data":{"id":"R-HSA-9634600","display_name":"Regulation of glycolysis by fructose 2,6-bisphosphate metabolism","Node_Type":"Pathway","enrichScore":0}},{"data":{"id":"HP:0100248","display_name":"Hemiballismus","Node_Type":"HPO","enrichScore":423.1}},{"data":{"id":"HP:0031206","display_name":"Striatal T2 hyperintensity","Node_Type":"HPO","enrichScore":423.1}},{"data":{"id":"HP:0003859","display_name":"Cortical diaphyseal thickening of the upper limbs","Node_Type":"HPO","enrichScore":211.55}},{"data":{"id":"HP:0009808","display_name":"Anomaly of the upper limb diaphyses","Node_Type":"HPO","enrichScore":211.55}},{"data":{"id":"HP:0030269","display_name":"Increased serum insulin-like growth factor 1","Node_Type":"HPO","enrichScore":211.55}},{"data":{"id":"HP:0040278","display_name":"Prolactinoma","Node_Type":"HPO","enrichScore":211.55}},{"data":{"id":"HP:0001345","display_name":"Psychotic mentation","Node_Type":"HPO","enrichScore":141.033}},{"data":{"id":"HP:0030264","display_name":"Webbed penis","Node_Type":"HPO","enrichScore":141.033}},{"data":{"id":"HP:0007011","display_name":"Fourth cranial nerve palsy","Node_Type":"HPO","enrichScore":141.033}},{"data":{"id":"HP:0030265","display_name":"Wide penis","Node_Type":"HPO","enrichScore":141.033}},{"data":{"id":"CHEMBL404485","display_name":"CHEMBL404485","Node_Type":"Prediction","enrichScore":21.355}},{"data":{"id":"CHEMBL518489","display_name":"CHEMBL518489","Node_Type":"Prediction","enrichScore":20.426}},{"data":{"id":"CHEMBL3318978","display_name":"CHEMBL3318978","Node_Type":"Prediction","enrichScore":18.982}},{"data":{"id":"CHEMBL324863","display_name":"CHEMBL324863","Node_Type":"Prediction","enrichScore":18.792}},{"data":{"id":"CHEMBL280349","display_name":"CHEMBL280349","Node_Type":"Prediction","enrichScore":18.069}},{"data":{"id":"CHEMBL100749","display_name":"CHEMBL100749","Node_Type":"Prediction","enrichScore":18.069}},{"data":{"id":"CHEMBL403907","display_name":"CHEMBL403907","Node_Type":"Prediction","enrichScore":17.4}},{"data":{"id":"CHEMBL321421","display_name":"CHEMBL321421","Node_Type":"Prediction","enrichScore":17.4}},{"data":{"id":"CHEMBL483915","display_name":"CHEMBL483915","Node_Type":"Prediction","enrichScore":17.4}},{"data":{"id":"CHEMBL114302","display_name":"CHEMBL114302","Node_Type":"Prediction","enrichScore":16.2}},{"data":{"id":"hsa00230","display_name":"Purine metabolism","Node_Type":"kegg_Pathway","enrichScore":84.812}},{"data":{"id":"hsa04024","display_name":"cAMP signaling pathway","Node_Type":"kegg_Pathway","enrichScore":27.597}},{"data":{"id":"hsa00051","display_name":"Fructose and mannose metabolism","Node_Type":"kegg_Pathway","enrichScore":20.721}},{"data":{"id":"hsa04022","display_name":"cGMP-PKG signaling pathway","Node_Type":"kegg_Pathway","enrichScore":15.81}},{"data":{"id":"hsa01100","display_name":"Metabolic pathways","Node_Type":"kegg_Pathway","enrichScore":11.558}},{"data":{"id":"hsa04144","display_name":"Endocytosis","Node_Type":"kegg_Pathway","enrichScore":10.941}},{"data":{"id":"hsa04924","display_name":"Renin secretion","Node_Type":"kegg_Pathway","enrichScore":8.997}},{"data":{"id":"hsa04925","display_name":"Aldosterone synthesis and secretion","Node_Type":"kegg_Pathway","enrichScore":6.512}},{"data":{"id":"hsa04928","display_name":"Parathyroid hormone synthesis, secretion and action","Node_Type":"kegg_Pathway","enrichScore":6.391}},{"data":{"id":"hsa04922","display_name":"Glucagon signaling pathway","Node_Type":"kegg_Pathway","enrichScore":5.998}},{"data":{"id":"H02388","display_name":"Infantile-onset limb and orofacial dyskinesia","Node_Type":"kegg_Disease","enrichScore":366.7}},{"data":{"id":"H01570","display_name":"Autosomal dominant striatal degeneration","Node_Type":"kegg_Disease","enrichScore":183.35}},{"data":{"id":"H01864","display_name":"Excessive secretion of growth hormone","Node_Type":"kegg_Disease","enrichScore":183.35}},{"data":{"id":"H01483","display_name":"Acromegaly","Node_Type":"kegg_Disease","enrichScore":91.675}},{"data":{"id":"H00270","display_name":"Periventricular nodular heterotopia","Node_Type":"kegg_Disease","enrichScore":91.675}},{"data":{"id":"H00482","display_name":"Brachydactyly","Node_Type":"kegg_Disease","enrichScore":40.744}},{"data":{"id":"H01102","display_name":"Pituitary adenomas","Node_Type":"kegg_Disease","enrichScore":33.336}},{"data":{"id":"H01431","display_name":"Cushing syndrome","Node_Type":"kegg_Disease","enrichScore":20.372}}],"edges":[{"data":{"source":"P16118","target":"P27815","Edge_Type":"PPI","label":"interacts w\/"}},{"data":{"source":"P16118","target":"P16118","Edge_Type":"PPI","label":"interacts w\/"}},{"data":{"source":"O00170","target":"O00408","Edge_Type":"PPI","label":"interacts w\/"}},{"data":{"source":"Q9Y6D5","target":"Q14432","Edge_Type":"PPI","label":"interacts w\/"}},{"data":{"source":"Q9Y6D6","target":"Q14432","Edge_Type":"PPI","label":"interacts w\/"}},{"data":{"source":"Q9Y6D6","target":"Q9Y6D5","Edge_Type":"PPI","label":"interacts w\/"}},{"data":{"source":"Q9UJX0","target":"P27815","Edge_Type":"PPI","label":"interacts w\/"}},{"data":{"source":"O14569","target":"P27815","Edge_Type":"PPI","label":"interacts w\/"}},{"data":{"source":"HP:0100248","target":"MONDO:0014834","Edge_Type":"hpodis","label":"is associated w\/"}},{"data":{"source":"HP:0030269","target":"MONDO:0007052","Edge_Type":"hpodis","label":"is associated w\/"}},{"data":{"source":"HP:0040278","target":"MONDO:0007052","Edge_Type":"hpodis","label":"is associated w\/"}},{"data":{"source":"O00170","target":"EFO:1000496","Edge_Type":"Disease","label":"is related to"}},{"data":{"source":"O00170","target":"MONDO:0007052","Edge_Type":"Disease","label":"is related to"}},{"data":{"source":"Q14432","target":"Orphanet:1276","Edge_Type":"Disease","label":"is related to"}},{"data":{"source":"O00170","target":"EFO:0004125","Edge_Type":"Disease","label":"is related to"}},{"data":{"source":"Q9Y233","target":"Orphanet:228169","Edge_Type":"Disease","label":"is related to"}},{"data":{"source":"Q9Y6D5","target":"Orphanet:2149","Edge_Type":"Disease","label":"is related to"}},{"data":{"source":"Q9Y6D5","target":"Orphanet:98892","Edge_Type":"Disease","label":"is related to"}},{"data":{"source":"Q9Y233","target":"MONDO:0014834","Edge_Type":"Disease","label":"is related to"}},{"data":{"source":"P27815","target":"DB08811","Edge_Type":"Drug","label":"targets"}},{"data":{"source":"Q9Y233","target":"DB08811","Edge_Type":"Drug","label":"targets"}},{"data":{"source":"Q14432","target":"DB08811","Edge_Type":"Drug","label":"targets"}},{"data":{"source":"O00408","target":"DB08811","Edge_Type":"Drug","label":"targets"}},{"data":{"source":"Q14432","target":"DB04880","Edge_Type":"Drug","label":"targets"}},{"data":{"source":"Q9Y233","target":"DB08384","Edge_Type":"Drug","label":"targets"}},{"data":{"source":"P16118","target":"DB02393","Edge_Type":"Drug","label":"targets"}},{"data":{"source":"O00408","target":"DB05142","Edge_Type":"Drug","label":"targets"}},{"data":{"source":"P27815","target":"DB06479","Edge_Type":"Drug","label":"targets"}},{"data":{"source":"Q14432","target":"DB01166","Edge_Type":"Drug","label":"targets"}},{"data":{"source":"Q14432","target":"DB00235","Edge_Type":"Drug","label":"targets"}},{"data":{"source":"Q9Y233","target":"DB08383","Edge_Type":"Drug","label":"targets"}},{"data":{"source":"Q9Y233","target":"DB08386","Edge_Type":"Drug","label":"targets"}},{"data":{"source":"O00408","target":"R-HSA-418457","Edge_Type":"Pathway","label":"is involved in"}},{"data":{"source":"Q9Y233","target":"R-HSA-418457","Edge_Type":"Pathway","label":"is involved in"}},{"data":{"source":"P16118","target":"R-HSA-163358","Edge_Type":"Pathway","label":"is involved in"}},{"data":{"source":"P16118","target":"R-HSA-163767","Edge_Type":"Pathway","label":"is involved in"}},{"data":{"source":"O00170","target":"R-HSA-8937144","Edge_Type":"Pathway","label":"is involved in"}},{"data":{"source":"O00408","target":"R-HSA-418555","Edge_Type":"Pathway","label":"is involved in"}},{"data":{"source":"P27815","target":"R-HSA-418555","Edge_Type":"Pathway","label":"is involved in"}},{"data":{"source":"Q14432","target":"R-HSA-418555","Edge_Type":"Pathway","label":"is involved in"}},{"data":{"source":"Q9Y233","target":"R-HSA-418555","Edge_Type":"Pathway","label":"is involved in"}},{"data":{"source":"P27815","target":"R-HSA-180024","Edge_Type":"Pathway","label":"is involved in"}},{"data":{"source":"O00170","target":"R-HSA-8950505","Edge_Type":"Pathway","label":"is involved in"}},{"data":{"source":"Q9Y6D5","target":"R-HSA-390471","Edge_Type":"Pathway","label":"is involved in"}},{"data":{"source":"P16118","target":"R-HSA-9634600","Edge_Type":"Pathway","label":"is involved in"}},{"data":{"source":"Q9Y233","target":"HP:0100248","Edge_Type":"HPO","label":"is associated w\/"}},{"data":{"source":"Q9Y233","target":"HP:0031206","Edge_Type":"HPO","label":"is associated w\/"}},{"data":{"source":"O00170","target":"HP:0003859","Edge_Type":"HPO","label":"is associated w\/"}},{"data":{"source":"O00170","target":"HP:0009808","Edge_Type":"HPO","label":"is associated w\/"}},{"data":{"source":"O00170","target":"HP:0030269","Edge_Type":"HPO","label":"is associated w\/"}},{"data":{"source":"O00170","target":"HP:0040278","Edge_Type":"HPO","label":"is associated w\/"}},{"data":{"source":"O00170","target":"HP:0001345","Edge_Type":"HPO","label":"is associated w\/"}},{"data":{"source":"O00170","target":"HP:0030264","Edge_Type":"HPO","label":"is associated w\/"}},{"data":{"source":"O00170","target":"HP:0007011","Edge_Type":"HPO","label":"is associated w\/"}},{"data":{"source":"O00170","target":"HP:0030265","Edge_Type":"HPO","label":"is associated w\/"}},{"data":{"source":"O00408","target":"CHEMBL404485","Edge_Type":"Prediction","label":"targets"}},{"data":{"source":"P27815","target":"CHEMBL404485","Edge_Type":"Prediction","label":"targets"}},{"data":{"source":"Q9Y233","target":"CHEMBL404485","Edge_Type":"Prediction","label":"targets"}},{"data":{"source":"O00408","target":"CHEMBL518489","Edge_Type":"Prediction","label":"targets"}},{"data":{"source":"P27815","target":"CHEMBL518489","Edge_Type":"Prediction","label":"targets"}},{"data":{"source":"Q9Y233","target":"CHEMBL518489","Edge_Type":"Prediction","label":"targets"}},{"data":{"source":"O00408","target":"CHEMBL3318978","Edge_Type":"Prediction","label":"targets"}},{"data":{"source":"Q9Y233","target":"CHEMBL3318978","Edge_Type":"Prediction","label":"targets"}},{"data":{"source":"O00408","target":"CHEMBL324863","Edge_Type":"Prediction","label":"targets"}},{"data":{"source":"P27815","target":"CHEMBL324863","Edge_Type":"Prediction","label":"targets"}},{"data":{"source":"Q9Y233","target":"CHEMBL324863","Edge_Type":"Prediction","label":"targets"}},{"data":{"source":"O00408","target":"CHEMBL280349","Edge_Type":"Prediction","label":"targets"}},{"data":{"source":"P27815","target":"CHEMBL280349","Edge_Type":"Prediction","label":"targets"}},{"data":{"source":"Q9Y233","target":"CHEMBL280349","Edge_Type":"Prediction","label":"targets"}},{"data":{"source":"O00408","target":"CHEMBL100749","Edge_Type":"Prediction","label":"targets"}},{"data":{"source":"P27815","target":"CHEMBL100749","Edge_Type":"Prediction","label":"targets"}},{"data":{"source":"Q9Y233","target":"CHEMBL100749","Edge_Type":"Prediction","label":"targets"}},{"data":{"source":"O00408","target":"CHEMBL403907","Edge_Type":"Prediction","label":"targets"}},{"data":{"source":"P27815","target":"CHEMBL403907","Edge_Type":"Prediction","label":"targets"}},{"data":{"source":"Q9Y233","target":"CHEMBL403907","Edge_Type":"Prediction","label":"targets"}},{"data":{"source":"Q9Y233","target":"CHEMBL321421","Edge_Type":"Prediction","label":"targets"}},{"data":{"source":"O00408","target":"CHEMBL483915","Edge_Type":"Prediction","label":"targets"}},{"data":{"source":"P27815","target":"CHEMBL483915","Edge_Type":"Prediction","label":"targets"}},{"data":{"source":"Q9Y233","target":"CHEMBL483915","Edge_Type":"Prediction","label":"targets"}},{"data":{"source":"O00408","target":"CHEMBL114302","Edge_Type":"Prediction","label":"targets"}},{"data":{"source":"P27815","target":"CHEMBL114302","Edge_Type":"Prediction","label":"targets"}},{"data":{"source":"Q9Y233","target":"CHEMBL114302","Edge_Type":"Prediction","label":"targets"}},{"data":{"source":"H02388","target":"hsa00230","Edge_Type":"kegg_dis_path","label":"modulates"}},{"data":{"source":"H02388","target":"hsa04024","Edge_Type":"kegg_dis_path","label":"modulates"}},{"data":{"source":"H01570","target":"hsa00230","Edge_Type":"kegg_dis_path","label":"modulates"}},{"data":{"source":"O00408","target":"hsa00230","Edge_Type":"kegg_path_prot","label":"is involved in"}},{"data":{"source":"P27815","target":"hsa00230","Edge_Type":"kegg_path_prot","label":"is involved in"}},{"data":{"source":"Q14432","target":"hsa00230","Edge_Type":"kegg_path_prot","label":"is involved in"}},{"data":{"source":"Q9Y233","target":"hsa00230","Edge_Type":"kegg_path_prot","label":"is involved in"}},{"data":{"source":"P27815","target":"hsa04024","Edge_Type":"kegg_path_prot","label":"is involved in"}},{"data":{"source":"Q14432","target":"hsa04024","Edge_Type":"kegg_path_prot","label":"is involved in"}},{"data":{"source":"Q9Y233","target":"hsa04024","Edge_Type":"kegg_path_prot","label":"is involved in"}},{"data":{"source":"P16118","target":"hsa00051","Edge_Type":"kegg_path_prot","label":"is involved in"}},{"data":{"source":"O00408","target":"hsa04022","Edge_Type":"kegg_path_prot","label":"is involved in"}},{"data":{"source":"Q14432","target":"hsa04022","Edge_Type":"kegg_path_prot","label":"is involved in"}},{"data":{"source":"O00408","target":"hsa01100","Edge_Type":"kegg_path_prot","label":"is involved in"}},{"data":{"source":"P27815","target":"hsa01100","Edge_Type":"kegg_path_prot","label":"is involved in"}},{"data":{"source":"Q14432","target":"hsa01100","Edge_Type":"kegg_path_prot","label":"is involved in"}},{"data":{"source":"Q9Y233","target":"hsa01100","Edge_Type":"kegg_path_prot","label":"is involved in"}},{"data":{"source":"P16118","target":"hsa01100","Edge_Type":"kegg_path_prot","label":"is involved in"}},{"data":{"source":"Q9Y6D5","target":"hsa04144","Edge_Type":"kegg_path_prot","label":"is involved in"}},{"data":{"source":"Q9Y6D6","target":"hsa04144","Edge_Type":"kegg_path_prot","label":"is involved in"}},{"data":{"source":"Q14432","target":"hsa04924","Edge_Type":"kegg_path_prot","label":"is involved in"}},{"data":{"source":"O00408","target":"hsa04925","Edge_Type":"kegg_path_prot","label":"is involved in"}},{"data":{"source":"P27815","target":"hsa04928","Edge_Type":"kegg_path_prot","label":"is involved in"}},{"data":{"source":"P16118","target":"hsa04922","Edge_Type":"kegg_path_prot","label":"is involved in"}},{"data":{"source":"Q9Y233","target":"H02388","Edge_Type":"kegg_dis_prot","label":"is related to"}},{"data":{"source":"Q9Y233","target":"H01570","Edge_Type":"kegg_dis_prot","label":"is related to"}},{"data":{"source":"O00170","target":"H01864","Edge_Type":"kegg_dis_prot","label":"is related to"}},{"data":{"source":"O00170","target":"H01483","Edge_Type":"kegg_dis_prot","label":"is related to"}},{"data":{"source":"Q9Y6D5","target":"H00270","Edge_Type":"kegg_dis_prot","label":"is related to"}},{"data":{"source":"Q14432","target":"H00482","Edge_Type":"kegg_dis_prot","label":"is related to"}},{"data":{"source":"O00170","target":"H01102","Edge_Type":"kegg_dis_prot","label":"is related to"}},{"data":{"source":"O00170","target":"H01431","Edge_Type":"kegg_dis_prot","label":"is related to"}}]}