{"options":{"search_start":1613058303,"tax_ids":[9606],"num_of_fn_nodes":10,"num_of_pathways":10,"num_of_phenotypes":10,"num_of_drugs":10,"num_of_diseases":10,"num_of_compounds":10,"chembl_compounds":0,"predictions":1,"reviewed_filter":1,"fn":1,"chembl":1,"search_finish":1613058339,"search_runtime":36},"search":[{"Drug":[{"DB02998":"Metribolone"}]}],"nodes":[{"data":{"id":"P04150","display_name":"NR3C1","Node_Type":"Protein"}},{"data":{"id":"P06401","display_name":"PGR","Node_Type":"Protein"}},{"data":{"id":"P08235","display_name":"NR3C2","Node_Type":"Protein"}},{"data":{"id":"P10275","display_name":"AR","Node_Type":"Protein"}},{"data":{"id":"Q15596","display_name":"NCOA2","Node_Type":"Protein"}},{"data":{"id":"Q15652","display_name":"JMJD1C","Node_Type":"Protein_N"}},{"data":{"id":"Q9Y252","display_name":"RNF6","Node_Type":"Protein_N"}},{"data":{"id":"P20711","display_name":"DDC","Node_Type":"Protein_N"}},{"data":{"id":"Q5VZ18","display_name":"SHE","Node_Type":"Protein_N"}},{"data":{"id":"P55317","display_name":"FOXA1","Node_Type":"Protein_N"}},{"data":{"id":"P82094","display_name":"TMF1","Node_Type":"Protein_N"}},{"data":{"id":"Q9BY66","display_name":"KDM5D","Node_Type":"Protein_N"}},{"data":{"id":"P07288","display_name":"KLK3","Node_Type":"Protein_N"}},{"data":{"id":"O96028","display_name":"NSD2","Node_Type":"Protein_N"}},{"data":{"id":"Q9H467","display_name":"CUEDC2","Node_Type":"Protein_N"}},{"data":{"id":"Orphanet:171871","display_name":"Renal pseudohypoaldosteronism type 1","Node_Type":"Disease","enrichScore":240.067}},{"data":{"id":"Orphanet:35708","display_name":"Aromatic L-amino acid decarboxylase deficiency","Node_Type":"Disease","enrichScore":240.067}},{"data":{"id":"Orphanet:481","display_name":"Kennedy disease","Node_Type":"Disease","enrichScore":240.067}},{"data":{"id":"Orphanet:754","display_name":"Androgen insensitivity syndrome","Node_Type":"Disease","enrichScore":240.067}},{"data":{"id":"Orphanet:786","display_name":"Glucocorticoid resistance","Node_Type":"Disease","enrichScore":240.067}},{"data":{"id":"Orphanet:88660","display_name":"Pseudohyperaldosteronism type 2","Node_Type":"Disease","enrichScore":240.067}},{"data":{"id":"Orphanet:90797","display_name":"Partial androgen insensitivity syndrome","Node_Type":"Disease","enrichScore":240.067}},{"data":{"id":"Orphanet:99429","display_name":"Complete androgen insensitivity syndrome","Node_Type":"Disease","enrichScore":240.067}},{"data":{"id":"Orphanet:440","display_name":"Familial hypospadias","Node_Type":"Disease","enrichScore":120.033}},{"data":{"id":"Orphanet:756","display_name":"Pseudohypoaldosteronism type 1","Node_Type":"Disease","enrichScore":80.022}},{"data":{"id":"DB02998","display_name":"Metribolone","Node_Type":"Drug","enrichScore":9999999}},{"data":{"id":"DB08906","display_name":"Fluticasone furoate","Node_Type":"Drug","enrichScore":2861.4}},{"data":{"id":"DB00717","display_name":"Norethisterone","Node_Type":"Drug","enrichScore":2861.4}},{"data":{"id":"DB01395","display_name":"Drospirenone","Node_Type":"Drug","enrichScore":1695.644}},{"data":{"id":"DB01013","display_name":"Clobetasol propionate","Node_Type":"Drug","enrichScore":1271.733}},{"data":{"id":"DB08867","display_name":"Ulipristal","Node_Type":"Drug","enrichScore":953.8}},{"data":{"id":"DB14583","display_name":"Segesterone acetate","Node_Type":"Drug","enrichScore":953.8}},{"data":{"id":"DB00834","display_name":"Mifepristone","Node_Type":"Drug","enrichScore":715.35}},{"data":{"id":"DB00588","display_name":"Fluticasone propionate","Node_Type":"Drug","enrichScore":715.35}},{"data":{"id":"DB04839","display_name":"Cyproterone acetate","Node_Type":"Drug","enrichScore":635.867}},{"data":{"id":"R-HSA-4090294","display_name":"SUMOylation of intracellular receptors","Node_Type":"Pathway","enrichScore":2285.333}},{"data":{"id":"R-HSA-383280","display_name":"Nuclear Receptor transcription pathway","Node_Type":"Pathway","enrichScore":1344.314}},{"data":{"id":"R-HSA-3371497","display_name":"HSP90 chaperone cycle for steroid hormone receptors (SHR)","Node_Type":"Pathway","enrichScore":1202.807}},{"data":{"id":"R-HSA-209905","display_name":"Catecholamine biosynthesis","Node_Type":"Pathway","enrichScore":1071.25}},{"data":{"id":"R-HSA-5625886","display_name":"Activated PKN1 stimulates transcription of AR (androgen receptor) regulated genes KLK2 and KLK3","Node_Type":"Pathway","enrichScore":1071.25}},{"data":{"id":"R-HSA-8849473","display_name":"PTK6 Expression","Node_Type":"Pathway","enrichScore":857}},{"data":{"id":"R-HSA-209931","display_name":"Serotonin and melatonin biosynthesis","Node_Type":"Pathway","enrichScore":857}},{"data":{"id":"R-HSA-9018519","display_name":"Estrogen-dependent gene expression","Node_Type":"Pathway","enrichScore":324.076}},{"data":{"id":"R-HSA-192105","display_name":"Synthesis of bile acids and bile salts","Node_Type":"Pathway","enrichScore":306.071}},{"data":{"id":"R-HSA-400253","display_name":"Circadian Clock","Node_Type":"Pathway","enrichScore":300.702}},{"data":{"id":"HP:0040314","display_name":"Blind vagina","Node_Type":"HPO","enrichScore":282.067}},{"data":{"id":"HP:0005964","display_name":"Intermittent hypothermia","Node_Type":"HPO","enrichScore":141.033}},{"data":{"id":"HP:0010458","display_name":"Female pseudohermaphroditism","Node_Type":"HPO","enrichScore":125.363}},{"data":{"id":"HP:0008830","display_name":"Hypoplastic pubic rami","Node_Type":"HPO","enrichScore":94.022}},{"data":{"id":"HP:0002555","display_name":"Absent pubic hair","Node_Type":"HPO","enrichScore":70.517}},{"data":{"id":"HP:0000151","display_name":"Aplasia of the uterus","Node_Type":"HPO","enrichScore":70.517}},{"data":{"id":"HP:0004319","display_name":"Decreased circulating aldosterone level","Node_Type":"HPO","enrichScore":70.517}},{"data":{"id":"HP:0002292","display_name":"Frontal balding","Node_Type":"HPO","enrichScore":70.517}},{"data":{"id":"HP:0003785","display_name":"Decreased CSF homovanillic acid","Node_Type":"HPO","enrichScore":56.413}},{"data":{"id":"HP:0012873","display_name":"Absent vas deferens","Node_Type":"HPO","enrichScore":56.413}},{"data":{"id":"CHEMBL3143419","display_name":"CHEMBL3143419","Node_Type":"Prediction","enrichScore":104.4}},{"data":{"id":"CHEMBL3647570","display_name":"CHEMBL3647570","Node_Type":"Prediction","enrichScore":104.4}},{"data":{"id":"CHEMBL2298402","display_name":"CHEMBL2298402","Node_Type":"Prediction","enrichScore":104.4}},{"data":{"id":"CHEMBL2325704","display_name":"CHEMBL2325704","Node_Type":"Prediction","enrichScore":104.4}},{"data":{"id":"CHEMBL3687273","display_name":"CHEMBL3687273","Node_Type":"Prediction","enrichScore":104.4}},{"data":{"id":"CHEMBL3589085","display_name":"CHEMBL3589085","Node_Type":"Prediction","enrichScore":104.4}},{"data":{"id":"CHEMBL1599901","display_name":"CHEMBL1599901","Node_Type":"Prediction","enrichScore":104.4}},{"data":{"id":"CHEMBL3915904","display_name":"CHEMBL3915904","Node_Type":"Prediction","enrichScore":104.4}},{"data":{"id":"CHEMBL2373653","display_name":"CHEMBL2373653","Node_Type":"Prediction","enrichScore":104.4}},{"data":{"id":"CHEMBL3643900","display_name":"CHEMBL3643900","Node_Type":"Prediction","enrichScore":104.4}},{"data":{"id":"hsa00360","display_name":"Phenylalanine metabolism","Node_Type":"kegg_Pathway","enrichScore":28.492}},{"data":{"id":"hsa04114","display_name":"Oocyte meiosis","Node_Type":"kegg_Pathway","enrichScore":14.027}},{"data":{"id":"hsa00350","display_name":"Tyrosine metabolism","Node_Type":"kegg_Pathway","enrichScore":13.025}},{"data":{"id":"hsa04915","display_name":"Estrogen signaling pathway","Node_Type":"kegg_Pathway","enrichScore":12.405}},{"data":{"id":"hsa04960","display_name":"Aldosterone-regulated sodium reabsorption","Node_Type":"kegg_Pathway","enrichScore":12.321}},{"data":{"id":"hsa00380","display_name":"Tryptophan metabolism","Node_Type":"kegg_Pathway","enrichScore":10.854}},{"data":{"id":"hsa00310","display_name":"Lysine degradation","Node_Type":"kegg_Pathway","enrichScore":7.598}},{"data":{"id":"hsa04914","display_name":"Progesterone-mediated oocyte maturation","Node_Type":"kegg_Pathway","enrichScore":4.799}},{"data":{"id":"hsa04726","display_name":"Serotonergic synapse","Node_Type":"kegg_Pathway","enrichScore":3.999}},{"data":{"id":"hsa04919","display_name":"Thyroid hormone signaling pathway","Node_Type":"kegg_Pathway","enrichScore":3.831}},{"data":{"id":"H01702","display_name":"Glucocorticoid resistance syndrome","Node_Type":"kegg_Disease","enrichScore":244.467}},{"data":{"id":"H00603","display_name":"Hypertension exacerbated in pregnancy","Node_Type":"kegg_Disease","enrichScore":244.467}},{"data":{"id":"H00062","display_name":"Spinal and bulbar muscular atrophy (SBMA)","Node_Type":"kegg_Disease","enrichScore":244.467}},{"data":{"id":"H02177","display_name":"Androgen insensitivity syndrome","Node_Type":"kegg_Disease","enrichScore":244.467}},{"data":{"id":"H01161","display_name":"Aromatic L-amino acid decarboxylase deficiency","Node_Type":"kegg_Disease","enrichScore":244.467}},{"data":{"id":"H02175","display_name":"Hypospadias","Node_Type":"kegg_Disease","enrichScore":122.233}},{"data":{"id":"H01773","display_name":"4p deletion syndrome","Node_Type":"kegg_Disease","enrichScore":48.893}},{"data":{"id":"H01709","display_name":"Glucocorticoid-induced osteonecrosis","Node_Type":"kegg_Disease","enrichScore":40.744}},{"data":{"id":"H01633","display_name":"High blood pressure","Node_Type":"kegg_Disease","enrichScore":40.744}},{"data":{"id":"H00243","display_name":"Hyperkalemic distal renal tubular acidosis (RTA type 4)","Node_Type":"kegg_Disease","enrichScore":30.558}}],"edges":[{"data":{"source":"P06401","target":"P06401","Edge_Type":"PPI","label":"interacts w\/"}},{"data":{"source":"Q15596","target":"P10275","Edge_Type":"PPI","label":"interacts w\/"}},{"data":{"source":"Q15652","target":"P10275","Edge_Type":"PPI","label":"interacts w\/"}},{"data":{"source":"Q9Y252","target":"P10275","Edge_Type":"PPI","label":"interacts w\/"}},{"data":{"source":"P20711","target":"P10275","Edge_Type":"PPI","label":"interacts w\/"}},{"data":{"source":"Q5VZ18","target":"P10275","Edge_Type":"PPI","label":"interacts w\/"}},{"data":{"source":"P55317","target":"P10275","Edge_Type":"PPI","label":"interacts w\/"}},{"data":{"source":"P82094","target":"P04150","Edge_Type":"PPI","label":"interacts w\/"}},{"data":{"source":"Q9BY66","target":"P10275","Edge_Type":"PPI","label":"interacts w\/"}},{"data":{"source":"P07288","target":"P10275","Edge_Type":"PPI","label":"interacts w\/"}},{"data":{"source":"O96028","target":"P10275","Edge_Type":"PPI","label":"interacts w\/"}},{"data":{"source":"Q9H467","target":"P06401","Edge_Type":"PPI","label":"interacts w\/"}},{"data":{"source":"HP:0040314","target":"Orphanet:754","Edge_Type":"hpodis","label":"is associated w\/"}},{"data":{"source":"HP:0005964","target":"Orphanet:35708","Edge_Type":"hpodis","label":"is associated w\/"}},{"data":{"source":"HP:0010458","target":"Orphanet:90797","Edge_Type":"hpodis","label":"is associated w\/"}},{"data":{"source":"HP:0010458","target":"Orphanet:786","Edge_Type":"hpodis","label":"is associated w\/"}},{"data":{"source":"HP:0002555","target":"Orphanet:99429","Edge_Type":"hpodis","label":"is associated w\/"}},{"data":{"source":"HP:0000151","target":"Orphanet:90797","Edge_Type":"hpodis","label":"is associated w\/"}},{"data":{"source":"HP:0000151","target":"Orphanet:99429","Edge_Type":"hpodis","label":"is associated w\/"}},{"data":{"source":"HP:0004319","target":"Orphanet:88660","Edge_Type":"hpodis","label":"is associated w\/"}},{"data":{"source":"HP:0004319","target":"Orphanet:786","Edge_Type":"hpodis","label":"is associated w\/"}},{"data":{"source":"HP:0002292","target":"Orphanet:786","Edge_Type":"hpodis","label":"is associated w\/"}},{"data":{"source":"HP:0003785","target":"Orphanet:35708","Edge_Type":"hpodis","label":"is associated w\/"}},{"data":{"source":"HP:0012873","target":"Orphanet:90797","Edge_Type":"hpodis","label":"is associated w\/"}},{"data":{"source":"P08235","target":"Orphanet:171871","Edge_Type":"Disease","label":"is related to"}},{"data":{"source":"P20711","target":"Orphanet:35708","Edge_Type":"Disease","label":"is related to"}},{"data":{"source":"P10275","target":"Orphanet:481","Edge_Type":"Disease","label":"is related to"}},{"data":{"source":"P10275","target":"Orphanet:754","Edge_Type":"Disease","label":"is related to"}},{"data":{"source":"P04150","target":"Orphanet:786","Edge_Type":"Disease","label":"is related to"}},{"data":{"source":"P08235","target":"Orphanet:88660","Edge_Type":"Disease","label":"is related to"}},{"data":{"source":"P10275","target":"Orphanet:90797","Edge_Type":"Disease","label":"is related to"}},{"data":{"source":"P10275","target":"Orphanet:99429","Edge_Type":"Disease","label":"is related to"}},{"data":{"source":"P10275","target":"Orphanet:440","Edge_Type":"Disease","label":"is related to"}},{"data":{"source":"P08235","target":"Orphanet:756","Edge_Type":"Disease","label":"is related to"}},{"data":{"source":"P06401","target":"DB02998","Edge_Type":"Drug","label":"targets"}},{"data":{"source":"P10275","target":"DB02998","Edge_Type":"Drug","label":"targets"}},{"data":{"source":"Q15596","target":"DB02998","Edge_Type":"Drug","label":"targets"}},{"data":{"source":"P08235","target":"DB02998","Edge_Type":"Drug","label":"targets"}},{"data":{"source":"P04150","target":"DB02998","Edge_Type":"Chembl","label":"targets","pchembl_value":8.02}},{"data":{"source":"P04150","target":"DB08906","Edge_Type":"Drug","label":"targets"}},{"data":{"source":"P06401","target":"DB08906","Edge_Type":"Drug","label":"targets"}},{"data":{"source":"P08235","target":"DB08906","Edge_Type":"Drug","label":"targets"}},{"data":{"source":"P06401","target":"DB00717","Edge_Type":"Drug","label":"targets"}},{"data":{"source":"P10275","target":"DB00717","Edge_Type":"Drug","label":"targets"}},{"data":{"source":"P04150","target":"DB00717","Edge_Type":"Drug","label":"targets"}},{"data":{"source":"P06401","target":"DB01395","Edge_Type":"Drug","label":"targets"}},{"data":{"source":"P08235","target":"DB01395","Edge_Type":"Drug","label":"targets"}},{"data":{"source":"P10275","target":"DB01395","Edge_Type":"Drug","label":"targets"}},{"data":{"source":"P04150","target":"DB01395","Edge_Type":"Drug","label":"targets"}},{"data":{"source":"P04150","target":"DB01013","Edge_Type":"Drug","label":"targets"}},{"data":{"source":"P08235","target":"DB01013","Edge_Type":"Drug","label":"targets"}},{"data":{"source":"P06401","target":"DB08867","Edge_Type":"Drug","label":"targets"}},{"data":{"source":"P04150","target":"DB08867","Edge_Type":"Drug","label":"targets"}},{"data":{"source":"P10275","target":"DB08867","Edge_Type":"Drug","label":"targets"}},{"data":{"source":"P06401","target":"DB14583","Edge_Type":"Drug","label":"targets"}},{"data":{"source":"P10275","target":"DB14583","Edge_Type":"Drug","label":"targets"}},{"data":{"source":"P04150","target":"DB14583","Edge_Type":"Drug","label":"targets"}},{"data":{"source":"P06401","target":"DB00834","Edge_Type":"Drug","label":"targets"}},{"data":{"source":"P04150","target":"DB00834","Edge_Type":"Drug","label":"targets"}},{"data":{"source":"P07288","target":"DB00834","Edge_Type":"Drug","label":"targets"}},{"data":{"source":"P04150","target":"DB00588","Edge_Type":"Drug","label":"targets"}},{"data":{"source":"P06401","target":"DB00588","Edge_Type":"Drug","label":"targets"}},{"data":{"source":"P08235","target":"DB00588","Edge_Type":"Drug","label":"targets"}},{"data":{"source":"P10275","target":"DB04839","Edge_Type":"Drug","label":"targets"}},{"data":{"source":"P07288","target":"DB04839","Edge_Type":"Drug","label":"targets"}},{"data":{"source":"P04150","target":"R-HSA-4090294","Edge_Type":"Pathway","label":"is involved in"}},{"data":{"source":"P06401","target":"R-HSA-4090294","Edge_Type":"Pathway","label":"is involved in"}},{"data":{"source":"P08235","target":"R-HSA-4090294","Edge_Type":"Pathway","label":"is involved in"}},{"data":{"source":"P10275","target":"R-HSA-4090294","Edge_Type":"Pathway","label":"is involved in"}},{"data":{"source":"P04150","target":"R-HSA-383280","Edge_Type":"Pathway","label":"is involved in"}},{"data":{"source":"P06401","target":"R-HSA-383280","Edge_Type":"Pathway","label":"is involved in"}},{"data":{"source":"P08235","target":"R-HSA-383280","Edge_Type":"Pathway","label":"is involved in"}},{"data":{"source":"P10275","target":"R-HSA-383280","Edge_Type":"Pathway","label":"is involved in"}},{"data":{"source":"P04150","target":"R-HSA-3371497","Edge_Type":"Pathway","label":"is involved in"}},{"data":{"source":"P06401","target":"R-HSA-3371497","Edge_Type":"Pathway","label":"is involved in"}},{"data":{"source":"P08235","target":"R-HSA-3371497","Edge_Type":"Pathway","label":"is involved in"}},{"data":{"source":"P10275","target":"R-HSA-3371497","Edge_Type":"Pathway","label":"is involved in"}},{"data":{"source":"P20711","target":"R-HSA-209905","Edge_Type":"Pathway","label":"is involved in"}},{"data":{"source":"P10275","target":"R-HSA-5625886","Edge_Type":"Pathway","label":"is involved in"}},{"data":{"source":"Q15596","target":"R-HSA-5625886","Edge_Type":"Pathway","label":"is involved in"}},{"data":{"source":"P07288","target":"R-HSA-5625886","Edge_Type":"Pathway","label":"is involved in"}},{"data":{"source":"P04150","target":"R-HSA-8849473","Edge_Type":"Pathway","label":"is involved in"}},{"data":{"source":"P20711","target":"R-HSA-209931","Edge_Type":"Pathway","label":"is involved in"}},{"data":{"source":"P06401","target":"R-HSA-9018519","Edge_Type":"Pathway","label":"is involved in"}},{"data":{"source":"Q15596","target":"R-HSA-9018519","Edge_Type":"Pathway","label":"is involved in"}},{"data":{"source":"P55317","target":"R-HSA-9018519","Edge_Type":"Pathway","label":"is involved in"}},{"data":{"source":"Q15596","target":"R-HSA-192105","Edge_Type":"Pathway","label":"is involved in"}},{"data":{"source":"P04150","target":"R-HSA-400253","Edge_Type":"Pathway","label":"is involved in"}},{"data":{"source":"Q15596","target":"R-HSA-400253","Edge_Type":"Pathway","label":"is involved in"}},{"data":{"source":"P10275","target":"HP:0040314","Edge_Type":"HPO","label":"is associated w\/"}},{"data":{"source":"P20711","target":"HP:0005964","Edge_Type":"HPO","label":"is associated w\/"}},{"data":{"source":"P04150","target":"HP:0010458","Edge_Type":"HPO","label":"is associated w\/"}},{"data":{"source":"P10275","target":"HP:0010458","Edge_Type":"HPO","label":"is associated w\/"}},{"data":{"source":"O96028","target":"HP:0008830","Edge_Type":"HPO","label":"is associated w\/"}},{"data":{"source":"P10275","target":"HP:0002555","Edge_Type":"HPO","label":"is associated w\/"}},{"data":{"source":"P10275","target":"HP:0000151","Edge_Type":"HPO","label":"is associated w\/"}},{"data":{"source":"O96028","target":"HP:0000151","Edge_Type":"HPO","label":"is associated w\/"}},{"data":{"source":"P04150","target":"HP:0004319","Edge_Type":"HPO","label":"is associated w\/"}},{"data":{"source":"P08235","target":"HP:0004319","Edge_Type":"HPO","label":"is associated w\/"}},{"data":{"source":"P04150","target":"HP:0002292","Edge_Type":"HPO","label":"is associated w\/"}},{"data":{"source":"P20711","target":"HP:0003785","Edge_Type":"HPO","label":"is associated w\/"}},{"data":{"source":"P10275","target":"HP:0012873","Edge_Type":"HPO","label":"is associated w\/"}},{"data":{"source":"P04150","target":"CHEMBL3143419","Edge_Type":"Prediction","label":"targets"}},{"data":{"source":"P08235","target":"CHEMBL3143419","Edge_Type":"Prediction","label":"targets"}},{"data":{"source":"P10275","target":"CHEMBL3143419","Edge_Type":"Prediction","label":"targets"}},{"data":{"source":"P04150","target":"CHEMBL3647570","Edge_Type":"Prediction","label":"targets"}},{"data":{"source":"P08235","target":"CHEMBL3647570","Edge_Type":"Prediction","label":"targets"}},{"data":{"source":"P10275","target":"CHEMBL3647570","Edge_Type":"Prediction","label":"targets"}},{"data":{"source":"P04150","target":"CHEMBL2298402","Edge_Type":"Prediction","label":"targets"}},{"data":{"source":"P08235","target":"CHEMBL2298402","Edge_Type":"Prediction","label":"targets"}},{"data":{"source":"P10275","target":"CHEMBL2298402","Edge_Type":"Prediction","label":"targets"}},{"data":{"source":"P04150","target":"CHEMBL2325704","Edge_Type":"Prediction","label":"targets"}},{"data":{"source":"P08235","target":"CHEMBL2325704","Edge_Type":"Prediction","label":"targets"}},{"data":{"source":"P10275","target":"CHEMBL2325704","Edge_Type":"Prediction","label":"targets"}},{"data":{"source":"P04150","target":"CHEMBL3687273","Edge_Type":"Prediction","label":"targets"}},{"data":{"source":"P08235","target":"CHEMBL3687273","Edge_Type":"Prediction","label":"targets"}},{"data":{"source":"P10275","target":"CHEMBL3687273","Edge_Type":"Prediction","label":"targets"}},{"data":{"source":"P04150","target":"CHEMBL3589085","Edge_Type":"Prediction","label":"targets"}},{"data":{"source":"P08235","target":"CHEMBL3589085","Edge_Type":"Prediction","label":"targets"}},{"data":{"source":"P10275","target":"CHEMBL3589085","Edge_Type":"Prediction","label":"targets"}},{"data":{"source":"P04150","target":"CHEMBL1599901","Edge_Type":"Prediction","label":"targets"}},{"data":{"source":"P08235","target":"CHEMBL1599901","Edge_Type":"Prediction","label":"targets"}},{"data":{"source":"P10275","target":"CHEMBL1599901","Edge_Type":"Prediction","label":"targets"}},{"data":{"source":"P04150","target":"CHEMBL3915904","Edge_Type":"Prediction","label":"targets"}},{"data":{"source":"P08235","target":"CHEMBL3915904","Edge_Type":"Prediction","label":"targets"}},{"data":{"source":"P10275","target":"CHEMBL3915904","Edge_Type":"Prediction","label":"targets"}},{"data":{"source":"P04150","target":"CHEMBL2373653","Edge_Type":"Prediction","label":"targets"}},{"data":{"source":"P08235","target":"CHEMBL2373653","Edge_Type":"Prediction","label":"targets"}},{"data":{"source":"P10275","target":"CHEMBL2373653","Edge_Type":"Prediction","label":"targets"}},{"data":{"source":"P04150","target":"CHEMBL3643900","Edge_Type":"Prediction","label":"targets"}},{"data":{"source":"P08235","target":"CHEMBL3643900","Edge_Type":"Prediction","label":"targets"}},{"data":{"source":"P10275","target":"CHEMBL3643900","Edge_Type":"Prediction","label":"targets"}},{"data":{"source":"H00603","target":"hsa04960","Edge_Type":"kegg_dis_path","label":"modulates"}},{"data":{"source":"H01161","target":"hsa00350","Edge_Type":"kegg_dis_path","label":"modulates"}},{"data":{"source":"H01161","target":"hsa00380","Edge_Type":"kegg_dis_path","label":"modulates"}},{"data":{"source":"H01161","target":"hsa04726","Edge_Type":"kegg_dis_path","label":"modulates"}},{"data":{"source":"H00243","target":"hsa04960","Edge_Type":"kegg_dis_path","label":"modulates"}},{"data":{"source":"P20711","target":"hsa00360","Edge_Type":"kegg_path_prot","label":"is involved in"}},{"data":{"source":"P06401","target":"hsa04114","Edge_Type":"kegg_path_prot","label":"is involved in"}},{"data":{"source":"P10275","target":"hsa04114","Edge_Type":"kegg_path_prot","label":"is involved in"}},{"data":{"source":"P20711","target":"hsa00350","Edge_Type":"kegg_path_prot","label":"is involved in"}},{"data":{"source":"P06401","target":"hsa04915","Edge_Type":"kegg_path_prot","label":"is involved in"}},{"data":{"source":"Q15596","target":"hsa04915","Edge_Type":"kegg_path_prot","label":"is involved in"}},{"data":{"source":"P08235","target":"hsa04960","Edge_Type":"kegg_path_prot","label":"is involved in"}},{"data":{"source":"P20711","target":"hsa00380","Edge_Type":"kegg_path_prot","label":"is involved in"}},{"data":{"source":"O96028","target":"hsa00310","Edge_Type":"kegg_path_prot","label":"is involved in"}},{"data":{"source":"P06401","target":"hsa04914","Edge_Type":"kegg_path_prot","label":"is involved in"}},{"data":{"source":"P20711","target":"hsa04726","Edge_Type":"kegg_path_prot","label":"is involved in"}},{"data":{"source":"Q15596","target":"hsa04919","Edge_Type":"kegg_path_prot","label":"is involved in"}},{"data":{"source":"P04150","target":"H01702","Edge_Type":"kegg_dis_prot","label":"is related to"}},{"data":{"source":"P08235","target":"H00603","Edge_Type":"kegg_dis_prot","label":"is related to"}},{"data":{"source":"P10275","target":"H00062","Edge_Type":"kegg_dis_prot","label":"is related to"}},{"data":{"source":"P10275","target":"H02177","Edge_Type":"kegg_dis_prot","label":"is related to"}},{"data":{"source":"P20711","target":"H01161","Edge_Type":"kegg_dis_prot","label":"is related to"}},{"data":{"source":"P10275","target":"H02175","Edge_Type":"kegg_dis_prot","label":"is related to"}},{"data":{"source":"O96028","target":"H01773","Edge_Type":"kegg_dis_prot","label":"is related to"}},{"data":{"source":"P04150","target":"H01709","Edge_Type":"kegg_dis_prot","label":"is related to"}},{"data":{"source":"P08235","target":"H01633","Edge_Type":"kegg_dis_prot","label":"is related to"}},{"data":{"source":"P08235","target":"H00243","Edge_Type":"kegg_dis_prot","label":"is related to"}}]}