{"options":{"search_start":1613058943,"tax_ids":[9606],"num_of_fn_nodes":10,"num_of_pathways":10,"num_of_phenotypes":10,"num_of_drugs":10,"num_of_diseases":10,"num_of_compounds":10,"chembl_compounds":0,"predictions":1,"reviewed_filter":1,"fn":1,"chembl":1,"search_finish":1613058977,"search_runtime":34},"search":[{"Drug":[{"DB01062":"Oxybutynin"}]}],"nodes":[{"data":{"id":"P08172","display_name":"CHRM2","Node_Type":"Protein"}},{"data":{"id":"P08173","display_name":"CHRM4","Node_Type":"Protein"}},{"data":{"id":"P08912","display_name":"CHRM5","Node_Type":"Protein"}},{"data":{"id":"P11229","display_name":"CHRM1","Node_Type":"Protein"}},{"data":{"id":"P20309","display_name":"CHRM3","Node_Type":"Protein"}},{"data":{"id":"P33261","display_name":"CYP2C19","Node_Type":"Protein"}},{"data":{"id":"P35462","display_name":"DRD3","Node_Type":"Protein"}},{"data":{"id":"P41595","display_name":"HTR2B","Node_Type":"Protein"}},{"data":{"id":"Q01959","display_name":"SLC6A3","Node_Type":"Protein"}},{"data":{"id":"Q99720","display_name":"SIGMAR1","Node_Type":"Protein"}},{"data":{"id":"P14416","display_name":"DRD2","Node_Type":"Protein_N"}},{"data":{"id":"Q99578","display_name":"RIT2","Node_Type":"Protein_N"}},{"data":{"id":"Q8IZF0","display_name":"NALCN","Node_Type":"Protein_N"}},{"data":{"id":"P28223","display_name":"HTR2A","Node_Type":"Protein_N"}},{"data":{"id":"O15354","display_name":"GPR37","Node_Type":"Protein_N"}},{"data":{"id":"P37840","display_name":"SNCA","Node_Type":"Protein_N"}},{"data":{"id":"P28335","display_name":"HTR2C","Node_Type":"Protein_N"}},{"data":{"id":"Q92847","display_name":"GHSR","Node_Type":"Protein_N"}},{"data":{"id":"Orphanet:2970","display_name":"Prune belly syndrome","Node_Type":"Disease","enrichScore":200.056}},{"data":{"id":"Orphanet:371364","display_name":"Hypotonia-speech impairment-severe cognitive delay syndrome","Node_Type":"Disease","enrichScore":200.056}},{"data":{"id":"EFO:0006792","display_name":"Lewy body dementia","Node_Type":"Disease","enrichScore":200.056}},{"data":{"id":"EFO:1001868","display_name":"congenital contractures of the limbs and face, hypotonia, and developmental delay","Node_Type":"Disease","enrichScore":200.056}},{"data":{"id":"Orphanet:139552","display_name":"Distal hereditary motor neuropathy, Jerash type","Node_Type":"Disease","enrichScore":200.056}},{"data":{"id":"EFO:0003829","display_name":"alcohol dependence","Node_Type":"Disease","enrichScore":160.044}},{"data":{"id":"Orphanet:314811","display_name":"Short stature due to GHSR deficiency","Node_Type":"Disease","enrichScore":100.028}},{"data":{"id":"Orphanet:238455","display_name":"Infantile dystonia-parkinsonism","Node_Type":"Disease","enrichScore":100.028}},{"data":{"id":"EFO:0003108","display_name":"essential tremor","Node_Type":"Disease","enrichScore":66.685}},{"data":{"id":"EFO:0003761","display_name":"unipolar depression","Node_Type":"Disease","enrichScore":66.685}},{"data":{"id":"DB01062","display_name":"Oxybutynin","Node_Type":"Drug","enrichScore":9999999}},{"data":{"id":"DB00715","display_name":"Paroxetine","Node_Type":"Drug","enrichScore":4007.285}},{"data":{"id":"DB00924","display_name":"Cyclobenzaprine","Node_Type":"Drug","enrichScore":2384.5}},{"data":{"id":"DB01239","display_name":"Chlorprothixene","Node_Type":"Drug","enrichScore":2207.87}},{"data":{"id":"DB00502","display_name":"Haloperidol","Node_Type":"Drug","enrichScore":1362.571}},{"data":{"id":"DB11181","display_name":"Homatropine","Node_Type":"Drug","enrichScore":1324.722}},{"data":{"id":"DB01409","display_name":"Tiotropium","Node_Type":"Drug","enrichScore":1324.722}},{"data":{"id":"DB00496","display_name":"Darifenacin","Node_Type":"Drug","enrichScore":1324.722}},{"data":{"id":"DB00725","display_name":"Homatropine methylbromide","Node_Type":"Drug","enrichScore":1324.722}},{"data":{"id":"DB00785","display_name":"Cryptenamine","Node_Type":"Drug","enrichScore":1324.722}},{"data":{"id":"R-HSA-390648","display_name":"Muscarinic acetylcholine receptors","Node_Type":"Pathway","enrichScore":17854.167}},{"data":{"id":"R-HSA-379401","display_name":"Dopamine clearance from the synaptic cleft","Node_Type":"Pathway","enrichScore":3570.833}},{"data":{"id":"R-HSA-5660724","display_name":"Defective SLC6A3 causes Parkinsonism-dystonia infantile (PKDYS)","Node_Type":"Pathway","enrichScore":3570.833}},{"data":{"id":"R-HSA-5619081","display_name":"Defective SLC6A3 causes Parkinsonism-dystonia infantile (PKDYS)","Node_Type":"Pathway","enrichScore":3570.833}},{"data":{"id":"R-HSA-390651","display_name":"Dopamine receptors","Node_Type":"Pathway","enrichScore":2856.667}},{"data":{"id":"R-HSA-390666","display_name":"Serotonin receptors","Node_Type":"Pathway","enrichScore":2678.125}},{"data":{"id":"R-HSA-416476","display_name":"G alpha (q) signalling events","Node_Type":"Pathway","enrichScore":994.152}},{"data":{"id":"R-HSA-187706","display_name":"Signalling to p38 via RIT and RIN","Node_Type":"Pathway","enrichScore":714.167}},{"data":{"id":"R-HSA-2142670","display_name":"Synthesis of epoxy (EET) and dihydroxyeicosatrienoic acids (DHET)","Node_Type":"Pathway","enrichScore":446.354}},{"data":{"id":"R-HSA-2142816","display_name":"Synthesis of (16-20)-hydroxyeicosatetraenoic acids (HETE)","Node_Type":"Pathway","enrichScore":396.759}},{"data":{"id":"HP:0005199","display_name":"Aplasia of the abdominal wall musculature","Node_Type":"HPO","enrichScore":235.056}},{"data":{"id":"HP:0009931","display_name":"Enlarged naris","Node_Type":"HPO","enrichScore":117.528}},{"data":{"id":"HP:0031931","display_name":"Ocular flutter","Node_Type":"HPO","enrichScore":117.528}},{"data":{"id":"HP:0012166","display_name":"Skin-picking","Node_Type":"HPO","enrichScore":117.528}},{"data":{"id":"HP:0004392","display_name":"Prune belly","Node_Type":"HPO","enrichScore":117.528}},{"data":{"id":"HP:0410291","display_name":"Negativism","Node_Type":"HPO","enrichScore":78.352}},{"data":{"id":"HP:0007086","display_name":"Social and occupational deterioration","Node_Type":"HPO","enrichScore":72.325}},{"data":{"id":"HP:0010957","display_name":"Congenital posterior urethral valve","Node_Type":"HPO","enrichScore":58.764}},{"data":{"id":"HP:0000417","display_name":"Slender nose","Node_Type":"HPO","enrichScore":58.764}},{"data":{"id":"HP:0000205","display_name":"Pursed lips","Node_Type":"HPO","enrichScore":58.764}},{"data":{"id":"CHEMBL3215564","display_name":"CHEMBL3215564","Node_Type":"Prediction","enrichScore":58}},{"data":{"id":"CHEMBL1531244","display_name":"CHEMBL1531244","Node_Type":"Prediction","enrichScore":58}},{"data":{"id":"CHEMBL1544377","display_name":"CHEMBL1544377","Node_Type":"Prediction","enrichScore":58}},{"data":{"id":"CHEMBL3719363","display_name":"CHEMBL3719363","Node_Type":"Prediction","enrichScore":58}},{"data":{"id":"CHEMBL3664337","display_name":"CHEMBL3664337","Node_Type":"Prediction","enrichScore":58}},{"data":{"id":"CHEMBL3896154","display_name":"CHEMBL3896154","Node_Type":"Prediction","enrichScore":58}},{"data":{"id":"CHEMBL1516148","display_name":"CHEMBL1516148","Node_Type":"Prediction","enrichScore":58}},{"data":{"id":"CHEMBL2322673","display_name":"CHEMBL2322673","Node_Type":"Prediction","enrichScore":58}},{"data":{"id":"CHEMBL1574961","display_name":"CHEMBL1574961","Node_Type":"Prediction","enrichScore":58}},{"data":{"id":"CHEMBL1516190","display_name":"CHEMBL1516190","Node_Type":"Prediction","enrichScore":58}},{"data":{"id":"hsa04080","display_name":"Neuroactive ligand-receptor interaction","Node_Type":"kegg_Pathway","enrichScore":134.405}},{"data":{"id":"hsa04020","display_name":"Calcium signaling pathway","Node_Type":"kegg_Pathway","enrichScore":93.54}},{"data":{"id":"hsa04725","display_name":"Cholinergic synapse","Node_Type":"kegg_Pathway","enrichScore":84.797}},{"data":{"id":"hsa04540","display_name":"Gap junction","Node_Type":"kegg_Pathway","enrichScore":66.794}},{"data":{"id":"hsa04726","display_name":"Serotonergic synapse","Node_Type":"kegg_Pathway","enrichScore":53.318}},{"data":{"id":"hsa04810","display_name":"Regulation of actin cytoskeleton","Node_Type":"kegg_Pathway","enrichScore":44.588}},{"data":{"id":"hsa04750","display_name":"Inflammatory mediator regulation of TRP channels","Node_Type":"kegg_Pathway","enrichScore":31.953}},{"data":{"id":"hsa04024","display_name":"cAMP signaling pathway","Node_Type":"kegg_Pathway","enrichScore":27.257}},{"data":{"id":"hsa04728","display_name":"Dopaminergic synapse","Node_Type":"kegg_Pathway","enrichScore":24.597}},{"data":{"id":"hsa00591","display_name":"Linoleic acid metabolism","Node_Type":"kegg_Pathway","enrichScore":13.567}},{"data":{"id":"H02129","display_name":"Prune belly syndrome","Node_Type":"kegg_Disease","enrichScore":203.722}},{"data":{"id":"H01171","display_name":"Poor drug metabolism","Node_Type":"kegg_Disease","enrichScore":101.861}},{"data":{"id":"H01611","display_name":"Alcohol dependence","Node_Type":"kegg_Disease","enrichScore":101.861}},{"data":{"id":"H01649","display_name":"Schizophrenia","Node_Type":"kegg_Disease","enrichScore":67.907}},{"data":{"id":"H01646","display_name":"Major depressive disorder","Node_Type":"kegg_Disease","enrichScore":67.907}},{"data":{"id":"H01922","display_name":"Infantile hypotonia with psychomotor retardation and characteristic facies","Node_Type":"kegg_Disease","enrichScore":50.931}},{"data":{"id":"H00066","display_name":"Lewy body dementia (LBD)","Node_Type":"kegg_Disease","enrichScore":50.931}},{"data":{"id":"H01450","display_name":"Obsessive-compulsive disorder","Node_Type":"kegg_Disease","enrichScore":29.103}},{"data":{"id":"H01600","display_name":"Parkinsonian syndrome","Node_Type":"kegg_Disease","enrichScore":22.636}},{"data":{"id":"H00856","display_name":"Distal hereditary motor neuropathies","Node_Type":"kegg_Disease","enrichScore":13.581}}],"edges":[{"data":{"source":"P20309","target":"P08912","Edge_Type":"PPI","label":"interacts w\/"}},{"data":{"source":"P14416","target":"Q01959","Edge_Type":"PPI","label":"interacts w\/"}},{"data":{"source":"P14416","target":"Q99720","Edge_Type":"PPI","label":"interacts w\/"}},{"data":{"source":"P14416","target":"P14416","Edge_Type":"PPI","label":"interacts w\/"}},{"data":{"source":"Q99578","target":"Q01959","Edge_Type":"PPI","label":"interacts w\/"}},{"data":{"source":"Q8IZF0","target":"P20309","Edge_Type":"PPI","label":"interacts w\/"}},{"data":{"source":"P28223","target":"P41595","Edge_Type":"PPI","label":"interacts w\/"}},{"data":{"source":"P28223","target":"P28223","Edge_Type":"PPI","label":"interacts w\/"}},{"data":{"source":"O15354","target":"Q01959","Edge_Type":"PPI","label":"interacts w\/"}},{"data":{"source":"P37840","target":"Q01959","Edge_Type":"PPI","label":"interacts w\/"}},{"data":{"source":"P37840","target":"P37840","Edge_Type":"PPI","label":"interacts w\/"}},{"data":{"source":"P28335","target":"P08173","Edge_Type":"PPI","label":"interacts w\/"}},{"data":{"source":"P28335","target":"P41595","Edge_Type":"PPI","label":"interacts w\/"}},{"data":{"source":"P28335","target":"P28335","Edge_Type":"PPI","label":"interacts w\/"}},{"data":{"source":"P28335","target":"P28223","Edge_Type":"PPI","label":"interacts w\/"}},{"data":{"source":"Q92847","target":"Q99720","Edge_Type":"PPI","label":"interacts w\/"}},{"data":{"source":"HP:0005199","target":"Orphanet:2970","Edge_Type":"hpodis","label":"is associated w\/"}},{"data":{"source":"HP:0005199","target":"Orphanet:2970","Edge_Type":"hpodis","label":"is associated w\/"}},{"data":{"source":"HP:0009931","target":"Orphanet:371364","Edge_Type":"hpodis","label":"is associated w\/"}},{"data":{"source":"HP:0009931","target":"EFO:1001868","Edge_Type":"hpodis","label":"is associated w\/"}},{"data":{"source":"HP:0031931","target":"Orphanet:238455","Edge_Type":"hpodis","label":"is associated w\/"}},{"data":{"source":"HP:0004392","target":"Orphanet:2970","Edge_Type":"hpodis","label":"is associated w\/"}},{"data":{"source":"HP:0010957","target":"Orphanet:2970","Edge_Type":"hpodis","label":"is associated w\/"}},{"data":{"source":"HP:0010957","target":"Orphanet:2970","Edge_Type":"hpodis","label":"is associated w\/"}},{"data":{"source":"HP:0000417","target":"Orphanet:371364","Edge_Type":"hpodis","label":"is associated w\/"}},{"data":{"source":"HP:0000205","target":"EFO:1001868","Edge_Type":"hpodis","label":"is associated w\/"}},{"data":{"source":"P20309","target":"Orphanet:2970","Edge_Type":"Disease","label":"is related to"}},{"data":{"source":"Q8IZF0","target":"Orphanet:371364","Edge_Type":"Disease","label":"is related to"}},{"data":{"source":"P37840","target":"EFO:0006792","Edge_Type":"Disease","label":"is related to"}},{"data":{"source":"Q8IZF0","target":"EFO:1001868","Edge_Type":"Disease","label":"is related to"}},{"data":{"source":"Q99720","target":"Orphanet:139552","Edge_Type":"Disease","label":"is related to"}},{"data":{"source":"P08172","target":"EFO:0003829","Edge_Type":"Disease","label":"is related to"}},{"data":{"source":"P14416","target":"EFO:0003829","Edge_Type":"Disease","label":"is related to"}},{"data":{"source":"Q92847","target":"Orphanet:314811","Edge_Type":"Disease","label":"is related to"}},{"data":{"source":"Q01959","target":"Orphanet:238455","Edge_Type":"Disease","label":"is related to"}},{"data":{"source":"P35462","target":"EFO:0003108","Edge_Type":"Disease","label":"is related to"}},{"data":{"source":"P08172","target":"EFO:0003761","Edge_Type":"Disease","label":"is related to"}},{"data":{"source":"P20309","target":"DB01062","Edge_Type":"Drug","label":"targets"}},{"data":{"source":"P08172","target":"DB01062","Edge_Type":"Drug","label":"targets"}},{"data":{"source":"P11229","target":"DB01062","Edge_Type":"Drug","label":"targets"}},{"data":{"source":"P08173","target":"DB01062","Edge_Type":"Chembl","label":"targets","pchembl_value":8.44}},{"data":{"source":"P08912","target":"DB01062","Edge_Type":"Chembl","label":"targets","pchembl_value":7.85}},{"data":{"source":"P33261","target":"DB01062","Edge_Type":"Chembl","label":"targets","pchembl_value":6.22}},{"data":{"source":"P35462","target":"DB01062","Edge_Type":"Chembl","label":"targets","pchembl_value":6.37}},{"data":{"source":"P41595","target":"DB01062","Edge_Type":"Chembl","label":"targets","pchembl_value":6.1}},{"data":{"source":"Q01959","target":"DB01062","Edge_Type":"Chembl","label":"targets","pchembl_value":7.07}},{"data":{"source":"Q99720","target":"DB01062","Edge_Type":"Chembl","label":"targets","pchembl_value":7.62}},{"data":{"source":"P28223","target":"DB00715","Edge_Type":"Drug","label":"targets"}},{"data":{"source":"P14416","target":"DB00715","Edge_Type":"Drug","label":"targets"}},{"data":{"source":"P41595","target":"DB00715","Edge_Type":"Drug","label":"targets"}},{"data":{"source":"P28335","target":"DB00715","Edge_Type":"Drug","label":"targets"}},{"data":{"source":"P11229","target":"DB00715","Edge_Type":"Drug","label":"targets"}},{"data":{"source":"P08172","target":"DB00715","Edge_Type":"Drug","label":"targets"}},{"data":{"source":"P20309","target":"DB00715","Edge_Type":"Drug","label":"targets"}},{"data":{"source":"P08173","target":"DB00715","Edge_Type":"Drug","label":"targets"}},{"data":{"source":"P08912","target":"DB00715","Edge_Type":"Drug","label":"targets"}},{"data":{"source":"P28223","target":"DB00924","Edge_Type":"Drug","label":"targets"}},{"data":{"source":"P41595","target":"DB00924","Edge_Type":"Drug","label":"targets"}},{"data":{"source":"P28335","target":"DB00924","Edge_Type":"Drug","label":"targets"}},{"data":{"source":"P14416","target":"DB01239","Edge_Type":"Drug","label":"targets"}},{"data":{"source":"P35462","target":"DB01239","Edge_Type":"Drug","label":"targets"}},{"data":{"source":"P28223","target":"DB01239","Edge_Type":"Drug","label":"targets"}},{"data":{"source":"P41595","target":"DB01239","Edge_Type":"Drug","label":"targets"}},{"data":{"source":"P28335","target":"DB01239","Edge_Type":"Drug","label":"targets"}},{"data":{"source":"P11229","target":"DB01239","Edge_Type":"Drug","label":"targets"}},{"data":{"source":"P08172","target":"DB01239","Edge_Type":"Drug","label":"targets"}},{"data":{"source":"P20309","target":"DB01239","Edge_Type":"Drug","label":"targets"}},{"data":{"source":"P08173","target":"DB01239","Edge_Type":"Drug","label":"targets"}},{"data":{"source":"P08912","target":"DB01239","Edge_Type":"Drug","label":"targets"}},{"data":{"source":"P14416","target":"DB00502","Edge_Type":"Drug","label":"targets"}},{"data":{"source":"P28223","target":"DB00502","Edge_Type":"Drug","label":"targets"}},{"data":{"source":"P35462","target":"DB00502","Edge_Type":"Drug","label":"targets"}},{"data":{"source":"P28335","target":"DB00502","Edge_Type":"Drug","label":"targets"}},{"data":{"source":"Q99720","target":"DB00502","Edge_Type":"Drug","label":"targets"}},{"data":{"source":"P20309","target":"DB00502","Edge_Type":"Drug","label":"targets"}},{"data":{"source":"P11229","target":"DB11181","Edge_Type":"Drug","label":"targets"}},{"data":{"source":"P08172","target":"DB11181","Edge_Type":"Drug","label":"targets"}},{"data":{"source":"P20309","target":"DB11181","Edge_Type":"Drug","label":"targets"}},{"data":{"source":"P08173","target":"DB11181","Edge_Type":"Drug","label":"targets"}},{"data":{"source":"P08912","target":"DB11181","Edge_Type":"Drug","label":"targets"}},{"data":{"source":"P20309","target":"DB01409","Edge_Type":"Drug","label":"targets"}},{"data":{"source":"P11229","target":"DB01409","Edge_Type":"Drug","label":"targets"}},{"data":{"source":"P08172","target":"DB01409","Edge_Type":"Drug","label":"targets"}},{"data":{"source":"P08173","target":"DB01409","Edge_Type":"Drug","label":"targets"}},{"data":{"source":"P08912","target":"DB01409","Edge_Type":"Drug","label":"targets"}},{"data":{"source":"P20309","target":"DB00496","Edge_Type":"Drug","label":"targets"}},{"data":{"source":"P11229","target":"DB00496","Edge_Type":"Drug","label":"targets"}},{"data":{"source":"P08172","target":"DB00496","Edge_Type":"Drug","label":"targets"}},{"data":{"source":"P08173","target":"DB00496","Edge_Type":"Drug","label":"targets"}},{"data":{"source":"P08912","target":"DB00496","Edge_Type":"Drug","label":"targets"}},{"data":{"source":"P08172","target":"DB00725","Edge_Type":"Drug","label":"targets"}},{"data":{"source":"P11229","target":"DB00725","Edge_Type":"Drug","label":"targets"}},{"data":{"source":"P08173","target":"DB00725","Edge_Type":"Drug","label":"targets"}},{"data":{"source":"P08912","target":"DB00725","Edge_Type":"Drug","label":"targets"}},{"data":{"source":"P20309","target":"DB00725","Edge_Type":"Drug","label":"targets"}},{"data":{"source":"P08172","target":"DB00785","Edge_Type":"Drug","label":"targets"}},{"data":{"source":"P11229","target":"DB00785","Edge_Type":"Drug","label":"targets"}},{"data":{"source":"P20309","target":"DB00785","Edge_Type":"Drug","label":"targets"}},{"data":{"source":"P08173","target":"DB00785","Edge_Type":"Drug","label":"targets"}},{"data":{"source":"P08912","target":"DB00785","Edge_Type":"Drug","label":"targets"}},{"data":{"source":"P08172","target":"R-HSA-390648","Edge_Type":"Pathway","label":"is involved in"}},{"data":{"source":"P08173","target":"R-HSA-390648","Edge_Type":"Pathway","label":"is involved in"}},{"data":{"source":"P08912","target":"R-HSA-390648","Edge_Type":"Pathway","label":"is involved in"}},{"data":{"source":"P11229","target":"R-HSA-390648","Edge_Type":"Pathway","label":"is involved in"}},{"data":{"source":"P20309","target":"R-HSA-390648","Edge_Type":"Pathway","label":"is involved in"}},{"data":{"source":"Q01959","target":"R-HSA-379401","Edge_Type":"Pathway","label":"is involved in"}},{"data":{"source":"Q01959","target":"R-HSA-5660724","Edge_Type":"Pathway","label":"is involved in"}},{"data":{"source":"Q01959","target":"R-HSA-5619081","Edge_Type":"Pathway","label":"is involved in"}},{"data":{"source":"P35462","target":"R-HSA-390651","Edge_Type":"Pathway","label":"is involved in"}},{"data":{"source":"P14416","target":"R-HSA-390651","Edge_Type":"Pathway","label":"is involved in"}},{"data":{"source":"P41595","target":"R-HSA-390666","Edge_Type":"Pathway","label":"is involved in"}},{"data":{"source":"P28223","target":"R-HSA-390666","Edge_Type":"Pathway","label":"is involved in"}},{"data":{"source":"P28335","target":"R-HSA-390666","Edge_Type":"Pathway","label":"is involved in"}},{"data":{"source":"P08912","target":"R-HSA-416476","Edge_Type":"Pathway","label":"is involved in"}},{"data":{"source":"P11229","target":"R-HSA-416476","Edge_Type":"Pathway","label":"is involved in"}},{"data":{"source":"P20309","target":"R-HSA-416476","Edge_Type":"Pathway","label":"is involved in"}},{"data":{"source":"P41595","target":"R-HSA-416476","Edge_Type":"Pathway","label":"is involved in"}},{"data":{"source":"P28223","target":"R-HSA-416476","Edge_Type":"Pathway","label":"is involved in"}},{"data":{"source":"P28335","target":"R-HSA-416476","Edge_Type":"Pathway","label":"is involved in"}},{"data":{"source":"Q92847","target":"R-HSA-416476","Edge_Type":"Pathway","label":"is involved in"}},{"data":{"source":"Q99578","target":"R-HSA-187706","Edge_Type":"Pathway","label":"is involved in"}},{"data":{"source":"P33261","target":"R-HSA-2142670","Edge_Type":"Pathway","label":"is involved in"}},{"data":{"source":"P33261","target":"R-HSA-2142816","Edge_Type":"Pathway","label":"is involved in"}},{"data":{"source":"P20309","target":"HP:0005199","Edge_Type":"HPO","label":"is associated w\/"}},{"data":{"source":"Q8IZF0","target":"HP:0009931","Edge_Type":"HPO","label":"is associated w\/"}},{"data":{"source":"Q01959","target":"HP:0031931","Edge_Type":"HPO","label":"is associated w\/"}},{"data":{"source":"P28223","target":"HP:0012166","Edge_Type":"HPO","label":"is associated w\/"}},{"data":{"source":"P20309","target":"HP:0004392","Edge_Type":"HPO","label":"is associated w\/"}},{"data":{"source":"P35462","target":"HP:0410291","Edge_Type":"HPO","label":"is associated w\/"}},{"data":{"source":"P28223","target":"HP:0410291","Edge_Type":"HPO","label":"is associated w\/"}},{"data":{"source":"P35462","target":"HP:0007086","Edge_Type":"HPO","label":"is associated w\/"}},{"data":{"source":"P28223","target":"HP:0007086","Edge_Type":"HPO","label":"is associated w\/"}},{"data":{"source":"P20309","target":"HP:0010957","Edge_Type":"HPO","label":"is associated w\/"}},{"data":{"source":"Q8IZF0","target":"HP:0000417","Edge_Type":"HPO","label":"is associated w\/"}},{"data":{"source":"Q8IZF0","target":"HP:0000205","Edge_Type":"HPO","label":"is associated w\/"}},{"data":{"source":"P08173","target":"CHEMBL3215564","Edge_Type":"Prediction","label":"targets"}},{"data":{"source":"P28335","target":"CHEMBL3215564","Edge_Type":"Prediction","label":"targets"}},{"data":{"source":"P08173","target":"CHEMBL1531244","Edge_Type":"Prediction","label":"targets"}},{"data":{"source":"P28335","target":"CHEMBL1531244","Edge_Type":"Prediction","label":"targets"}},{"data":{"source":"P08173","target":"CHEMBL1544377","Edge_Type":"Prediction","label":"targets"}},{"data":{"source":"P28335","target":"CHEMBL1544377","Edge_Type":"Prediction","label":"targets"}},{"data":{"source":"P08173","target":"CHEMBL3719363","Edge_Type":"Prediction","label":"targets"}},{"data":{"source":"P28335","target":"CHEMBL3719363","Edge_Type":"Prediction","label":"targets"}},{"data":{"source":"P08173","target":"CHEMBL3664337","Edge_Type":"Prediction","label":"targets"}},{"data":{"source":"P28335","target":"CHEMBL3664337","Edge_Type":"Prediction","label":"targets"}},{"data":{"source":"P08173","target":"CHEMBL3896154","Edge_Type":"Prediction","label":"targets"}},{"data":{"source":"P28335","target":"CHEMBL3896154","Edge_Type":"Prediction","label":"targets"}},{"data":{"source":"P08173","target":"CHEMBL1516148","Edge_Type":"Prediction","label":"targets"}},{"data":{"source":"P28335","target":"CHEMBL1516148","Edge_Type":"Prediction","label":"targets"}},{"data":{"source":"P08173","target":"CHEMBL2322673","Edge_Type":"Prediction","label":"targets"}},{"data":{"source":"P28335","target":"CHEMBL2322673","Edge_Type":"Prediction","label":"targets"}},{"data":{"source":"P08173","target":"CHEMBL1574961","Edge_Type":"Prediction","label":"targets"}},{"data":{"source":"P28335","target":"CHEMBL1574961","Edge_Type":"Prediction","label":"targets"}},{"data":{"source":"P08173","target":"CHEMBL1516190","Edge_Type":"Prediction","label":"targets"}},{"data":{"source":"P28335","target":"CHEMBL1516190","Edge_Type":"Prediction","label":"targets"}},{"data":{"source":"H01611","target":"hsa04080","Edge_Type":"kegg_dis_path","label":"modulates"}},{"data":{"source":"H01649","target":"hsa04080","Edge_Type":"kegg_dis_path","label":"modulates"}},{"data":{"source":"H01649","target":"hsa04728","Edge_Type":"kegg_dis_path","label":"modulates"}},{"data":{"source":"H01649","target":"DB00502","Edge_Type":"kegg_dis_drug","label":"indicates"}},{"data":{"source":"H01646","target":"hsa04726","Edge_Type":"kegg_dis_path","label":"modulates"}},{"data":{"source":"H01646","target":"DB00715","Edge_Type":"kegg_dis_drug","label":"indicates"}},{"data":{"source":"H01450","target":"hsa04726","Edge_Type":"kegg_dis_path","label":"modulates"}},{"data":{"source":"H01450","target":"hsa04728","Edge_Type":"kegg_dis_path","label":"modulates"}},{"data":{"source":"H01450","target":"DB00715","Edge_Type":"kegg_dis_drug","label":"indicates"}},{"data":{"source":"P08172","target":"hsa04080","Edge_Type":"kegg_path_prot","label":"is involved in"}},{"data":{"source":"P08173","target":"hsa04080","Edge_Type":"kegg_path_prot","label":"is involved in"}},{"data":{"source":"P08912","target":"hsa04080","Edge_Type":"kegg_path_prot","label":"is involved in"}},{"data":{"source":"P11229","target":"hsa04080","Edge_Type":"kegg_path_prot","label":"is involved in"}},{"data":{"source":"P20309","target":"hsa04080","Edge_Type":"kegg_path_prot","label":"is involved in"}},{"data":{"source":"P35462","target":"hsa04080","Edge_Type":"kegg_path_prot","label":"is involved in"}},{"data":{"source":"P41595","target":"hsa04080","Edge_Type":"kegg_path_prot","label":"is involved in"}},{"data":{"source":"P14416","target":"hsa04080","Edge_Type":"kegg_path_prot","label":"is involved in"}},{"data":{"source":"P28223","target":"hsa04080","Edge_Type":"kegg_path_prot","label":"is involved in"}},{"data":{"source":"P28335","target":"hsa04080","Edge_Type":"kegg_path_prot","label":"is involved in"}},{"data":{"source":"Q92847","target":"hsa04080","Edge_Type":"kegg_path_prot","label":"is involved in"}},{"data":{"source":"P08172","target":"hsa04020","Edge_Type":"kegg_path_prot","label":"is involved in"}},{"data":{"source":"P08912","target":"hsa04020","Edge_Type":"kegg_path_prot","label":"is involved in"}},{"data":{"source":"P11229","target":"hsa04020","Edge_Type":"kegg_path_prot","label":"is involved in"}},{"data":{"source":"P20309","target":"hsa04020","Edge_Type":"kegg_path_prot","label":"is involved in"}},{"data":{"source":"P41595","target":"hsa04020","Edge_Type":"kegg_path_prot","label":"is involved in"}},{"data":{"source":"P28223","target":"hsa04020","Edge_Type":"kegg_path_prot","label":"is involved in"}},{"data":{"source":"P28335","target":"hsa04020","Edge_Type":"kegg_path_prot","label":"is involved in"}},{"data":{"source":"P08172","target":"hsa04725","Edge_Type":"kegg_path_prot","label":"is involved in"}},{"data":{"source":"P08173","target":"hsa04725","Edge_Type":"kegg_path_prot","label":"is involved in"}},{"data":{"source":"P08912","target":"hsa04725","Edge_Type":"kegg_path_prot","label":"is involved in"}},{"data":{"source":"P11229","target":"hsa04725","Edge_Type":"kegg_path_prot","label":"is involved in"}},{"data":{"source":"P20309","target":"hsa04725","Edge_Type":"kegg_path_prot","label":"is involved in"}},{"data":{"source":"P41595","target":"hsa04540","Edge_Type":"kegg_path_prot","label":"is involved in"}},{"data":{"source":"P14416","target":"hsa04540","Edge_Type":"kegg_path_prot","label":"is involved in"}},{"data":{"source":"P28223","target":"hsa04540","Edge_Type":"kegg_path_prot","label":"is involved in"}},{"data":{"source":"P28335","target":"hsa04540","Edge_Type":"kegg_path_prot","label":"is involved in"}},{"data":{"source":"P33261","target":"hsa04726","Edge_Type":"kegg_path_prot","label":"is involved in"}},{"data":{"source":"P41595","target":"hsa04726","Edge_Type":"kegg_path_prot","label":"is involved in"}},{"data":{"source":"P28223","target":"hsa04726","Edge_Type":"kegg_path_prot","label":"is involved in"}},{"data":{"source":"P28335","target":"hsa04726","Edge_Type":"kegg_path_prot","label":"is involved in"}},{"data":{"source":"P08172","target":"hsa04810","Edge_Type":"kegg_path_prot","label":"is involved in"}},{"data":{"source":"P08173","target":"hsa04810","Edge_Type":"kegg_path_prot","label":"is involved in"}},{"data":{"source":"P08912","target":"hsa04810","Edge_Type":"kegg_path_prot","label":"is involved in"}},{"data":{"source":"P11229","target":"hsa04810","Edge_Type":"kegg_path_prot","label":"is involved in"}},{"data":{"source":"P20309","target":"hsa04810","Edge_Type":"kegg_path_prot","label":"is involved in"}},{"data":{"source":"P41595","target":"hsa04750","Edge_Type":"kegg_path_prot","label":"is involved in"}},{"data":{"source":"P28223","target":"hsa04750","Edge_Type":"kegg_path_prot","label":"is involved in"}},{"data":{"source":"P28335","target":"hsa04750","Edge_Type":"kegg_path_prot","label":"is involved in"}},{"data":{"source":"P08172","target":"hsa04024","Edge_Type":"kegg_path_prot","label":"is involved in"}},{"data":{"source":"P11229","target":"hsa04024","Edge_Type":"kegg_path_prot","label":"is involved in"}},{"data":{"source":"P14416","target":"hsa04024","Edge_Type":"kegg_path_prot","label":"is involved in"}},{"data":{"source":"Q92847","target":"hsa04024","Edge_Type":"kegg_path_prot","label":"is involved in"}},{"data":{"source":"P35462","target":"hsa04728","Edge_Type":"kegg_path_prot","label":"is involved in"}},{"data":{"source":"Q01959","target":"hsa04728","Edge_Type":"kegg_path_prot","label":"is involved in"}},{"data":{"source":"P14416","target":"hsa04728","Edge_Type":"kegg_path_prot","label":"is involved in"}},{"data":{"source":"P33261","target":"hsa00591","Edge_Type":"kegg_path_prot","label":"is involved in"}},{"data":{"source":"P20309","target":"H02129","Edge_Type":"kegg_dis_prot","label":"is related to"}},{"data":{"source":"P33261","target":"H01171","Edge_Type":"kegg_dis_prot","label":"is related to"}},{"data":{"source":"P14416","target":"H01611","Edge_Type":"kegg_dis_prot","label":"is related to"}},{"data":{"source":"P28223","target":"H01611","Edge_Type":"kegg_dis_prot","label":"is related to"}},{"data":{"source":"P35462","target":"H01649","Edge_Type":"kegg_dis_prot","label":"is related to"}},{"data":{"source":"P28223","target":"H01649","Edge_Type":"kegg_dis_prot","label":"is related to"}},{"data":{"source":"P28223","target":"H01646","Edge_Type":"kegg_dis_prot","label":"is related to"}},{"data":{"source":"Q8IZF0","target":"H01922","Edge_Type":"kegg_dis_prot","label":"is related to"}},{"data":{"source":"P37840","target":"H00066","Edge_Type":"kegg_dis_prot","label":"is related to"}},{"data":{"source":"P28223","target":"H01450","Edge_Type":"kegg_dis_prot","label":"is related to"}},{"data":{"source":"P37840","target":"H01600","Edge_Type":"kegg_dis_prot","label":"is related to"}},{"data":{"source":"Q99720","target":"H00856","Edge_Type":"kegg_dis_prot","label":"is related to"}}]}