{"options":{"search_start":1613060254,"tax_ids":[9606],"num_of_fn_nodes":10,"num_of_pathways":10,"num_of_phenotypes":10,"num_of_drugs":10,"num_of_diseases":10,"num_of_compounds":10,"chembl_compounds":0,"predictions":1,"reviewed_filter":1,"fn":1,"chembl":1,"search_finish":1613060289,"search_runtime":35},"search":[{"Drug":[{"DB04576":"Fleroxacin"}]}],"nodes":[{"data":{"id":"P11388","display_name":"TOP2A","Node_Type":"Protein"}},{"data":{"id":"O14497","display_name":"ARID1A","Node_Type":"Protein_N"}},{"data":{"id":"Q05655","display_name":"PRKCD","Node_Type":"Protein_N"}},{"data":{"id":"P38398","display_name":"BRCA1","Node_Type":"Protein_N"}},{"data":{"id":"P35222","display_name":"CTNNB1","Node_Type":"Protein_N"}},{"data":{"id":"EFO:1000120","display_name":"Benign Skin Appendage Neoplasm","Node_Type":"Disease","enrichScore":720.2}},{"data":{"id":"EFO:0009082","display_name":"Pilomatrixoma","Node_Type":"Disease","enrichScore":720.2}},{"data":{"id":"MONDO:0008170","display_name":"ovarian cancer","Node_Type":"Disease","enrichScore":360.1}},{"data":{"id":"EFO:0001075","display_name":"ovarian carcinoma","Node_Type":"Disease","enrichScore":360.1}},{"data":{"id":"Orphanet:404473","display_name":"Severe intellectual disability-progressive spastic diplegia syndrome","Node_Type":"Disease","enrichScore":360.1}},{"data":{"id":"EFO:0000588","display_name":"mesothelioma","Node_Type":"Disease","enrichScore":180.05}},{"data":{"id":"EFO:0002939","display_name":"medulloblastoma","Node_Type":"Disease","enrichScore":180.05}},{"data":{"id":"EFO:1000355","display_name":"Malignant Mesothelioma","Node_Type":"Disease","enrichScore":180.05}},{"data":{"id":"Orphanet:145","display_name":"Hereditary breast and ovarian cancer syndrome","Node_Type":"Disease","enrichScore":180.05}},{"data":{"id":"Orphanet:1333","display_name":"Familial pancreatic carcinoma","Node_Type":"Disease","enrichScore":144.04}},{"data":{"id":"DB04576","display_name":"Fleroxacin","Node_Type":"Drug","enrichScore":9999999}},{"data":{"id":"DB05920","display_name":"RTA 744","Node_Type":"Drug","enrichScore":953.8}},{"data":{"id":"DB04376","display_name":"13-Acetylphorbol","Node_Type":"Drug","enrichScore":953.8}},{"data":{"id":"DB00385","display_name":"Valrubicin","Node_Type":"Drug","enrichScore":953.8}},{"data":{"id":"DB00444","display_name":"Teniposide","Node_Type":"Drug","enrichScore":953.8}},{"data":{"id":"DB04978","display_name":"SP1049C","Node_Type":"Drug","enrichScore":953.8}},{"data":{"id":"DB06420","display_name":"Annamycin","Node_Type":"Drug","enrichScore":953.8}},{"data":{"id":"DB01204","display_name":"Mitoxantrone","Node_Type":"Drug","enrichScore":953.8}},{"data":{"id":"DB06263","display_name":"Amrubicin","Node_Type":"Drug","enrichScore":953.8}},{"data":{"id":"DB01177","display_name":"Idarubicin","Node_Type":"Drug","enrichScore":953.8}},{"data":{"id":"R-HSA-3134973","display_name":"LRR FLII-interacting protein 1 (LRRFIP1) activates type I IFN production","Node_Type":"Pathway","enrichScore":2571}},{"data":{"id":"R-HSA-111933","display_name":"Calmodulin induced events","Node_Type":"Pathway","enrichScore":2571}},{"data":{"id":"R-HSA-1489509","display_name":"DAG and IP3 signaling","Node_Type":"Pathway","enrichScore":1836.429}},{"data":{"id":"R-HSA-8951430","display_name":"RUNX3 regulates WNT signaling","Node_Type":"Pathway","enrichScore":1606.875}},{"data":{"id":"R-HSA-450520","display_name":"HuR (ELAVL1) binds and stabilizes mRNA","Node_Type":"Pathway","enrichScore":1606.875}},{"data":{"id":"R-HSA-4411364","display_name":"Binding of TCF\/LEF:CTNNB1 to target gene promoters","Node_Type":"Pathway","enrichScore":1606.875}},{"data":{"id":"R-HSA-8876493","display_name":"InlA-mediated entry of Listeria monocytogenes into host cells","Node_Type":"Pathway","enrichScore":1428.333}},{"data":{"id":"R-HSA-351906","display_name":"Apoptotic cleavage of cell adhesion proteins","Node_Type":"Pathway","enrichScore":1168.636}},{"data":{"id":"R-HSA-5358752","display_name":"T41 mutants of beta-catenin aren't phosphorylated","Node_Type":"Pathway","enrichScore":857}},{"data":{"id":"R-HSA-5358751","display_name":"S45 mutants of beta-catenin aren't phosphorylated","Node_Type":"Pathway","enrichScore":857}},{"data":{"id":"HP:0200105","display_name":"Absent fifth toenail","Node_Type":"HPO","enrichScore":846.2}},{"data":{"id":"HP:0025160","display_name":"Abnormal temper tantrums","Node_Type":"HPO","enrichScore":423.1}},{"data":{"id":"HP:0430000","display_name":"Abnormality of the frontal bone","Node_Type":"HPO","enrichScore":423.1}},{"data":{"id":"HP:0200104","display_name":"Absent fifth fingernail","Node_Type":"HPO","enrichScore":423.1}},{"data":{"id":"HP:0011530","display_name":"Retinal hole","Node_Type":"HPO","enrichScore":423.1}},{"data":{"id":"HP:0012578","display_name":"Membranous nephropathy","Node_Type":"HPO","enrichScore":282.067}},{"data":{"id":"HP:0100245","display_name":"Desmoid tumors","Node_Type":"HPO","enrichScore":211.55}},{"data":{"id":"HP:0001117","display_name":"Sudden loss of visual acuity","Node_Type":"HPO","enrichScore":169.24}},{"data":{"id":"HP:0005404","display_name":"Increased B cell count","Node_Type":"HPO","enrichScore":169.24}},{"data":{"id":"HP:0002851","display_name":"Elevated proportion of CD4-negative, CD8-negative, alpha-beta regulatory T cells","Node_Type":"HPO","enrichScore":169.24}},{"data":{"id":"CHEMBL429772","display_name":"CHEMBL429772","Node_Type":"Prediction","enrichScore":14.914}},{"data":{"id":"CHEMBL387220","display_name":"CHEMBL387220","Node_Type":"Prediction","enrichScore":11.6}},{"data":{"id":"CHEMBL3359681","display_name":"CHEMBL3359681","Node_Type":"Prediction","enrichScore":11.6}},{"data":{"id":"CHEMBL2114053","display_name":"CHEMBL2114053","Node_Type":"Prediction","enrichScore":10.44}},{"data":{"id":"CHEMBL111583","display_name":"CHEMBL111583","Node_Type":"Prediction","enrichScore":10.44}},{"data":{"id":"CHEMBL132683","display_name":"CHEMBL132683","Node_Type":"Prediction","enrichScore":10.44}},{"data":{"id":"CHEMBL95089","display_name":"CHEMBL95089","Node_Type":"Prediction","enrichScore":9.491}},{"data":{"id":"CHEMBL451757","display_name":"CHEMBL451757","Node_Type":"Prediction","enrichScore":9.491}},{"data":{"id":"CHEMBL1243402","display_name":"CHEMBL1243402","Node_Type":"Prediction","enrichScore":9.491}},{"data":{"id":"CHEMBL59587","display_name":"CHEMBL59587","Node_Type":"Prediction","enrichScore":9.491}},{"data":{"id":"hsa03440","display_name":"Homologous recombination","Node_Type":"kegg_Pathway","enrichScore":33.356}},{"data":{"id":"hsa03460","display_name":"Fanconi anemia pathway","Node_Type":"kegg_Pathway","enrichScore":25.326}},{"data":{"id":"hsa04520","display_name":"Adherens junction","Node_Type":"kegg_Pathway","enrichScore":19.262}},{"data":{"id":"hsa04666","display_name":"Fc gamma R-mediated phagocytosis","Node_Type":"kegg_Pathway","enrichScore":14.865}},{"data":{"id":"hsa04912","display_name":"GnRH signaling pathway","Node_Type":"kegg_Pathway","enrichScore":13.676}},{"data":{"id":"hsa04750","display_name":"Inflammatory mediator regulation of TRP channels","Node_Type":"kegg_Pathway","enrichScore":12.781}},{"data":{"id":"hsa04916","display_name":"Melanogenesis","Node_Type":"kegg_Pathway","enrichScore":12.663}},{"data":{"id":"hsa04625","display_name":"C-type lectin receptor signaling pathway","Node_Type":"kegg_Pathway","enrichScore":12.433}},{"data":{"id":"hsa04670","display_name":"Leukocyte transendothelial migration","Node_Type":"kegg_Pathway","enrichScore":12.211}},{"data":{"id":"hsa04919","display_name":"Thyroid hormone signaling pathway","Node_Type":"kegg_Pathway","enrichScore":11.492}},{"data":{"id":"H01665","display_name":"Primary peritoneal carcinoma","Node_Type":"kegg_Disease","enrichScore":733.4}},{"data":{"id":"H00947","display_name":"Pilomatricoma","Node_Type":"kegg_Disease","enrichScore":733.4}},{"data":{"id":"H02302","display_name":"Hepatoblastoma","Node_Type":"kegg_Disease","enrichScore":366.7}},{"data":{"id":"H02301","display_name":"Nephroblastoma","Node_Type":"kegg_Disease","enrichScore":183.35}},{"data":{"id":"H01554","display_name":"Fallopian tube cancer","Node_Type":"kegg_Disease","enrichScore":146.68}},{"data":{"id":"H00048","display_name":"Hepatocellular carcinoma","Node_Type":"kegg_Disease","enrichScore":146.68}},{"data":{"id":"H00026","display_name":"Endometrial cancer","Node_Type":"kegg_Disease","enrichScore":122.233}},{"data":{"id":"H00108","display_name":"Autoimmune lymphoproliferative syndromes","Node_Type":"kegg_Disease","enrichScore":104.771}},{"data":{"id":"H01403","display_name":"Coffin-Siris syndrome","Node_Type":"kegg_Disease","enrichScore":73.34}},{"data":{"id":"H00027","display_name":"Ovarian cancer","Node_Type":"kegg_Disease","enrichScore":73.34}}],"edges":[{"data":{"source":"O14497","target":"P11388","Edge_Type":"PPI","label":"interacts w\/"}},{"data":{"source":"Q05655","target":"P11388","Edge_Type":"PPI","label":"interacts w\/"}},{"data":{"source":"P38398","target":"P11388","Edge_Type":"PPI","label":"interacts w\/"}},{"data":{"source":"P38398","target":"P38398","Edge_Type":"PPI","label":"interacts w\/"}},{"data":{"source":"P35222","target":"P11388","Edge_Type":"PPI","label":"interacts w\/"}},{"data":{"source":"HP:0025160","target":"Orphanet:404473","Edge_Type":"hpodis","label":"is associated w\/"}},{"data":{"source":"P35222","target":"EFO:1000120","Edge_Type":"Disease","label":"is related to"}},{"data":{"source":"P35222","target":"EFO:0009082","Edge_Type":"Disease","label":"is related to"}},{"data":{"source":"P38398","target":"MONDO:0008170","Edge_Type":"Disease","label":"is related to"}},{"data":{"source":"P35222","target":"MONDO:0008170","Edge_Type":"Disease","label":"is related to"}},{"data":{"source":"P38398","target":"EFO:0001075","Edge_Type":"Disease","label":"is related to"}},{"data":{"source":"P35222","target":"EFO:0001075","Edge_Type":"Disease","label":"is related to"}},{"data":{"source":"P35222","target":"Orphanet:404473","Edge_Type":"Disease","label":"is related to"}},{"data":{"source":"P35222","target":"EFO:0000588","Edge_Type":"Disease","label":"is related to"}},{"data":{"source":"P35222","target":"EFO:0002939","Edge_Type":"Disease","label":"is related to"}},{"data":{"source":"P35222","target":"EFO:1000355","Edge_Type":"Disease","label":"is related to"}},{"data":{"source":"P38398","target":"Orphanet:145","Edge_Type":"Disease","label":"is related to"}},{"data":{"source":"P38398","target":"Orphanet:1333","Edge_Type":"Disease","label":"is related to"}},{"data":{"source":"P11388","target":"DB04576","Edge_Type":"Drug","label":"targets"}},{"data":{"source":"P11388","target":"DB05920","Edge_Type":"Drug","label":"targets"}},{"data":{"source":"Q05655","target":"DB04376","Edge_Type":"Drug","label":"targets"}},{"data":{"source":"P11388","target":"DB00385","Edge_Type":"Drug","label":"targets"}},{"data":{"source":"P11388","target":"DB00444","Edge_Type":"Drug","label":"targets"}},{"data":{"source":"P11388","target":"DB04978","Edge_Type":"Drug","label":"targets"}},{"data":{"source":"P11388","target":"DB06420","Edge_Type":"Drug","label":"targets"}},{"data":{"source":"P11388","target":"DB01204","Edge_Type":"Drug","label":"targets"}},{"data":{"source":"P11388","target":"DB06263","Edge_Type":"Drug","label":"targets"}},{"data":{"source":"P11388","target":"DB01177","Edge_Type":"Drug","label":"targets"}},{"data":{"source":"P35222","target":"R-HSA-3134973","Edge_Type":"Pathway","label":"is involved in"}},{"data":{"source":"Q05655","target":"R-HSA-111933","Edge_Type":"Pathway","label":"is involved in"}},{"data":{"source":"Q05655","target":"R-HSA-1489509","Edge_Type":"Pathway","label":"is involved in"}},{"data":{"source":"P35222","target":"R-HSA-8951430","Edge_Type":"Pathway","label":"is involved in"}},{"data":{"source":"Q05655","target":"R-HSA-450520","Edge_Type":"Pathway","label":"is involved in"}},{"data":{"source":"P35222","target":"R-HSA-4411364","Edge_Type":"Pathway","label":"is involved in"}},{"data":{"source":"P35222","target":"R-HSA-8876493","Edge_Type":"Pathway","label":"is involved in"}},{"data":{"source":"P35222","target":"R-HSA-351906","Edge_Type":"Pathway","label":"is involved in"}},{"data":{"source":"P35222","target":"R-HSA-5358752","Edge_Type":"Pathway","label":"is involved in"}},{"data":{"source":"P35222","target":"R-HSA-5358751","Edge_Type":"Pathway","label":"is involved in"}},{"data":{"source":"O14497","target":"HP:0200105","Edge_Type":"HPO","label":"is associated w\/"}},{"data":{"source":"P35222","target":"HP:0025160","Edge_Type":"HPO","label":"is associated w\/"}},{"data":{"source":"P35222","target":"HP:0430000","Edge_Type":"HPO","label":"is associated w\/"}},{"data":{"source":"O14497","target":"HP:0200104","Edge_Type":"HPO","label":"is associated w\/"}},{"data":{"source":"P35222","target":"HP:0011530","Edge_Type":"HPO","label":"is associated w\/"}},{"data":{"source":"Q05655","target":"HP:0012578","Edge_Type":"HPO","label":"is associated w\/"}},{"data":{"source":"P35222","target":"HP:0100245","Edge_Type":"HPO","label":"is associated w\/"}},{"data":{"source":"P35222","target":"HP:0001117","Edge_Type":"HPO","label":"is associated w\/"}},{"data":{"source":"Q05655","target":"HP:0005404","Edge_Type":"HPO","label":"is associated w\/"}},{"data":{"source":"Q05655","target":"HP:0002851","Edge_Type":"HPO","label":"is associated w\/"}},{"data":{"source":"Q05655","target":"CHEMBL429772","Edge_Type":"Prediction","label":"targets"}},{"data":{"source":"Q05655","target":"CHEMBL387220","Edge_Type":"Prediction","label":"targets"}},{"data":{"source":"Q05655","target":"CHEMBL3359681","Edge_Type":"Prediction","label":"targets"}},{"data":{"source":"Q05655","target":"CHEMBL2114053","Edge_Type":"Prediction","label":"targets"}},{"data":{"source":"Q05655","target":"CHEMBL111583","Edge_Type":"Prediction","label":"targets"}},{"data":{"source":"Q05655","target":"CHEMBL132683","Edge_Type":"Prediction","label":"targets"}},{"data":{"source":"Q05655","target":"CHEMBL95089","Edge_Type":"Prediction","label":"targets"}},{"data":{"source":"Q05655","target":"CHEMBL451757","Edge_Type":"Prediction","label":"targets"}},{"data":{"source":"Q05655","target":"CHEMBL1243402","Edge_Type":"Prediction","label":"targets"}},{"data":{"source":"Q05655","target":"CHEMBL59587","Edge_Type":"Prediction","label":"targets"}},{"data":{"source":"H00947","target":"hsa04520","Edge_Type":"kegg_dis_path","label":"modulates"}},{"data":{"source":"H00947","target":"hsa04670","Edge_Type":"kegg_dis_path","label":"modulates"}},{"data":{"source":"H00947","target":"hsa04916","Edge_Type":"kegg_dis_path","label":"modulates"}},{"data":{"source":"H00048","target":"DB01204","Edge_Type":"kegg_dis_drug","label":"indicates"}},{"data":{"source":"P38398","target":"hsa03440","Edge_Type":"kegg_path_prot","label":"is involved in"}},{"data":{"source":"P38398","target":"hsa03460","Edge_Type":"kegg_path_prot","label":"is involved in"}},{"data":{"source":"P35222","target":"hsa04520","Edge_Type":"kegg_path_prot","label":"is involved in"}},{"data":{"source":"Q05655","target":"hsa04666","Edge_Type":"kegg_path_prot","label":"is involved in"}},{"data":{"source":"Q05655","target":"hsa04912","Edge_Type":"kegg_path_prot","label":"is involved in"}},{"data":{"source":"Q05655","target":"hsa04750","Edge_Type":"kegg_path_prot","label":"is involved in"}},{"data":{"source":"P35222","target":"hsa04916","Edge_Type":"kegg_path_prot","label":"is involved in"}},{"data":{"source":"Q05655","target":"hsa04625","Edge_Type":"kegg_path_prot","label":"is involved in"}},{"data":{"source":"P35222","target":"hsa04670","Edge_Type":"kegg_path_prot","label":"is involved in"}},{"data":{"source":"P35222","target":"hsa04919","Edge_Type":"kegg_path_prot","label":"is involved in"}},{"data":{"source":"P38398","target":"H01665","Edge_Type":"kegg_dis_prot","label":"is related to"}},{"data":{"source":"P35222","target":"H00947","Edge_Type":"kegg_dis_prot","label":"is related to"}},{"data":{"source":"P35222","target":"H02302","Edge_Type":"kegg_dis_prot","label":"is related to"}},{"data":{"source":"P35222","target":"H02301","Edge_Type":"kegg_dis_prot","label":"is related to"}},{"data":{"source":"P38398","target":"H01554","Edge_Type":"kegg_dis_prot","label":"is related to"}},{"data":{"source":"O14497","target":"H00048","Edge_Type":"kegg_dis_prot","label":"is related to"}},{"data":{"source":"P35222","target":"H00048","Edge_Type":"kegg_dis_prot","label":"is related to"}},{"data":{"source":"P35222","target":"H00026","Edge_Type":"kegg_dis_prot","label":"is related to"}},{"data":{"source":"Q05655","target":"H00108","Edge_Type":"kegg_dis_prot","label":"is related to"}},{"data":{"source":"O14497","target":"H01403","Edge_Type":"kegg_dis_prot","label":"is related to"}},{"data":{"source":"P38398","target":"H00027","Edge_Type":"kegg_dis_prot","label":"is related to"}}]}