{"options":{"search_start":1613056697,"tax_ids":[9606],"num_of_fn_nodes":10,"num_of_pathways":10,"num_of_phenotypes":10,"num_of_drugs":10,"num_of_diseases":10,"num_of_compounds":10,"chembl_compounds":0,"predictions":1,"reviewed_filter":1,"fn":1,"chembl":1,"search_finish":1613056709,"search_runtime":12},"search":[{"Drug":[{"DB04132":"S-Hexylglutathione"}]}],"nodes":[{"data":{"id":"P08263","display_name":"GSTA1","Node_Type":"Protein"}},{"data":{"id":"P09211","display_name":"GSTP1","Node_Type":"Protein"}},{"data":{"id":"P0CG29","display_name":"GSTT2","Node_Type":"Protein"}},{"data":{"id":"Q03013","display_name":"GSTM4","Node_Type":"Protein"}},{"data":{"id":"Q04760","display_name":"GLO1","Node_Type":"Protein"}},{"data":{"id":"Q3MIT2","display_name":"PUS10","Node_Type":"Protein_N"}},{"data":{"id":"P21266","display_name":"GSTM3","Node_Type":"Protein_N"}},{"data":{"id":"Q9BYR8","display_name":"KRTAP3-1","Node_Type":"Protein_N"}},{"data":{"id":"Q9BWT7","display_name":"CARD10","Node_Type":"Protein_N"}},{"data":{"id":"P46439","display_name":"GSTM5","Node_Type":"Protein_N"}},{"data":{"id":"Q9BYR6","display_name":"KRTAP3-3","Node_Type":"Protein_N"}},{"data":{"id":"O76011","display_name":"KRT34","Node_Type":"Protein_N"}},{"data":{"id":"P30041","display_name":"PRDX6","Node_Type":"Protein_N"}},{"data":{"id":"Q5TD97","display_name":"FHL5","Node_Type":"Protein_N"}},{"data":{"id":"Q14525","display_name":"KRT33B","Node_Type":"Protein_N"}},{"data":{"id":"DB04132","display_name":"S-Hexylglutathione","Node_Type":"Drug","enrichScore":9999999}},{"data":{"id":"DB03003","display_name":"Glutathione sulfonic acid","Node_Type":"Drug","enrichScore":715.35}},{"data":{"id":"DB03602","display_name":"S-benzylglutathione","Node_Type":"Drug","enrichScore":635.867}},{"data":{"id":"DB13014","display_name":"Hypericin","Node_Type":"Drug","enrichScore":635.867}},{"data":{"id":"DB03686","display_name":"S-(4-nitrobenzyl)glutathione","Node_Type":"Drug","enrichScore":317.933}},{"data":{"id":"DB08370","display_name":"S-(4-BROMOBENZYL)CYSTEINE","Node_Type":"Drug","enrichScore":317.933}},{"data":{"id":"DB08179","display_name":"methyl 4-(2,3-dihydroxy-5-methylphenoxy)-2-hydroxy-6-methylbenzoate","Node_Type":"Drug","enrichScore":317.933}},{"data":{"id":"DB07849","display_name":"S-NONYL-CYSTEINE","Node_Type":"Drug","enrichScore":317.933}},{"data":{"id":"DB05460","display_name":"Ezatiostat","Node_Type":"Drug","enrichScore":317.933}},{"data":{"id":"DB04972","display_name":"Canfosfamide","Node_Type":"Drug","enrichScore":317.933}},{"data":{"id":"R-HSA-156590","display_name":"Glutathione conjugation","Node_Type":"Pathway","enrichScore":6427.5}},{"data":{"id":"R-HSA-9026762","display_name":"Biosynthesis of maresin conjugates in tissue regeneration (MCTR)","Node_Type":"Pathway","enrichScore":2142.5}},{"data":{"id":"R-HSA-189483","display_name":"Heme degradation","Node_Type":"Pathway","enrichScore":714.167}},{"data":{"id":"R-HSA-3299685","display_name":"Detoxification of Reactive Oxygen Species","Node_Type":"Pathway","enrichScore":463.243}},{"data":{"id":"R-HSA-6805567","display_name":"Keratinization","Node_Type":"Pathway","enrichScore":442.323}},{"data":{"id":"R-HSA-70268","display_name":"Pyruvate metabolism","Node_Type":"Pathway","enrichScore":204.048}},{"data":{"id":"R-HSA-6809371","display_name":"Formation of the cornified envelope","Node_Type":"Pathway","enrichScore":132.868}},{"data":{"id":"R-HSA-6798695","display_name":"Neutrophil degranulation","Node_Type":"Pathway","enrichScore":35.858}},{"data":{"id":"hsa00480","display_name":"Glutathione metabolism","Node_Type":"kegg_Pathway","enrichScore":293.057}},{"data":{"id":"hsa00982","display_name":"Drug metabolism","Node_Type":"kegg_Pathway","enrichScore":237.843}},{"data":{"id":"hsa00980","display_name":"Metabolism of xenobiotics by cytochrome P450","Node_Type":"kegg_Pathway","enrichScore":224.811}},{"data":{"id":"hsa00983","display_name":"Drug metabolism","Node_Type":"kegg_Pathway","enrichScore":207.737}},{"data":{"id":"hsa04915","display_name":"Estrogen signaling pathway","Node_Type":"kegg_Pathway","enrichScore":27.91}},{"data":{"id":"hsa01100","display_name":"Metabolic pathways","Node_Type":"kegg_Pathway","enrichScore":19.726}},{"data":{"id":"hsa00620","display_name":"Pyruvate metabolism","Node_Type":"kegg_Pathway","enrichScore":11.689}},{"data":{"id":"hsa04064","display_name":"NF-kappa B signaling pathway","Node_Type":"kegg_Pathway","enrichScore":4.383}},{"data":{"id":"H00024","display_name":"Prostate cancer","Node_Type":"kegg_Disease","enrichScore":24.447}}],"edges":[{"data":{"source":"Q3MIT2","target":"Q04760","Edge_Type":"PPI","label":"interacts w\/"}},{"data":{"source":"P21266","target":"Q03013","Edge_Type":"PPI","label":"interacts w\/"}},{"data":{"source":"P21266","target":"P21266","Edge_Type":"PPI","label":"interacts w\/"}},{"data":{"source":"Q9BYR8","target":"P09211","Edge_Type":"PPI","label":"interacts w\/"}},{"data":{"source":"Q9BWT7","target":"P09211","Edge_Type":"PPI","label":"interacts w\/"}},{"data":{"source":"P46439","target":"Q03013","Edge_Type":"PPI","label":"interacts w\/"}},{"data":{"source":"P46439","target":"P46439","Edge_Type":"PPI","label":"interacts w\/"}},{"data":{"source":"P46439","target":"P21266","Edge_Type":"PPI","label":"interacts w\/"}},{"data":{"source":"Q9BYR6","target":"P09211","Edge_Type":"PPI","label":"interacts w\/"}},{"data":{"source":"O76011","target":"P09211","Edge_Type":"PPI","label":"interacts w\/"}},{"data":{"source":"P30041","target":"P09211","Edge_Type":"PPI","label":"interacts w\/"}},{"data":{"source":"Q5TD97","target":"P09211","Edge_Type":"PPI","label":"interacts w\/"}},{"data":{"source":"Q14525","target":"P09211","Edge_Type":"PPI","label":"interacts w\/"}},{"data":{"source":"Q04760","target":"DB04132","Edge_Type":"Drug","label":"targets"}},{"data":{"source":"Q03013","target":"DB04132","Edge_Type":"Drug","label":"targets"}},{"data":{"source":"P09211","target":"DB04132","Edge_Type":"Drug","label":"targets"}},{"data":{"source":"P08263","target":"DB04132","Edge_Type":"Drug","label":"targets"}},{"data":{"source":"P0CG29","target":"DB04132","Edge_Type":"Drug","label":"targets"}},{"data":{"source":"Q03013","target":"DB03003","Edge_Type":"Drug","label":"targets"}},{"data":{"source":"P08263","target":"DB03003","Edge_Type":"Drug","label":"targets"}},{"data":{"source":"P09211","target":"DB03003","Edge_Type":"Drug","label":"targets"}},{"data":{"source":"P08263","target":"DB03602","Edge_Type":"Drug","label":"targets"}},{"data":{"source":"Q04760","target":"DB03602","Edge_Type":"Drug","label":"targets"}},{"data":{"source":"P08263","target":"DB13014","Edge_Type":"Drug","label":"targets"}},{"data":{"source":"P09211","target":"DB13014","Edge_Type":"Drug","label":"targets"}},{"data":{"source":"P09211","target":"DB03686","Edge_Type":"Drug","label":"targets"}},{"data":{"source":"P09211","target":"DB08370","Edge_Type":"Drug","label":"targets"}},{"data":{"source":"Q04760","target":"DB08179","Edge_Type":"Drug","label":"targets"}},{"data":{"source":"P09211","target":"DB07849","Edge_Type":"Drug","label":"targets"}},{"data":{"source":"P09211","target":"DB05460","Edge_Type":"Drug","label":"targets"}},{"data":{"source":"P09211","target":"DB04972","Edge_Type":"Drug","label":"targets"}},{"data":{"source":"P08263","target":"R-HSA-156590","Edge_Type":"Pathway","label":"is involved in"}},{"data":{"source":"P09211","target":"R-HSA-156590","Edge_Type":"Pathway","label":"is involved in"}},{"data":{"source":"P0CG29","target":"R-HSA-156590","Edge_Type":"Pathway","label":"is involved in"}},{"data":{"source":"Q03013","target":"R-HSA-156590","Edge_Type":"Pathway","label":"is involved in"}},{"data":{"source":"P21266","target":"R-HSA-156590","Edge_Type":"Pathway","label":"is involved in"}},{"data":{"source":"P46439","target":"R-HSA-156590","Edge_Type":"Pathway","label":"is involved in"}},{"data":{"source":"Q03013","target":"R-HSA-9026762","Edge_Type":"Pathway","label":"is involved in"}},{"data":{"source":"P08263","target":"R-HSA-189483","Edge_Type":"Pathway","label":"is involved in"}},{"data":{"source":"P09211","target":"R-HSA-3299685","Edge_Type":"Pathway","label":"is involved in"}},{"data":{"source":"P30041","target":"R-HSA-3299685","Edge_Type":"Pathway","label":"is involved in"}},{"data":{"source":"Q9BYR8","target":"R-HSA-6805567","Edge_Type":"Pathway","label":"is involved in"}},{"data":{"source":"Q9BYR6","target":"R-HSA-6805567","Edge_Type":"Pathway","label":"is involved in"}},{"data":{"source":"O76011","target":"R-HSA-6805567","Edge_Type":"Pathway","label":"is involved in"}},{"data":{"source":"Q14525","target":"R-HSA-6805567","Edge_Type":"Pathway","label":"is involved in"}},{"data":{"source":"Q04760","target":"R-HSA-70268","Edge_Type":"Pathway","label":"is involved in"}},{"data":{"source":"O76011","target":"R-HSA-6809371","Edge_Type":"Pathway","label":"is involved in"}},{"data":{"source":"Q14525","target":"R-HSA-6809371","Edge_Type":"Pathway","label":"is involved in"}},{"data":{"source":"P09211","target":"R-HSA-6798695","Edge_Type":"Pathway","label":"is involved in"}},{"data":{"source":"P30041","target":"R-HSA-6798695","Edge_Type":"Pathway","label":"is involved in"}},{"data":{"source":"P08263","target":"hsa00480","Edge_Type":"kegg_path_prot","label":"is involved in"}},{"data":{"source":"P09211","target":"hsa00480","Edge_Type":"kegg_path_prot","label":"is involved in"}},{"data":{"source":"P0CG29","target":"hsa00480","Edge_Type":"kegg_path_prot","label":"is involved in"}},{"data":{"source":"Q03013","target":"hsa00480","Edge_Type":"kegg_path_prot","label":"is involved in"}},{"data":{"source":"P21266","target":"hsa00480","Edge_Type":"kegg_path_prot","label":"is involved in"}},{"data":{"source":"P46439","target":"hsa00480","Edge_Type":"kegg_path_prot","label":"is involved in"}},{"data":{"source":"P08263","target":"hsa00982","Edge_Type":"kegg_path_prot","label":"is involved in"}},{"data":{"source":"P09211","target":"hsa00982","Edge_Type":"kegg_path_prot","label":"is involved in"}},{"data":{"source":"P0CG29","target":"hsa00982","Edge_Type":"kegg_path_prot","label":"is involved in"}},{"data":{"source":"Q03013","target":"hsa00982","Edge_Type":"kegg_path_prot","label":"is involved in"}},{"data":{"source":"P21266","target":"hsa00982","Edge_Type":"kegg_path_prot","label":"is involved in"}},{"data":{"source":"P46439","target":"hsa00982","Edge_Type":"kegg_path_prot","label":"is involved in"}},{"data":{"source":"P08263","target":"hsa00980","Edge_Type":"kegg_path_prot","label":"is involved in"}},{"data":{"source":"P09211","target":"hsa00980","Edge_Type":"kegg_path_prot","label":"is involved in"}},{"data":{"source":"P0CG29","target":"hsa00980","Edge_Type":"kegg_path_prot","label":"is involved in"}},{"data":{"source":"Q03013","target":"hsa00980","Edge_Type":"kegg_path_prot","label":"is involved in"}},{"data":{"source":"P21266","target":"hsa00980","Edge_Type":"kegg_path_prot","label":"is involved in"}},{"data":{"source":"P46439","target":"hsa00980","Edge_Type":"kegg_path_prot","label":"is involved in"}},{"data":{"source":"P08263","target":"hsa00983","Edge_Type":"kegg_path_prot","label":"is involved in"}},{"data":{"source":"P09211","target":"hsa00983","Edge_Type":"kegg_path_prot","label":"is involved in"}},{"data":{"source":"P0CG29","target":"hsa00983","Edge_Type":"kegg_path_prot","label":"is involved in"}},{"data":{"source":"Q03013","target":"hsa00983","Edge_Type":"kegg_path_prot","label":"is involved in"}},{"data":{"source":"P21266","target":"hsa00983","Edge_Type":"kegg_path_prot","label":"is involved in"}},{"data":{"source":"P46439","target":"hsa00983","Edge_Type":"kegg_path_prot","label":"is involved in"}},{"data":{"source":"O76011","target":"hsa04915","Edge_Type":"kegg_path_prot","label":"is involved in"}},{"data":{"source":"O76011","target":"hsa04915","Edge_Type":"kegg_path_prot","label":"is involved in"}},{"data":{"source":"Q14525","target":"hsa04915","Edge_Type":"kegg_path_prot","label":"is involved in"}},{"data":{"source":"P08263","target":"hsa01100","Edge_Type":"kegg_path_prot","label":"is involved in"}},{"data":{"source":"P09211","target":"hsa01100","Edge_Type":"kegg_path_prot","label":"is involved in"}},{"data":{"source":"P0CG29","target":"hsa01100","Edge_Type":"kegg_path_prot","label":"is involved in"}},{"data":{"source":"Q03013","target":"hsa01100","Edge_Type":"kegg_path_prot","label":"is involved in"}},{"data":{"source":"Q04760","target":"hsa01100","Edge_Type":"kegg_path_prot","label":"is involved in"}},{"data":{"source":"P21266","target":"hsa01100","Edge_Type":"kegg_path_prot","label":"is involved in"}},{"data":{"source":"P46439","target":"hsa01100","Edge_Type":"kegg_path_prot","label":"is involved in"}},{"data":{"source":"P30041","target":"hsa01100","Edge_Type":"kegg_path_prot","label":"is involved in"}},{"data":{"source":"Q04760","target":"hsa00620","Edge_Type":"kegg_path_prot","label":"is involved in"}},{"data":{"source":"Q9BWT7","target":"hsa04064","Edge_Type":"kegg_path_prot","label":"is involved in"}},{"data":{"source":"P09211","target":"H00024","Edge_Type":"kegg_dis_prot","label":"is related to"}}]}