Core Proteins,Interacting Proteins,Pathways,HPO terms,Diseases,Targeting Drugs,Experimental Bioactive Compounds (pChEMBL),Predicted interacting Compounds
ABCC1 (P33527),,R-HSA-189483 Heme degradation[scr:1339]; R-HSA-196741 Cobalamin (Cbl- vitamin B12) transport and metabolism[scr:383]; hsa04977 Vitamin digestion and absorption[scr:37]; hsa02010 ABC transporters[scr:19]; hsa04071 Sphingolipid signaling pathway[scr:7],,,DB08855 Leukotriene C4[scr:9999999]; DB04851 Biricodar[scr:199]; DB01138 Sulfinpyrazone[scr:149]; DB06176 Romidepsin[scr:119]; DB12540 Lecozotan[scr:1000000],,CHEMBL357828 [scr:16.31]; CHEMBL1823353 [scr:10.88]; CHEMBL384234 [scr:10.88]; CHEMBL379823 [scr:9.32]; CHEMBL360306 [scr:9.32]; CHEMBL350381 [scr:8.16]; CHEMBL1822485 [scr:7.25]; CHEMBL368211 [scr:7.25]; CHEMBL379957 [scr:7.25]
CYSLTR2 (Q9NS75),CYSLTR1 (Q9Y271); SCRIB (Q14160); DLG1 (Q12959); LNX1 (Q8TBB1); MTUS2 (Q5JR59); KRTAP1-1 (Q07627),R-HSA-391906 Leukotriene receptors[scr:6428]; hsa04020 Calcium signaling pathway[scr:17]; hsa04080 Neuroactive ligand-receptor interaction[scr:10],HP:0007716 Uveal melanoma[scr:106]; HP:0012054 Choroidal melanoma[scr:106]; HP:0012055 Ciliary body melanoma[scr:106]; HP:0008494 Inferior lens subluxation[scr:106]; HP:0030800 Abnormal visual accommodation[scr:106]; HP:0011524 Iris melanoma[scr:106]; HP:0030786 Photopsia[scr:88]; HP:0012776 Abnormal ciliary body morphology[scr:88]; HP:0011499 Mydriasis[scr:66]; HP:0200026 Ocular pain[scr:66],,DB08855 Leukotriene C4[scr:9999999]; DB11858 Leukotriene D4[scr:1192]; DB00716 Nedocromil[scr:477],,
CYSLTR1 (Q9Y271),CYSLTR2 (Q9NS75),R-HSA-391906 Leukotriene receptors[scr:6428]; hsa04020 Calcium signaling pathway[scr:17]; hsa04080 Neuroactive ligand-receptor interaction[scr:10],,,DB08855 Leukotriene C4[scr:9999999]; DB11858 Leukotriene D4[scr:1192]; DB00549 Zafirlukast[scr:596]; DB00587 Cinalukast[scr:596]; DB00716 Nedocromil[scr:477]; DB00471 Montelukast[scr:298]; DB01411 Pranlukast[scr:99],,
SCRIB (Q14160),CYSLTR2 (Q9NS75),hsa04390 Hippo signaling pathway[scr:22]; hsa04530 Tight junction[scr:20],,EFO:0003105 spina bifida (EFO)[scr:56]; MONDO:0020705 neural tube defects- susceptibility to (EFO)[scr:56]; Orphanet:268357 Neural tube closure defect (EFO)[scr:38]; Orphanet:823 Isolated spina bifida (EFO)[scr:38],,,
DLG1 (Q12959),CYSLTR2 (Q9NS75),R-HSA-447038 NrCAM interactions[scr:1148]; R-HSA-451308 Activation of Ca-permeable Kainate Receptor[scr:803]; R-HSA-442982 Ras activation upon Ca2+ influx through NMDA receptor[scr:502]; R-HSA-399719 Trafficking of AMPA receptors[scr:473]; R-HSA-9617324 Negative regulation of NMDA receptor-mediated neuronal transmission[scr:383]; R-HSA-8849932 Synaptic adhesion-like molecules[scr:383]; R-HSA-438066 Unblocking of NMDA receptors- glutamate binding and activation[scr:383]; hsa04390 Hippo signaling pathway[scr:22]; hsa04530 Tight junction[scr:20]; hsa04660 T cell receptor signaling pathway[scr:8],,,,,
LNX1 (Q8TBB1),CYSLTR2 (Q9NS75); KRTAP1-1 (Q07627); MTUS2 (Q5JR59),,,,,,
MTUS2 (Q5JR59),CYSLTR2 (Q9NS75); LNX1 (Q8TBB1),,,,,,
KRTAP1-1 (Q07627),CYSLTR2 (Q9NS75); LNX1 (Q8TBB1),,,,,,
