Core Proteins,Interacting Proteins,Pathways,HPO terms,Diseases,Targeting Drugs,Experimental Bioactive Compounds (pChEMBL),Predicted interacting Compounds
PTGS1 (P23219),,R-HSA-140180 COX reactions[scr:4591]; R-HSA-2162123 Synthesis of Prostaglandins (PG) and Thromboxanes (TX)[scr:1224]; hsa04726 Serotonergic synapse[scr:39]; hsa04923 Regulation of lipolysis in adipocytes[scr:35]; hsa00590 Arachidonic acid metabolism[scr:32],,,DB13346 Bufexamac[scr:9999999]; DB00963 Bromfenac[scr:681]; DB01397 Magnesium salicylate[scr:681]; DB13501 Bendazac[scr:681]; DB06725 Lornoxicam[scr:681]; DB00712 Flurbiprofen[scr:681]; DB01399 Salsalate[scr:681]; DB00784 Mefenamic acid[scr:681]; DB00154 Dihomo-gamma-linolenic acid[scr:681]; DB11323 Glycol salicylate[scr:681],,
PTGS2 (P35354),,R-HSA-9018679 Biosynthesis of EPA-derived SPMs[scr:4591]; R-HSA-9025094 Biosynthesis of DPAn-3 SPMs[scr:4591]; R-HSA-9027604 Biosynthesis of electrophilic Omega-3 PUFA oxo-derivatives[scr:2296]; R-HSA-9018677 Biosynthesis of DHA-derived SPMs[scr:1530]; R-HSA-2162123 Synthesis of Prostaglandins (PG) and Thromboxanes (TX)[scr:1224]; hsa04064 NF-kappa B signaling pathway[scr:42]; hsa04726 Serotonergic synapse[scr:39]; hsa04923 Regulation of lipolysis in adipocytes[scr:35]; hsa04370 VEGF signaling pathway[scr:33]; hsa00590 Arachidonic acid metabolism[scr:32]; hsa04625 C-type lectin receptor signaling pathway[scr:18],,,DB13346 Bufexamac[scr:9999999]; DB00963 Bromfenac[scr:681]; DB01397 Magnesium salicylate[scr:681]; DB13501 Bendazac[scr:681]; DB06725 Lornoxicam[scr:681]; DB00712 Flurbiprofen[scr:681]; DB01399 Salsalate[scr:681]; DB00784 Mefenamic acid[scr:681]; DB00154 Dihomo-gamma-linolenic acid[scr:681]; DB11323 Glycol salicylate[scr:681],,
HDAC10 (Q969S8),TRIM54 (Q9BYV2),R-HSA-350054 Notch-HLH transcription pathway[scr:1413],,,DB13346 Bufexamac[scr:9999999],,
HDAC6 (Q9UBN7),PROM1 (O43490); PROM1 (O43490); CYLD (Q9NQC7); PRKCA (P17252); ATP13A2 (Q9NQ11); BRMS1 (Q9HCU9); CTTN (Q14247); PRKN (O60260); MYD88 (Q99836); CTNNB1 (P35222),R-HSA-350054 Notch-HLH transcription pathway[scr:1413],HP:0012789 Hypoplasia of the calcaneus[scr:302]; HP:0006208 Metaphyseal cupping of proximal phalanges[scr:151]; HP:0006402 Distal shortening of limbs[scr:101],Orphanet:163966 X-linked dominant chondrodysplasia- Chassaing-Lacombe type (EFO)[scr:257]; H02260 Chondrodysplasia Chassaing-Lacombe type (KEGG)[scr:262],DB13346 Bufexamac[scr:9999999],,
PROM1 (O43490),HDAC6 (Q9UBN7),,,Orphanet:319640 Retinal macular dystrophy type 2 (EFO)[scr:257]; H00819 Stargardt disease (KEGG)[scr:65],,,
CYLD (Q9NQC7),HDAC6 (Q9UBN7),hsa04064 NF-kappa B signaling pathway[scr:42]; hsa04625 C-type lectin receptor signaling pathway[scr:18],,Orphanet:867 Familial multiple trichoepithelioma (EFO)[scr:257]; Orphanet:79493 Brooke-Spiegler syndrome (EFO)[scr:257]; Orphanet:211 Familial cylindromatosis (EFO)[scr:257]; H00829 Multiple familial trichoepithelioma (KEGG)[scr:262]; H00827 Brooke-Spiegler syndrome (KEGG)[scr:262]; H00828 Familial cylindromatosis (KEGG)[scr:262],,,
PRKCA (P17252),HDAC6 (Q9UBN7),R-HSA-76005 Response to elevated platelet cytosolic Ca2+[scr:1530]; hsa04726 Serotonergic synapse[scr:39]; hsa04370 VEGF signaling pathway[scr:33]; hsa04916 Melanogenesis[scr:18]; hsa04670 Leukocyte transendothelial migration[scr:17]; hsa04919 Thyroid hormone signaling pathway[scr:16]; hsa04960 Aldosterone-regulated sodium reabsorption[scr:13],,,,,CHEMBL541810 [scr:37.29]; CHEMBL541805 [scr:37.29]; CHEMBL539465 [scr:37.29]; CHEMBL545668 [scr:37.29]; CHEMBL541890 [scr:18.64]; CHEMBL1824390 [scr:18.64]; CHEMBL383167 [scr:18.64]; CHEMBL544436 [scr:18.64]; CHEMBL544149 [scr:18.64]; CHEMBL3344219 [scr:12.43]
ATP13A2 (Q9NQ11),HDAC6 (Q9UBN7),,,Orphanet:314632 Parkinsonism due to ATP13A2 deficiency (EFO)[scr:257]; Orphanet:306674 Kufor-Rakeb syndrome (EFO)[scr:257]; H02207 Kufor-Rakeb syndrome (KEGG)[scr:262]; H01600 Parkinsonian syndrome (KEGG)[scr:116],,,
BRMS1 (Q9HCU9),HDAC6 (Q9UBN7),,,,,,
CTTN (Q14247),HDAC6 (Q9UBN7),,,,,,
PRKN (O60260),HDAC6 (Q9UBN7); PRKN (O60260),,HP:0006774 Ovarian papillary adenocarcinoma[scr:173]; HP:0100621 Dysgerminoma[scr:151],H01600 Parkinsonian syndrome (KEGG)[scr:116],,,
MYD88 (Q99836),HDAC6 (Q9UBN7); MYD88 (Q99836),R-HSA-5602680 MyD88 deficiency (TLR5)[scr:1530]; hsa04064 NF-kappa B signaling pathway[scr:42],HP:0005508 Monoclonal immunoglobulin M proteinemia[scr:302]; HP:0100778 Cryoglobulinemia[scr:302],Orphanet:183713 Pyogenic bacterial infections due to MyD88 deficiency (EFO)[scr:257]; H00721 Pyogenic bacterial infections- recurrent- due to MYD88 deficiency (KEGG)[scr:262],,,
CTNNB1 (P35222),HDAC6 (Q9UBN7),R-HSA-3134973 LRR FLII-interacting protein 1 (LRRFIP1) activates type I IFN production[scr:918]; hsa04916 Melanogenesis[scr:18]; hsa04670 Leukocyte transendothelial migration[scr:17]; hsa04919 Thyroid hormone signaling pathway[scr:16],HP:0006774 Ovarian papillary adenocarcinoma[scr:173]; HP:0011530 Retinal hole[scr:151]; HP:0025160 Abnormal temper tantrums[scr:151]; HP:0430000 Abnormality of the frontal bone[scr:151]; HP:0100621 Dysgerminoma[scr:151],EFO:0009082 Pilomatrixoma (EFO)[scr:257]; EFO:1000120 Benign Skin Appendage Neoplasm (EFO)[scr:257]; H00947 Pilomatricoma (KEGG)[scr:262]; H02302 Hepatoblastoma (KEGG)[scr:131],,,
TRIM54 (Q9BYV2),HDAC10 (Q969S8),,,,,,
