Core Proteins,Interacting Proteins,Pathways,HPO terms,Diseases,Targeting Drugs,Experimental Bioactive Compounds (pChEMBL),Predicted interacting Compounds
HCRT (O43612),,R-HSA-389397 Orexin and neuropeptides FF and QRFP bind to their respective receptors[scr:349],HP:0002330 Paroxysmal drowsiness[scr:184]; HP:0006896 Hypnopompic hallucinations[scr:184]; HP:0002519 Hypnagogic hallucinations[scr:184],H01293 Narcolepsy (KEGG)[scr:80],DB03088 Pidolic acid[scr:9999999],,
IGLV2-8 (P01709),,,,,DB03088 Pidolic acid[scr:9999999],,
LMNA (P02545),TMPO (P42166),R-HSA-352238 Breakdown of the nuclear lamina[scr:932]; R-HSA-2995383 Initiation of Nuclear Envelope Reformation[scr:215]; R-HSA-4419969 Depolymerisation of the Nuclear Lamina[scr:186],HP:0100362 Aplasia of the phalanges of the 3rd toe[scr:184]; HP:0000287 Increased facial adipose tissue[scr:184]; HP:0008985 Increased intramuscular fat[scr:184]; HP:0012645 Enlarged peripheral nerve[scr:184]; HP:0008739 Labial pseudohypertrophy[scr:184]; HP:0010359 Aplasia/Hypoplasia of the phalanges of the 3rd toe[scr:184],Orphanet:98856 Charcot-Marie-Tooth disease type 2B1 (EFO)[scr:157]; Orphanet:98855 Autosomal recessive Emery-Dreifuss muscular dystrophy (EFO)[scr:157]; Orphanet:90153 Mandibuloacral dysplasia with type A lipodystrophy (EFO)[scr:157]; Orphanet:740 Hutchinson-Gilford progeria syndrome (EFO)[scr:157]; Orphanet:300751 Familial dilated cardiomyopathy with conduction defect due to LMNA mutation (EFO)[scr:157]; Orphanet:2348 Familial partial lipodystrophy- Dunnigan type (EFO)[scr:157]; EFO:0000463 obsolete_Emery-Dreifuss muscular dystrophy (EFO)[scr:157]; Orphanet:2229 Dilated cardiomyopathy - hypergonadotropic hypogonadism (EFO)[scr:157]; H00601 Hutchinson-Gilford progeria syndrome (KEGG)[scr:159]; H00665 Mandibuloacral dysplasia (KEGG)[scr:80]; H00663 Restrictive dermopathy (KEGG)[scr:80]; H00563 Emery-Dreifuss muscular dystrophy (KEGG)[scr:32]; H00590 Congenital muscular dystrophies (CMD/MDC) (KEGG)[scr:32],DB03088 Pidolic acid[scr:9999999],,
ANG (P03950),,,,,DB03088 Pidolic acid[scr:9999999],,
AMY1A (P04745),,R-HSA-189085 Digestion of dietary carbohydrate[scr:2795]; hsa00500 Starch and sucrose metabolism[scr:206]; hsa00500 Starch and sucrose metabolism[scr:206]; hsa00500 Starch and sucrose metabolism[scr:206]; hsa04973 Carbohydrate digestion and absorption[scr:158]; hsa04973 Carbohydrate digestion and absorption[scr:158]; hsa04973 Carbohydrate digestion and absorption[scr:158]; hsa04972 Pancreatic secretion[scr:74]; hsa04972 Pancreatic secretion[scr:74]; hsa04972 Pancreatic secretion[scr:74]; hsa04970 Salivary secretion[scr:28]; hsa04970 Salivary secretion[scr:28]; hsa04970 Salivary secretion[scr:28]; hsa01100 Metabolic pathways[scr:5]; hsa01100 Metabolic pathways[scr:5]; hsa01100 Metabolic pathways[scr:5],,,DB03088 Pidolic acid[scr:9999999]; DB03092 5-Hydroxymethyl-Chonduritol[scr:622]; DB03439 4-6-dideoxy-4-amino-alpha-D-glucose[scr:415],,
AMY2A (P04746),,R-HSA-189085 Digestion of dietary carbohydrate[scr:2795]; hsa00500 Starch and sucrose metabolism[scr:206]; hsa04973 Carbohydrate digestion and absorption[scr:158]; hsa04972 Pancreatic secretion[scr:74]; hsa01100 Metabolic pathways[scr:5],,,DB03088 Pidolic acid[scr:9999999]; DB03092 5-Hydroxymethyl-Chonduritol[scr:622]; DB03439 4-6-dideoxy-4-amino-alpha-D-glucose[scr:415]; DB02218 N-[4-hydroxymethyl-cyclohexan-6-yl-1-2-3-triol]-4-6-dideoxy-4-aminoglucopyranoside[scr:415]; DB03495 4-6-Dideoxy-4-{[4-5-6-Trihydroxy-3-(Hydroxymethyl)Cyclohex-2-En-1-Yl]Amino}-Alpha-D-Lyxo-Hexopyranosyl-(1->4)-Alpha-D-Threo-Hexopyranosyl-(1->6)-Alpha-L-Threo-Hexopyranose[scr:207],,
IGLC1 (P0CG04),,,,,DB03088 Pidolic acid[scr:9999999],,
VEGFA (P15692),VEGFA (P15692); TMEM237 (Q96Q45); SLC35C2 (Q9NQQ7),R-HSA-194313 VEGF ligand-receptor interactions[scr:559]; R-HSA-195399 VEGF binds to VEGFR leading to receptor dimerization[scr:349]; R-HSA-1234158 Regulation of gene expression by Hypoxia-inducible Factor[scr:254]; R-HSA-8866910 TFAP2 (AP-2) family regulates transcription of growth factors and their receptors[scr:215]; hsa04370 VEGF signaling pathway[scr:5],,H01459 Diabetic neuropathy (KEGG)[scr:159]; H01456 Diabetic nephropathy (KEGG)[scr:53]; H01457 Diabetic retinopathy (KEGG)[scr:40],DB03088 Pidolic acid[scr:9999999],,
AMY2B (P19961),,R-HSA-189085 Digestion of dietary carbohydrate[scr:2795]; hsa00500 Starch and sucrose metabolism[scr:206]; hsa04973 Carbohydrate digestion and absorption[scr:158]; hsa04972 Pancreatic secretion[scr:74]; hsa01100 Metabolic pathways[scr:5],,,DB03088 Pidolic acid[scr:9999999]; DB03092 5-Hydroxymethyl-Chonduritol[scr:622]; DB02218 N-[4-hydroxymethyl-cyclohexan-6-yl-1-2-3-triol]-4-6-dideoxy-4-aminoglucopyranoside[scr:415]; DB03277 alpha-maltotriose[scr:207],,
CCL8 (P80075),,hsa04061 Viral protein interaction with cytokine and cytokine receptor[scr:3],,,DB03088 Pidolic acid[scr:9999999],,
TFF2 (Q03403),,,,,DB03088 Pidolic acid[scr:9999999],,
KRTAP5-2 (Q701N4),KRTAP5-4 (Q6L8H1); FUCA2 (Q9BTY2); DLGAP3 (O95886); TACSTD2 (P09758); MACO1 (Q8N5G2); KRTAP4-5 (Q9BYR2),,,,DB03088 Pidolic acid[scr:9999999],,
ADAM28 (Q9UKQ2),PLAU (P00749),,,,DB03088 Pidolic acid[scr:9999999]; DB08733 (2R-3R)-N^1^-[(1S)-2-2-DIMETHYL-1-(METHYLCARBAMOYL)PROPYL]-N^4^-HYDROXY-2-(2-METHYLPROPYL)-3-{[(1-3-THIAZOL-2-YLCARBONYL)AMINO]METHYL}BUTANEDIAMIDE[scr:207],,
PLAU (P00749),ADAM28 (Q9UKQ2),R-HSA-75205 Dissolution of Fibrin Clot[scr:215]; hsa04610 Complement and coagulation cascades[scr:3]; hsa04064 NF-kappa B signaling pathway[scr:3],HP:0008148 Impaired epinephrine-induced platelet aggregation[scr:184],Orphanet:220436 Quebec platelet disorder (EFO)[scr:157],DB04172 [2-4-6-Triisopropyl-Phenylsulfonyl-L-[3-Amidino-Phenylalanine]]-Piperazine-N'-Beta-Alanine[scr:207]; DB08072 4-(2-AMINOETHOXY)-3-5-DICHLORO-N-[3-(1-METHYLETHOXY)PHENYL]BENZAMIDE[scr:207]; DB03476 Trans-6-(2-Phenylcyclopropyl)-Naphthalene-2-Carboxamidine[scr:207],,
TMPO (P42166),LMNA (P02545),,,,,,
KRTAP5-4 (Q6L8H1),KRTAP5-2 (Q701N4),,,,,,
FUCA2 (Q9BTY2),KRTAP5-2 (Q701N4),hsa00511 Other glycan degradation[scr:17],,,,,
DLGAP3 (O95886),KRTAP5-2 (Q701N4),,,,,,
TMEM237 (Q96Q45),VEGFA (P15692),,,,,,
SLC35C2 (Q9NQQ7),VEGFA (P15692),,,,,,
TACSTD2 (P09758),KRTAP5-2 (Q701N4),,,Orphanet:98957 Gelatinous drop-like corneal dystrophy (EFO)[scr:157]; H00953 Gelatinous drop-like corneal dystrophy (KEGG)[scr:159],,,
MACO1 (Q8N5G2),KRTAP5-2 (Q701N4),,,,,,
KRTAP4-5 (Q9BYR2),KRTAP5-2 (Q701N4),,,,,,
