Core Proteins,Interacting Proteins,Pathways,HPO terms,Diseases,Targeting Drugs,Experimental Bioactive Compounds (pChEMBL),Predicted interacting Compounds
CALCA (P06881),CALCRL (Q16602),R-HSA-419812 Calcitonin-like ligand receptors[scr:24347]; R-HSA-418555 G alpha (s) signalling events[scr:1810],,,DB12228 Telcagepant[scr:9999999]; DB04869 Olcegepant[scr:1590]; DB14040 Eptinezumab[scr:1590]; DB14041 Fremanezumab[scr:1590]; DB14042 Galcanezumab[scr:1590],,
CALCB (P10092),CIB1 (Q99828),R-HSA-419812 Calcitonin-like ligand receptors[scr:24347]; R-HSA-418555 G alpha (s) signalling events[scr:1810]; hsa04270 Vascular smooth muscle contraction[scr:132]; hsa04080 Neuroactive ligand-receptor interaction[scr:13],,,DB12228 Telcagepant[scr:9999999]; DB14040 Eptinezumab[scr:1590]; DB14041 Fremanezumab[scr:1590]; DB14042 Galcanezumab[scr:1590],,
CALCRL (Q16602),CALCA (P06881); RAMP2 (O60895); RAMP1 (O60894),R-HSA-419812 Calcitonin-like ligand receptors[scr:24347]; R-HSA-418555 G alpha (s) signalling events[scr:1810]; hsa04270 Vascular smooth muscle contraction[scr:132]; hsa04080 Neuroactive ligand-receptor interaction[scr:13],,,DB12228 Telcagepant[scr:9999999]; DB04869 Olcegepant[scr:1590]; DB14039 Erenumab[scr:795],,
RAMP2 (O60895),CALCRL (Q16602),R-HSA-419812 Calcitonin-like ligand receptors[scr:24347]; R-HSA-418555 G alpha (s) signalling events[scr:1810]; hsa04270 Vascular smooth muscle contraction[scr:132],,,DB01278 Pramlintide[scr:795],,
RAMP1 (O60894),CALCRL (Q16602),R-HSA-419812 Calcitonin-like ligand receptors[scr:24347]; R-HSA-418555 G alpha (s) signalling events[scr:1810]; hsa04270 Vascular smooth muscle contraction[scr:132],,,DB01278 Pramlintide[scr:795],,
CIB1 (Q99828),CALCB (P10092),,HP:0010610 Palmar pits[scr:141]; HP:0200039 Pustule[scr:39]; HP:0200035 Skin plaque[scr:35]; HP:0001051 Seborrheic dermatitis[scr:31]; HP:0200043 Verrucae[scr:29]; HP:0025092 Epidermal acanthosis[scr:19]; HP:0012740 Papilloma[scr:16]; HP:0002671 Basal cell carcinoma[scr:15]; HP:0100276 Skin pit[scr:13]; HP:0007565 Multiple cafe-au-lait spots[scr:12],Orphanet:302 Epidermodysplasia verruciformis (EFO)[scr:300],DB11093 Calcium citrate[scr:24]; DB11348 Calcium Phosphate[scr:24]; DB14481 Calcium phosphate dihydrate[scr:24],,
