{"options":{"search_start":1613060657,"tax_ids":[9606],"num_of_fn_nodes":10,"num_of_pathways":10,"num_of_phenotypes":10,"num_of_drugs":10,"num_of_diseases":10,"num_of_compounds":10,"chembl_compounds":0,"predictions":1,"reviewed_filter":1,"fn":1,"chembl":1,"search_finish":1613060669,"search_runtime":12},"search":[{"Drug":[{"DB02515":"sn-glycerol 3-phosphate"}]}],"nodes":[{"data":{"id":"P05062","display_name":"ALDOB","Node_Type":"Protein"}},{"data":{"id":"P16118","display_name":"PFKFB1","Node_Type":"Protein"}},{"data":{"id":"Q58EX7","display_name":"PLEKHG4","Node_Type":"Protein_N"}},{"data":{"id":"P35557","display_name":"GCK","Node_Type":"Protein_N"}},{"data":{"id":"Q2TAL6","display_name":"VWC2","Node_Type":"Protein_N"}},{"data":{"id":"Q8N554","display_name":"ZNF276","Node_Type":"Protein_N"}},{"data":{"id":"Q9H079","display_name":"KATNBL1","Node_Type":"Protein_N"}},{"data":{"id":"Q96D03","display_name":"DDIT4L","Node_Type":"Protein_N"}},{"data":{"id":"Q8IWZ6","display_name":"BBS7","Node_Type":"Protein_N"}},{"data":{"id":"Q8N720","display_name":"ZNF655","Node_Type":"Protein_N"}},{"data":{"id":"Q9BXC9","display_name":"BBS2","Node_Type":"Protein_N"}},{"data":{"id":"Q8NFJ9","display_name":"BBS1","Node_Type":"Protein_N"}},{"data":{"id":"EFO:0009026","display_name":"Bardet-Biedl syndrome 7","Node_Type":"Disease","enrichScore":300.083}},{"data":{"id":"Orphanet:469","display_name":"Hereditary fructose intolerance","Node_Type":"Disease","enrichScore":300.083}},{"data":{"id":"Orphanet:79299","display_name":"Hyperinsulinism due to glucokinase deficiency","Node_Type":"Disease","enrichScore":150.042}},{"data":{"id":"Orphanet:110","display_name":"Bardet-Biedl syndrome","Node_Type":"Disease","enrichScore":112.531}},{"data":{"id":"EFO:0009021","display_name":"Bardet-Biedl syndrome 1","Node_Type":"Disease","enrichScore":100.028}},{"data":{"id":"Orphanet:79134","display_name":"DEND syndrome","Node_Type":"Disease","enrichScore":75.021}},{"data":{"id":"Orphanet:99885","display_name":"Permanent neonatal diabetes mellitus","Node_Type":"Disease","enrichScore":75.021}},{"data":{"id":"Orphanet:552","display_name":"MODY","Node_Type":"Disease","enrichScore":25.007}},{"data":{"id":"EFO:0001360","display_name":"type II diabetes mellitus","Node_Type":"Disease","enrichScore":11.114}},{"data":{"id":"Orphanet:791","display_name":"Retinitis pigmentosa","Node_Type":"Disease","enrichScore":3.948}},{"data":{"id":"DB02515","display_name":"sn-glycerol 3-phosphate","Node_Type":"Drug","enrichScore":9999999}},{"data":{"id":"DB02393","display_name":"D-Gluco-2,5-Anhydro-1-Deoxy-1-Phosphonohexitol-6-Phosphate","Node_Type":"Drug","enrichScore":397.417}},{"data":{"id":"DB07358","display_name":"2-amino-N-(4-methyl-1,3-thiazol-2-yl)-5-[(4-methyl-4H-1,2,4-triazol-3-yl)sulfanyl]benzamide","Node_Type":"Drug","enrichScore":397.417}},{"data":{"id":"DB07359","display_name":"3-[(4-fluorophenyl)sulfanyl]-N-(4-methyl-1,3-thiazol-2-yl)-6-[(4-methyl-4H-1,2,4-triazol-3-yl)sulfanyl]pyridine-2-carboxamide","Node_Type":"Drug","enrichScore":397.417}},{"data":{"id":"DB08118","display_name":"2-(methylamino)-N-(4-methyl-1,3-thiazol-2-yl)-5-[(4-methyl-4H-1,2,4-triazol-3-yl)sulfanyl]benzamide","Node_Type":"Drug","enrichScore":397.417}},{"data":{"id":"DB08210","display_name":"2-AMINO-4-FLUORO-5-[(1-METHYL-1H-IMIDAZOL-2-YL)SULFANYL]-N-(1,3-THIAZOL-2-YL)BENZAMIDE","Node_Type":"Drug","enrichScore":397.417}},{"data":{"id":"DB02512","display_name":"1,6-Fructose Diphosphate (Linear Form)","Node_Type":"Drug","enrichScore":198.708}},{"data":{"id":"DB04326","display_name":"Dihydroxyacetone phosphate","Node_Type":"Drug","enrichScore":99.354}},{"data":{"id":"DB04493","display_name":"Fructose-6-phosphate","Node_Type":"Drug","enrichScore":79.483}},{"data":{"id":"DB02930","display_name":"Adenosine 5'-[gamma-thio]triphosphate","Node_Type":"Drug","enrichScore":30.571}},{"data":{"id":"R-HSA-5657560","display_name":"Hereditary fructose intolerance","Node_Type":"Pathway","enrichScore":5356.25}},{"data":{"id":"R-HSA-5619073","display_name":"Defective GCK causes maturity-onset diabetes of the young 2 (MODY2)","Node_Type":"Pathway","enrichScore":5356.25}},{"data":{"id":"R-HSA-5620922","display_name":"BBSome-mediated cargo-targeting to cilium","Node_Type":"Pathway","enrichScore":2095.924}},{"data":{"id":"R-HSA-5619107","display_name":"Defective TPR may confer susceptibility towards thyroid papillary carcinoma (TPC)","Node_Type":"Pathway","enrichScore":1785.417}},{"data":{"id":"R-HSA-70350","display_name":"Fructose catabolism","Node_Type":"Pathway","enrichScore":1071.25}},{"data":{"id":"R-HSA-163358","display_name":"PKA-mediated phosphorylation of key metabolic factors","Node_Type":"Pathway","enrichScore":1071.25}},{"data":{"id":"R-HSA-163767","display_name":"PP2A-mediated dephosphorylation of key metabolic factors","Node_Type":"Pathway","enrichScore":765.179}},{"data":{"id":"R-HSA-70171","display_name":"Glycolysis","Node_Type":"Pathway","enrichScore":522.561}},{"data":{"id":"R-HSA-210745","display_name":"Regulation of gene expression in beta cells","Node_Type":"Pathway","enrichScore":297.569}},{"data":{"id":"R-HSA-9615017","display_name":"FOXO-mediated transcription of oxidative stress, metabolic and neuronal genes","Node_Type":"Pathway","enrichScore":178.542}},{"data":{"id":"HP:0008273","display_name":"Transient aminoaciduria","Node_Type":"HPO","enrichScore":352.583}},{"data":{"id":"HP:0011033","display_name":"Impairment of fructose metabolism","Node_Type":"HPO","enrichScore":352.583}},{"data":{"id":"HP:0012545","display_name":"Reduced aldolase level","Node_Type":"HPO","enrichScore":352.583}},{"data":{"id":"HP:0005973","display_name":"Fructose intolerance","Node_Type":"HPO","enrichScore":352.583}},{"data":{"id":"HP:0003646","display_name":"Bicarbonaturia","Node_Type":"HPO","enrichScore":176.292}},{"data":{"id":"HP:0011279","display_name":"Abnormality of urine bicarbonate concentration","Node_Type":"HPO","enrichScore":176.292}},{"data":{"id":"HP:0010747","display_name":"Medial flaring of the eyebrow","Node_Type":"HPO","enrichScore":122.048}},{"data":{"id":"HP:0003149","display_name":"Hyperuricosuria","Node_Type":"HPO","enrichScore":117.528}},{"data":{"id":"HP:0012051","display_name":"Reactive hypoglycemia","Node_Type":"HPO","enrichScore":88.146}},{"data":{"id":"HP:0006279","display_name":"Beta-cell dysfunction","Node_Type":"HPO","enrichScore":58.764}},{"data":{"id":"hsa00524","display_name":"Neomycin, kanamycin and gentamicin biosynthesis","Node_Type":"kegg_Pathway","enrichScore":113.967}},{"data":{"id":"hsa00051","display_name":"Fructose and mannose metabolism","Node_Type":"kegg_Pathway","enrichScore":69.071}},{"data":{"id":"hsa00010","display_name":"Glycolysis \/ Gluconeogenesis","Node_Type":"kegg_Pathway","enrichScore":34.02}},{"data":{"id":"hsa04922","display_name":"Glucagon signaling pathway","Node_Type":"kegg_Pathway","enrichScore":19.994}},{"data":{"id":"hsa01200","display_name":"Carbon metabolism","Node_Type":"kegg_Pathway","enrichScore":19.481}},{"data":{"id":"hsa00030","display_name":"Pentose phosphate pathway","Node_Type":"kegg_Pathway","enrichScore":18.994}},{"data":{"id":"hsa00052","display_name":"Galactose metabolism","Node_Type":"kegg_Pathway","enrichScore":18.382}},{"data":{"id":"hsa00500","display_name":"Starch and sucrose metabolism","Node_Type":"kegg_Pathway","enrichScore":15.829}},{"data":{"id":"hsa00520","display_name":"Amino sugar and nucleotide sugar metabolism","Node_Type":"kegg_Pathway","enrichScore":11.872}},{"data":{"id":"hsa04917","display_name":"Prolactin signaling pathway","Node_Type":"kegg_Pathway","enrichScore":8.14}},{"data":{"id":"H00071","display_name":"Hereditary fructose intolerance","Node_Type":"kegg_Disease","enrichScore":305.583}},{"data":{"id":"H00418","display_name":"Bardet-Biedl syndrome","Node_Type":"kegg_Disease","enrichScore":130.964}},{"data":{"id":"H01267","display_name":"Familial hyperinsulinemic hypoglycemia","Node_Type":"kegg_Disease","enrichScore":43.655}},{"data":{"id":"H00512","display_name":"Permanent neonatal diabetes mellitus","Node_Type":"kegg_Disease","enrichScore":33.954}},{"data":{"id":"H00410","display_name":"Maturity onset diabetes of the young (MODY)","Node_Type":"kegg_Disease","enrichScore":27.78}},{"data":{"id":"H00527","display_name":"Retinitis pigmentosa","Node_Type":"kegg_Disease","enrichScore":4.929}}],"edges":[{"data":{"source":"P16118","target":"P16118","Edge_Type":"PPI","label":"interacts w\/"}},{"data":{"source":"Q58EX7","target":"P16118","Edge_Type":"PPI","label":"interacts w\/"}},{"data":{"source":"P35557","target":"P16118","Edge_Type":"PPI","label":"interacts w\/"}},{"data":{"source":"Q2TAL6","target":"P16118","Edge_Type":"PPI","label":"interacts w\/"}},{"data":{"source":"Q8N554","target":"P16118","Edge_Type":"PPI","label":"interacts w\/"}},{"data":{"source":"Q9H079","target":"P16118","Edge_Type":"PPI","label":"interacts w\/"}},{"data":{"source":"Q96D03","target":"P16118","Edge_Type":"PPI","label":"interacts w\/"}},{"data":{"source":"Q8IWZ6","target":"P05062","Edge_Type":"PPI","label":"interacts w\/"}},{"data":{"source":"Q8N720","target":"P16118","Edge_Type":"PPI","label":"interacts w\/"}},{"data":{"source":"Q9BXC9","target":"P05062","Edge_Type":"PPI","label":"interacts w\/"}},{"data":{"source":"Q9BXC9","target":"Q8IWZ6","Edge_Type":"PPI","label":"interacts w\/"}},{"data":{"source":"Q8NFJ9","target":"P05062","Edge_Type":"PPI","label":"interacts w\/"}},{"data":{"source":"Q8NFJ9","target":"Q9BXC9","Edge_Type":"PPI","label":"interacts w\/"}},{"data":{"source":"Q8NFJ9","target":"Q8IWZ6","Edge_Type":"PPI","label":"interacts w\/"}},{"data":{"source":"HP:0008273","target":"Orphanet:469","Edge_Type":"hpodis","label":"is associated w\/"}},{"data":{"source":"HP:0011033","target":"Orphanet:469","Edge_Type":"hpodis","label":"is associated w\/"}},{"data":{"source":"HP:0012545","target":"Orphanet:469","Edge_Type":"hpodis","label":"is associated w\/"}},{"data":{"source":"HP:0005973","target":"Orphanet:469","Edge_Type":"hpodis","label":"is associated w\/"}},{"data":{"source":"HP:0003646","target":"Orphanet:469","Edge_Type":"hpodis","label":"is associated w\/"}},{"data":{"source":"HP:0011279","target":"Orphanet:469","Edge_Type":"hpodis","label":"is associated w\/"}},{"data":{"source":"HP:0010747","target":"Orphanet:110","Edge_Type":"hpodis","label":"is associated w\/"}},{"data":{"source":"HP:0003149","target":"Orphanet:469","Edge_Type":"hpodis","label":"is associated w\/"}},{"data":{"source":"HP:0012051","target":"Orphanet:469","Edge_Type":"hpodis","label":"is associated w\/"}},{"data":{"source":"HP:0006279","target":"Orphanet:79134","Edge_Type":"hpodis","label":"is associated w\/"}},{"data":{"source":"Q8IWZ6","target":"EFO:0009026","Edge_Type":"Disease","label":"is related to"}},{"data":{"source":"P05062","target":"Orphanet:469","Edge_Type":"Disease","label":"is related to"}},{"data":{"source":"P35557","target":"Orphanet:79299","Edge_Type":"Disease","label":"is related to"}},{"data":{"source":"Q8IWZ6","target":"Orphanet:110","Edge_Type":"Disease","label":"is related to"}},{"data":{"source":"Q9BXC9","target":"Orphanet:110","Edge_Type":"Disease","label":"is related to"}},{"data":{"source":"Q8NFJ9","target":"Orphanet:110","Edge_Type":"Disease","label":"is related to"}},{"data":{"source":"Q8NFJ9","target":"EFO:0009021","Edge_Type":"Disease","label":"is related to"}},{"data":{"source":"P35557","target":"Orphanet:79134","Edge_Type":"Disease","label":"is related to"}},{"data":{"source":"P35557","target":"Orphanet:99885","Edge_Type":"Disease","label":"is related to"}},{"data":{"source":"P35557","target":"Orphanet:552","Edge_Type":"Disease","label":"is related to"}},{"data":{"source":"P35557","target":"EFO:0001360","Edge_Type":"Disease","label":"is related to"}},{"data":{"source":"Q9BXC9","target":"Orphanet:791","Edge_Type":"Disease","label":"is related to"}},{"data":{"source":"P16118","target":"DB02515","Edge_Type":"Drug","label":"targets"}},{"data":{"source":"P05062","target":"DB02515","Edge_Type":"Drug","label":"targets"}},{"data":{"source":"P16118","target":"DB02393","Edge_Type":"Drug","label":"targets"}},{"data":{"source":"P35557","target":"DB07358","Edge_Type":"Drug","label":"targets"}},{"data":{"source":"P35557","target":"DB07359","Edge_Type":"Drug","label":"targets"}},{"data":{"source":"P35557","target":"DB08118","Edge_Type":"Drug","label":"targets"}},{"data":{"source":"P35557","target":"DB08210","Edge_Type":"Drug","label":"targets"}},{"data":{"source":"P05062","target":"DB02512","Edge_Type":"Drug","label":"targets"}},{"data":{"source":"P05062","target":"DB04326","Edge_Type":"Drug","label":"targets"}},{"data":{"source":"P16118","target":"DB04493","Edge_Type":"Drug","label":"targets"}},{"data":{"source":"P16118","target":"DB02930","Edge_Type":"Drug","label":"targets"}},{"data":{"source":"P05062","target":"R-HSA-5657560","Edge_Type":"Pathway","label":"is involved in"}},{"data":{"source":"P35557","target":"R-HSA-5619073","Edge_Type":"Pathway","label":"is involved in"}},{"data":{"source":"Q8IWZ6","target":"R-HSA-5620922","Edge_Type":"Pathway","label":"is involved in"}},{"data":{"source":"Q9BXC9","target":"R-HSA-5620922","Edge_Type":"Pathway","label":"is involved in"}},{"data":{"source":"Q8NFJ9","target":"R-HSA-5620922","Edge_Type":"Pathway","label":"is involved in"}},{"data":{"source":"P35557","target":"R-HSA-5619107","Edge_Type":"Pathway","label":"is involved in"}},{"data":{"source":"P05062","target":"R-HSA-70350","Edge_Type":"Pathway","label":"is involved in"}},{"data":{"source":"P16118","target":"R-HSA-163358","Edge_Type":"Pathway","label":"is involved in"}},{"data":{"source":"P16118","target":"R-HSA-163767","Edge_Type":"Pathway","label":"is involved in"}},{"data":{"source":"P05062","target":"R-HSA-70171","Edge_Type":"Pathway","label":"is involved in"}},{"data":{"source":"P35557","target":"R-HSA-70171","Edge_Type":"Pathway","label":"is involved in"}},{"data":{"source":"P35557","target":"R-HSA-210745","Edge_Type":"Pathway","label":"is involved in"}},{"data":{"source":"P35557","target":"R-HSA-9615017","Edge_Type":"Pathway","label":"is involved in"}},{"data":{"source":"P05062","target":"HP:0008273","Edge_Type":"HPO","label":"is associated w\/"}},{"data":{"source":"P05062","target":"HP:0011033","Edge_Type":"HPO","label":"is associated w\/"}},{"data":{"source":"P05062","target":"HP:0012545","Edge_Type":"HPO","label":"is associated w\/"}},{"data":{"source":"P05062","target":"HP:0005973","Edge_Type":"HPO","label":"is associated w\/"}},{"data":{"source":"P05062","target":"HP:0003646","Edge_Type":"HPO","label":"is associated w\/"}},{"data":{"source":"P05062","target":"HP:0011279","Edge_Type":"HPO","label":"is associated w\/"}},{"data":{"source":"Q8IWZ6","target":"HP:0010747","Edge_Type":"HPO","label":"is associated w\/"}},{"data":{"source":"Q9BXC9","target":"HP:0010747","Edge_Type":"HPO","label":"is associated w\/"}},{"data":{"source":"Q8NFJ9","target":"HP:0010747","Edge_Type":"HPO","label":"is associated w\/"}},{"data":{"source":"P05062","target":"HP:0003149","Edge_Type":"HPO","label":"is associated w\/"}},{"data":{"source":"P05062","target":"HP:0012051","Edge_Type":"HPO","label":"is associated w\/"}},{"data":{"source":"P35557","target":"HP:0006279","Edge_Type":"HPO","label":"is associated w\/"}},{"data":{"source":"H00071","target":"hsa00010","Edge_Type":"kegg_dis_path","label":"modulates"}},{"data":{"source":"H01267","target":"hsa00010","Edge_Type":"kegg_dis_path","label":"modulates"}},{"data":{"source":"P35557","target":"hsa00524","Edge_Type":"kegg_path_prot","label":"is involved in"}},{"data":{"source":"P05062","target":"hsa00051","Edge_Type":"kegg_path_prot","label":"is involved in"}},{"data":{"source":"P16118","target":"hsa00051","Edge_Type":"kegg_path_prot","label":"is involved in"}},{"data":{"source":"P05062","target":"hsa00010","Edge_Type":"kegg_path_prot","label":"is involved in"}},{"data":{"source":"P35557","target":"hsa00010","Edge_Type":"kegg_path_prot","label":"is involved in"}},{"data":{"source":"P16118","target":"hsa04922","Edge_Type":"kegg_path_prot","label":"is involved in"}},{"data":{"source":"P35557","target":"hsa04922","Edge_Type":"kegg_path_prot","label":"is involved in"}},{"data":{"source":"P05062","target":"hsa01200","Edge_Type":"kegg_path_prot","label":"is involved in"}},{"data":{"source":"P35557","target":"hsa01200","Edge_Type":"kegg_path_prot","label":"is involved in"}},{"data":{"source":"P05062","target":"hsa00030","Edge_Type":"kegg_path_prot","label":"is involved in"}},{"data":{"source":"P35557","target":"hsa00052","Edge_Type":"kegg_path_prot","label":"is involved in"}},{"data":{"source":"P35557","target":"hsa00500","Edge_Type":"kegg_path_prot","label":"is involved in"}},{"data":{"source":"P35557","target":"hsa00520","Edge_Type":"kegg_path_prot","label":"is involved in"}},{"data":{"source":"P35557","target":"hsa04917","Edge_Type":"kegg_path_prot","label":"is involved in"}},{"data":{"source":"P05062","target":"H00071","Edge_Type":"kegg_dis_prot","label":"is related to"}},{"data":{"source":"Q8IWZ6","target":"H00418","Edge_Type":"kegg_dis_prot","label":"is related to"}},{"data":{"source":"Q9BXC9","target":"H00418","Edge_Type":"kegg_dis_prot","label":"is related to"}},{"data":{"source":"Q8NFJ9","target":"H00418","Edge_Type":"kegg_dis_prot","label":"is related to"}},{"data":{"source":"P35557","target":"H01267","Edge_Type":"kegg_dis_prot","label":"is related to"}},{"data":{"source":"P35557","target":"H00512","Edge_Type":"kegg_dis_prot","label":"is related to"}},{"data":{"source":"P35557","target":"H00410","Edge_Type":"kegg_dis_prot","label":"is related to"}},{"data":{"source":"Q9BXC9","target":"H00527","Edge_Type":"kegg_dis_prot","label":"is related to"}}]}