{"options":{"search_start":1613059846,"tax_ids":[9606],"num_of_fn_nodes":10,"num_of_pathways":10,"num_of_phenotypes":10,"num_of_drugs":10,"num_of_diseases":10,"num_of_compounds":10,"chembl_compounds":0,"predictions":1,"reviewed_filter":1,"fn":1,"chembl":1,"search_finish":1613059883,"search_runtime":37},"search":[{"Drug":[{"DB01103":"Quinacrine"}]}],"nodes":[{"data":{"id":"O60733","display_name":"PLA2G6","Node_Type":"Protein"}},{"data":{"id":"P04156","display_name":"PRNP","Node_Type":"Protein"}},{"data":{"id":"P08172","display_name":"CHRM2","Node_Type":"Protein"}},{"data":{"id":"P08173","display_name":"CHRM4","Node_Type":"Protein"}},{"data":{"id":"P08913","display_name":"ADRA2A","Node_Type":"Protein"}},{"data":{"id":"P11229","display_name":"CHRM1","Node_Type":"Protein"}},{"data":{"id":"P18089","display_name":"ADRA2B","Node_Type":"Protein"}},{"data":{"id":"P18825","display_name":"ADRA2C","Node_Type":"Protein"}},{"data":{"id":"P20309","display_name":"CHRM3","Node_Type":"Protein"}},{"data":{"id":"P28223","display_name":"HTR2A","Node_Type":"Protein"}},{"data":{"id":"P35462","display_name":"DRD3","Node_Type":"Protein"}},{"data":{"id":"P47712","display_name":"PLA2G4A","Node_Type":"Protein"}},{"data":{"id":"Q15111","display_name":"PLCL1","Node_Type":"Protein"}},{"data":{"id":"B2RXF5","display_name":"ZBTB42","Node_Type":"Protein_N"}},{"data":{"id":"Q9Y2B0","display_name":"CNPY2","Node_Type":"Protein_N"}},{"data":{"id":"P08908","display_name":"HTR1A","Node_Type":"Protein_N"}},{"data":{"id":"O95199","display_name":"RCBTB2","Node_Type":"Protein_N"}},{"data":{"id":"P21554","display_name":"CNR1","Node_Type":"Protein_N"}},{"data":{"id":"Q86XT4","display_name":"TRIM50","Node_Type":"Protein_N"}},{"data":{"id":"Q9ULW5","display_name":"RAB26","Node_Type":"Protein_N"}},{"data":{"id":"P25105","display_name":"PTAFR","Node_Type":"Protein_N"}},{"data":{"id":"Q13642","display_name":"FHL1","Node_Type":"Protein_N"}},{"data":{"id":"Q8IZF0","display_name":"NALCN","Node_Type":"Protein_N"}},{"data":{"id":"Orphanet:199351","display_name":"Adult-onset dystonia-parkinsonism","Node_Type":"Disease","enrichScore":156.565}},{"data":{"id":"Orphanet:178461","display_name":"X-linked myopathy with postural muscle atrophy","Node_Type":"Disease","enrichScore":156.565}},{"data":{"id":"Orphanet:97239","display_name":"Reducing body myopathy","Node_Type":"Disease","enrichScore":156.565}},{"data":{"id":"Orphanet:466","display_name":"Fatal familial insomnia","Node_Type":"Disease","enrichScore":156.565}},{"data":{"id":"Orphanet:371364","display_name":"Hypotonia-speech impairment-severe cognitive delay syndrome","Node_Type":"Disease","enrichScore":156.565}},{"data":{"id":"Orphanet:356","display_name":"Gerstmann-Straussler-Scheinker syndrome","Node_Type":"Disease","enrichScore":156.565}},{"data":{"id":"EFO:0004720","display_name":"prion disease","Node_Type":"Disease","enrichScore":156.565}},{"data":{"id":"Orphanet:35069","display_name":"Infantile neuroaxonal dystrophy","Node_Type":"Disease","enrichScore":156.565}},{"data":{"id":"EFO:1001868","display_name":"congenital contractures of the limbs and face, hypotonia, and developmental delay","Node_Type":"Disease","enrichScore":156.565}},{"data":{"id":"Orphanet:2970","display_name":"Prune belly syndrome","Node_Type":"Disease","enrichScore":156.565}},{"data":{"id":"DB01103","display_name":"Quinacrine","Node_Type":"Drug","enrichScore":9999999}},{"data":{"id":"DB00715","display_name":"Paroxetine","Node_Type":"Drug","enrichScore":2591.848}},{"data":{"id":"DB00433","display_name":"Prochlorperazine","Node_Type":"Drug","enrichScore":1866.13}},{"data":{"id":"DB00502","display_name":"Haloperidol","Node_Type":"Drug","enrichScore":1451.435}},{"data":{"id":"DB01175","display_name":"Escitalopram","Node_Type":"Drug","enrichScore":1244.087}},{"data":{"id":"DB09167","display_name":"Dosulepin","Node_Type":"Drug","enrichScore":1049.698}},{"data":{"id":"DB09194","display_name":"Etoperidone","Node_Type":"Drug","enrichScore":947.876}},{"data":{"id":"DB01069","display_name":"Promethazine","Node_Type":"Drug","enrichScore":923.64}},{"data":{"id":"DB01403","display_name":"Methotrimeprazine","Node_Type":"Drug","enrichScore":883.957}},{"data":{"id":"DB01085","display_name":"Pilocarpine","Node_Type":"Drug","enrichScore":829.391}},{"data":{"id":"R-HSA-390648","display_name":"Muscarinic acetylcholine receptors","Node_Type":"Pathway","enrichScore":8942.609}},{"data":{"id":"R-HSA-392023","display_name":"Adrenaline signalling through Alpha-2 adrenergic receptor","Node_Type":"Pathway","enrichScore":8383.696}},{"data":{"id":"R-HSA-390696","display_name":"Adrenoceptors","Node_Type":"Pathway","enrichScore":2794.565}},{"data":{"id":"R-HSA-1482798","display_name":"Acyl chain remodeling of CL","Node_Type":"Pathway","enrichScore":1863.043}},{"data":{"id":"R-HSA-111995","display_name":"phospho-PLA2 pathway","Node_Type":"Pathway","enrichScore":1397.283}},{"data":{"id":"R-HSA-390666","display_name":"Serotonin receptors","Node_Type":"Pathway","enrichScore":931.522}},{"data":{"id":"R-HSA-2142753","display_name":"Arachidonic acid metabolism","Node_Type":"Pathway","enrichScore":698.641}},{"data":{"id":"R-HSA-418594","display_name":"G alpha (i) signalling events","Node_Type":"Pathway","enrichScore":677.47}},{"data":{"id":"R-HSA-373076","display_name":"Class A\/1 (Rhodopsin-like receptors)","Node_Type":"Pathway","enrichScore":588.33}},{"data":{"id":"R-HSA-390651","display_name":"Dopamine receptors","Node_Type":"Pathway","enrichScore":558.913}},{"data":{"id":"HP:0100292","display_name":"Amyloidosis of peripheral nerves","Node_Type":"HPO","enrichScore":183.957}},{"data":{"id":"HP:0005199","display_name":"Aplasia of the abdominal wall musculature","Node_Type":"HPO","enrichScore":183.957}},{"data":{"id":"HP:0010846","display_name":"EEG with persistent abnormal rhythmic activity","Node_Type":"HPO","enrichScore":183.957}},{"data":{"id":"HP:0010542","display_name":"Vestibular nystagmus","Node_Type":"HPO","enrichScore":183.957}},{"data":{"id":"HP:0040201","display_name":"Simultanapraxia","Node_Type":"HPO","enrichScore":183.957}},{"data":{"id":"HP:0040200","display_name":"Motor impersistence","Node_Type":"HPO","enrichScore":183.957}},{"data":{"id":"HP:0011176","display_name":"EEG with constitutional variants","Node_Type":"HPO","enrichScore":183.957}},{"data":{"id":"HP:0025262","display_name":"Stiff hip","Node_Type":"HPO","enrichScore":183.957}},{"data":{"id":"HP:0008141","display_name":"Dislocation of toes","Node_Type":"HPO","enrichScore":183.957}},{"data":{"id":"HP:0001351","display_name":"Jerk-locked premyoclonus spikes","Node_Type":"HPO","enrichScore":91.978}},{"data":{"id":"CHEMBL364061","display_name":"CHEMBL364061","Node_Type":"Prediction","enrichScore":51.065}},{"data":{"id":"CHEMBL3402684","display_name":"CHEMBL3402684","Node_Type":"Prediction","enrichScore":45.391}},{"data":{"id":"CHEMBL1611654","display_name":"CHEMBL1611654","Node_Type":"Prediction","enrichScore":45.391}},{"data":{"id":"CHEMBL2283212","display_name":"CHEMBL2283212","Node_Type":"Prediction","enrichScore":45.391}},{"data":{"id":"CHEMBL3699576","display_name":"CHEMBL3699576","Node_Type":"Prediction","enrichScore":45.391}},{"data":{"id":"CHEMBL3666082","display_name":"CHEMBL3666082","Node_Type":"Prediction","enrichScore":45.391}},{"data":{"id":"CHEMBL2315306","display_name":"CHEMBL2315306","Node_Type":"Prediction","enrichScore":45.391}},{"data":{"id":"CHEMBL3975179","display_name":"CHEMBL3975179","Node_Type":"Prediction","enrichScore":45.391}},{"data":{"id":"CHEMBL3649206","display_name":"CHEMBL3649206","Node_Type":"Prediction","enrichScore":45.391}},{"data":{"id":"CHEMBL3649189","display_name":"CHEMBL3649189","Node_Type":"Prediction","enrichScore":45.391}},{"data":{"id":"hsa04080","display_name":"Neuroactive ligand-receptor interaction","Node_Type":"kegg_Pathway","enrichScore":125.181}},{"data":{"id":"hsa00592","display_name":"alpha-Linolenic acid metabolism","Node_Type":"kegg_Pathway","enrichScore":49.551}},{"data":{"id":"hsa04725","display_name":"Cholinergic synapse","Node_Type":"kegg_Pathway","enrichScore":42.472}},{"data":{"id":"hsa00591","display_name":"Linoleic acid metabolism","Node_Type":"kegg_Pathway","enrichScore":42.472}},{"data":{"id":"hsa04020","display_name":"Calcium signaling pathway","Node_Type":"kegg_Pathway","enrichScore":37.35}},{"data":{"id":"hsa00565","display_name":"Ether lipid metabolism","Node_Type":"kegg_Pathway","enrichScore":25.853}},{"data":{"id":"hsa04750","display_name":"Inflammatory mediator regulation of TRP channels","Node_Type":"kegg_Pathway","enrichScore":25.007}},{"data":{"id":"hsa04726","display_name":"Serotonergic synapse","Node_Type":"kegg_Pathway","enrichScore":23.471}},{"data":{"id":"hsa04810","display_name":"Regulation of actin cytoskeleton","Node_Type":"kegg_Pathway","enrichScore":22.333}},{"data":{"id":"hsa00590","display_name":"Arachidonic acid metabolism","Node_Type":"kegg_Pathway","enrichScore":19.181}},{"data":{"id":"H00061","display_name":"Prion disease","Node_Type":"kegg_Disease","enrichScore":159.435}},{"data":{"id":"H02129","display_name":"Prune belly syndrome","Node_Type":"kegg_Disease","enrichScore":159.435}},{"data":{"id":"H00697","display_name":"X-linked myopathy with postural muscle atrophy","Node_Type":"kegg_Disease","enrichScore":159.435}},{"data":{"id":"H00657","display_name":"Reducing body myopathy","Node_Type":"kegg_Disease","enrichScore":159.435}},{"data":{"id":"H01243","display_name":"Huntington disease-like syndrome","Node_Type":"kegg_Disease","enrichScore":53.145}},{"data":{"id":"H01649","display_name":"Schizophrenia","Node_Type":"kegg_Disease","enrichScore":53.145}},{"data":{"id":"H00656","display_name":"Scapuloperoneal myopathy","Node_Type":"kegg_Disease","enrichScore":53.145}},{"data":{"id":"H01646","display_name":"Major depressive disorder","Node_Type":"kegg_Disease","enrichScore":53.145}},{"data":{"id":"H01922","display_name":"Infantile hypotonia with psychomotor retardation and characteristic facies","Node_Type":"kegg_Disease","enrichScore":39.859}},{"data":{"id":"H00563","display_name":"Emery-Dreifuss muscular dystrophy","Node_Type":"kegg_Disease","enrichScore":31.887}}],"edges":[{"data":{"source":"O60733","target":"O60733","Edge_Type":"PPI","label":"interacts w\/"}},{"data":{"source":"P04156","target":"P04156","Edge_Type":"PPI","label":"interacts w\/"}},{"data":{"source":"P08913","target":"P08913","Edge_Type":"PPI","label":"interacts w\/"}},{"data":{"source":"P18825","target":"P18825","Edge_Type":"PPI","label":"interacts w\/"}},{"data":{"source":"P18825","target":"P08913","Edge_Type":"PPI","label":"interacts w\/"}},{"data":{"source":"P28223","target":"P28223","Edge_Type":"PPI","label":"interacts w\/"}},{"data":{"source":"B2RXF5","target":"O60733","Edge_Type":"PPI","label":"interacts w\/"}},{"data":{"source":"Q9Y2B0","target":"P18825","Edge_Type":"PPI","label":"interacts w\/"}},{"data":{"source":"P08908","target":"P28223","Edge_Type":"PPI","label":"interacts w\/"}},{"data":{"source":"O95199","target":"O60733","Edge_Type":"PPI","label":"interacts w\/"}},{"data":{"source":"P21554","target":"P28223","Edge_Type":"PPI","label":"interacts w\/"}},{"data":{"source":"P21554","target":"P21554","Edge_Type":"PPI","label":"interacts w\/"}},{"data":{"source":"Q86XT4","target":"O60733","Edge_Type":"PPI","label":"interacts w\/"}},{"data":{"source":"Q86XT4","target":"Q86XT4","Edge_Type":"PPI","label":"interacts w\/"}},{"data":{"source":"Q9ULW5","target":"P18089","Edge_Type":"PPI","label":"interacts w\/"}},{"data":{"source":"P25105","target":"P04156","Edge_Type":"PPI","label":"interacts w\/"}},{"data":{"source":"Q13642","target":"P04156","Edge_Type":"PPI","label":"interacts w\/"}},{"data":{"source":"Q8IZF0","target":"P20309","Edge_Type":"PPI","label":"interacts w\/"}},{"data":{"source":"HP:0005199","target":"Orphanet:2970","Edge_Type":"hpodis","label":"is associated w\/"}},{"data":{"source":"HP:0005199","target":"Orphanet:2970","Edge_Type":"hpodis","label":"is associated w\/"}},{"data":{"source":"HP:0025262","target":"Orphanet:199351","Edge_Type":"hpodis","label":"is associated w\/"}},{"data":{"source":"O60733","target":"Orphanet:199351","Edge_Type":"Disease","label":"is related to"}},{"data":{"source":"Q13642","target":"Orphanet:178461","Edge_Type":"Disease","label":"is related to"}},{"data":{"source":"Q13642","target":"Orphanet:97239","Edge_Type":"Disease","label":"is related to"}},{"data":{"source":"P04156","target":"Orphanet:466","Edge_Type":"Disease","label":"is related to"}},{"data":{"source":"Q8IZF0","target":"Orphanet:371364","Edge_Type":"Disease","label":"is related to"}},{"data":{"source":"P04156","target":"Orphanet:356","Edge_Type":"Disease","label":"is related to"}},{"data":{"source":"P04156","target":"EFO:0004720","Edge_Type":"Disease","label":"is related to"}},{"data":{"source":"O60733","target":"Orphanet:35069","Edge_Type":"Disease","label":"is related to"}},{"data":{"source":"Q8IZF0","target":"EFO:1001868","Edge_Type":"Disease","label":"is related to"}},{"data":{"source":"P20309","target":"Orphanet:2970","Edge_Type":"Disease","label":"is related to"}},{"data":{"source":"O60733","target":"DB01103","Edge_Type":"Drug","label":"targets"}},{"data":{"source":"P47712","target":"DB01103","Edge_Type":"Drug","label":"targets"}},{"data":{"source":"Q15111","target":"DB01103","Edge_Type":"Drug","label":"targets"}},{"data":{"source":"P04156","target":"DB01103","Edge_Type":"Chembl","label":"targets","pchembl_value":6.52}},{"data":{"source":"P08172","target":"DB01103","Edge_Type":"Chembl","label":"targets","pchembl_value":6.02}},{"data":{"source":"P08173","target":"DB01103","Edge_Type":"Chembl","label":"targets","pchembl_value":6.56}},{"data":{"source":"P08913","target":"DB01103","Edge_Type":"Chembl","label":"targets","pchembl_value":6.07}},{"data":{"source":"P11229","target":"DB01103","Edge_Type":"Chembl","label":"targets","pchembl_value":6.45}},{"data":{"source":"P18089","target":"DB01103","Edge_Type":"Chembl","label":"targets","pchembl_value":6.08}},{"data":{"source":"P18825","target":"DB01103","Edge_Type":"Chembl","label":"targets","pchembl_value":6.25}},{"data":{"source":"P20309","target":"DB01103","Edge_Type":"Chembl","label":"targets","pchembl_value":6.58}},{"data":{"source":"P28223","target":"DB01103","Edge_Type":"Chembl","label":"targets","pchembl_value":6.12}},{"data":{"source":"P35462","target":"DB01103","Edge_Type":"Chembl","label":"targets","pchembl_value":6.35}},{"data":{"source":"P28223","target":"DB00715","Edge_Type":"Drug","label":"targets"}},{"data":{"source":"P08913","target":"DB00715","Edge_Type":"Drug","label":"targets"}},{"data":{"source":"P18089","target":"DB00715","Edge_Type":"Drug","label":"targets"}},{"data":{"source":"P18825","target":"DB00715","Edge_Type":"Drug","label":"targets"}},{"data":{"source":"P08908","target":"DB00715","Edge_Type":"Drug","label":"targets"}},{"data":{"source":"P11229","target":"DB00715","Edge_Type":"Drug","label":"targets"}},{"data":{"source":"P08172","target":"DB00715","Edge_Type":"Drug","label":"targets"}},{"data":{"source":"P20309","target":"DB00715","Edge_Type":"Drug","label":"targets"}},{"data":{"source":"P08173","target":"DB00715","Edge_Type":"Drug","label":"targets"}},{"data":{"source":"P08913","target":"DB00433","Edge_Type":"Drug","label":"targets"}},{"data":{"source":"P18089","target":"DB00433","Edge_Type":"Drug","label":"targets"}},{"data":{"source":"P18825","target":"DB00433","Edge_Type":"Drug","label":"targets"}},{"data":{"source":"P28223","target":"DB00502","Edge_Type":"Drug","label":"targets"}},{"data":{"source":"P35462","target":"DB00502","Edge_Type":"Drug","label":"targets"}},{"data":{"source":"P20309","target":"DB00502","Edge_Type":"Drug","label":"targets"}},{"data":{"source":"P08913","target":"DB00502","Edge_Type":"Drug","label":"targets"}},{"data":{"source":"P18089","target":"DB00502","Edge_Type":"Drug","label":"targets"}},{"data":{"source":"P18825","target":"DB00502","Edge_Type":"Drug","label":"targets"}},{"data":{"source":"P08908","target":"DB00502","Edge_Type":"Drug","label":"targets"}},{"data":{"source":"P11229","target":"DB01175","Edge_Type":"Drug","label":"targets"}},{"data":{"source":"P08908","target":"DB01175","Edge_Type":"Drug","label":"targets"}},{"data":{"source":"P28223","target":"DB01175","Edge_Type":"Drug","label":"targets"}},{"data":{"source":"P08913","target":"DB01175","Edge_Type":"Drug","label":"targets"}},{"data":{"source":"P18089","target":"DB01175","Edge_Type":"Drug","label":"targets"}},{"data":{"source":"P18825","target":"DB01175","Edge_Type":"Drug","label":"targets"}},{"data":{"source":"P08908","target":"DB09167","Edge_Type":"Drug","label":"targets"}},{"data":{"source":"P28223","target":"DB09167","Edge_Type":"Drug","label":"targets"}},{"data":{"source":"P11229","target":"DB09167","Edge_Type":"Drug","label":"targets"}},{"data":{"source":"P08172","target":"DB09167","Edge_Type":"Drug","label":"targets"}},{"data":{"source":"P20309","target":"DB09167","Edge_Type":"Drug","label":"targets"}},{"data":{"source":"P08173","target":"DB09167","Edge_Type":"Drug","label":"targets"}},{"data":{"source":"P08913","target":"DB09167","Edge_Type":"Drug","label":"targets"}},{"data":{"source":"P18089","target":"DB09167","Edge_Type":"Drug","label":"targets"}},{"data":{"source":"P18825","target":"DB09167","Edge_Type":"Drug","label":"targets"}},{"data":{"source":"P08913","target":"DB09194","Edge_Type":"Drug","label":"targets"}},{"data":{"source":"P18089","target":"DB09194","Edge_Type":"Drug","label":"targets"}},{"data":{"source":"P18825","target":"DB09194","Edge_Type":"Drug","label":"targets"}},{"data":{"source":"P11229","target":"DB09194","Edge_Type":"Drug","label":"targets"}},{"data":{"source":"P08172","target":"DB09194","Edge_Type":"Drug","label":"targets"}},{"data":{"source":"P20309","target":"DB09194","Edge_Type":"Drug","label":"targets"}},{"data":{"source":"P08173","target":"DB09194","Edge_Type":"Drug","label":"targets"}},{"data":{"source":"P28223","target":"DB09194","Edge_Type":"Drug","label":"targets"}},{"data":{"source":"P11229","target":"DB01069","Edge_Type":"Drug","label":"targets"}},{"data":{"source":"P08172","target":"DB01069","Edge_Type":"Drug","label":"targets"}},{"data":{"source":"P20309","target":"DB01069","Edge_Type":"Drug","label":"targets"}},{"data":{"source":"P08173","target":"DB01069","Edge_Type":"Drug","label":"targets"}},{"data":{"source":"P08913","target":"DB01069","Edge_Type":"Drug","label":"targets"}},{"data":{"source":"P18089","target":"DB01069","Edge_Type":"Drug","label":"targets"}},{"data":{"source":"P18825","target":"DB01069","Edge_Type":"Drug","label":"targets"}},{"data":{"source":"P35462","target":"DB01403","Edge_Type":"Drug","label":"targets"}},{"data":{"source":"P28223","target":"DB01403","Edge_Type":"Drug","label":"targets"}},{"data":{"source":"P11229","target":"DB01403","Edge_Type":"Drug","label":"targets"}},{"data":{"source":"P08172","target":"DB01403","Edge_Type":"Drug","label":"targets"}},{"data":{"source":"P20309","target":"DB01403","Edge_Type":"Drug","label":"targets"}},{"data":{"source":"P08173","target":"DB01403","Edge_Type":"Drug","label":"targets"}},{"data":{"source":"P08913","target":"DB01403","Edge_Type":"Drug","label":"targets"}},{"data":{"source":"P18089","target":"DB01403","Edge_Type":"Drug","label":"targets"}},{"data":{"source":"P18825","target":"DB01403","Edge_Type":"Drug","label":"targets"}},{"data":{"source":"P20309","target":"DB01085","Edge_Type":"Drug","label":"targets"}},{"data":{"source":"P11229","target":"DB01085","Edge_Type":"Drug","label":"targets"}},{"data":{"source":"P08172","target":"DB01085","Edge_Type":"Drug","label":"targets"}},{"data":{"source":"P08173","target":"DB01085","Edge_Type":"Drug","label":"targets"}},{"data":{"source":"P08172","target":"R-HSA-390648","Edge_Type":"Pathway","label":"is involved in"}},{"data":{"source":"P08173","target":"R-HSA-390648","Edge_Type":"Pathway","label":"is involved in"}},{"data":{"source":"P11229","target":"R-HSA-390648","Edge_Type":"Pathway","label":"is involved in"}},{"data":{"source":"P20309","target":"R-HSA-390648","Edge_Type":"Pathway","label":"is involved in"}},{"data":{"source":"P08913","target":"R-HSA-392023","Edge_Type":"Pathway","label":"is involved in"}},{"data":{"source":"P18089","target":"R-HSA-392023","Edge_Type":"Pathway","label":"is involved in"}},{"data":{"source":"P18825","target":"R-HSA-392023","Edge_Type":"Pathway","label":"is involved in"}},{"data":{"source":"P08913","target":"R-HSA-390696","Edge_Type":"Pathway","label":"is involved in"}},{"data":{"source":"P18089","target":"R-HSA-390696","Edge_Type":"Pathway","label":"is involved in"}},{"data":{"source":"P18825","target":"R-HSA-390696","Edge_Type":"Pathway","label":"is involved in"}},{"data":{"source":"O60733","target":"R-HSA-1482798","Edge_Type":"Pathway","label":"is involved in"}},{"data":{"source":"P47712","target":"R-HSA-1482798","Edge_Type":"Pathway","label":"is involved in"}},{"data":{"source":"P47712","target":"R-HSA-111995","Edge_Type":"Pathway","label":"is involved in"}},{"data":{"source":"P28223","target":"R-HSA-390666","Edge_Type":"Pathway","label":"is involved in"}},{"data":{"source":"P08908","target":"R-HSA-390666","Edge_Type":"Pathway","label":"is involved in"}},{"data":{"source":"P47712","target":"R-HSA-2142753","Edge_Type":"Pathway","label":"is involved in"}},{"data":{"source":"P08172","target":"R-HSA-418594","Edge_Type":"Pathway","label":"is involved in"}},{"data":{"source":"P08173","target":"R-HSA-418594","Edge_Type":"Pathway","label":"is involved in"}},{"data":{"source":"P08913","target":"R-HSA-418594","Edge_Type":"Pathway","label":"is involved in"}},{"data":{"source":"P18089","target":"R-HSA-418594","Edge_Type":"Pathway","label":"is involved in"}},{"data":{"source":"P18825","target":"R-HSA-418594","Edge_Type":"Pathway","label":"is involved in"}},{"data":{"source":"P35462","target":"R-HSA-418594","Edge_Type":"Pathway","label":"is involved in"}},{"data":{"source":"P08908","target":"R-HSA-418594","Edge_Type":"Pathway","label":"is involved in"}},{"data":{"source":"P21554","target":"R-HSA-418594","Edge_Type":"Pathway","label":"is involved in"}},{"data":{"source":"P21554","target":"R-HSA-373076","Edge_Type":"Pathway","label":"is involved in"}},{"data":{"source":"P25105","target":"R-HSA-373076","Edge_Type":"Pathway","label":"is involved in"}},{"data":{"source":"P35462","target":"R-HSA-390651","Edge_Type":"Pathway","label":"is involved in"}},{"data":{"source":"P04156","target":"HP:0100292","Edge_Type":"HPO","label":"is associated w\/"}},{"data":{"source":"P20309","target":"HP:0005199","Edge_Type":"HPO","label":"is associated w\/"}},{"data":{"source":"P04156","target":"HP:0010846","Edge_Type":"HPO","label":"is associated w\/"}},{"data":{"source":"P04156","target":"HP:0010542","Edge_Type":"HPO","label":"is associated w\/"}},{"data":{"source":"P04156","target":"HP:0040201","Edge_Type":"HPO","label":"is associated w\/"}},{"data":{"source":"P04156","target":"HP:0040200","Edge_Type":"HPO","label":"is associated w\/"}},{"data":{"source":"P04156","target":"HP:0011176","Edge_Type":"HPO","label":"is associated w\/"}},{"data":{"source":"O60733","target":"HP:0025262","Edge_Type":"HPO","label":"is associated w\/"}},{"data":{"source":"Q13642","target":"HP:0008141","Edge_Type":"HPO","label":"is associated w\/"}},{"data":{"source":"P18089","target":"HP:0001351","Edge_Type":"HPO","label":"is associated w\/"}},{"data":{"source":"P28223","target":"CHEMBL364061","Edge_Type":"predictionChembl","label":"targets"}},{"data":{"source":"P08172","target":"CHEMBL364061","Edge_Type":"Prediction","label":"targets"}},{"data":{"source":"P08173","target":"CHEMBL364061","Edge_Type":"Prediction","label":"targets"}},{"data":{"source":"P18089","target":"CHEMBL364061","Edge_Type":"Prediction","label":"targets"}},{"data":{"source":"P28223","target":"CHEMBL3402684","Edge_Type":"predictionChembl","label":"targets"}},{"data":{"source":"P08173","target":"CHEMBL3402684","Edge_Type":"Prediction","label":"targets"}},{"data":{"source":"P08908","target":"CHEMBL3402684","Edge_Type":"Prediction","label":"targets"}},{"data":{"source":"P08173","target":"CHEMBL1611654","Edge_Type":"Prediction","label":"targets"}},{"data":{"source":"P08908","target":"CHEMBL1611654","Edge_Type":"Prediction","label":"targets"}},{"data":{"source":"P08173","target":"CHEMBL2283212","Edge_Type":"Prediction","label":"targets"}},{"data":{"source":"P08908","target":"CHEMBL2283212","Edge_Type":"Prediction","label":"targets"}},{"data":{"source":"P08173","target":"CHEMBL3699576","Edge_Type":"Prediction","label":"targets"}},{"data":{"source":"P08908","target":"CHEMBL3699576","Edge_Type":"Prediction","label":"targets"}},{"data":{"source":"P08173","target":"CHEMBL3666082","Edge_Type":"Prediction","label":"targets"}},{"data":{"source":"P08908","target":"CHEMBL3666082","Edge_Type":"Prediction","label":"targets"}},{"data":{"source":"P08173","target":"CHEMBL2315306","Edge_Type":"Prediction","label":"targets"}},{"data":{"source":"P08908","target":"CHEMBL2315306","Edge_Type":"Prediction","label":"targets"}},{"data":{"source":"P08173","target":"CHEMBL3975179","Edge_Type":"Prediction","label":"targets"}},{"data":{"source":"P08908","target":"CHEMBL3975179","Edge_Type":"Prediction","label":"targets"}},{"data":{"source":"P08173","target":"CHEMBL3649206","Edge_Type":"Prediction","label":"targets"}},{"data":{"source":"P08908","target":"CHEMBL3649206","Edge_Type":"Prediction","label":"targets"}},{"data":{"source":"P08173","target":"CHEMBL3649189","Edge_Type":"Prediction","label":"targets"}},{"data":{"source":"P08908","target":"CHEMBL3649189","Edge_Type":"Prediction","label":"targets"}},{"data":{"source":"H01649","target":"hsa04080","Edge_Type":"kegg_dis_path","label":"modulates"}},{"data":{"source":"H01649","target":"DB00433","Edge_Type":"kegg_dis_drug","label":"indicates"}},{"data":{"source":"H01649","target":"DB00502","Edge_Type":"kegg_dis_drug","label":"indicates"}},{"data":{"source":"H01646","target":"hsa04726","Edge_Type":"kegg_dis_path","label":"modulates"}},{"data":{"source":"H01646","target":"DB01175","Edge_Type":"kegg_dis_drug","label":"indicates"}},{"data":{"source":"H01646","target":"DB00715","Edge_Type":"kegg_dis_drug","label":"indicates"}},{"data":{"source":"P08172","target":"hsa04080","Edge_Type":"kegg_path_prot","label":"is involved in"}},{"data":{"source":"P08173","target":"hsa04080","Edge_Type":"kegg_path_prot","label":"is involved in"}},{"data":{"source":"P08913","target":"hsa04080","Edge_Type":"kegg_path_prot","label":"is involved in"}},{"data":{"source":"P11229","target":"hsa04080","Edge_Type":"kegg_path_prot","label":"is involved in"}},{"data":{"source":"P18089","target":"hsa04080","Edge_Type":"kegg_path_prot","label":"is involved in"}},{"data":{"source":"P18825","target":"hsa04080","Edge_Type":"kegg_path_prot","label":"is involved in"}},{"data":{"source":"P20309","target":"hsa04080","Edge_Type":"kegg_path_prot","label":"is involved in"}},{"data":{"source":"P28223","target":"hsa04080","Edge_Type":"kegg_path_prot","label":"is involved in"}},{"data":{"source":"P35462","target":"hsa04080","Edge_Type":"kegg_path_prot","label":"is involved in"}},{"data":{"source":"P08908","target":"hsa04080","Edge_Type":"kegg_path_prot","label":"is involved in"}},{"data":{"source":"P21554","target":"hsa04080","Edge_Type":"kegg_path_prot","label":"is involved in"}},{"data":{"source":"P25105","target":"hsa04080","Edge_Type":"kegg_path_prot","label":"is involved in"}},{"data":{"source":"O60733","target":"hsa00592","Edge_Type":"kegg_path_prot","label":"is involved in"}},{"data":{"source":"P47712","target":"hsa00592","Edge_Type":"kegg_path_prot","label":"is involved in"}},{"data":{"source":"P08172","target":"hsa04725","Edge_Type":"kegg_path_prot","label":"is involved in"}},{"data":{"source":"P08173","target":"hsa04725","Edge_Type":"kegg_path_prot","label":"is involved in"}},{"data":{"source":"P11229","target":"hsa04725","Edge_Type":"kegg_path_prot","label":"is involved in"}},{"data":{"source":"P20309","target":"hsa04725","Edge_Type":"kegg_path_prot","label":"is involved in"}},{"data":{"source":"O60733","target":"hsa00591","Edge_Type":"kegg_path_prot","label":"is involved in"}},{"data":{"source":"P47712","target":"hsa00591","Edge_Type":"kegg_path_prot","label":"is involved in"}},{"data":{"source":"P08172","target":"hsa04020","Edge_Type":"kegg_path_prot","label":"is involved in"}},{"data":{"source":"P11229","target":"hsa04020","Edge_Type":"kegg_path_prot","label":"is involved in"}},{"data":{"source":"P20309","target":"hsa04020","Edge_Type":"kegg_path_prot","label":"is involved in"}},{"data":{"source":"P28223","target":"hsa04020","Edge_Type":"kegg_path_prot","label":"is involved in"}},{"data":{"source":"P25105","target":"hsa04020","Edge_Type":"kegg_path_prot","label":"is involved in"}},{"data":{"source":"O60733","target":"hsa00565","Edge_Type":"kegg_path_prot","label":"is involved in"}},{"data":{"source":"P47712","target":"hsa00565","Edge_Type":"kegg_path_prot","label":"is involved in"}},{"data":{"source":"O60733","target":"hsa04750","Edge_Type":"kegg_path_prot","label":"is involved in"}},{"data":{"source":"P28223","target":"hsa04750","Edge_Type":"kegg_path_prot","label":"is involved in"}},{"data":{"source":"P47712","target":"hsa04750","Edge_Type":"kegg_path_prot","label":"is involved in"}},{"data":{"source":"P28223","target":"hsa04726","Edge_Type":"kegg_path_prot","label":"is involved in"}},{"data":{"source":"P47712","target":"hsa04726","Edge_Type":"kegg_path_prot","label":"is involved in"}},{"data":{"source":"P08908","target":"hsa04726","Edge_Type":"kegg_path_prot","label":"is involved in"}},{"data":{"source":"P08172","target":"hsa04810","Edge_Type":"kegg_path_prot","label":"is involved in"}},{"data":{"source":"P08173","target":"hsa04810","Edge_Type":"kegg_path_prot","label":"is involved in"}},{"data":{"source":"P11229","target":"hsa04810","Edge_Type":"kegg_path_prot","label":"is involved in"}},{"data":{"source":"P20309","target":"hsa04810","Edge_Type":"kegg_path_prot","label":"is involved in"}},{"data":{"source":"O60733","target":"hsa00590","Edge_Type":"kegg_path_prot","label":"is involved in"}},{"data":{"source":"P47712","target":"hsa00590","Edge_Type":"kegg_path_prot","label":"is involved in"}},{"data":{"source":"P04156","target":"H00061","Edge_Type":"kegg_dis_prot","label":"is related to"}},{"data":{"source":"P20309","target":"H02129","Edge_Type":"kegg_dis_prot","label":"is related to"}},{"data":{"source":"Q13642","target":"H00697","Edge_Type":"kegg_dis_prot","label":"is related to"}},{"data":{"source":"Q13642","target":"H00657","Edge_Type":"kegg_dis_prot","label":"is related to"}},{"data":{"source":"P04156","target":"H01243","Edge_Type":"kegg_dis_prot","label":"is related to"}},{"data":{"source":"P28223","target":"H01649","Edge_Type":"kegg_dis_prot","label":"is related to"}},{"data":{"source":"P35462","target":"H01649","Edge_Type":"kegg_dis_prot","label":"is related to"}},{"data":{"source":"Q13642","target":"H00656","Edge_Type":"kegg_dis_prot","label":"is related to"}},{"data":{"source":"P28223","target":"H01646","Edge_Type":"kegg_dis_prot","label":"is related to"}},{"data":{"source":"Q8IZF0","target":"H01922","Edge_Type":"kegg_dis_prot","label":"is related to"}},{"data":{"source":"Q13642","target":"H00563","Edge_Type":"kegg_dis_prot","label":"is related to"}}]}