{"options":{"search_start":1613059485,"tax_ids":[9606],"num_of_fn_nodes":10,"num_of_pathways":10,"num_of_phenotypes":10,"num_of_drugs":10,"num_of_diseases":10,"num_of_compounds":10,"chembl_compounds":0,"predictions":1,"reviewed_filter":1,"fn":1,"chembl":1,"search_finish":1613059498,"search_runtime":13},"search":[{"Drug":[{"DB01766":"Beta-(2-Naphthyl)-Alanine"}]}],"nodes":[{"data":{"id":"P00734","display_name":"F2","Node_Type":"Protein"}},{"data":{"id":"P54577","display_name":"YARS1","Node_Type":"Protein"}},{"data":{"id":"Q13526","display_name":"PIN1","Node_Type":"Protein"}},{"data":{"id":"P07204","display_name":"THBD","Node_Type":"Protein_N"}},{"data":{"id":"Q9BTY2","display_name":"FUCA2","Node_Type":"Protein_N"}},{"data":{"id":"Q7Z5J4","display_name":"RAI1","Node_Type":"Protein_N"}},{"data":{"id":"Q92570","display_name":"NR4A3","Node_Type":"Protein_N"}},{"data":{"id":"Q9HD90","display_name":"NEUROD4","Node_Type":"Protein_N"}},{"data":{"id":"Q96KG9","display_name":"SCYL1","Node_Type":"Protein_N"}},{"data":{"id":"Q13342","display_name":"SP140","Node_Type":"Protein_N"}},{"data":{"id":"O00167","display_name":"EYA2","Node_Type":"Protein_N"}},{"data":{"id":"Q8N680","display_name":"ZBTB2","Node_Type":"Protein_N"}},{"data":{"id":"Q12951","display_name":"FOXI1","Node_Type":"Protein_N"}},{"data":{"id":"Orphanet:100045","display_name":"Autosomal dominant intermediate Charcot-Marie-Tooth disease type C","Node_Type":"Disease","enrichScore":277}},{"data":{"id":"Orphanet:217023","display_name":"Atypical hemolytic-uremic syndrome with thrombomodulin anomaly","Node_Type":"Disease","enrichScore":277}},{"data":{"id":"Orphanet:325","display_name":"Congenital factor II deficiency","Node_Type":"Disease","enrichScore":277}},{"data":{"id":"Orphanet:819","display_name":"Smith-Magenis syndrome","Node_Type":"Disease","enrichScore":277}},{"data":{"id":"HP:0004936","display_name":"Venous thrombosis","Node_Type":"Disease","enrichScore":221.6}},{"data":{"id":"Orphanet:1172","display_name":"Autosomal recessive cerebellar ataxia","Node_Type":"Disease","enrichScore":92.333}},{"data":{"id":"EFO:1000954","display_name":"habitual abortion","Node_Type":"Disease","enrichScore":69.25}},{"data":{"id":"EFO:0000174","display_name":"Ewing sarcoma","Node_Type":"Disease","enrichScore":55.4}},{"data":{"id":"EFO:0000712","display_name":"stroke","Node_Type":"Disease","enrichScore":34.625}},{"data":{"id":"Orphanet:2134","display_name":"Atypical hemolytic-uremic syndrome","Node_Type":"Disease","enrichScore":30.778}},{"data":{"id":"DB01766","display_name":"Beta-(2-Naphthyl)-Alanine","Node_Type":"Drug","enrichScore":9999999}},{"data":{"id":"DB00001","display_name":"Lepirudin","Node_Type":"Drug","enrichScore":366.846}},{"data":{"id":"DB06936","display_name":"N-(4-carbamimidoylbenzyl)-1-(4-methylpentanoyl)-L-prolinamide","Node_Type":"Drug","enrichScore":366.846}},{"data":{"id":"DB07027","display_name":"D-phenylalanyl-N-(3-fluorobenzyl)-L-prolinamide","Node_Type":"Drug","enrichScore":366.846}},{"data":{"id":"DB07016","display_name":"(3R)-8-(dioxidosulfanyl)-3-methyl-1,2,3,4-tetrahydroquinoline","Node_Type":"Drug","enrichScore":366.846}},{"data":{"id":"DB07005","display_name":"D-phenylalanyl-N-{4-[amino(iminio)methyl]benzyl}-L-prolinamide","Node_Type":"Drug","enrichScore":366.846}},{"data":{"id":"DB06996","display_name":"D-leucyl-N-(4-carbamimidoylbenzyl)-L-prolinamide","Node_Type":"Drug","enrichScore":366.846}},{"data":{"id":"DB06947","display_name":"1-[(2R)-2-aminobutanoyl]-N-(4-carbamimidoylbenzyl)-L-prolinamide","Node_Type":"Drug","enrichScore":366.846}},{"data":{"id":"DB06942","display_name":"N-(4-carbamimidoylbenzyl)-1-(3-phenylpropanoyl)-L-prolinamide","Node_Type":"Drug","enrichScore":366.846}},{"data":{"id":"DB06929","display_name":"1-butanoyl-N-(4-carbamimidoylbenzyl)-L-prolinamide","Node_Type":"Drug","enrichScore":366.846}},{"data":{"id":"R-HSA-140875","display_name":"Common Pathway of Fibrin Clot Formation","Node_Type":"Pathway","enrichScore":898.951}},{"data":{"id":"R-HSA-159763","display_name":"Transport of gamma-carboxylated protein precursors from the endoplasmic reticulum to the Golgi apparatus","Node_Type":"Pathway","enrichScore":549.359}},{"data":{"id":"R-HSA-6811555","display_name":"PI5P Regulates TP53 Acetylation","Node_Type":"Pathway","enrichScore":549.359}},{"data":{"id":"R-HSA-76009","display_name":"Platelet Aggregation (Plug Formation)","Node_Type":"Pathway","enrichScore":494.423}},{"data":{"id":"R-HSA-159740","display_name":"Gamma-carboxylation of protein precursors","Node_Type":"Pathway","enrichScore":494.423}},{"data":{"id":"R-HSA-159782","display_name":"Removal of aminoterminal propeptides from gamma-carboxylated proteins","Node_Type":"Pathway","enrichScore":494.423}},{"data":{"id":"R-HSA-140837","display_name":"Intrinsic Pathway of Fibrin Clot Formation","Node_Type":"Pathway","enrichScore":224.738}},{"data":{"id":"R-HSA-5668599","display_name":"RHO GTPases Activate NADPH Oxidases","Node_Type":"Pathway","enrichScore":206.01}},{"data":{"id":"R-HSA-379716","display_name":"Cytosolic tRNA aminoacylation","Node_Type":"Pathway","enrichScore":206.01}},{"data":{"id":"R-HSA-381426","display_name":"Regulation of Insulin-like Growth Factor (IGF) transport and uptake by Insulin-like Growth Factor Binding Proteins (IGFBPs)","Node_Type":"Pathway","enrichScore":159.491}},{"data":{"id":"HP:0030138","display_name":"Excessive bleeding from superficial cuts","Node_Type":"HPO","enrichScore":325.462}},{"data":{"id":"HP:0012168","display_name":"Head-banging","Node_Type":"HPO","enrichScore":325.462}},{"data":{"id":"HP:0032521","display_name":"Self hugging","Node_Type":"HPO","enrichScore":325.462}},{"data":{"id":"HP:0031849","display_name":"Sleep-wake inversion","Node_Type":"HPO","enrichScore":325.462}},{"data":{"id":"HP:0040250","display_name":"Reduced prothrombin antigen","Node_Type":"HPO","enrichScore":162.731}},{"data":{"id":"HP:0025268","display_name":"Stuttering","Node_Type":"HPO","enrichScore":108.487}},{"data":{"id":"HP:0011387","display_name":"Enlarged vestibular aqueduct","Node_Type":"HPO","enrichScore":108.487}},{"data":{"id":"HP:0002625","display_name":"Deep venous thrombosis","Node_Type":"HPO","enrichScore":86.79}},{"data":{"id":"HP:0004419","display_name":"Recurrent thrombophlebitis","Node_Type":"HPO","enrichScore":65.092}},{"data":{"id":"HP:0007365","display_name":"Aplasia\/Hypoplasia involving the corticospinal tracts","Node_Type":"HPO","enrichScore":65.092}},{"data":{"id":"hsa00511","display_name":"Other glycan degradation","Node_Type":"kegg_Pathway","enrichScore":29.222}},{"data":{"id":"hsa04610","display_name":"Complement and coagulation cascades","Node_Type":"kegg_Pathway","enrichScore":24.465}},{"data":{"id":"hsa00970","display_name":"Aminoacyl-tRNA biosynthesis","Node_Type":"kegg_Pathway","enrichScore":11.955}},{"data":{"id":"hsa04622","display_name":"RIG-I-like receptor signaling pathway","Node_Type":"kegg_Pathway","enrichScore":7.514}},{"data":{"id":"hsa04611","display_name":"Platelet activation","Node_Type":"kegg_Pathway","enrichScore":4.208}},{"data":{"id":"hsa04142","display_name":"Lysosome","Node_Type":"kegg_Pathway","enrichScore":4.109}},{"data":{"id":"hsa04072","display_name":"Phospholipase D signaling pathway","Node_Type":"kegg_Pathway","enrichScore":3.554}},{"data":{"id":"hsa04810","display_name":"Regulation of actin cytoskeleton","Node_Type":"kegg_Pathway","enrichScore":2.469}},{"data":{"id":"hsa04080","display_name":"Neuroactive ligand-receptor interaction","Node_Type":"kegg_Pathway","enrichScore":1.538}},{"data":{"id":"H01254","display_name":"Congenital prothrombin deficiency","Node_Type":"kegg_Disease","enrichScore":282.077}},{"data":{"id":"H01791","display_name":"Smith-Magenis syndrome","Node_Type":"kegg_Disease","enrichScore":282.077}},{"data":{"id":"H00053","display_name":"Extraskeletal myxoid chondrosarcoma","Node_Type":"kegg_Disease","enrichScore":282.077}},{"data":{"id":"H00223","display_name":"Inherited thrombophilia","Node_Type":"kegg_Disease","enrichScore":80.593}},{"data":{"id":"H01434","display_name":"Atypical hemolytic uremic syndrome","Node_Type":"kegg_Disease","enrichScore":35.26}},{"data":{"id":"H00251","display_name":"Thyroid dyshormonogenesis","Node_Type":"kegg_Disease","enrichScore":35.26}},{"data":{"id":"H01891","display_name":"Autosomal recessive spinocerebellar ataxias","Node_Type":"kegg_Disease","enrichScore":11.753}},{"data":{"id":"H00264","display_name":"Charcot-Marie-Tooth disease","Node_Type":"kegg_Disease","enrichScore":5.757}}],"edges":[{"data":{"source":"P07204","target":"P00734","Edge_Type":"PPI","label":"interacts w\/"}},{"data":{"source":"Q9BTY2","target":"Q13526","Edge_Type":"PPI","label":"interacts w\/"}},{"data":{"source":"Q7Z5J4","target":"Q13526","Edge_Type":"PPI","label":"interacts w\/"}},{"data":{"source":"Q92570","target":"Q13526","Edge_Type":"PPI","label":"interacts w\/"}},{"data":{"source":"Q9HD90","target":"Q13526","Edge_Type":"PPI","label":"interacts w\/"}},{"data":{"source":"Q96KG9","target":"Q13526","Edge_Type":"PPI","label":"interacts w\/"}},{"data":{"source":"Q13342","target":"Q13526","Edge_Type":"PPI","label":"interacts w\/"}},{"data":{"source":"O00167","target":"Q13526","Edge_Type":"PPI","label":"interacts w\/"}},{"data":{"source":"Q8N680","target":"Q13526","Edge_Type":"PPI","label":"interacts w\/"}},{"data":{"source":"Q8N680","target":"Q8N680","Edge_Type":"PPI","label":"interacts w\/"}},{"data":{"source":"Q12951","target":"Q13526","Edge_Type":"PPI","label":"interacts w\/"}},{"data":{"source":"HP:0030138","target":"Orphanet:325","Edge_Type":"hpodis","label":"is associated w\/"}},{"data":{"source":"HP:0012168","target":"Orphanet:819","Edge_Type":"hpodis","label":"is associated w\/"}},{"data":{"source":"HP:0032521","target":"Orphanet:819","Edge_Type":"hpodis","label":"is associated w\/"}},{"data":{"source":"HP:0031849","target":"Orphanet:819","Edge_Type":"hpodis","label":"is associated w\/"}},{"data":{"source":"HP:0040250","target":"Orphanet:325","Edge_Type":"hpodis","label":"is associated w\/"}},{"data":{"source":"HP:0002625","target":"HP:0004936","Edge_Type":"hpodis","label":"is associated w\/"}},{"data":{"source":"HP:0002625","target":"HP:0004936","Edge_Type":"hpodis","label":"is associated w\/"}},{"data":{"source":"HP:0002625","target":"HP:0004936","Edge_Type":"hpodis","label":"is associated w\/"}},{"data":{"source":"HP:0002625","target":"HP:0004936","Edge_Type":"hpodis","label":"is associated w\/"}},{"data":{"source":"HP:0002625","target":"HP:0004936","Edge_Type":"hpodis","label":"is associated w\/"}},{"data":{"source":"HP:0004419","target":"HP:0004936","Edge_Type":"hpodis","label":"is associated w\/"}},{"data":{"source":"HP:0007365","target":"Orphanet:819","Edge_Type":"hpodis","label":"is associated w\/"}},{"data":{"source":"P54577","target":"Orphanet:100045","Edge_Type":"Disease","label":"is related to"}},{"data":{"source":"P07204","target":"Orphanet:217023","Edge_Type":"Disease","label":"is related to"}},{"data":{"source":"P00734","target":"Orphanet:325","Edge_Type":"Disease","label":"is related to"}},{"data":{"source":"Q7Z5J4","target":"Orphanet:819","Edge_Type":"Disease","label":"is related to"}},{"data":{"source":"P07204","target":"HP:0004936","Edge_Type":"Disease","label":"is related to"}},{"data":{"source":"P00734","target":"HP:0004936","Edge_Type":"Disease","label":"is related to"}},{"data":{"source":"Q96KG9","target":"Orphanet:1172","Edge_Type":"Disease","label":"is related to"}},{"data":{"source":"P00734","target":"EFO:1000954","Edge_Type":"Disease","label":"is related to"}},{"data":{"source":"Q92570","target":"EFO:0000174","Edge_Type":"Disease","label":"is related to"}},{"data":{"source":"P00734","target":"EFO:0000712","Edge_Type":"Disease","label":"is related to"}},{"data":{"source":"P07204","target":"Orphanet:2134","Edge_Type":"Disease","label":"is related to"}},{"data":{"source":"P54577","target":"DB01766","Edge_Type":"Drug","label":"targets"}},{"data":{"source":"Q13526","target":"DB01766","Edge_Type":"Drug","label":"targets"}},{"data":{"source":"P00734","target":"DB01766","Edge_Type":"Drug","label":"targets"}},{"data":{"source":"P00734","target":"DB00001","Edge_Type":"Drug","label":"targets"}},{"data":{"source":"P00734","target":"DB06936","Edge_Type":"Drug","label":"targets"}},{"data":{"source":"P00734","target":"DB07027","Edge_Type":"Drug","label":"targets"}},{"data":{"source":"P00734","target":"DB07016","Edge_Type":"Drug","label":"targets"}},{"data":{"source":"P00734","target":"DB07005","Edge_Type":"Drug","label":"targets"}},{"data":{"source":"P00734","target":"DB06996","Edge_Type":"Drug","label":"targets"}},{"data":{"source":"P00734","target":"DB06947","Edge_Type":"Drug","label":"targets"}},{"data":{"source":"P00734","target":"DB06942","Edge_Type":"Drug","label":"targets"}},{"data":{"source":"P00734","target":"DB06929","Edge_Type":"Drug","label":"targets"}},{"data":{"source":"P00734","target":"R-HSA-140875","Edge_Type":"Pathway","label":"is involved in"}},{"data":{"source":"P07204","target":"R-HSA-140875","Edge_Type":"Pathway","label":"is involved in"}},{"data":{"source":"P00734","target":"R-HSA-159763","Edge_Type":"Pathway","label":"is involved in"}},{"data":{"source":"Q13526","target":"R-HSA-6811555","Edge_Type":"Pathway","label":"is involved in"}},{"data":{"source":"P00734","target":"R-HSA-76009","Edge_Type":"Pathway","label":"is involved in"}},{"data":{"source":"P00734","target":"R-HSA-159740","Edge_Type":"Pathway","label":"is involved in"}},{"data":{"source":"P00734","target":"R-HSA-159782","Edge_Type":"Pathway","label":"is involved in"}},{"data":{"source":"P00734","target":"R-HSA-140837","Edge_Type":"Pathway","label":"is involved in"}},{"data":{"source":"Q13526","target":"R-HSA-5668599","Edge_Type":"Pathway","label":"is involved in"}},{"data":{"source":"P54577","target":"R-HSA-379716","Edge_Type":"Pathway","label":"is involved in"}},{"data":{"source":"P00734","target":"R-HSA-381426","Edge_Type":"Pathway","label":"is involved in"}},{"data":{"source":"Q9BTY2","target":"R-HSA-381426","Edge_Type":"Pathway","label":"is involved in"}},{"data":{"source":"P00734","target":"HP:0030138","Edge_Type":"HPO","label":"is associated w\/"}},{"data":{"source":"Q7Z5J4","target":"HP:0012168","Edge_Type":"HPO","label":"is associated w\/"}},{"data":{"source":"Q7Z5J4","target":"HP:0032521","Edge_Type":"HPO","label":"is associated w\/"}},{"data":{"source":"Q7Z5J4","target":"HP:0031849","Edge_Type":"HPO","label":"is associated w\/"}},{"data":{"source":"P00734","target":"HP:0040250","Edge_Type":"HPO","label":"is associated w\/"}},{"data":{"source":"Q96KG9","target":"HP:0025268","Edge_Type":"HPO","label":"is associated w\/"}},{"data":{"source":"Q12951","target":"HP:0011387","Edge_Type":"HPO","label":"is associated w\/"}},{"data":{"source":"P00734","target":"HP:0002625","Edge_Type":"HPO","label":"is associated w\/"}},{"data":{"source":"P07204","target":"HP:0002625","Edge_Type":"HPO","label":"is associated w\/"}},{"data":{"source":"P00734","target":"HP:0004419","Edge_Type":"HPO","label":"is associated w\/"}},{"data":{"source":"Q7Z5J4","target":"HP:0007365","Edge_Type":"HPO","label":"is associated w\/"}},{"data":{"source":"H01254","target":"hsa04610","Edge_Type":"kegg_dis_path","label":"modulates"}},{"data":{"source":"H00223","target":"hsa04610","Edge_Type":"kegg_dis_path","label":"modulates"}},{"data":{"source":"H01434","target":"hsa04610","Edge_Type":"kegg_dis_path","label":"modulates"}},{"data":{"source":"H00264","target":"hsa00970","Edge_Type":"kegg_dis_path","label":"modulates"}},{"data":{"source":"Q9BTY2","target":"hsa00511","Edge_Type":"kegg_path_prot","label":"is involved in"}},{"data":{"source":"P00734","target":"hsa04610","Edge_Type":"kegg_path_prot","label":"is involved in"}},{"data":{"source":"P07204","target":"hsa04610","Edge_Type":"kegg_path_prot","label":"is involved in"}},{"data":{"source":"P54577","target":"hsa00970","Edge_Type":"kegg_path_prot","label":"is involved in"}},{"data":{"source":"Q13526","target":"hsa04622","Edge_Type":"kegg_path_prot","label":"is involved in"}},{"data":{"source":"P00734","target":"hsa04611","Edge_Type":"kegg_path_prot","label":"is involved in"}},{"data":{"source":"Q9BTY2","target":"hsa04142","Edge_Type":"kegg_path_prot","label":"is involved in"}},{"data":{"source":"P00734","target":"hsa04072","Edge_Type":"kegg_path_prot","label":"is involved in"}},{"data":{"source":"P00734","target":"hsa04810","Edge_Type":"kegg_path_prot","label":"is involved in"}},{"data":{"source":"P00734","target":"hsa04080","Edge_Type":"kegg_path_prot","label":"is involved in"}},{"data":{"source":"P00734","target":"H01254","Edge_Type":"kegg_dis_prot","label":"is related to"}},{"data":{"source":"Q7Z5J4","target":"H01791","Edge_Type":"kegg_dis_prot","label":"is related to"}},{"data":{"source":"Q92570","target":"H00053","Edge_Type":"kegg_dis_prot","label":"is related to"}},{"data":{"source":"P00734","target":"H00223","Edge_Type":"kegg_dis_prot","label":"is related to"}},{"data":{"source":"P07204","target":"H00223","Edge_Type":"kegg_dis_prot","label":"is related to"}},{"data":{"source":"P07204","target":"H01434","Edge_Type":"kegg_dis_prot","label":"is related to"}},{"data":{"source":"Q12951","target":"H00251","Edge_Type":"kegg_dis_prot","label":"is related to"}},{"data":{"source":"Q96KG9","target":"H01891","Edge_Type":"kegg_dis_prot","label":"is related to"}},{"data":{"source":"P54577","target":"H00264","Edge_Type":"kegg_dis_prot","label":"is related to"}}]}