{"options":{"search_start":1613059625,"tax_ids":[9606],"num_of_fn_nodes":10,"num_of_pathways":10,"num_of_phenotypes":10,"num_of_drugs":10,"num_of_diseases":10,"num_of_compounds":10,"chembl_compounds":0,"predictions":1,"reviewed_filter":1,"fn":1,"chembl":1,"search_finish":1613059654,"search_runtime":29},"search":[{"Drug":[{"DB08073":"(2S)-1-(1H-INDOL-3-YL)-3-{[5-(3-METHYL-1H-INDAZOL-5-YL)PYRIDIN-3-YL]OXY}PROPAN-2-AMINE"}]}],"nodes":[{"data":{"id":"P17612","display_name":"PRKACA","Node_Type":"Protein"}},{"data":{"id":"P31749","display_name":"AKT1","Node_Type":"Protein"}},{"data":{"id":"P31751","display_name":"AKT2","Node_Type":"Protein"}},{"data":{"id":"P49841","display_name":"GSK3B","Node_Type":"Protein"}},{"data":{"id":"P61925","display_name":"PKIA","Node_Type":"Protein"}},{"data":{"id":"Q9Y243","display_name":"AKT3","Node_Type":"Protein"}},{"data":{"id":"Q15118","display_name":"PDK1","Node_Type":"Protein_N"}},{"data":{"id":"P31321","display_name":"PRKAR1B","Node_Type":"Protein_N"}},{"data":{"id":"O75952","display_name":"CABYR","Node_Type":"Protein_N"}},{"data":{"id":"Q9NQ31","display_name":"AKIP1","Node_Type":"Protein_N"}},{"data":{"id":"Q6GPH4","display_name":"XAF1","Node_Type":"Protein_N"}},{"data":{"id":"Q14643","display_name":"ITPR1","Node_Type":"Protein_N"}},{"data":{"id":"Q13144","display_name":"EIF2B5","Node_Type":"Protein_N"}},{"data":{"id":"Q6J9G0","display_name":"STYK1","Node_Type":"Protein_N"}},{"data":{"id":"O43663","display_name":"PRC1","Node_Type":"Protein_N"}},{"data":{"id":"Q5T1C6","display_name":"THEM4","Node_Type":"Protein_N"}},{"data":{"id":"Orphanet:98769","display_name":"Spinocerebellar ataxia type 15\/16","Node_Type":"Disease","enrichScore":225.063}},{"data":{"id":"Orphanet:744","display_name":"Proteus syndrome","Node_Type":"Disease","enrichScore":225.063}},{"data":{"id":"Orphanet:1065","display_name":"Aniridia - cerebellar ataxia - intellectual disability","Node_Type":"Disease","enrichScore":225.063}},{"data":{"id":"Orphanet:293964","display_name":"Hypoinsulinemic hypoglycemia and body hemihypertrophy","Node_Type":"Disease","enrichScore":225.063}},{"data":{"id":"Orphanet:208513","display_name":"Spinocerebellar ataxia type 29","Node_Type":"Disease","enrichScore":225.063}},{"data":{"id":"Orphanet:83473","display_name":"Megalencephaly - polymicrogyria - postaxial polydactyly - hydrocephalus","Node_Type":"Disease","enrichScore":75.021}},{"data":{"id":"Orphanet:189439","display_name":"Primary pigmented nodular adrenocortical disease","Node_Type":"Disease","enrichScore":56.266}},{"data":{"id":"Orphanet:99854","display_name":"Cree leukoencephalopathy","Node_Type":"Disease","enrichScore":45.013}},{"data":{"id":"Orphanet:99853","display_name":"Ovarioleukodystrophy","Node_Type":"Disease","enrichScore":45.013}},{"data":{"id":"Orphanet:201","display_name":"Cowden syndrome","Node_Type":"Disease","enrichScore":45.013}},{"data":{"id":"DB08073","display_name":"(2S)-1-(1H-INDOL-3-YL)-3-{[5-(3-METHYL-1H-INDAZOL-5-YL)PYRIDIN-3-YL]OXY}PROPAN-2-AMINE","Node_Type":"Drug","enrichScore":9999999}},{"data":{"id":"DB07947","display_name":"ISOQUINOLINE-5-SULFONIC ACID (2-(2-(4-CHLOROBENZYLOXY)ETHYLAMINO)ETHYL)AMIDE","Node_Type":"Drug","enrichScore":1192.25}},{"data":{"id":"DB07859","display_name":"4-(4-CHLOROPHENYL)-4-[4-(1H-PYRAZOL-4-YL)PHENYL]PIPERIDINE","Node_Type":"Drug","enrichScore":1192.25}},{"data":{"id":"DB07997","display_name":"N-[2-(METHYLAMINO)ETHYL]-5-ISOQUINOLINESULFONAMIDE","Node_Type":"Drug","enrichScore":596.125}},{"data":{"id":"DB07107","display_name":"(1S)-2-(1H-INDOL-3-YL)-1-[({5-[(E)-2-PYRIDIN-4-YLVINYL]PYRIDIN-3-YL}OXY)METHYL]ETHYLAMINE","Node_Type":"Drug","enrichScore":596.125}},{"data":{"id":"DB07204","display_name":"(1S)-1-(1H-INDOL-3-YLMETHYL)-2-(2-PYRIDIN-4-YL-[1,7]NAPHTYRIDIN-5-YLOXY)-EHYLAMINE","Node_Type":"Drug","enrichScore":596.125}},{"data":{"id":"DB06959","display_name":"(2S)-1-(3H-Indol-3-yl)-3-{[5-(6-isoquinolinyl)-3-pyridinyl]oxy}-2-propanamine","Node_Type":"Drug","enrichScore":596.125}},{"data":{"id":"DB08070","display_name":"2-[4-(3-METHYL-1H-PYRAZOL-4-YL)PHENYL]ETHANAMINE","Node_Type":"Drug","enrichScore":596.125}},{"data":{"id":"DB08113","display_name":"3-pyridin-4-yl-1H-indazole","Node_Type":"Drug","enrichScore":596.125}},{"data":{"id":"DB08114","display_name":"5-benzyl-1,3-thiazol-2-amine","Node_Type":"Drug","enrichScore":596.125}},{"data":{"id":"R-HSA-211163","display_name":"AKT-mediated inactivation of FOXO1A","Node_Type":"Pathway","enrichScore":9038.672}},{"data":{"id":"R-HSA-199418","display_name":"Negative regulation of the PI3K\/AKT network","Node_Type":"Pathway","enrichScore":8034.375}},{"data":{"id":"R-HSA-198323","display_name":"AKT phosphorylates targets in the cytosol","Node_Type":"Pathway","enrichScore":4591.071}},{"data":{"id":"R-HSA-8941332","display_name":"RUNX2 regulates genes involved in cell migration","Node_Type":"Pathway","enrichScore":4519.336}},{"data":{"id":"R-HSA-165158","display_name":"Activation of AKT2","Node_Type":"Pathway","enrichScore":4017.188}},{"data":{"id":"R-HSA-198693","display_name":"AKT phosphorylates targets in the nucleus","Node_Type":"Pathway","enrichScore":3615.469}},{"data":{"id":"R-HSA-9614399","display_name":"Regulation of localization of FOXO transcription factors","Node_Type":"Pathway","enrichScore":3012.891}},{"data":{"id":"R-HSA-389357","display_name":"CD28 dependent PI3K\/Akt signaling","Node_Type":"Pathway","enrichScore":2921.591}},{"data":{"id":"R-HSA-1358803","display_name":"Downregulation of ERBB2:ERBB3 signaling","Node_Type":"Pathway","enrichScore":2781.13}},{"data":{"id":"R-HSA-6804759","display_name":"Regulation of TP53 Activity through Association with Co-factors","Node_Type":"Pathway","enrichScore":2582.478}},{"data":{"id":"HP:0004472","display_name":"Mandibular hyperostosis","Node_Type":"HPO","enrichScore":264.438}},{"data":{"id":"HP:0500011","display_name":"Moon facies","Node_Type":"HPO","enrichScore":264.438}},{"data":{"id":"HP:0007483","display_name":"Depigmentation\/hyperpigmentation of skin","Node_Type":"HPO","enrichScore":264.438}},{"data":{"id":"HP:0007403","display_name":"Hypertrophy of skin of soles","Node_Type":"HPO","enrichScore":264.438}},{"data":{"id":"HP:0025405","display_name":"Visual fixation instability","Node_Type":"HPO","enrichScore":132.219}},{"data":{"id":"HP:0010516","display_name":"Thymus hyperplasia","Node_Type":"HPO","enrichScore":132.219}},{"data":{"id":"HP:0025383","display_name":"Dorsocervical fat pad","Node_Type":"HPO","enrichScore":132.219}},{"data":{"id":"HP:0025404","display_name":"Abnormal visual fixation","Node_Type":"HPO","enrichScore":88.146}},{"data":{"id":"HP:0008993","display_name":"Increased intraabdominal fat","Node_Type":"HPO","enrichScore":88.146}},{"data":{"id":"HP:0030812","display_name":"Enlarged tonsils","Node_Type":"HPO","enrichScore":88.146}},{"data":{"id":"DB12348","display_name":"5-amino-1,3,4-thiadiazole-2-thiol","Node_Type":"Drug","enrichScore":1000000}},{"data":{"id":"CHEMBL402443","display_name":"CHEMBL402443","Node_Type":"Prediction","enrichScore":21.75}},{"data":{"id":"CHEMBL273485","display_name":"CHEMBL273485","Node_Type":"Prediction","enrichScore":18.643}},{"data":{"id":"CHEMBL19885","display_name":"CHEMBL19885","Node_Type":"Prediction","enrichScore":18.643}},{"data":{"id":"CHEMBL387480","display_name":"CHEMBL387480","Node_Type":"Prediction","enrichScore":16.313}},{"data":{"id":"CHEMBL1824858","display_name":"CHEMBL1824858","Node_Type":"Prediction","enrichScore":16.313}},{"data":{"id":"CHEMBL351626","display_name":"CHEMBL351626","Node_Type":"Prediction","enrichScore":16.313}},{"data":{"id":"CHEMBL1824360","display_name":"CHEMBL1824360","Node_Type":"Prediction","enrichScore":16.313}},{"data":{"id":"CHEMBL543745","display_name":"CHEMBL543745","Node_Type":"Prediction","enrichScore":16.313}},{"data":{"id":"CHEMBL543886","display_name":"CHEMBL543886","Node_Type":"Prediction","enrichScore":16.313}},{"data":{"id":"hsa04935","display_name":"Growth hormone synthesis, secretion and action","Node_Type":"kegg_Pathway","enrichScore":127.153}},{"data":{"id":"hsa04923","display_name":"Regulation of lipolysis in adipocytes","Node_Type":"kegg_Pathway","enrichScore":122.107}},{"data":{"id":"hsa04728","display_name":"Dopaminergic synapse","Node_Type":"kegg_Pathway","enrichScore":110.687}},{"data":{"id":"hsa04213","display_name":"Longevity regulating pathway","Node_Type":"kegg_Pathway","enrichScore":106.844}},{"data":{"id":"hsa04929","display_name":"GnRH secretion","Node_Type":"kegg_Pathway","enrichScore":106.844}},{"data":{"id":"hsa04910","display_name":"Insulin signaling pathway","Node_Type":"kegg_Pathway","enrichScore":106.107}},{"data":{"id":"hsa04917","display_name":"Prolactin signaling pathway","Node_Type":"kegg_Pathway","enrichScore":97.686}},{"data":{"id":"hsa04725","display_name":"Cholinergic synapse","Node_Type":"kegg_Pathway","enrichScore":95.396}},{"data":{"id":"hsa04922","display_name":"Glucagon signaling pathway","Node_Type":"kegg_Pathway","enrichScore":93.723}},{"data":{"id":"hsa04919","display_name":"Thyroid hormone signaling pathway","Node_Type":"kegg_Pathway","enrichScore":89.785}},{"data":{"id":"H01909","display_name":"Hypoinsulinemic hypoglycemia with hemihypertrophy","Node_Type":"kegg_Disease","enrichScore":229.188}},{"data":{"id":"H02119","display_name":"Proteus syndrome","Node_Type":"kegg_Disease","enrichScore":229.188}},{"data":{"id":"H01885","display_name":"Megalencephaly-polymicrogyria-polydactyly-hydrocephalus syndrome","Node_Type":"kegg_Disease","enrichScore":76.396}},{"data":{"id":"H00869","display_name":"Leukoencephalopathy with vanishing white matter","Node_Type":"kegg_Disease","enrichScore":45.838}},{"data":{"id":"H01222","display_name":"Cowden syndrome","Node_Type":"kegg_Disease","enrichScore":32.741}},{"data":{"id":"H00420","display_name":"Familial partial lipodystrophy","Node_Type":"kegg_Disease","enrichScore":32.741}},{"data":{"id":"H02049","display_name":"Bilateral macronodular adrenal hyperplasia","Node_Type":"kegg_Disease","enrichScore":25.465}},{"data":{"id":"H00027","display_name":"Ovarian cancer","Node_Type":"kegg_Disease","enrichScore":22.919}},{"data":{"id":"H01556","display_name":"Meningioma","Node_Type":"kegg_Disease","enrichScore":20.835}},{"data":{"id":"H01649","display_name":"Schizophrenia","Node_Type":"kegg_Disease","enrichScore":19.099}}],"edges":[{"data":{"source":"P31749","target":"P31749","Edge_Type":"PPI","label":"interacts w\/"}},{"data":{"source":"P49841","target":"P31749","Edge_Type":"PPI","label":"interacts w\/"}},{"data":{"source":"P49841","target":"P31751","Edge_Type":"PPI","label":"interacts w\/"}},{"data":{"source":"P49841","target":"P17612","Edge_Type":"PPI","label":"interacts w\/"}},{"data":{"source":"Q15118","target":"P31749","Edge_Type":"PPI","label":"interacts w\/"}},{"data":{"source":"Q15118","target":"P31751","Edge_Type":"PPI","label":"interacts w\/"}},{"data":{"source":"P31321","target":"P17612","Edge_Type":"PPI","label":"interacts w\/"}},{"data":{"source":"O75952","target":"P49841","Edge_Type":"PPI","label":"interacts w\/"}},{"data":{"source":"Q9NQ31","target":"P17612","Edge_Type":"PPI","label":"interacts w\/"}},{"data":{"source":"Q6GPH4","target":"P31749","Edge_Type":"PPI","label":"interacts w\/"}},{"data":{"source":"Q14643","target":"P31749","Edge_Type":"PPI","label":"interacts w\/"}},{"data":{"source":"Q13144","target":"P49841","Edge_Type":"PPI","label":"interacts w\/"}},{"data":{"source":"Q6J9G0","target":"P49841","Edge_Type":"PPI","label":"interacts w\/"}},{"data":{"source":"O43663","target":"P61925","Edge_Type":"PPI","label":"interacts w\/"}},{"data":{"source":"Q5T1C6","target":"P31749","Edge_Type":"PPI","label":"interacts w\/"}},{"data":{"source":"HP:0004472","target":"Orphanet:744","Edge_Type":"hpodis","label":"is associated w\/"}},{"data":{"source":"HP:0500011","target":"Orphanet:189439","Edge_Type":"hpodis","label":"is associated w\/"}},{"data":{"source":"HP:0007483","target":"Orphanet:744","Edge_Type":"hpodis","label":"is associated w\/"}},{"data":{"source":"HP:0007403","target":"Orphanet:744","Edge_Type":"hpodis","label":"is associated w\/"}},{"data":{"source":"HP:0025405","target":"Orphanet:208513","Edge_Type":"hpodis","label":"is associated w\/"}},{"data":{"source":"HP:0010516","target":"Orphanet:744","Edge_Type":"hpodis","label":"is associated w\/"}},{"data":{"source":"HP:0025383","target":"Orphanet:189439","Edge_Type":"hpodis","label":"is associated w\/"}},{"data":{"source":"HP:0025404","target":"Orphanet:208513","Edge_Type":"hpodis","label":"is associated w\/"}},{"data":{"source":"HP:0030812","target":"Orphanet:293964","Edge_Type":"hpodis","label":"is associated w\/"}},{"data":{"source":"Q14643","target":"Orphanet:98769","Edge_Type":"Disease","label":"is related to"}},{"data":{"source":"P31749","target":"Orphanet:744","Edge_Type":"Disease","label":"is related to"}},{"data":{"source":"Q14643","target":"Orphanet:1065","Edge_Type":"Disease","label":"is related to"}},{"data":{"source":"P31751","target":"Orphanet:293964","Edge_Type":"Disease","label":"is related to"}},{"data":{"source":"Q14643","target":"Orphanet:208513","Edge_Type":"Disease","label":"is related to"}},{"data":{"source":"Q9Y243","target":"Orphanet:83473","Edge_Type":"Disease","label":"is related to"}},{"data":{"source":"P17612","target":"Orphanet:189439","Edge_Type":"Disease","label":"is related to"}},{"data":{"source":"Q13144","target":"Orphanet:99854","Edge_Type":"Disease","label":"is related to"}},{"data":{"source":"Q13144","target":"Orphanet:99853","Edge_Type":"Disease","label":"is related to"}},{"data":{"source":"P31749","target":"Orphanet:201","Edge_Type":"Disease","label":"is related to"}},{"data":{"source":"P31751","target":"DB08073","Edge_Type":"Drug","label":"targets"}},{"data":{"source":"P49841","target":"DB08073","Edge_Type":"Drug","label":"targets"}},{"data":{"source":"P17612","target":"DB08073","Edge_Type":"Drug","label":"targets"}},{"data":{"source":"P61925","target":"DB08073","Edge_Type":"Drug","label":"targets"}},{"data":{"source":"P31749","target":"DB08073","Edge_Type":"Chembl","label":"targets","pchembl_value":8.6}},{"data":{"source":"Q9Y243","target":"DB08073","Edge_Type":"Chembl","label":"targets","pchembl_value":7.29}},{"data":{"source":"P17612","target":"DB07947","Edge_Type":"Drug","label":"targets"}},{"data":{"source":"P61925","target":"DB07947","Edge_Type":"Drug","label":"targets"}},{"data":{"source":"P31751","target":"DB07947","Edge_Type":"Drug","label":"targets"}},{"data":{"source":"P49841","target":"DB07947","Edge_Type":"Drug","label":"targets"}},{"data":{"source":"P17612","target":"DB07859","Edge_Type":"Drug","label":"targets"}},{"data":{"source":"P61925","target":"DB07859","Edge_Type":"Drug","label":"targets"}},{"data":{"source":"P31751","target":"DB07859","Edge_Type":"Drug","label":"targets"}},{"data":{"source":"P49841","target":"DB07859","Edge_Type":"Drug","label":"targets"}},{"data":{"source":"P17612","target":"DB07997","Edge_Type":"Drug","label":"targets"}},{"data":{"source":"P61925","target":"DB07997","Edge_Type":"Drug","label":"targets"}},{"data":{"source":"P17612","target":"DB07107","Edge_Type":"Drug","label":"targets"}},{"data":{"source":"P61925","target":"DB07107","Edge_Type":"Drug","label":"targets"}},{"data":{"source":"P61925","target":"DB07204","Edge_Type":"Drug","label":"targets"}},{"data":{"source":"P17612","target":"DB07204","Edge_Type":"Drug","label":"targets"}},{"data":{"source":"P17612","target":"DB06959","Edge_Type":"Drug","label":"targets"}},{"data":{"source":"P61925","target":"DB06959","Edge_Type":"Drug","label":"targets"}},{"data":{"source":"P17612","target":"DB08070","Edge_Type":"Drug","label":"targets"}},{"data":{"source":"P61925","target":"DB08070","Edge_Type":"Drug","label":"targets"}},{"data":{"source":"P17612","target":"DB08113","Edge_Type":"Drug","label":"targets"}},{"data":{"source":"P61925","target":"DB08113","Edge_Type":"Drug","label":"targets"}},{"data":{"source":"P17612","target":"DB08114","Edge_Type":"Drug","label":"targets"}},{"data":{"source":"P61925","target":"DB08114","Edge_Type":"Drug","label":"targets"}},{"data":{"source":"P31749","target":"R-HSA-211163","Edge_Type":"Pathway","label":"is involved in"}},{"data":{"source":"P31751","target":"R-HSA-211163","Edge_Type":"Pathway","label":"is involved in"}},{"data":{"source":"Q9Y243","target":"R-HSA-211163","Edge_Type":"Pathway","label":"is involved in"}},{"data":{"source":"P31749","target":"R-HSA-199418","Edge_Type":"Pathway","label":"is involved in"}},{"data":{"source":"P31751","target":"R-HSA-199418","Edge_Type":"Pathway","label":"is involved in"}},{"data":{"source":"Q9Y243","target":"R-HSA-199418","Edge_Type":"Pathway","label":"is involved in"}},{"data":{"source":"Q5T1C6","target":"R-HSA-199418","Edge_Type":"Pathway","label":"is involved in"}},{"data":{"source":"P31749","target":"R-HSA-198323","Edge_Type":"Pathway","label":"is involved in"}},{"data":{"source":"P31751","target":"R-HSA-198323","Edge_Type":"Pathway","label":"is involved in"}},{"data":{"source":"P49841","target":"R-HSA-198323","Edge_Type":"Pathway","label":"is involved in"}},{"data":{"source":"Q9Y243","target":"R-HSA-198323","Edge_Type":"Pathway","label":"is involved in"}},{"data":{"source":"P31749","target":"R-HSA-8941332","Edge_Type":"Pathway","label":"is involved in"}},{"data":{"source":"P31751","target":"R-HSA-8941332","Edge_Type":"Pathway","label":"is involved in"}},{"data":{"source":"Q9Y243","target":"R-HSA-8941332","Edge_Type":"Pathway","label":"is involved in"}},{"data":{"source":"P31751","target":"R-HSA-165158","Edge_Type":"Pathway","label":"is involved in"}},{"data":{"source":"Q5T1C6","target":"R-HSA-165158","Edge_Type":"Pathway","label":"is involved in"}},{"data":{"source":"P31749","target":"R-HSA-198693","Edge_Type":"Pathway","label":"is involved in"}},{"data":{"source":"P31751","target":"R-HSA-198693","Edge_Type":"Pathway","label":"is involved in"}},{"data":{"source":"Q9Y243","target":"R-HSA-198693","Edge_Type":"Pathway","label":"is involved in"}},{"data":{"source":"P31749","target":"R-HSA-9614399","Edge_Type":"Pathway","label":"is involved in"}},{"data":{"source":"P31751","target":"R-HSA-9614399","Edge_Type":"Pathway","label":"is involved in"}},{"data":{"source":"Q9Y243","target":"R-HSA-9614399","Edge_Type":"Pathway","label":"is involved in"}},{"data":{"source":"P31749","target":"R-HSA-389357","Edge_Type":"Pathway","label":"is involved in"}},{"data":{"source":"P31751","target":"R-HSA-389357","Edge_Type":"Pathway","label":"is involved in"}},{"data":{"source":"Q9Y243","target":"R-HSA-389357","Edge_Type":"Pathway","label":"is involved in"}},{"data":{"source":"Q5T1C6","target":"R-HSA-389357","Edge_Type":"Pathway","label":"is involved in"}},{"data":{"source":"P31749","target":"R-HSA-1358803","Edge_Type":"Pathway","label":"is involved in"}},{"data":{"source":"P31751","target":"R-HSA-1358803","Edge_Type":"Pathway","label":"is involved in"}},{"data":{"source":"Q9Y243","target":"R-HSA-1358803","Edge_Type":"Pathway","label":"is involved in"}},{"data":{"source":"P31749","target":"R-HSA-6804759","Edge_Type":"Pathway","label":"is involved in"}},{"data":{"source":"P31751","target":"R-HSA-6804759","Edge_Type":"Pathway","label":"is involved in"}},{"data":{"source":"Q9Y243","target":"R-HSA-6804759","Edge_Type":"Pathway","label":"is involved in"}},{"data":{"source":"P31749","target":"HP:0004472","Edge_Type":"HPO","label":"is associated w\/"}},{"data":{"source":"P17612","target":"HP:0500011","Edge_Type":"HPO","label":"is associated w\/"}},{"data":{"source":"P31749","target":"HP:0007483","Edge_Type":"HPO","label":"is associated w\/"}},{"data":{"source":"P31749","target":"HP:0007403","Edge_Type":"HPO","label":"is associated w\/"}},{"data":{"source":"Q14643","target":"HP:0025405","Edge_Type":"HPO","label":"is associated w\/"}},{"data":{"source":"P31749","target":"HP:0010516","Edge_Type":"HPO","label":"is associated w\/"}},{"data":{"source":"P17612","target":"HP:0025383","Edge_Type":"HPO","label":"is associated w\/"}},{"data":{"source":"Q14643","target":"HP:0025404","Edge_Type":"HPO","label":"is associated w\/"}},{"data":{"source":"P31751","target":"HP:0008993","Edge_Type":"HPO","label":"is associated w\/"}},{"data":{"source":"P31751","target":"HP:0030812","Edge_Type":"HPO","label":"is associated w\/"}},{"data":{"source":"P17612","target":"DB12348","Edge_Type":"Prediction","label":"targets"}},{"data":{"source":"P17612","target":"CHEMBL402443","Edge_Type":"Prediction","label":"targets"}},{"data":{"source":"Q9Y243","target":"CHEMBL402443","Edge_Type":"Prediction","label":"targets"}},{"data":{"source":"P17612","target":"CHEMBL273485","Edge_Type":"Prediction","label":"targets"}},{"data":{"source":"Q9Y243","target":"CHEMBL273485","Edge_Type":"Prediction","label":"targets"}},{"data":{"source":"P17612","target":"CHEMBL19885","Edge_Type":"Prediction","label":"targets"}},{"data":{"source":"Q9Y243","target":"CHEMBL19885","Edge_Type":"Prediction","label":"targets"}},{"data":{"source":"P17612","target":"CHEMBL387480","Edge_Type":"Prediction","label":"targets"}},{"data":{"source":"P17612","target":"CHEMBL1824858","Edge_Type":"Prediction","label":"targets"}},{"data":{"source":"P17612","target":"CHEMBL351626","Edge_Type":"Prediction","label":"targets"}},{"data":{"source":"P17612","target":"CHEMBL1824360","Edge_Type":"Prediction","label":"targets"}},{"data":{"source":"P17612","target":"CHEMBL543745","Edge_Type":"Prediction","label":"targets"}},{"data":{"source":"P17612","target":"CHEMBL543886","Edge_Type":"Prediction","label":"targets"}},{"data":{"source":"H00420","target":"hsa04910","Edge_Type":"kegg_dis_path","label":"modulates"}},{"data":{"source":"H00420","target":"hsa04923","Edge_Type":"kegg_dis_path","label":"modulates"}},{"data":{"source":"H01649","target":"hsa04728","Edge_Type":"kegg_dis_path","label":"modulates"}},{"data":{"source":"P17612","target":"hsa04935","Edge_Type":"kegg_path_prot","label":"is involved in"}},{"data":{"source":"P31749","target":"hsa04935","Edge_Type":"kegg_path_prot","label":"is involved in"}},{"data":{"source":"P31751","target":"hsa04935","Edge_Type":"kegg_path_prot","label":"is involved in"}},{"data":{"source":"P49841","target":"hsa04935","Edge_Type":"kegg_path_prot","label":"is involved in"}},{"data":{"source":"Q9Y243","target":"hsa04935","Edge_Type":"kegg_path_prot","label":"is involved in"}},{"data":{"source":"Q14643","target":"hsa04935","Edge_Type":"kegg_path_prot","label":"is involved in"}},{"data":{"source":"P17612","target":"hsa04923","Edge_Type":"kegg_path_prot","label":"is involved in"}},{"data":{"source":"P31749","target":"hsa04923","Edge_Type":"kegg_path_prot","label":"is involved in"}},{"data":{"source":"P31751","target":"hsa04923","Edge_Type":"kegg_path_prot","label":"is involved in"}},{"data":{"source":"Q9Y243","target":"hsa04923","Edge_Type":"kegg_path_prot","label":"is involved in"}},{"data":{"source":"P17612","target":"hsa04728","Edge_Type":"kegg_path_prot","label":"is involved in"}},{"data":{"source":"P31749","target":"hsa04728","Edge_Type":"kegg_path_prot","label":"is involved in"}},{"data":{"source":"P31751","target":"hsa04728","Edge_Type":"kegg_path_prot","label":"is involved in"}},{"data":{"source":"P49841","target":"hsa04728","Edge_Type":"kegg_path_prot","label":"is involved in"}},{"data":{"source":"Q9Y243","target":"hsa04728","Edge_Type":"kegg_path_prot","label":"is involved in"}},{"data":{"source":"Q14643","target":"hsa04728","Edge_Type":"kegg_path_prot","label":"is involved in"}},{"data":{"source":"P17612","target":"hsa04213","Edge_Type":"kegg_path_prot","label":"is involved in"}},{"data":{"source":"P31749","target":"hsa04213","Edge_Type":"kegg_path_prot","label":"is involved in"}},{"data":{"source":"P31751","target":"hsa04213","Edge_Type":"kegg_path_prot","label":"is involved in"}},{"data":{"source":"Q9Y243","target":"hsa04213","Edge_Type":"kegg_path_prot","label":"is involved in"}},{"data":{"source":"P31749","target":"hsa04929","Edge_Type":"kegg_path_prot","label":"is involved in"}},{"data":{"source":"P31751","target":"hsa04929","Edge_Type":"kegg_path_prot","label":"is involved in"}},{"data":{"source":"Q9Y243","target":"hsa04929","Edge_Type":"kegg_path_prot","label":"is involved in"}},{"data":{"source":"Q14643","target":"hsa04929","Edge_Type":"kegg_path_prot","label":"is involved in"}},{"data":{"source":"P17612","target":"hsa04910","Edge_Type":"kegg_path_prot","label":"is involved in"}},{"data":{"source":"P31749","target":"hsa04910","Edge_Type":"kegg_path_prot","label":"is involved in"}},{"data":{"source":"P31751","target":"hsa04910","Edge_Type":"kegg_path_prot","label":"is involved in"}},{"data":{"source":"P49841","target":"hsa04910","Edge_Type":"kegg_path_prot","label":"is involved in"}},{"data":{"source":"Q9Y243","target":"hsa04910","Edge_Type":"kegg_path_prot","label":"is involved in"}},{"data":{"source":"P31321","target":"hsa04910","Edge_Type":"kegg_path_prot","label":"is involved in"}},{"data":{"source":"P31749","target":"hsa04917","Edge_Type":"kegg_path_prot","label":"is involved in"}},{"data":{"source":"P31751","target":"hsa04917","Edge_Type":"kegg_path_prot","label":"is involved in"}},{"data":{"source":"P49841","target":"hsa04917","Edge_Type":"kegg_path_prot","label":"is involved in"}},{"data":{"source":"Q9Y243","target":"hsa04917","Edge_Type":"kegg_path_prot","label":"is involved in"}},{"data":{"source":"P17612","target":"hsa04725","Edge_Type":"kegg_path_prot","label":"is involved in"}},{"data":{"source":"P31749","target":"hsa04725","Edge_Type":"kegg_path_prot","label":"is involved in"}},{"data":{"source":"P31751","target":"hsa04725","Edge_Type":"kegg_path_prot","label":"is involved in"}},{"data":{"source":"Q9Y243","target":"hsa04725","Edge_Type":"kegg_path_prot","label":"is involved in"}},{"data":{"source":"Q14643","target":"hsa04725","Edge_Type":"kegg_path_prot","label":"is involved in"}},{"data":{"source":"P17612","target":"hsa04922","Edge_Type":"kegg_path_prot","label":"is involved in"}},{"data":{"source":"P31749","target":"hsa04922","Edge_Type":"kegg_path_prot","label":"is involved in"}},{"data":{"source":"P31751","target":"hsa04922","Edge_Type":"kegg_path_prot","label":"is involved in"}},{"data":{"source":"Q9Y243","target":"hsa04922","Edge_Type":"kegg_path_prot","label":"is involved in"}},{"data":{"source":"Q14643","target":"hsa04922","Edge_Type":"kegg_path_prot","label":"is involved in"}},{"data":{"source":"P17612","target":"hsa04919","Edge_Type":"kegg_path_prot","label":"is involved in"}},{"data":{"source":"P31749","target":"hsa04919","Edge_Type":"kegg_path_prot","label":"is involved in"}},{"data":{"source":"P31751","target":"hsa04919","Edge_Type":"kegg_path_prot","label":"is involved in"}},{"data":{"source":"P49841","target":"hsa04919","Edge_Type":"kegg_path_prot","label":"is involved in"}},{"data":{"source":"Q9Y243","target":"hsa04919","Edge_Type":"kegg_path_prot","label":"is involved in"}},{"data":{"source":"P31751","target":"H01909","Edge_Type":"kegg_dis_prot","label":"is related to"}},{"data":{"source":"P31749","target":"H02119","Edge_Type":"kegg_dis_prot","label":"is related to"}},{"data":{"source":"Q9Y243","target":"H01885","Edge_Type":"kegg_dis_prot","label":"is related to"}},{"data":{"source":"Q13144","target":"H00869","Edge_Type":"kegg_dis_prot","label":"is related to"}},{"data":{"source":"P31749","target":"H01222","Edge_Type":"kegg_dis_prot","label":"is related to"}},{"data":{"source":"P31751","target":"H00420","Edge_Type":"kegg_dis_prot","label":"is related to"}},{"data":{"source":"P17612","target":"H02049","Edge_Type":"kegg_dis_prot","label":"is related to"}},{"data":{"source":"P31751","target":"H00027","Edge_Type":"kegg_dis_prot","label":"is related to"}},{"data":{"source":"P31749","target":"H01556","Edge_Type":"kegg_dis_prot","label":"is related to"}},{"data":{"source":"P31749","target":"H01649","Edge_Type":"kegg_dis_prot","label":"is related to"}}]}