Core Proteins,Interacting Proteins,Pathways,HPO terms,Diseases,Targeting Drugs,Experimental Bioactive Compounds (pChEMBL),Predicted interacting Compounds
CMPK1 (P30085),CIDEB (Q9UHD4); SGTB (Q96EQ0),R-HSA-499943 Interconversion of nucleotide di- and triphosphates[scr:536]; hsa00240 Pyrimidine metabolism[scr:120]; hsa00983 Drug metabolism[scr:87]; hsa01100 Metabolic pathways[scr:5],,,DB03403 Cytidine-5'-Monophosphate[scr:9999999]; DB03664 P1-(adenosine-5'-P5-(uridine-5')pentaphosphate[scr:1192]; DB00441 Gemcitabine[scr:397]; DB04444 Tetrafluoroaluminate Ion[scr:132]; DB03435 Uridine-5'-Diphosphate[scr:85],,
UCK2 (Q9BZX2),UCK2 (Q9BZX2),R-HSA-73614 Pyrimidine salvage[scr:1461]; hsa00240 Pyrimidine metabolism[scr:120]; hsa00983 Drug metabolism[scr:87]; hsa01100 Metabolic pathways[scr:5],,,DB03403 Cytidine-5'-Monophosphate[scr:9999999]; DB02097 Cytidine[scr:1192]; DB04005 Uridine 5'-triphosphate[scr:397]; DB02431 Cytidine-5'-Triphosphate[scr:149]; DB04272 Citric acid[scr:21],,
CIDEB (Q9UHD4),CMPK1 (P30085); CIDEB (Q9UHD4),,,,,,
SGTB (Q96EQ0),CMPK1 (P30085),,,,,,
