{"options":{"search_start":1613056415,"tax_ids":[9606],"num_of_fn_nodes":10,"num_of_pathways":10,"num_of_phenotypes":10,"num_of_drugs":10,"num_of_diseases":10,"num_of_compounds":10,"chembl_compounds":0,"predictions":1,"reviewed_filter":1,"fn":1,"chembl":1,"search_finish":1613056444,"search_runtime":29},"search":[{"Drug":[{"DB04387":"1-Hydroxy-2-Amino-3-Cyclohexylpropane"}]}],"nodes":[{"data":{"id":"P00797","display_name":"REN","Node_Type":"Protein"}},{"data":{"id":"P01019","display_name":"AGT","Node_Type":"Protein_N"}},{"data":{"id":"Orphanet:97369","display_name":"Renal tubular dysgenesis of genetic origin","Node_Type":"Disease","enrichScore":1800.5}},{"data":{"id":"Orphanet:217330","display_name":"Hyperuricemia - anemia - renal failure","Node_Type":"Disease","enrichScore":1800.5}},{"data":{"id":"EFO:0000537","display_name":"hypertension","Node_Type":"Disease","enrichScore":900.25}},{"data":{"id":"DB04387","display_name":"1-Hydroxy-2-Amino-3-Cyclohexylpropane","Node_Type":"Drug","enrichScore":9999999}},{"data":{"id":"DB04379","display_name":"N-Methyl-N-(Methylbenzyl)Formamide","Node_Type":"Drug","enrichScore":2384.5}},{"data":{"id":"DB09026","display_name":"Aliskiren","Node_Type":"Drug","enrichScore":2384.5}},{"data":{"id":"DB08099","display_name":"6-ethyl-5-[(2S)-1-(3-methoxypropyl)-2-phenyl-1,2,3,4-tetrahydroquinolin-7-yl]pyrimidine-2,4-diamine","Node_Type":"Drug","enrichScore":2384.5}},{"data":{"id":"DB07174","display_name":"6-(2,4-DIAMINO-6-ETHYLPYRIMIDIN-5-YL)-4-(3-METHOXYPROPYL)-2,2-DIMETHYL-2H-1,4-BENZOXAZIN-3(4H)-ONE","Node_Type":"Drug","enrichScore":2384.5}},{"data":{"id":"DB07113","display_name":"(2S)-6-(2,4-DIAMINO-6-ETHYLPYRIMIDIN-5-YL)-2-(3,5-DIFLUOROPHENYL)-4-(3-METHOXYPROPYL)-2H-1,4-BENZOXAZIN-3(4H)-ONE","Node_Type":"Drug","enrichScore":2384.5}},{"data":{"id":"DB07059","display_name":"N-{2-[6-(2,4-DIAMINO-6-ETHYLPYRIMIDIN-5-YL)-2,2-DIMETHYL-3-OXO-2,3-DIHYDRO-4H-1,4-BENZOXAZIN-4-YL]ETHYL}ACETAMIDE","Node_Type":"Drug","enrichScore":2384.5}},{"data":{"id":"DB06967","display_name":"6-ETHYL-5-[9-(3-METHOXYPROPYL)-9H-CARBAZOL-2-YL]PYRIMIDINE-2,4-DIAMINE","Node_Type":"Drug","enrichScore":2384.5}},{"data":{"id":"DB06899","display_name":"N-{2-[6-(2,4-DIAMINO-6-ETHYLPYRIMIDIN-5-YL)-2,2-DIMETHYL-3-OXO-2,3-DIHYDRO-4H-1,4-BENZOTHIAZIN-4-YL]ETHYL}ACETAMIDE","Node_Type":"Drug","enrichScore":2384.5}},{"data":{"id":"DB00212","display_name":"Remikiren","Node_Type":"Drug","enrichScore":2384.5}},{"data":{"id":"R-HSA-2022377","display_name":"Metabolism of Angiotensinogen to Angiotensins","Node_Type":"Pathway","enrichScore":7141.667}},{"data":{"id":"R-HSA-375276","display_name":"Peptide ligand-binding receptors","Node_Type":"Pathway","enrichScore":303.184}},{"data":{"id":"R-HSA-1989781","display_name":"PPARA activates gene expression","Node_Type":"Pathway","enrichScore":274.679}},{"data":{"id":"R-HSA-416476","display_name":"G alpha (q) signalling events","Node_Type":"Pathway","enrichScore":182.599}},{"data":{"id":"R-HSA-418594","display_name":"G alpha (i) signalling events","Node_Type":"Pathway","enrichScore":121.733}},{"data":{"id":"HP:0008660","display_name":"Renotubular dysgenesis","Node_Type":"HPO","enrichScore":2115.5}},{"data":{"id":"HP:0002009","display_name":"Potter facies","Node_Type":"HPO","enrichScore":940.222}},{"data":{"id":"HP:0011334","display_name":"Facial shape deformation","Node_Type":"HPO","enrichScore":846.2}},{"data":{"id":"HP:0100519","display_name":"Anuria","Node_Type":"HPO","enrichScore":705.167}},{"data":{"id":"HP:0004492","display_name":"Widely patent fontanelles and sutures","Node_Type":"HPO","enrichScore":497.765}},{"data":{"id":"HP:0011037","display_name":"Decreased urine output","Node_Type":"HPO","enrichScore":470.111}},{"data":{"id":"HP:0010537","display_name":"Wide cranial sutures","Node_Type":"HPO","enrichScore":352.583}},{"data":{"id":"HP:0004972","display_name":"Elevated mean arterial pressure","Node_Type":"HPO","enrichScore":235.056}},{"data":{"id":"HP:0004421","display_name":"Elevated systolic blood pressure","Node_Type":"HPO","enrichScore":211.55}},{"data":{"id":"HP:0005117","display_name":"Elevated diastolic blood pressure","Node_Type":"HPO","enrichScore":211.55}},{"data":{"id":"CHEMBL30993","display_name":"CHEMBL30993","Node_Type":"Prediction","enrichScore":23.727}},{"data":{"id":"CHEMBL315276","display_name":"CHEMBL315276","Node_Type":"Prediction","enrichScore":18.643}},{"data":{"id":"CHEMBL68992","display_name":"CHEMBL68992","Node_Type":"Prediction","enrichScore":18.643}},{"data":{"id":"CHEMBL324635","display_name":"CHEMBL324635","Node_Type":"Prediction","enrichScore":17.4}},{"data":{"id":"CHEMBL2114161","display_name":"CHEMBL2114161","Node_Type":"Prediction","enrichScore":17.4}},{"data":{"id":"CHEMBL26039","display_name":"CHEMBL26039","Node_Type":"Prediction","enrichScore":17.4}},{"data":{"id":"CHEMBL408093","display_name":"CHEMBL408093","Node_Type":"Prediction","enrichScore":16.313}},{"data":{"id":"CHEMBL401394","display_name":"CHEMBL401394","Node_Type":"Prediction","enrichScore":16.313}},{"data":{"id":"CHEMBL275271","display_name":"CHEMBL275271","Node_Type":"Prediction","enrichScore":15.353}},{"data":{"id":"CHEMBL398446","display_name":"CHEMBL398446","Node_Type":"Prediction","enrichScore":15.353}},{"data":{"id":"hsa04614","display_name":"Renin-angiotensin system","Node_Type":"kegg_Pathway","enrichScore":594.609}},{"data":{"id":"hsa04924","display_name":"Renin secretion","Node_Type":"kegg_Pathway","enrichScore":179.947}},{"data":{"id":"hsa04927","display_name":"Cortisol synthesis and secretion","Node_Type":"kegg_Pathway","enrichScore":51.803}},{"data":{"id":"hsa04925","display_name":"Aldosterone synthesis and secretion","Node_Type":"kegg_Pathway","enrichScore":32.562}},{"data":{"id":"hsa04270","display_name":"Vascular smooth muscle contraction","Node_Type":"kegg_Pathway","enrichScore":24.775}},{"data":{"id":"hsa04072","display_name":"Phospholipase D signaling pathway","Node_Type":"kegg_Pathway","enrichScore":23.101}},{"data":{"id":"hsa04261","display_name":"Adrenergic signaling in cardiomyocytes","Node_Type":"kegg_Pathway","enrichScore":21.917}},{"data":{"id":"hsa04080","display_name":"Neuroactive ligand-receptor interaction","Node_Type":"kegg_Pathway","enrichScore":9.997}},{"data":{"id":"H00575","display_name":"Renal tubular dysgenesis","Node_Type":"kegg_Disease","enrichScore":1833.5}},{"data":{"id":"H02011","display_name":"Familial juvenile hyperuricemic nephropathy","Node_Type":"kegg_Disease","enrichScore":611.167}},{"data":{"id":"H00541","display_name":"Autosomal dominant tubulointerstitial kidney disease","Node_Type":"kegg_Disease","enrichScore":366.7}}],"edges":[{"data":{"source":"P01019","target":"P00797","Edge_Type":"PPI","label":"interacts w\/"}},{"data":{"source":"HP:0008660","target":"Orphanet:97369","Edge_Type":"hpodis","label":"is associated w\/"}},{"data":{"source":"HP:0002009","target":"Orphanet:97369","Edge_Type":"hpodis","label":"is associated w\/"}},{"data":{"source":"HP:0011334","target":"Orphanet:97369","Edge_Type":"hpodis","label":"is associated w\/"}},{"data":{"source":"HP:0100519","target":"Orphanet:97369","Edge_Type":"hpodis","label":"is associated w\/"}},{"data":{"source":"HP:0004492","target":"Orphanet:97369","Edge_Type":"hpodis","label":"is associated w\/"}},{"data":{"source":"HP:0011037","target":"Orphanet:97369","Edge_Type":"hpodis","label":"is associated w\/"}},{"data":{"source":"HP:0010537","target":"Orphanet:97369","Edge_Type":"hpodis","label":"is associated w\/"}},{"data":{"source":"HP:0004972","target":"EFO:0000537","Edge_Type":"hpodis","label":"is associated w\/"}},{"data":{"source":"HP:0004421","target":"EFO:0000537","Edge_Type":"hpodis","label":"is associated w\/"}},{"data":{"source":"HP:0005117","target":"EFO:0000537","Edge_Type":"hpodis","label":"is associated w\/"}},{"data":{"source":"P00797","target":"Orphanet:97369","Edge_Type":"Disease","label":"is related to"}},{"data":{"source":"P01019","target":"Orphanet:97369","Edge_Type":"Disease","label":"is related to"}},{"data":{"source":"P00797","target":"Orphanet:217330","Edge_Type":"Disease","label":"is related to"}},{"data":{"source":"P01019","target":"EFO:0000537","Edge_Type":"Disease","label":"is related to"}},{"data":{"source":"P00797","target":"DB04387","Edge_Type":"Drug","label":"targets"}},{"data":{"source":"P00797","target":"DB04379","Edge_Type":"Drug","label":"targets"}},{"data":{"source":"P00797","target":"DB09026","Edge_Type":"Drug","label":"targets"}},{"data":{"source":"P00797","target":"DB08099","Edge_Type":"Drug","label":"targets"}},{"data":{"source":"P00797","target":"DB07174","Edge_Type":"Drug","label":"targets"}},{"data":{"source":"P00797","target":"DB07113","Edge_Type":"Drug","label":"targets"}},{"data":{"source":"P00797","target":"DB07059","Edge_Type":"Drug","label":"targets"}},{"data":{"source":"P00797","target":"DB06967","Edge_Type":"Drug","label":"targets"}},{"data":{"source":"P00797","target":"DB06899","Edge_Type":"Drug","label":"targets"}},{"data":{"source":"P00797","target":"DB00212","Edge_Type":"Drug","label":"targets"}},{"data":{"source":"P00797","target":"R-HSA-2022377","Edge_Type":"Pathway","label":"is involved in"}},{"data":{"source":"P01019","target":"R-HSA-2022377","Edge_Type":"Pathway","label":"is involved in"}},{"data":{"source":"P01019","target":"R-HSA-375276","Edge_Type":"Pathway","label":"is involved in"}},{"data":{"source":"P01019","target":"R-HSA-1989781","Edge_Type":"Pathway","label":"is involved in"}},{"data":{"source":"P01019","target":"R-HSA-416476","Edge_Type":"Pathway","label":"is involved in"}},{"data":{"source":"P01019","target":"R-HSA-418594","Edge_Type":"Pathway","label":"is involved in"}},{"data":{"source":"P00797","target":"HP:0008660","Edge_Type":"HPO","label":"is associated w\/"}},{"data":{"source":"P01019","target":"HP:0008660","Edge_Type":"HPO","label":"is associated w\/"}},{"data":{"source":"P00797","target":"HP:0002009","Edge_Type":"HPO","label":"is associated w\/"}},{"data":{"source":"P01019","target":"HP:0002009","Edge_Type":"HPO","label":"is associated w\/"}},{"data":{"source":"P00797","target":"HP:0011334","Edge_Type":"HPO","label":"is associated w\/"}},{"data":{"source":"P01019","target":"HP:0011334","Edge_Type":"HPO","label":"is associated w\/"}},{"data":{"source":"P00797","target":"HP:0100519","Edge_Type":"HPO","label":"is associated w\/"}},{"data":{"source":"P01019","target":"HP:0100519","Edge_Type":"HPO","label":"is associated w\/"}},{"data":{"source":"P00797","target":"HP:0004492","Edge_Type":"HPO","label":"is associated w\/"}},{"data":{"source":"P01019","target":"HP:0004492","Edge_Type":"HPO","label":"is associated w\/"}},{"data":{"source":"P00797","target":"HP:0011037","Edge_Type":"HPO","label":"is associated w\/"}},{"data":{"source":"P01019","target":"HP:0011037","Edge_Type":"HPO","label":"is associated w\/"}},{"data":{"source":"P00797","target":"HP:0010537","Edge_Type":"HPO","label":"is associated w\/"}},{"data":{"source":"P01019","target":"HP:0010537","Edge_Type":"HPO","label":"is associated w\/"}},{"data":{"source":"P01019","target":"HP:0004972","Edge_Type":"HPO","label":"is associated w\/"}},{"data":{"source":"P01019","target":"HP:0004421","Edge_Type":"HPO","label":"is associated w\/"}},{"data":{"source":"P01019","target":"HP:0005117","Edge_Type":"HPO","label":"is associated w\/"}},{"data":{"source":"P00797","target":"CHEMBL30993","Edge_Type":"Prediction","label":"targets"}},{"data":{"source":"P00797","target":"CHEMBL315276","Edge_Type":"Prediction","label":"targets"}},{"data":{"source":"P00797","target":"CHEMBL68992","Edge_Type":"Prediction","label":"targets"}},{"data":{"source":"P00797","target":"CHEMBL324635","Edge_Type":"Prediction","label":"targets"}},{"data":{"source":"P00797","target":"CHEMBL2114161","Edge_Type":"Prediction","label":"targets"}},{"data":{"source":"P00797","target":"CHEMBL26039","Edge_Type":"Prediction","label":"targets"}},{"data":{"source":"P00797","target":"CHEMBL408093","Edge_Type":"Prediction","label":"targets"}},{"data":{"source":"P00797","target":"CHEMBL401394","Edge_Type":"Prediction","label":"targets"}},{"data":{"source":"P00797","target":"CHEMBL275271","Edge_Type":"Prediction","label":"targets"}},{"data":{"source":"P00797","target":"CHEMBL398446","Edge_Type":"Prediction","label":"targets"}},{"data":{"source":"H00575","target":"hsa04614","Edge_Type":"kegg_dis_path","label":"modulates"}},{"data":{"source":"H02011","target":"hsa04614","Edge_Type":"kegg_dis_path","label":"modulates"}},{"data":{"source":"H00541","target":"hsa04614","Edge_Type":"kegg_dis_path","label":"modulates"}},{"data":{"source":"P00797","target":"hsa04614","Edge_Type":"kegg_path_prot","label":"is involved in"}},{"data":{"source":"P01019","target":"hsa04614","Edge_Type":"kegg_path_prot","label":"is involved in"}},{"data":{"source":"P00797","target":"hsa04924","Edge_Type":"kegg_path_prot","label":"is involved in"}},{"data":{"source":"P01019","target":"hsa04924","Edge_Type":"kegg_path_prot","label":"is involved in"}},{"data":{"source":"P01019","target":"hsa04927","Edge_Type":"kegg_path_prot","label":"is involved in"}},{"data":{"source":"P01019","target":"hsa04925","Edge_Type":"kegg_path_prot","label":"is involved in"}},{"data":{"source":"P01019","target":"hsa04270","Edge_Type":"kegg_path_prot","label":"is involved in"}},{"data":{"source":"P01019","target":"hsa04072","Edge_Type":"kegg_path_prot","label":"is involved in"}},{"data":{"source":"P01019","target":"hsa04261","Edge_Type":"kegg_path_prot","label":"is involved in"}},{"data":{"source":"P01019","target":"hsa04080","Edge_Type":"kegg_path_prot","label":"is involved in"}},{"data":{"source":"P00797","target":"H00575","Edge_Type":"kegg_dis_prot","label":"is related to"}},{"data":{"source":"P01019","target":"H00575","Edge_Type":"kegg_dis_prot","label":"is related to"}},{"data":{"source":"P00797","target":"H02011","Edge_Type":"kegg_dis_prot","label":"is related to"}},{"data":{"source":"P00797","target":"H00541","Edge_Type":"kegg_dis_prot","label":"is related to"}}]}