{"options":{"search_start":1613057153,"tax_ids":[9606],"num_of_fn_nodes":10,"num_of_pathways":10,"num_of_phenotypes":10,"num_of_drugs":10,"num_of_diseases":10,"num_of_compounds":10,"chembl_compounds":0,"predictions":1,"reviewed_filter":1,"fn":1,"chembl":1,"search_finish":1613057165,"search_runtime":12},"search":[{"Drug":[{"DB04185":"Norvaline"}]}],"nodes":[{"data":{"id":"P00480","display_name":"OTC","Node_Type":"Protein"}},{"data":{"id":"P50440","display_name":"GATM","Node_Type":"Protein"}},{"data":{"id":"EFO:0007409","display_name":"ornithine carbamoyltransferase deficiency","Node_Type":"Disease","enrichScore":1800.5}},{"data":{"id":"Orphanet:35704","display_name":"Arginine:glycine amidinotransferase deficiency","Node_Type":"Disease","enrichScore":1800.5}},{"data":{"id":"Orphanet:664","display_name":"Ornithine transcarbamylase deficiency","Node_Type":"Disease","enrichScore":1800.5}},{"data":{"id":"DB04185","display_name":"Norvaline","Node_Type":"Drug","enrichScore":9999999}},{"data":{"id":"DB02011","display_name":"N-(Phosphonoacetyl)-L-Ornithine","Node_Type":"Drug","enrichScore":2384.5}},{"data":{"id":"DB02068","display_name":"Delta-Amino Valeric Acid","Node_Type":"Drug","enrichScore":1192.25}},{"data":{"id":"DB02530","display_name":"gamma-Aminobutyric acid","Node_Type":"Drug","enrichScore":794.833}},{"data":{"id":"DB00129","display_name":"Ornithine","Node_Type":"Drug","enrichScore":681.286}},{"data":{"id":"DB04454","display_name":"Alpha-Aminobutyric Acid","Node_Type":"Drug","enrichScore":596.125}},{"data":{"id":"DB00155","display_name":"Citrulline","Node_Type":"Drug","enrichScore":198.708}},{"data":{"id":"DB00145","display_name":"Glycine","Node_Type":"Drug","enrichScore":79.483}},{"data":{"id":"R-HSA-71288","display_name":"Creatine metabolism","Node_Type":"Pathway","enrichScore":3213.75}},{"data":{"id":"R-HSA-70635","display_name":"Urea cycle","Node_Type":"Pathway","enrichScore":3213.75}},{"data":{"id":"R-HSA-1268020","display_name":"Mitochondrial protein import","Node_Type":"Pathway","enrichScore":494.423}},{"data":{"id":"HP:0025049","display_name":"Abnormal brain creatine level by MRS","Node_Type":"HPO","enrichScore":705.167}},{"data":{"id":"HP:0025051","display_name":"Reduced brain creatine level by MRS","Node_Type":"HPO","enrichScore":705.167}},{"data":{"id":"HP:0001951","display_name":"Episodic ammonia intoxication","Node_Type":"HPO","enrichScore":528.875}},{"data":{"id":"HP:0002038","display_name":"Protein avoidance","Node_Type":"HPO","enrichScore":423.1}},{"data":{"id":"HP:0003217","display_name":"Hyperglutaminemia","Node_Type":"HPO","enrichScore":423.1}},{"data":{"id":"HP:0010903","display_name":"Abnormal circulating glutamine concentration","Node_Type":"HPO","enrichScore":352.583}},{"data":{"id":"HP:0001950","display_name":"Respiratory alkalosis","Node_Type":"HPO","enrichScore":352.583}},{"data":{"id":"HP:0003572","display_name":"Low plasma citrulline","Node_Type":"HPO","enrichScore":151.107}},{"data":{"id":"HP:0012705","display_name":"Abnormal metabolic brain imaging by MRS","Node_Type":"HPO","enrichScore":141.033}},{"data":{"id":"HP:0010902","display_name":"Abnormal circulating glutamine family amino acid concentration","Node_Type":"HPO","enrichScore":132.219}},{"data":{"id":"hsa00220","display_name":"Arginine biosynthesis","Node_Type":"kegg_Pathway","enrichScore":170.95}},{"data":{"id":"hsa00260","display_name":"Glycine, serine and threonine metabolism","Node_Type":"kegg_Pathway","enrichScore":81.405}},{"data":{"id":"hsa00330","display_name":"Arginine and proline metabolism","Node_Type":"kegg_Pathway","enrichScore":69.776}},{"data":{"id":"hsa01230","display_name":"Biosynthesis of amino acids","Node_Type":"kegg_Pathway","enrichScore":44.987}},{"data":{"id":"hsa01100","display_name":"Metabolic pathways","Node_Type":"kegg_Pathway","enrichScore":9.247}},{"data":{"id":"H00187","display_name":"Ornithine transcarbamylase deficiency","Node_Type":"kegg_Disease","enrichScore":1833.5}},{"data":{"id":"H00849","display_name":"Cerebral creatine deficiency syndrome","Node_Type":"kegg_Disease","enrichScore":611.167}},{"data":{"id":"H01398","display_name":"Primary hyperammonemic disorders (Urea cycle disorders)","Node_Type":"kegg_Disease","enrichScore":229.188}}],"edges":[{"data":{"source":"HP:0025049","target":"Orphanet:35704","Edge_Type":"hpodis","label":"is associated w\/"}},{"data":{"source":"HP:0025051","target":"Orphanet:35704","Edge_Type":"hpodis","label":"is associated w\/"}},{"data":{"source":"HP:0001951","target":"EFO:0007409","Edge_Type":"hpodis","label":"is associated w\/"}},{"data":{"source":"HP:0002038","target":"EFO:0007409","Edge_Type":"hpodis","label":"is associated w\/"}},{"data":{"source":"HP:0003217","target":"EFO:0007409","Edge_Type":"hpodis","label":"is associated w\/"}},{"data":{"source":"HP:0010903","target":"EFO:0007409","Edge_Type":"hpodis","label":"is associated w\/"}},{"data":{"source":"HP:0001950","target":"EFO:0007409","Edge_Type":"hpodis","label":"is associated w\/"}},{"data":{"source":"HP:0003572","target":"EFO:0007409","Edge_Type":"hpodis","label":"is associated w\/"}},{"data":{"source":"HP:0012705","target":"Orphanet:35704","Edge_Type":"hpodis","label":"is associated w\/"}},{"data":{"source":"HP:0010902","target":"EFO:0007409","Edge_Type":"hpodis","label":"is associated w\/"}},{"data":{"source":"P00480","target":"EFO:0007409","Edge_Type":"Disease","label":"is related to"}},{"data":{"source":"P50440","target":"Orphanet:35704","Edge_Type":"Disease","label":"is related to"}},{"data":{"source":"P00480","target":"Orphanet:664","Edge_Type":"Disease","label":"is related to"}},{"data":{"source":"P00480","target":"DB04185","Edge_Type":"Drug","label":"targets"}},{"data":{"source":"P50440","target":"DB04185","Edge_Type":"Drug","label":"targets"}},{"data":{"source":"P00480","target":"DB02011","Edge_Type":"Drug","label":"targets"}},{"data":{"source":"P50440","target":"DB02068","Edge_Type":"Drug","label":"targets"}},{"data":{"source":"P50440","target":"DB02530","Edge_Type":"Drug","label":"targets"}},{"data":{"source":"P00480","target":"DB00129","Edge_Type":"Drug","label":"targets"}},{"data":{"source":"P50440","target":"DB00129","Edge_Type":"Drug","label":"targets"}},{"data":{"source":"P50440","target":"DB04454","Edge_Type":"Drug","label":"targets"}},{"data":{"source":"P00480","target":"DB00155","Edge_Type":"Drug","label":"targets"}},{"data":{"source":"P50440","target":"DB00145","Edge_Type":"Drug","label":"targets"}},{"data":{"source":"P50440","target":"R-HSA-71288","Edge_Type":"Pathway","label":"is involved in"}},{"data":{"source":"P00480","target":"R-HSA-70635","Edge_Type":"Pathway","label":"is involved in"}},{"data":{"source":"P00480","target":"R-HSA-1268020","Edge_Type":"Pathway","label":"is involved in"}},{"data":{"source":"P50440","target":"HP:0025049","Edge_Type":"HPO","label":"is associated w\/"}},{"data":{"source":"P50440","target":"HP:0025051","Edge_Type":"HPO","label":"is associated w\/"}},{"data":{"source":"P00480","target":"HP:0001951","Edge_Type":"HPO","label":"is associated w\/"}},{"data":{"source":"P00480","target":"HP:0002038","Edge_Type":"HPO","label":"is associated w\/"}},{"data":{"source":"P00480","target":"HP:0003217","Edge_Type":"HPO","label":"is associated w\/"}},{"data":{"source":"P00480","target":"HP:0010903","Edge_Type":"HPO","label":"is associated w\/"}},{"data":{"source":"P00480","target":"HP:0001950","Edge_Type":"HPO","label":"is associated w\/"}},{"data":{"source":"P00480","target":"HP:0003572","Edge_Type":"HPO","label":"is associated w\/"}},{"data":{"source":"P50440","target":"HP:0012705","Edge_Type":"HPO","label":"is associated w\/"}},{"data":{"source":"P00480","target":"HP:0010902","Edge_Type":"HPO","label":"is associated w\/"}},{"data":{"source":"H00187","target":"hsa00220","Edge_Type":"kegg_dis_path","label":"modulates"}},{"data":{"source":"H00849","target":"hsa00260","Edge_Type":"kegg_dis_path","label":"modulates"}},{"data":{"source":"H00849","target":"hsa00330","Edge_Type":"kegg_dis_path","label":"modulates"}},{"data":{"source":"H01398","target":"hsa00220","Edge_Type":"kegg_dis_path","label":"modulates"}},{"data":{"source":"P00480","target":"hsa00220","Edge_Type":"kegg_path_prot","label":"is involved in"}},{"data":{"source":"P50440","target":"hsa00260","Edge_Type":"kegg_path_prot","label":"is involved in"}},{"data":{"source":"P50440","target":"hsa00330","Edge_Type":"kegg_path_prot","label":"is involved in"}},{"data":{"source":"P00480","target":"hsa01230","Edge_Type":"kegg_path_prot","label":"is involved in"}},{"data":{"source":"P00480","target":"hsa01100","Edge_Type":"kegg_path_prot","label":"is involved in"}},{"data":{"source":"P50440","target":"hsa01100","Edge_Type":"kegg_path_prot","label":"is involved in"}},{"data":{"source":"P00480","target":"H00187","Edge_Type":"kegg_dis_prot","label":"is related to"}},{"data":{"source":"P50440","target":"H00849","Edge_Type":"kegg_dis_prot","label":"is related to"}},{"data":{"source":"P00480","target":"H01398","Edge_Type":"kegg_dis_prot","label":"is related to"}}]}