Core Proteins,Interacting Proteins,Pathways,HPO terms,Diseases,Targeting Drugs,Experimental Bioactive Compounds (pChEMBL),Predicted interacting Compounds
PIK3CD (O00329),HRAS (P01112); HRAS (P01112); PIK3R3 (Q92569); PIK3R1 (P27986); PIK3R1 (P27986),R-HSA-9027276 Erythropoietin activates Phosphoinositide-3-kinase (PI3K)[scr:8034]; R-HSA-912631 Regulation of signaling by CBL[scr:4382]; R-HSA-512988 Interleukin-3- Interleukin-5 and GM-CSF signaling[scr:4017]; R-HSA-912526 Interleukin receptor SHC signaling[scr:3571]; R-HSA-1660499 Synthesis of PIPs at the plasma membrane[scr:3234]; hsa04923 Regulation of lipolysis in adipocytes[scr:326]; hsa04370 VEGF signaling pathway[scr:309]; hsa04929 GnRH secretion[scr:285]; hsa04213 Longevity regulating pathway[scr:285]; hsa04960 Aldosterone-regulated sodium reabsorption[scr:277]; hsa04664 Fc epsilon RI signaling pathway[scr:272]; hsa04917 Prolactin signaling pathway[scr:260]; hsa04725 Cholinergic synapse[scr:254]; hsa04662 B cell receptor signaling pathway[scr:234]; hsa04973 Carbohydrate digestion and absorption[scr:218],HP:0012476 Decreased specific pneumococcal antibody level[scr:705]; HP:0030379 Abnormal proportion of transitional B cells[scr:705]; HP:0030388 Decreased proportion of class-switched memory B cells[scr:705]; HP:0030381 Increased proportion of transitional B cells[scr:705]; HP:0030386 Abnormal proportion of class-switched memory B cells[scr:705]; HP:0025539 Abnormal B cell subset distribution[scr:353]; HP:0030373 Abnormal proportion of memory B cells[scr:353],Orphanet:397596 Activated PIK3-delta syndrome (EFO)[scr:1200]; H01387 Activated PI3K-delta syndrome (KEGG)[scr:611],DB06831 2-((9H-PURIN-6-YLTHIO)METHYL)-5-CHLORO-3-(2-METHOXYPHENYL)QUINAZOLIN-4(3H)-ONE[scr:9999999]; DB05552 TG100-115[scr:1590]; DB11952 Duvelisib[scr:1590],,CHEMBL117936 [scr:21.75]; CHEMBL423558 [scr:21.75]; CHEMBL290649 [scr:20.47]; CHEMBL420245 [scr:19.33]; CHEMBL480283 [scr:18.32]; CHEMBL94644 [scr:17.4]; CHEMBL224377 [scr:17.4]; CHEMBL185720 [scr:17.4]; CHEMBL421486 [scr:17.4]; CHEMBL100651 [scr:16.57]
PIK3CG (P48736),PIK3CG (P48736); PDE3B (Q13370),R-HSA-9027276 Erythropoietin activates Phosphoinositide-3-kinase (PI3K)[scr:8034]; R-HSA-1660499 Synthesis of PIPs at the plasma membrane[scr:3234]; hsa04725 Cholinergic synapse[scr:254],,,DB06831 2-((9H-PURIN-6-YLTHIO)METHYL)-5-CHLORO-3-(2-METHOXYPHENYL)QUINAZOLIN-4(3H)-ONE[scr:9999999]; DB05552 TG100-115[scr:1590]; DB11952 Duvelisib[scr:1590]; DB08300 1-methyl-3-naphthalen-2-yl-1H-pyrazolo[3-4-d]pyrimidin-4-amine[scr:795]; DB08059 Wortmannin[scr:795]; DB07503 (5E)-5-[(2-2-DIFLUORO-1-3-BENZODIOXOL-5-YL)METHYLENE]-1-3-THIAZOLIDINE-2-4-DIONE[scr:795]; DB07073 5-5-dimethyl-2-morpholin-4-yl-5-6-dihydro-1-3-benzothiazol-7(4H)-one[scr:795],,
PDE3B (Q13370),PIK3CG (P48736),R-HSA-165160 PDE3B signalling[scr:5356]; hsa04923 Regulation of lipolysis in adipocytes[scr:326],,,DB01640 6-(4-{[2-(3-iodobenzyl)-3-oxocyclohex-1-en-1-yl]amino}phenyl)-5-methyl-4-5-dihydropyridazin-3(2H)-one[scr:795]; DB01970 Hg9a-9- Nonanoyl-N-Hydroxyethylglucamide[scr:795],,CHEMBL117936 [scr:21.75]; CHEMBL423558 [scr:21.75]; CHEMBL290649 [scr:20.47]; CHEMBL420245 [scr:19.33]; CHEMBL480283 [scr:18.32]; CHEMBL94644 [scr:17.4]; CHEMBL224377 [scr:17.4]; CHEMBL185720 [scr:17.4]; CHEMBL100651 [scr:16.57]
HRAS (P01112),PIK3CD (O00329),R-HSA-8853334 Signaling by FGFR3 fusions in cancer[scr:4285]; R-HSA-5655291 Signaling by FGFR4 in disease[scr:3895]; R-HSA-5637810 Constitutive Signaling by EGFRvIII[scr:2857]; hsa04370 VEGF signaling pathway[scr:309]; hsa04929 GnRH secretion[scr:285]; hsa04213 Longevity regulating pathway[scr:285]; hsa04664 Fc epsilon RI signaling pathway[scr:272]; hsa04917 Prolactin signaling pathway[scr:260]; hsa04725 Cholinergic synapse[scr:254]; hsa04662 B cell receptor signaling pathway[scr:234],HP:0025510 Nevus spilus[scr:353]; HP:0004690 Thickened Achilles tendon[scr:353]; HP:0010815 Nevus sebaceous[scr:235],Orphanet:3071 Costello syndrome (EFO)[scr:600]; Orphanet:2612 Linear nevus sebaceus syndrome (EFO)[scr:600]; EFO:0000292 bladder carcinoma (EFO)[scr:200]; MONDO:0001187 urinary bladder cancer (EFO)[scr:200]; EFO:0000501 follicular thyroid carcinoma (EFO)[scr:86]; H01747 Costello syndrome (KEGG)[scr:611]; H01555 Merkel cell carcinoma (KEGG)[scr:306]; H01592 Medullary thyroid cancer (KEGG)[scr:204]; H01666 Angiosarcoma (KEGG)[scr:204]; H00040 Squamous cell carcinoma (KEGG)[scr:153]; H01470 Giant cell tumor of bone (KEGG)[scr:153]; H00030 Cervical cancer (KEGG)[scr:87]; H00022 Bladder cancer (KEGG)[scr:68],DB08751 N-N'-DIMETHYL-N-(ACETYL)-N'-(7-NITROBENZ-2-OXA-1-3-DIAZOL-4-YL)ETHYLENEDIAMINE[scr:795],,
PIK3R3 (Q92569),PIK3CD (O00329),R-HSA-912631 Regulation of signaling by CBL[scr:4382]; R-HSA-512988 Interleukin-3- Interleukin-5 and GM-CSF signaling[scr:4017]; R-HSA-388841 Costimulation by the CD28 family[scr:3895]; R-HSA-912526 Interleukin receptor SHC signaling[scr:3571]; R-HSA-1660499 Synthesis of PIPs at the plasma membrane[scr:3234]; hsa04923 Regulation of lipolysis in adipocytes[scr:326]; hsa04370 VEGF signaling pathway[scr:309]; hsa04929 GnRH secretion[scr:285]; hsa04213 Longevity regulating pathway[scr:285]; hsa04960 Aldosterone-regulated sodium reabsorption[scr:277]; hsa04664 Fc epsilon RI signaling pathway[scr:272]; hsa04917 Prolactin signaling pathway[scr:260]; hsa04725 Cholinergic synapse[scr:254]; hsa04662 B cell receptor signaling pathway[scr:234]; hsa04973 Carbohydrate digestion and absorption[scr:218],,,,,
PIK3R1 (P27986),PIK3CD (O00329),R-HSA-9027276 Erythropoietin activates Phosphoinositide-3-kinase (PI3K)[scr:8034]; R-HSA-912631 Regulation of signaling by CBL[scr:4382]; R-HSA-8853334 Signaling by FGFR3 fusions in cancer[scr:4285]; R-HSA-512988 Interleukin-3- Interleukin-5 and GM-CSF signaling[scr:4017]; R-HSA-5655291 Signaling by FGFR4 in disease[scr:3895]; R-HSA-388841 Costimulation by the CD28 family[scr:3895]; R-HSA-912526 Interleukin receptor SHC signaling[scr:3571]; R-HSA-1660499 Synthesis of PIPs at the plasma membrane[scr:3234]; R-HSA-5637810 Constitutive Signaling by EGFRvIII[scr:2857]; hsa04923 Regulation of lipolysis in adipocytes[scr:326]; hsa04370 VEGF signaling pathway[scr:309]; hsa04929 GnRH secretion[scr:285]; hsa04213 Longevity regulating pathway[scr:285]; hsa04960 Aldosterone-regulated sodium reabsorption[scr:277]; hsa04664 Fc epsilon RI signaling pathway[scr:272]; hsa04917 Prolactin signaling pathway[scr:260]; hsa04725 Cholinergic synapse[scr:254]; hsa04662 B cell receptor signaling pathway[scr:234]; hsa04973 Carbohydrate digestion and absorption[scr:218],,Orphanet:397596 Activated PIK3-delta syndrome (EFO)[scr:1200]; Orphanet:3163 SHORT syndrome (EFO)[scr:600]; Orphanet:183669 Agammaglobulinemia (EFO)[scr:100]; Orphanet:33110 Autosomal agammaglobulinemia (EFO)[scr:86]; Orphanet:229717 Isolated agammaglobulinemia (EFO)[scr:67]; H01370 SHORT syndrome (KEGG)[scr:611],DB08059 Wortmannin[scr:795],,
