{"options":{"search_start":1613056492,"tax_ids":[9606],"num_of_fn_nodes":10,"num_of_pathways":10,"num_of_phenotypes":10,"num_of_drugs":10,"num_of_diseases":10,"num_of_compounds":10,"chembl_compounds":0,"predictions":1,"reviewed_filter":1,"fn":1,"chembl":1,"search_finish":1613056504,"search_runtime":12},"search":[{"Drug":[{"DB01592":"Iron"}]}],"nodes":[{"data":{"id":"P00450","display_name":"CP","Node_Type":"Protein"}},{"data":{"id":"P02786","display_name":"TFRC","Node_Type":"Protein"}},{"data":{"id":"P02787","display_name":"TF","Node_Type":"Protein"}},{"data":{"id":"P02794","display_name":"FTH1","Node_Type":"Protein"}},{"data":{"id":"P06746","display_name":"POLB","Node_Type":"Protein"}},{"data":{"id":"P39748","display_name":"FEN1","Node_Type":"Protein"}},{"data":{"id":"P69905","display_name":"HBA1","Node_Type":"Protein"}},{"data":{"id":"Q16595","display_name":"FXN","Node_Type":"Protein"}},{"data":{"id":"Q969S2","display_name":"NEIL2","Node_Type":"Protein"}},{"data":{"id":"Q96FI4","display_name":"NEIL1","Node_Type":"Protein"}},{"data":{"id":"Q9BY41","display_name":"HDAC8","Node_Type":"Protein"}},{"data":{"id":"Q9GZT9","display_name":"EGLN1","Node_Type":"Protein"}},{"data":{"id":"Q9NZD4","display_name":"AHSP","Node_Type":"Protein"}},{"data":{"id":"Q96TC7","display_name":"RMDN3","Node_Type":"Protein_N"}},{"data":{"id":"P02768","display_name":"ALB","Node_Type":"Protein_N"}},{"data":{"id":"O75459","display_name":"PAGE1","Node_Type":"Protein_N"}},{"data":{"id":"Q8NBJ4","display_name":"GOLM1","Node_Type":"Protein_N"}},{"data":{"id":"P01350","display_name":"GAST","Node_Type":"Protein_N"}},{"data":{"id":"P00387","display_name":"CYB5R3","Node_Type":"Protein_N"}},{"data":{"id":"P69892","display_name":"HBG2","Node_Type":"Protein_N"}},{"data":{"id":"Q8NC24","display_name":"RELL2","Node_Type":"Protein_N"}},{"data":{"id":"Q02548","display_name":"PAX5","Node_Type":"Protein_N"}},{"data":{"id":"P07307","display_name":"ASGR2","Node_Type":"Protein_N"}},{"data":{"id":"Orphanet:95","display_name":"Friedreich ataxia","Node_Type":"Disease","enrichScore":156.565}},{"data":{"id":"Orphanet:48818","display_name":"Aceruloplasminemia","Node_Type":"Disease","enrichScore":156.565}},{"data":{"id":"MONDO:0013511","display_name":"cyanosis, transient neonatal","Node_Type":"Disease","enrichScore":156.565}},{"data":{"id":"Orphanet:93616","display_name":"Hemoglobin H disease","Node_Type":"Disease","enrichScore":156.565}},{"data":{"id":"Orphanet:1195","display_name":"Congenital atransferrinemia","Node_Type":"Disease","enrichScore":156.565}},{"data":{"id":"Orphanet:139373","display_name":"Recessive hereditary methemoglobinemia type 1","Node_Type":"Disease","enrichScore":156.565}},{"data":{"id":"Orphanet:139380","display_name":"Recessive hereditary methemoglobinemia type 2","Node_Type":"Disease","enrichScore":156.565}},{"data":{"id":"Orphanet:86816","display_name":"Congenital analbuminemia","Node_Type":"Disease","enrichScore":156.565}},{"data":{"id":"Orphanet:846","display_name":"Alpha-thalassemia","Node_Type":"Disease","enrichScore":156.565}},{"data":{"id":"Orphanet:247790","display_name":"FTH1-related iron overload","Node_Type":"Disease","enrichScore":156.565}},{"data":{"id":"DB01592","display_name":"Iron","Node_Type":"Drug","enrichScore":9999999}},{"data":{"id":"DB14488","display_name":"Ferrous gluconate","Node_Type":"Drug","enrichScore":2695.522}},{"data":{"id":"DB14489","display_name":"Ferrous succinate","Node_Type":"Drug","enrichScore":2695.522}},{"data":{"id":"DB14490","display_name":"Ferrous ascorbate","Node_Type":"Drug","enrichScore":2695.522}},{"data":{"id":"DB14491","display_name":"Ferrous fumarate","Node_Type":"Drug","enrichScore":2695.522}},{"data":{"id":"DB14501","display_name":"Ferrous glycine sulfate","Node_Type":"Drug","enrichScore":2695.522}},{"data":{"id":"DB07479","display_name":"(1S)-1,2,3,4-TETRAHYDRO-BENZO[C]PHENANTHRENE-2,3,4-TRIOL","Node_Type":"Drug","enrichScore":207.348}},{"data":{"id":"DB02565","display_name":"4-(dimethylamino)-N-[7-(hydroxyamino)-7-oxoheptyl]benzamide","Node_Type":"Drug","enrichScore":207.348}},{"data":{"id":"DB13967","display_name":"Patent Blue","Node_Type":"Drug","enrichScore":207.348}},{"data":{"id":"DB12532","display_name":"Oxetacaine","Node_Type":"Drug","enrichScore":207.348}},{"data":{"id":"R-HSA-5649702","display_name":"APEX1-Independent Resolution of AP Sites via the Single Nucleotide Replacement Pathway","Node_Type":"Pathway","enrichScore":3593.012}},{"data":{"id":"R-HSA-5619049","display_name":"Defective SLC40A1 causes hemochromatosis 4 (HFE4) (macrophages)","Node_Type":"Pathway","enrichScore":2794.565}},{"data":{"id":"R-HSA-5619060","display_name":"Defective CP causes aceruloplasminemia (ACERULOP)","Node_Type":"Pathway","enrichScore":2794.565}},{"data":{"id":"R-HSA-110329","display_name":"Cleavage of the damaged pyrimidine","Node_Type":"Pathway","enrichScore":1397.283}},{"data":{"id":"R-HSA-110328","display_name":"Recognition and association of DNA glycosylase with site containing an affected pyrimidine","Node_Type":"Pathway","enrichScore":1397.283}},{"data":{"id":"R-HSA-73930","display_name":"Abasic sugar-phosphate removal via the single-nucleotide replacement pathway","Node_Type":"Pathway","enrichScore":1397.283}},{"data":{"id":"R-HSA-110362","display_name":"POLB-Dependent Long Patch Base Excision Repair","Node_Type":"Pathway","enrichScore":1397.283}},{"data":{"id":"R-HSA-110373","display_name":"Resolution of AP sites via the multiple-nucleotide patch replacement pathway","Node_Type":"Pathway","enrichScore":1397.283}},{"data":{"id":"R-HSA-110381","display_name":"Resolution of AP sites via the single-nucleotide replacement pathway","Node_Type":"Pathway","enrichScore":931.522}},{"data":{"id":"R-HSA-162594","display_name":"Early Phase of HIV Life Cycle","Node_Type":"Pathway","enrichScore":931.522}},{"data":{"id":"HP:0012119","display_name":"Methemoglobinemia","Node_Type":"HPO","enrichScore":245.275}},{"data":{"id":"HP:0032385","display_name":"Abnormal circulating transferrin level","Node_Type":"HPO","enrichScore":183.957}},{"data":{"id":"HP:0030183","display_name":"Impaired visually enhanced vestibulo-ocular reflex","Node_Type":"HPO","enrichScore":183.957}},{"data":{"id":"HP:0003209","display_name":"Decreased pyruvate carboxylase activity","Node_Type":"HPO","enrichScore":183.957}},{"data":{"id":"HP:0025498","display_name":"Aceruloplasminemia","Node_Type":"HPO","enrichScore":183.957}},{"data":{"id":"HP:0012239","display_name":"Atransferrinemia","Node_Type":"HPO","enrichScore":183.957}},{"data":{"id":"HP:0003232","display_name":"Mitochondrial malic enzyme reduced","Node_Type":"HPO","enrichScore":183.957}},{"data":{"id":"HP:0010873","display_name":"Cervical spinal cord atrophy","Node_Type":"HPO","enrichScore":91.978}},{"data":{"id":"HP:0005511","display_name":"Heinz body anemia","Node_Type":"HPO","enrichScore":61.319}},{"data":{"id":"HP:0004854","display_name":"Intermittent thrombocytopenia","Node_Type":"HPO","enrichScore":61.319}},{"data":{"id":"hsa03410","display_name":"Base excision repair","Node_Type":"kegg_Pathway","enrichScore":144.148}},{"data":{"id":"hsa04216","display_name":"Ferroptosis","Node_Type":"kegg_Pathway","enrichScore":118.922}},{"data":{"id":"hsa00860","display_name":"Porphyrin and chlorophyll metabolism","Node_Type":"kegg_Pathway","enrichScore":28.315}},{"data":{"id":"hsa04066","display_name":"HIF-1 signaling pathway","Node_Type":"kegg_Pathway","enrichScore":24.548}},{"data":{"id":"hsa03450","display_name":"Non-homologous end-joining","Node_Type":"kegg_Pathway","enrichScore":22.87}},{"data":{"id":"hsa04978","display_name":"Mineral absorption","Node_Type":"kegg_Pathway","enrichScore":20.504}},{"data":{"id":"hsa04918","display_name":"Thyroid hormone synthesis","Node_Type":"kegg_Pathway","enrichScore":15.856}},{"data":{"id":"hsa03030","display_name":"DNA replication","Node_Type":"kegg_Pathway","enrichScore":8.258}},{"data":{"id":"hsa00520","display_name":"Amino sugar and nucleotide sugar metabolism","Node_Type":"kegg_Pathway","enrichScore":6.194}},{"data":{"id":"hsa04971","display_name":"Gastric acid secretion","Node_Type":"kegg_Pathway","enrichScore":3.582}},{"data":{"id":"H00228","display_name":"Thalassemia","Node_Type":"kegg_Disease","enrichScore":239.152}},{"data":{"id":"H02206","display_name":"Aceruloplasminemia","Node_Type":"kegg_Disease","enrichScore":159.435}},{"data":{"id":"H01145","display_name":"Atransferrinemia","Node_Type":"kegg_Disease","enrichScore":159.435}},{"data":{"id":"H00067","display_name":"Friedreich ataxia","Node_Type":"kegg_Disease","enrichScore":159.435}},{"data":{"id":"H00011","display_name":"Lymphoplasmacytic lymphoma","Node_Type":"kegg_Disease","enrichScore":159.435}},{"data":{"id":"H00235","display_name":"Methemoglobinemia","Node_Type":"kegg_Disease","enrichScore":79.717}},{"data":{"id":"H00236","display_name":"Congenital polycythemia","Node_Type":"kegg_Disease","enrichScore":39.859}},{"data":{"id":"H00631","display_name":"Cornelia de Lange syndrome","Node_Type":"kegg_Disease","enrichScore":31.887}},{"data":{"id":"H00211","display_name":"Hemochromatosis","Node_Type":"kegg_Disease","enrichScore":26.572}},{"data":{"id":"H00001","display_name":"B-cell acute lymphoblastic leukemia","Node_Type":"kegg_Disease","enrichScore":17.715}}],"edges":[{"data":{"source":"P02786","target":"P02786","Edge_Type":"PPI","label":"interacts w\/"}},{"data":{"source":"P02787","target":"P02786","Edge_Type":"PPI","label":"interacts w\/"}},{"data":{"source":"P02794","target":"P02786","Edge_Type":"PPI","label":"interacts w\/"}},{"data":{"source":"Q9NZD4","target":"P69905","Edge_Type":"PPI","label":"interacts w\/"}},{"data":{"source":"Q96TC7","target":"P02786","Edge_Type":"PPI","label":"interacts w\/"}},{"data":{"source":"Q96TC7","target":"P02787","Edge_Type":"PPI","label":"interacts w\/"}},{"data":{"source":"P02768","target":"P02786","Edge_Type":"PPI","label":"interacts w\/"}},{"data":{"source":"P02768","target":"P02768","Edge_Type":"PPI","label":"interacts w\/"}},{"data":{"source":"O75459","target":"P02786","Edge_Type":"PPI","label":"interacts w\/"}},{"data":{"source":"Q8NBJ4","target":"P02787","Edge_Type":"PPI","label":"interacts w\/"}},{"data":{"source":"P01350","target":"P02787","Edge_Type":"PPI","label":"interacts w\/"}},{"data":{"source":"P01350","target":"Q8NBJ4","Edge_Type":"PPI","label":"interacts w\/"}},{"data":{"source":"P00387","target":"P69905","Edge_Type":"PPI","label":"interacts w\/"}},{"data":{"source":"P00387","target":"P01350","Edge_Type":"PPI","label":"interacts w\/"}},{"data":{"source":"P69892","target":"P69905","Edge_Type":"PPI","label":"interacts w\/"}},{"data":{"source":"Q8NC24","target":"P02786","Edge_Type":"PPI","label":"interacts w\/"}},{"data":{"source":"Q02548","target":"Q969S2","Edge_Type":"PPI","label":"interacts w\/"}},{"data":{"source":"P07307","target":"P02786","Edge_Type":"PPI","label":"interacts w\/"}},{"data":{"source":"HP:0012119","target":"MONDO:0013511","Edge_Type":"hpodis","label":"is associated w\/"}},{"data":{"source":"HP:0012119","target":"Orphanet:139373","Edge_Type":"hpodis","label":"is associated w\/"}},{"data":{"source":"HP:0032385","target":"Orphanet:1195","Edge_Type":"hpodis","label":"is associated w\/"}},{"data":{"source":"HP:0030183","target":"Orphanet:95","Edge_Type":"hpodis","label":"is associated w\/"}},{"data":{"source":"HP:0003209","target":"Orphanet:95","Edge_Type":"hpodis","label":"is associated w\/"}},{"data":{"source":"HP:0025498","target":"Orphanet:48818","Edge_Type":"hpodis","label":"is associated w\/"}},{"data":{"source":"HP:0012239","target":"Orphanet:1195","Edge_Type":"hpodis","label":"is associated w\/"}},{"data":{"source":"HP:0003232","target":"Orphanet:95","Edge_Type":"hpodis","label":"is associated w\/"}},{"data":{"source":"HP:0010873","target":"Orphanet:95","Edge_Type":"hpodis","label":"is associated w\/"}},{"data":{"source":"Q16595","target":"Orphanet:95","Edge_Type":"Disease","label":"is related to"}},{"data":{"source":"P00450","target":"Orphanet:48818","Edge_Type":"Disease","label":"is related to"}},{"data":{"source":"P69892","target":"MONDO:0013511","Edge_Type":"Disease","label":"is related to"}},{"data":{"source":"P69905","target":"Orphanet:93616","Edge_Type":"Disease","label":"is related to"}},{"data":{"source":"P02787","target":"Orphanet:1195","Edge_Type":"Disease","label":"is related to"}},{"data":{"source":"P00387","target":"Orphanet:139373","Edge_Type":"Disease","label":"is related to"}},{"data":{"source":"P00387","target":"Orphanet:139380","Edge_Type":"Disease","label":"is related to"}},{"data":{"source":"P02768","target":"Orphanet:86816","Edge_Type":"Disease","label":"is related to"}},{"data":{"source":"P69905","target":"Orphanet:846","Edge_Type":"Disease","label":"is related to"}},{"data":{"source":"P02794","target":"Orphanet:247790","Edge_Type":"Disease","label":"is related to"}},{"data":{"source":"P02786","target":"DB01592","Edge_Type":"Drug","label":"targets"}},{"data":{"source":"Q9GZT9","target":"DB01592","Edge_Type":"Drug","label":"targets"}},{"data":{"source":"Q9BY41","target":"DB01592","Edge_Type":"Drug","label":"targets"}},{"data":{"source":"Q9NZD4","target":"DB01592","Edge_Type":"Drug","label":"targets"}},{"data":{"source":"P69905","target":"DB01592","Edge_Type":"Drug","label":"targets"}},{"data":{"source":"Q16595","target":"DB01592","Edge_Type":"Drug","label":"targets"}},{"data":{"source":"P02794","target":"DB01592","Edge_Type":"Drug","label":"targets"}},{"data":{"source":"P39748","target":"DB01592","Edge_Type":"Drug","label":"targets"}},{"data":{"source":"Q96FI4","target":"DB01592","Edge_Type":"Drug","label":"targets"}},{"data":{"source":"Q969S2","target":"DB01592","Edge_Type":"Drug","label":"targets"}},{"data":{"source":"P06746","target":"DB01592","Edge_Type":"Drug","label":"targets"}},{"data":{"source":"P00450","target":"DB01592","Edge_Type":"Drug","label":"targets"}},{"data":{"source":"P02787","target":"DB01592","Edge_Type":"Drug","label":"targets"}},{"data":{"source":"P02786","target":"DB14488","Edge_Type":"Drug","label":"targets"}},{"data":{"source":"Q9GZT9","target":"DB14488","Edge_Type":"Drug","label":"targets"}},{"data":{"source":"Q9BY41","target":"DB14488","Edge_Type":"Drug","label":"targets"}},{"data":{"source":"Q9NZD4","target":"DB14488","Edge_Type":"Drug","label":"targets"}},{"data":{"source":"P69905","target":"DB14488","Edge_Type":"Drug","label":"targets"}},{"data":{"source":"Q16595","target":"DB14488","Edge_Type":"Drug","label":"targets"}},{"data":{"source":"P02794","target":"DB14488","Edge_Type":"Drug","label":"targets"}},{"data":{"source":"P39748","target":"DB14488","Edge_Type":"Drug","label":"targets"}},{"data":{"source":"Q96FI4","target":"DB14488","Edge_Type":"Drug","label":"targets"}},{"data":{"source":"Q969S2","target":"DB14488","Edge_Type":"Drug","label":"targets"}},{"data":{"source":"P06746","target":"DB14488","Edge_Type":"Drug","label":"targets"}},{"data":{"source":"P00450","target":"DB14488","Edge_Type":"Drug","label":"targets"}},{"data":{"source":"P02787","target":"DB14488","Edge_Type":"Drug","label":"targets"}},{"data":{"source":"P02786","target":"DB14489","Edge_Type":"Drug","label":"targets"}},{"data":{"source":"Q9GZT9","target":"DB14489","Edge_Type":"Drug","label":"targets"}},{"data":{"source":"Q9BY41","target":"DB14489","Edge_Type":"Drug","label":"targets"}},{"data":{"source":"Q9NZD4","target":"DB14489","Edge_Type":"Drug","label":"targets"}},{"data":{"source":"P69905","target":"DB14489","Edge_Type":"Drug","label":"targets"}},{"data":{"source":"Q16595","target":"DB14489","Edge_Type":"Drug","label":"targets"}},{"data":{"source":"P02794","target":"DB14489","Edge_Type":"Drug","label":"targets"}},{"data":{"source":"P39748","target":"DB14489","Edge_Type":"Drug","label":"targets"}},{"data":{"source":"Q96FI4","target":"DB14489","Edge_Type":"Drug","label":"targets"}},{"data":{"source":"Q969S2","target":"DB14489","Edge_Type":"Drug","label":"targets"}},{"data":{"source":"P06746","target":"DB14489","Edge_Type":"Drug","label":"targets"}},{"data":{"source":"P00450","target":"DB14489","Edge_Type":"Drug","label":"targets"}},{"data":{"source":"P02787","target":"DB14489","Edge_Type":"Drug","label":"targets"}},{"data":{"source":"P02786","target":"DB14490","Edge_Type":"Drug","label":"targets"}},{"data":{"source":"Q9GZT9","target":"DB14490","Edge_Type":"Drug","label":"targets"}},{"data":{"source":"Q9BY41","target":"DB14490","Edge_Type":"Drug","label":"targets"}},{"data":{"source":"Q9NZD4","target":"DB14490","Edge_Type":"Drug","label":"targets"}},{"data":{"source":"P69905","target":"DB14490","Edge_Type":"Drug","label":"targets"}},{"data":{"source":"Q16595","target":"DB14490","Edge_Type":"Drug","label":"targets"}},{"data":{"source":"P02794","target":"DB14490","Edge_Type":"Drug","label":"targets"}},{"data":{"source":"P39748","target":"DB14490","Edge_Type":"Drug","label":"targets"}},{"data":{"source":"Q96FI4","target":"DB14490","Edge_Type":"Drug","label":"targets"}},{"data":{"source":"Q969S2","target":"DB14490","Edge_Type":"Drug","label":"targets"}},{"data":{"source":"P06746","target":"DB14490","Edge_Type":"Drug","label":"targets"}},{"data":{"source":"P00450","target":"DB14490","Edge_Type":"Drug","label":"targets"}},{"data":{"source":"P02787","target":"DB14490","Edge_Type":"Drug","label":"targets"}},{"data":{"source":"P02786","target":"DB14491","Edge_Type":"Drug","label":"targets"}},{"data":{"source":"Q9GZT9","target":"DB14491","Edge_Type":"Drug","label":"targets"}},{"data":{"source":"Q9BY41","target":"DB14491","Edge_Type":"Drug","label":"targets"}},{"data":{"source":"Q9NZD4","target":"DB14491","Edge_Type":"Drug","label":"targets"}},{"data":{"source":"P69905","target":"DB14491","Edge_Type":"Drug","label":"targets"}},{"data":{"source":"Q16595","target":"DB14491","Edge_Type":"Drug","label":"targets"}},{"data":{"source":"P02794","target":"DB14491","Edge_Type":"Drug","label":"targets"}},{"data":{"source":"P39748","target":"DB14491","Edge_Type":"Drug","label":"targets"}},{"data":{"source":"Q96FI4","target":"DB14491","Edge_Type":"Drug","label":"targets"}},{"data":{"source":"Q969S2","target":"DB14491","Edge_Type":"Drug","label":"targets"}},{"data":{"source":"P06746","target":"DB14491","Edge_Type":"Drug","label":"targets"}},{"data":{"source":"P00450","target":"DB14491","Edge_Type":"Drug","label":"targets"}},{"data":{"source":"P02787","target":"DB14491","Edge_Type":"Drug","label":"targets"}},{"data":{"source":"P02786","target":"DB14501","Edge_Type":"Drug","label":"targets"}},{"data":{"source":"Q9GZT9","target":"DB14501","Edge_Type":"Drug","label":"targets"}},{"data":{"source":"Q9BY41","target":"DB14501","Edge_Type":"Drug","label":"targets"}},{"data":{"source":"Q9NZD4","target":"DB14501","Edge_Type":"Drug","label":"targets"}},{"data":{"source":"P69905","target":"DB14501","Edge_Type":"Drug","label":"targets"}},{"data":{"source":"Q16595","target":"DB14501","Edge_Type":"Drug","label":"targets"}},{"data":{"source":"P02794","target":"DB14501","Edge_Type":"Drug","label":"targets"}},{"data":{"source":"P39748","target":"DB14501","Edge_Type":"Drug","label":"targets"}},{"data":{"source":"Q96FI4","target":"DB14501","Edge_Type":"Drug","label":"targets"}},{"data":{"source":"Q969S2","target":"DB14501","Edge_Type":"Drug","label":"targets"}},{"data":{"source":"P06746","target":"DB14501","Edge_Type":"Drug","label":"targets"}},{"data":{"source":"P00450","target":"DB14501","Edge_Type":"Drug","label":"targets"}},{"data":{"source":"P02787","target":"DB14501","Edge_Type":"Drug","label":"targets"}},{"data":{"source":"P06746","target":"DB07479","Edge_Type":"Drug","label":"targets"}},{"data":{"source":"Q9BY41","target":"DB02565","Edge_Type":"Drug","label":"targets"}},{"data":{"source":"P02768","target":"DB13967","Edge_Type":"Drug","label":"targets"}},{"data":{"source":"P01350","target":"DB12532","Edge_Type":"Drug","label":"targets"}},{"data":{"source":"P06746","target":"R-HSA-5649702","Edge_Type":"Pathway","label":"is involved in"}},{"data":{"source":"Q969S2","target":"R-HSA-5649702","Edge_Type":"Pathway","label":"is involved in"}},{"data":{"source":"Q96FI4","target":"R-HSA-5649702","Edge_Type":"Pathway","label":"is involved in"}},{"data":{"source":"P00450","target":"R-HSA-5619049","Edge_Type":"Pathway","label":"is involved in"}},{"data":{"source":"P00450","target":"R-HSA-5619060","Edge_Type":"Pathway","label":"is involved in"}},{"data":{"source":"Q969S2","target":"R-HSA-110329","Edge_Type":"Pathway","label":"is involved in"}},{"data":{"source":"Q96FI4","target":"R-HSA-110329","Edge_Type":"Pathway","label":"is involved in"}},{"data":{"source":"Q969S2","target":"R-HSA-110328","Edge_Type":"Pathway","label":"is involved in"}},{"data":{"source":"Q96FI4","target":"R-HSA-110328","Edge_Type":"Pathway","label":"is involved in"}},{"data":{"source":"P06746","target":"R-HSA-73930","Edge_Type":"Pathway","label":"is involved in"}},{"data":{"source":"P06746","target":"R-HSA-110362","Edge_Type":"Pathway","label":"is involved in"}},{"data":{"source":"P39748","target":"R-HSA-110362","Edge_Type":"Pathway","label":"is involved in"}},{"data":{"source":"P06746","target":"R-HSA-110373","Edge_Type":"Pathway","label":"is involved in"}},{"data":{"source":"P06746","target":"R-HSA-110381","Edge_Type":"Pathway","label":"is involved in"}},{"data":{"source":"P39748","target":"R-HSA-162594","Edge_Type":"Pathway","label":"is involved in"}},{"data":{"source":"P00387","target":"HP:0012119","Edge_Type":"HPO","label":"is associated w\/"}},{"data":{"source":"P69892","target":"HP:0012119","Edge_Type":"HPO","label":"is associated w\/"}},{"data":{"source":"P02787","target":"HP:0032385","Edge_Type":"HPO","label":"is associated w\/"}},{"data":{"source":"Q16595","target":"HP:0030183","Edge_Type":"HPO","label":"is associated w\/"}},{"data":{"source":"Q16595","target":"HP:0003209","Edge_Type":"HPO","label":"is associated w\/"}},{"data":{"source":"P00450","target":"HP:0025498","Edge_Type":"HPO","label":"is associated w\/"}},{"data":{"source":"P02787","target":"HP:0012239","Edge_Type":"HPO","label":"is associated w\/"}},{"data":{"source":"Q16595","target":"HP:0003232","Edge_Type":"HPO","label":"is associated w\/"}},{"data":{"source":"Q16595","target":"HP:0010873","Edge_Type":"HPO","label":"is associated w\/"}},{"data":{"source":"P69905","target":"HP:0005511","Edge_Type":"HPO","label":"is associated w\/"}},{"data":{"source":"P02786","target":"HP:0004854","Edge_Type":"HPO","label":"is associated w\/"}},{"data":{"source":"H02206","target":"hsa00860","Edge_Type":"kegg_dis_path","label":"modulates"}},{"data":{"source":"H02206","target":"hsa04216","Edge_Type":"kegg_dis_path","label":"modulates"}},{"data":{"source":"H01145","target":"hsa04978","Edge_Type":"kegg_dis_path","label":"modulates"}},{"data":{"source":"H00235","target":"hsa00520","Edge_Type":"kegg_dis_path","label":"modulates"}},{"data":{"source":"P06746","target":"hsa03410","Edge_Type":"kegg_path_prot","label":"is involved in"}},{"data":{"source":"P39748","target":"hsa03410","Edge_Type":"kegg_path_prot","label":"is involved in"}},{"data":{"source":"Q969S2","target":"hsa03410","Edge_Type":"kegg_path_prot","label":"is involved in"}},{"data":{"source":"Q96FI4","target":"hsa03410","Edge_Type":"kegg_path_prot","label":"is involved in"}},{"data":{"source":"P00450","target":"hsa04216","Edge_Type":"kegg_path_prot","label":"is involved in"}},{"data":{"source":"P02786","target":"hsa04216","Edge_Type":"kegg_path_prot","label":"is involved in"}},{"data":{"source":"P02787","target":"hsa04216","Edge_Type":"kegg_path_prot","label":"is involved in"}},{"data":{"source":"P02794","target":"hsa04216","Edge_Type":"kegg_path_prot","label":"is involved in"}},{"data":{"source":"P00450","target":"hsa00860","Edge_Type":"kegg_path_prot","label":"is involved in"}},{"data":{"source":"Q16595","target":"hsa00860","Edge_Type":"kegg_path_prot","label":"is involved in"}},{"data":{"source":"P02786","target":"hsa04066","Edge_Type":"kegg_path_prot","label":"is involved in"}},{"data":{"source":"P02787","target":"hsa04066","Edge_Type":"kegg_path_prot","label":"is involved in"}},{"data":{"source":"Q9GZT9","target":"hsa04066","Edge_Type":"kegg_path_prot","label":"is involved in"}},{"data":{"source":"P39748","target":"hsa03450","Edge_Type":"kegg_path_prot","label":"is involved in"}},{"data":{"source":"P02787","target":"hsa04978","Edge_Type":"kegg_path_prot","label":"is involved in"}},{"data":{"source":"P02794","target":"hsa04978","Edge_Type":"kegg_path_prot","label":"is involved in"}},{"data":{"source":"P02768","target":"hsa04918","Edge_Type":"kegg_path_prot","label":"is involved in"}},{"data":{"source":"P07307","target":"hsa04918","Edge_Type":"kegg_path_prot","label":"is involved in"}},{"data":{"source":"P39748","target":"hsa03030","Edge_Type":"kegg_path_prot","label":"is involved in"}},{"data":{"source":"P00387","target":"hsa00520","Edge_Type":"kegg_path_prot","label":"is involved in"}},{"data":{"source":"P01350","target":"hsa04971","Edge_Type":"kegg_path_prot","label":"is involved in"}},{"data":{"source":"P69905","target":"H00228","Edge_Type":"kegg_dis_prot","label":"is related to"}},{"data":{"source":"P69905","target":"H00228","Edge_Type":"kegg_dis_prot","label":"is related to"}},{"data":{"source":"P69892","target":"H00228","Edge_Type":"kegg_dis_prot","label":"is related to"}},{"data":{"source":"P00450","target":"H02206","Edge_Type":"kegg_dis_prot","label":"is related to"}},{"data":{"source":"P02787","target":"H01145","Edge_Type":"kegg_dis_prot","label":"is related to"}},{"data":{"source":"Q16595","target":"H00067","Edge_Type":"kegg_dis_prot","label":"is related to"}},{"data":{"source":"Q02548","target":"H00011","Edge_Type":"kegg_dis_prot","label":"is related to"}},{"data":{"source":"P00387","target":"H00235","Edge_Type":"kegg_dis_prot","label":"is related to"}},{"data":{"source":"Q9GZT9","target":"H00236","Edge_Type":"kegg_dis_prot","label":"is related to"}},{"data":{"source":"Q9BY41","target":"H00631","Edge_Type":"kegg_dis_prot","label":"is related to"}},{"data":{"source":"P02794","target":"H00211","Edge_Type":"kegg_dis_prot","label":"is related to"}},{"data":{"source":"Q02548","target":"H00001","Edge_Type":"kegg_dis_prot","label":"is related to"}}]}