Core Proteins,Interacting Proteins,Pathways,HPO terms,Diseases,Targeting Drugs,Experimental Bioactive Compounds (pChEMBL),Predicted interacting Compounds
CD3D (P04234),SGTB (Q96EQ0),R-HSA-202430 Translocation of ZAP-70 to Immunological synapse[scr:618]; R-HSA-202427 Phosphorylation of CD3 and TCR zeta chains[scr:554]; R-HSA-389948 PD-1 signaling[scr:536]; R-HSA-202433 Generation of second messenger molecules[scr:402]; R-HSA-198933 Immunoregulatory interactions between a Lymphoid and a non-Lymphoid cell[scr:320]; hsa04640 Hematopoietic cell lineage[scr:71]; hsa04658 Th1 and Th2 cell differentiation[scr:19]; hsa04660 T cell receptor signaling pathway[scr:17]; hsa04659 Th17 cell differentiation[scr:16],HP:0000403 Recurrent otitis media[scr:108]; HP:0001888 Lymphopenia[scr:91]; HP:0040088 Abnormal lymphocyte count[scr:81]; HP:0004332 Abnormal lymphocyte morphology[scr:72],Orphanet:169160 T-B+ severe combined immunodeficiency due to CD3delta/CD3epsilon/CD3zeta (EFO)[scr:180]; H00091 T-B+Severe combined immunodeficiency (KEGG)[scr:92],DB09052 Blinatumomab[scr:9999999]; DB00075 Muromonab[scr:79],,
CD19 (P15391),IGHM (P01871),R-HSA-983695 Antigen activates B Cell Receptor (BCR) leading to generation of second messengers[scr:699]; R-HSA-198933 Immunoregulatory interactions between a Lymphoid and a non-Lymphoid cell[scr:320]; R-HSA-2219530 Constitutive Signaling by Aberrant PI3K in Cancer[scr:217]; R-HSA-1257604 PIP3 activates AKT signaling[scr:175]; R-HSA-6811558 PI5P- PP2A and IER3 Regulate PI3K/AKT Signaling[scr:158]; hsa04640 Hematopoietic cell lineage[scr:71]; hsa04662 B cell receptor signaling pathway[scr:22]; hsa04151 PI3K-Akt signaling pathway[scr:5],HP:0011108 Recurrent sinusitis[scr:118]; HP:0000403 Recurrent otitis media[scr:108]; HP:0002729 Follicular hyperplasia[scr:96]; HP:0001888 Lymphopenia[scr:91]; HP:0006783 Posterior pharyngeal cleft[scr:88]; HP:0006532 Recurrent pneumonia[scr:81]; HP:0040088 Abnormal lymphocyte count[scr:81]; HP:0004332 Abnormal lymphocyte morphology[scr:72],Orphanet:1572 Common variable immunodeficiency (EFO)[scr:75]; H00088 Common variable immunodeficiency (KEGG)[scr:71],DB09052 Blinatumomab[scr:9999999]; DB06342 Coltuximab ravtansine[scr:1192]; DB13881 Tisagenlecleucel[scr:1192]; DB13915 Axicabtagene ciloleucel[scr:1192],,
IGHM (P01871),CD19 (P15391),R-HSA-983695 Antigen activates B Cell Receptor (BCR) leading to generation of second messengers[scr:699]; R-HSA-5690714 CD22 mediated BCR regulation[scr:240],HP:0100280 Crohn's disease[scr:529]; HP:0002743 Recurrent enteroviral infections[scr:353]; HP:0011108 Recurrent sinusitis[scr:118]; HP:0000403 Recurrent otitis media[scr:108]; HP:0001888 Lymphopenia[scr:91]; HP:0006532 Recurrent pneumonia[scr:81]; HP:0040088 Abnormal lymphocyte count[scr:81]; HP:0004332 Abnormal lymphocyte morphology[scr:72],Orphanet:33110 Autosomal agammaglobulinemia (EFO)[scr:129]; Orphanet:229717 Isolated agammaglobulinemia (EFO)[scr:100],DB01593 Zinc[scr:10]; DB14487 Zinc acetate[scr:10],,
SGTB (Q96EQ0),CD3D (P04234),,,,,,
