{"options":{"search_start":1613057618,"tax_ids":[9606],"num_of_fn_nodes":10,"num_of_pathways":10,"num_of_phenotypes":10,"num_of_drugs":10,"num_of_diseases":10,"num_of_compounds":10,"chembl_compounds":0,"predictions":1,"reviewed_filter":1,"fn":1,"chembl":1,"search_finish":1613057630,"search_runtime":12},"search":[{"Drug":[{"DB00004":"Denileukin diftitox"}]}],"nodes":[{"data":{"id":"P01589","display_name":"IL2RA","Node_Type":"Protein"}},{"data":{"id":"P14784","display_name":"IL2RB","Node_Type":"Protein"}},{"data":{"id":"P31785","display_name":"IL2RG","Node_Type":"Protein"}},{"data":{"id":"P60568","display_name":"IL2","Node_Type":"Protein_N"}},{"data":{"id":"P40933","display_name":"IL15","Node_Type":"Protein_N"}},{"data":{"id":"P13232","display_name":"IL7","Node_Type":"Protein_N"}},{"data":{"id":"Q15645","display_name":"TRIP13","Node_Type":"Protein_N"}},{"data":{"id":"P60410","display_name":"KRTAP10-8","Node_Type":"Protein_N"}},{"data":{"id":"Q7Z3S9","display_name":"NOTCH2NLA","Node_Type":"Protein_N"}},{"data":{"id":"Q6L8G8","display_name":"KRTAP5-7","Node_Type":"Protein_N"}},{"data":{"id":"EFO:0005555","display_name":"gamma chain deficiency","Node_Type":"Disease","enrichScore":360.1}},{"data":{"id":"EFO:1001451","display_name":"X-Linked Combined Immunodeficiency Diseases","Node_Type":"Disease","enrichScore":360.1}},{"data":{"id":"Orphanet:169100","display_name":"Immunodeficiency due to CD25 deficiency","Node_Type":"Disease","enrichScore":360.1}},{"data":{"id":"Orphanet:276","display_name":"T-B+ severe combined immunodeficiency due to gamma chain deficiency","Node_Type":"Disease","enrichScore":360.1}},{"data":{"id":"Orphanet:302","display_name":"Epidermodysplasia verruciformis","Node_Type":"Disease","enrichScore":180.05}},{"data":{"id":"Orphanet:1052","display_name":"Mosaic variegated aneuploidy syndrome","Node_Type":"Disease","enrichScore":120.033}},{"data":{"id":"EFO:0001359","display_name":"type I diabetes mellitus","Node_Type":"Disease","enrichScore":30.008}},{"data":{"id":"Orphanet:169355","display_name":"Immunodeficiency syndrome with autoimmunity","Node_Type":"Disease","enrichScore":0}},{"data":{"id":"DB00004","display_name":"Denileukin diftitox","Node_Type":"Drug","enrichScore":9999999}},{"data":{"id":"DB00041","display_name":"Aldesleukin","Node_Type":"Drug","enrichScore":1430.7}},{"data":{"id":"DB03372","display_name":"3-Mercapto-1-(1,3,4,9-Tetrahydro-B-Carbolin-2-Yl)-Propan-1-One","Node_Type":"Drug","enrichScore":476.9}},{"data":{"id":"DB05299","display_name":"keyhole limpet hemocyanin","Node_Type":"Drug","enrichScore":476.9}},{"data":{"id":"DB04278","display_name":"2-[2-(2-Cyclohexyl-2-guanidino-acetylamino)-acetylamino]-N-(3-mercapto-propyl)-propionamide","Node_Type":"Drug","enrichScore":476.9}},{"data":{"id":"DB03957","display_name":"SP2456","Node_Type":"Drug","enrichScore":476.9}},{"data":{"id":"DB03455","display_name":"(1H-indol-3-yl)-(2-mercapto-ethoxyimino)-acetic acid","Node_Type":"Drug","enrichScore":476.9}},{"data":{"id":"DB03453","display_name":"Methyl (2S)-2-[[2-[(3R)-1-carbamimidoylpiperidin-3-yl]acetyl]amino]-3-[4-(2-phenylethynyl)phenyl]propanoate","Node_Type":"Drug","enrichScore":476.9}},{"data":{"id":"DB02581","display_name":"N(2)-carbamimidoyl-N-{2-[4-(3-{4-[(5-carboxyfuran-2-yl)methoxy]-2,3-dichlorophenyl}-1-methyl-1H-pyrazol-5-yl)piperidin-1-yl]-2-oxoethyl}-D-leucinamide","Node_Type":"Drug","enrichScore":476.9}},{"data":{"id":"DB02555","display_name":"SP4160","Node_Type":"Drug","enrichScore":476.9}},{"data":{"id":"R-HSA-9020558","display_name":"Interleukin-2 signaling","Node_Type":"Pathway","enrichScore":8570}},{"data":{"id":"R-HSA-8983432","display_name":"Interleukin-15 signaling","Node_Type":"Pathway","enrichScore":4131.964}},{"data":{"id":"R-HSA-912526","display_name":"Interleukin receptor SHC signaling","Node_Type":"Pathway","enrichScore":3808.889}},{"data":{"id":"R-HSA-8877330","display_name":"RUNX1 and FOXP3 control the development of regulatory T lymphocytes (Tregs)","Node_Type":"Pathway","enrichScore":2571}},{"data":{"id":"R-HSA-1266695","display_name":"Interleukin-7 signaling","Node_Type":"Pathway","enrichScore":1028.4}},{"data":{"id":"R-HSA-5673001","display_name":"RAF\/MAP kinase cascade","Node_Type":"Pathway","enrichScore":864.202}},{"data":{"id":"R-HSA-8985947","display_name":"Interleukin-9 signaling","Node_Type":"Pathway","enrichScore":714.167}},{"data":{"id":"R-HSA-9020958","display_name":"Interleukin-21 signaling","Node_Type":"Pathway","enrichScore":642.75}},{"data":{"id":"R-HSA-6805567","display_name":"Keratinization","Node_Type":"Pathway","enrichScore":165.871}},{"data":{"id":"R-HSA-6785807","display_name":"Interleukin-4 and Interleukin-13 signaling","Node_Type":"Pathway","enrichScore":57.905}},{"data":{"id":"HP:0031396","display_name":"Abnormal proportion of naive T cells","Node_Type":"HPO","enrichScore":423.1}},{"data":{"id":"HP:0007274","display_name":"Recurrent bacterial meningitis","Node_Type":"HPO","enrichScore":423.1}},{"data":{"id":"HP:0031545","display_name":"Abnormally low T cell receptor excision circle level","Node_Type":"HPO","enrichScore":423.1}},{"data":{"id":"HP:0031397","display_name":"Decreased proportion of naive T cells","Node_Type":"HPO","enrichScore":423.1}},{"data":{"id":"HP:0005428","display_name":"Severe recurrent varicella","Node_Type":"HPO","enrichScore":211.55}},{"data":{"id":"HP:0040218","display_name":"Reduced natural killer cell count","Node_Type":"HPO","enrichScore":211.55}},{"data":{"id":"HP:0001094","display_name":"Iridocyclitis","Node_Type":"HPO","enrichScore":169.24}},{"data":{"id":"HP:0045080","display_name":"Decreased proportion of CD3-positive T cells","Node_Type":"HPO","enrichScore":141.033}},{"data":{"id":"HP:0030813","display_name":"Absent tonsils","Node_Type":"HPO","enrichScore":141.033}},{"data":{"id":"HP:0006946","display_name":"Recurrent meningitis","Node_Type":"HPO","enrichScore":141.033}},{"data":{"id":"hsa04630","display_name":"JAK-STAT signaling pathway","Node_Type":"kegg_Pathway","enrichScore":151.023}},{"data":{"id":"hsa04658","display_name":"Th1 and Th2 cell differentiation","Node_Type":"kegg_Pathway","enrichScore":120.229}},{"data":{"id":"hsa04061","display_name":"Viral protein interaction with cytokine and cytokine receptor","Node_Type":"kegg_Pathway","enrichScore":108.325}},{"data":{"id":"hsa04659","display_name":"Th17 cell differentiation","Node_Type":"kegg_Pathway","enrichScore":103.215}},{"data":{"id":"hsa04060","display_name":"Cytokine-cytokine receptor interaction","Node_Type":"kegg_Pathway","enrichScore":83.165}},{"data":{"id":"hsa04672","display_name":"Intestinal immune network for IgA production","Node_Type":"kegg_Pathway","enrichScore":59.461}},{"data":{"id":"hsa04151","display_name":"PI3K-Akt signaling pathway","Node_Type":"kegg_Pathway","enrichScore":48.291}},{"data":{"id":"hsa04640","display_name":"Hematopoietic cell lineage","Node_Type":"kegg_Pathway","enrichScore":28.492}},{"data":{"id":"hsa04144","display_name":"Endocytosis","Node_Type":"kegg_Pathway","enrichScore":24.617}},{"data":{"id":"hsa04660","display_name":"T cell receptor signaling pathway","Node_Type":"kegg_Pathway","enrichScore":6.639}},{"data":{"id":"H01463","display_name":"Mycosis fungoides","Node_Type":"kegg_Disease","enrichScore":1000000}},{"data":{"id":"H00091","display_name":"T-B+Severe combined immunodeficiency","Node_Type":"kegg_Disease","enrichScore":146.68}},{"data":{"id":"H01288","display_name":"Mosaic variegated aneuploidy syndrome","Node_Type":"kegg_Disease","enrichScore":122.233}},{"data":{"id":"H00081","display_name":"Hashimoto thyroiditis","Node_Type":"kegg_Disease","enrichScore":73.34}},{"data":{"id":"H00408","display_name":"Type 1 diabetes mellitus","Node_Type":"kegg_Disease","enrichScore":66.673}},{"data":{"id":"H00084","display_name":"Graft-versus-host disease","Node_Type":"kegg_Disease","enrichScore":30.558}},{"data":{"id":"H00093","display_name":"Combined immunodeficiency","Node_Type":"kegg_Disease","enrichScore":14.668}}],"edges":[{"data":{"source":"P60568","target":"P01589","Edge_Type":"PPI","label":"interacts w\/"}},{"data":{"source":"P60568","target":"P14784","Edge_Type":"PPI","label":"interacts w\/"}},{"data":{"source":"P40933","target":"P14784","Edge_Type":"PPI","label":"interacts w\/"}},{"data":{"source":"P13232","target":"P31785","Edge_Type":"PPI","label":"interacts w\/"}},{"data":{"source":"Q15645","target":"P14784","Edge_Type":"PPI","label":"interacts w\/"}},{"data":{"source":"Q15645","target":"Q15645","Edge_Type":"PPI","label":"interacts w\/"}},{"data":{"source":"P60410","target":"P31785","Edge_Type":"PPI","label":"interacts w\/"}},{"data":{"source":"P60410","target":"P60410","Edge_Type":"PPI","label":"interacts w\/"}},{"data":{"source":"Q7Z3S9","target":"P31785","Edge_Type":"PPI","label":"interacts w\/"}},{"data":{"source":"Q7Z3S9","target":"P60410","Edge_Type":"PPI","label":"interacts w\/"}},{"data":{"source":"Q6L8G8","target":"P31785","Edge_Type":"PPI","label":"interacts w\/"}},{"data":{"source":"HP:0031396","target":"Orphanet:276","Edge_Type":"hpodis","label":"is associated w\/"}},{"data":{"source":"HP:0007274","target":"EFO:0005555","Edge_Type":"hpodis","label":"is associated w\/"}},{"data":{"source":"HP:0031545","target":"Orphanet:276","Edge_Type":"hpodis","label":"is associated w\/"}},{"data":{"source":"HP:0031397","target":"Orphanet:276","Edge_Type":"hpodis","label":"is associated w\/"}},{"data":{"source":"HP:0005428","target":"Orphanet:276","Edge_Type":"hpodis","label":"is associated w\/"}},{"data":{"source":"HP:0040218","target":"Orphanet:276","Edge_Type":"hpodis","label":"is associated w\/"}},{"data":{"source":"HP:0045080","target":"Orphanet:276","Edge_Type":"hpodis","label":"is associated w\/"}},{"data":{"source":"HP:0030813","target":"Orphanet:276","Edge_Type":"hpodis","label":"is associated w\/"}},{"data":{"source":"HP:0006946","target":"EFO:0005555","Edge_Type":"hpodis","label":"is associated w\/"}},{"data":{"source":"P31785","target":"EFO:0005555","Edge_Type":"Disease","label":"is related to"}},{"data":{"source":"P31785","target":"EFO:1001451","Edge_Type":"Disease","label":"is related to"}},{"data":{"source":"P01589","target":"Orphanet:169100","Edge_Type":"Disease","label":"is related to"}},{"data":{"source":"P31785","target":"Orphanet:276","Edge_Type":"Disease","label":"is related to"}},{"data":{"source":"P13232","target":"Orphanet:302","Edge_Type":"Disease","label":"is related to"}},{"data":{"source":"Q15645","target":"Orphanet:1052","Edge_Type":"Disease","label":"is related to"}},{"data":{"source":"P01589","target":"EFO:0001359","Edge_Type":"Disease","label":"is related to"}},{"data":{"source":"P14784","target":"Orphanet:169355","Edge_Type":"Disease","label":"is related to"}},{"data":{"source":"P01589","target":"DB00004","Edge_Type":"Drug","label":"targets"}},{"data":{"source":"P14784","target":"DB00004","Edge_Type":"Drug","label":"targets"}},{"data":{"source":"P31785","target":"DB00004","Edge_Type":"Drug","label":"targets"}},{"data":{"source":"P14784","target":"DB00041","Edge_Type":"Drug","label":"targets"}},{"data":{"source":"P01589","target":"DB00041","Edge_Type":"Drug","label":"targets"}},{"data":{"source":"P31785","target":"DB00041","Edge_Type":"Drug","label":"targets"}},{"data":{"source":"P60568","target":"DB03372","Edge_Type":"Drug","label":"targets"}},{"data":{"source":"P60568","target":"DB05299","Edge_Type":"Drug","label":"targets"}},{"data":{"source":"P60568","target":"DB04278","Edge_Type":"Drug","label":"targets"}},{"data":{"source":"P60568","target":"DB03957","Edge_Type":"Drug","label":"targets"}},{"data":{"source":"P60568","target":"DB03455","Edge_Type":"Drug","label":"targets"}},{"data":{"source":"P60568","target":"DB03453","Edge_Type":"Drug","label":"targets"}},{"data":{"source":"P60568","target":"DB02581","Edge_Type":"Drug","label":"targets"}},{"data":{"source":"P60568","target":"DB02555","Edge_Type":"Drug","label":"targets"}},{"data":{"source":"P01589","target":"R-HSA-9020558","Edge_Type":"Pathway","label":"is involved in"}},{"data":{"source":"P14784","target":"R-HSA-9020558","Edge_Type":"Pathway","label":"is involved in"}},{"data":{"source":"P31785","target":"R-HSA-9020558","Edge_Type":"Pathway","label":"is involved in"}},{"data":{"source":"P60568","target":"R-HSA-9020558","Edge_Type":"Pathway","label":"is involved in"}},{"data":{"source":"P14784","target":"R-HSA-8983432","Edge_Type":"Pathway","label":"is involved in"}},{"data":{"source":"P31785","target":"R-HSA-8983432","Edge_Type":"Pathway","label":"is involved in"}},{"data":{"source":"P40933","target":"R-HSA-8983432","Edge_Type":"Pathway","label":"is involved in"}},{"data":{"source":"P01589","target":"R-HSA-912526","Edge_Type":"Pathway","label":"is involved in"}},{"data":{"source":"P14784","target":"R-HSA-912526","Edge_Type":"Pathway","label":"is involved in"}},{"data":{"source":"P31785","target":"R-HSA-912526","Edge_Type":"Pathway","label":"is involved in"}},{"data":{"source":"P60568","target":"R-HSA-912526","Edge_Type":"Pathway","label":"is involved in"}},{"data":{"source":"P01589","target":"R-HSA-8877330","Edge_Type":"Pathway","label":"is involved in"}},{"data":{"source":"P60568","target":"R-HSA-8877330","Edge_Type":"Pathway","label":"is involved in"}},{"data":{"source":"P31785","target":"R-HSA-1266695","Edge_Type":"Pathway","label":"is involved in"}},{"data":{"source":"P13232","target":"R-HSA-1266695","Edge_Type":"Pathway","label":"is involved in"}},{"data":{"source":"P01589","target":"R-HSA-5673001","Edge_Type":"Pathway","label":"is involved in"}},{"data":{"source":"P14784","target":"R-HSA-5673001","Edge_Type":"Pathway","label":"is involved in"}},{"data":{"source":"P31785","target":"R-HSA-5673001","Edge_Type":"Pathway","label":"is involved in"}},{"data":{"source":"P60568","target":"R-HSA-5673001","Edge_Type":"Pathway","label":"is involved in"}},{"data":{"source":"P31785","target":"R-HSA-8985947","Edge_Type":"Pathway","label":"is involved in"}},{"data":{"source":"P31785","target":"R-HSA-9020958","Edge_Type":"Pathway","label":"is involved in"}},{"data":{"source":"P60410","target":"R-HSA-6805567","Edge_Type":"Pathway","label":"is involved in"}},{"data":{"source":"Q6L8G8","target":"R-HSA-6805567","Edge_Type":"Pathway","label":"is involved in"}},{"data":{"source":"P31785","target":"R-HSA-6785807","Edge_Type":"Pathway","label":"is involved in"}},{"data":{"source":"P31785","target":"HP:0031396","Edge_Type":"HPO","label":"is associated w\/"}},{"data":{"source":"P31785","target":"HP:0007274","Edge_Type":"HPO","label":"is associated w\/"}},{"data":{"source":"P31785","target":"HP:0031545","Edge_Type":"HPO","label":"is associated w\/"}},{"data":{"source":"P31785","target":"HP:0031397","Edge_Type":"HPO","label":"is associated w\/"}},{"data":{"source":"P31785","target":"HP:0005428","Edge_Type":"HPO","label":"is associated w\/"}},{"data":{"source":"P31785","target":"HP:0040218","Edge_Type":"HPO","label":"is associated w\/"}},{"data":{"source":"P01589","target":"HP:0001094","Edge_Type":"HPO","label":"is associated w\/"}},{"data":{"source":"P14784","target":"HP:0001094","Edge_Type":"HPO","label":"is associated w\/"}},{"data":{"source":"P31785","target":"HP:0045080","Edge_Type":"HPO","label":"is associated w\/"}},{"data":{"source":"P31785","target":"HP:0030813","Edge_Type":"HPO","label":"is associated w\/"}},{"data":{"source":"P31785","target":"HP:0006946","Edge_Type":"HPO","label":"is associated w\/"}},{"data":{"source":"H01463","target":"DB00004","Edge_Type":"kegg_dis_drug","label":"indicates"}},{"data":{"source":"H00408","target":"hsa04060","Edge_Type":"kegg_dis_path","label":"modulates"}},{"data":{"source":"H00408","target":"hsa04630","Edge_Type":"kegg_dis_path","label":"modulates"}},{"data":{"source":"H00408","target":"hsa04660","Edge_Type":"kegg_dis_path","label":"modulates"}},{"data":{"source":"P01589","target":"hsa04630","Edge_Type":"kegg_path_prot","label":"is involved in"}},{"data":{"source":"P14784","target":"hsa04630","Edge_Type":"kegg_path_prot","label":"is involved in"}},{"data":{"source":"P31785","target":"hsa04630","Edge_Type":"kegg_path_prot","label":"is involved in"}},{"data":{"source":"P60568","target":"hsa04630","Edge_Type":"kegg_path_prot","label":"is involved in"}},{"data":{"source":"P40933","target":"hsa04630","Edge_Type":"kegg_path_prot","label":"is involved in"}},{"data":{"source":"P13232","target":"hsa04630","Edge_Type":"kegg_path_prot","label":"is involved in"}},{"data":{"source":"P01589","target":"hsa04658","Edge_Type":"kegg_path_prot","label":"is involved in"}},{"data":{"source":"P14784","target":"hsa04658","Edge_Type":"kegg_path_prot","label":"is involved in"}},{"data":{"source":"P31785","target":"hsa04658","Edge_Type":"kegg_path_prot","label":"is involved in"}},{"data":{"source":"P60568","target":"hsa04658","Edge_Type":"kegg_path_prot","label":"is involved in"}},{"data":{"source":"P01589","target":"hsa04061","Edge_Type":"kegg_path_prot","label":"is involved in"}},{"data":{"source":"P14784","target":"hsa04061","Edge_Type":"kegg_path_prot","label":"is involved in"}},{"data":{"source":"P31785","target":"hsa04061","Edge_Type":"kegg_path_prot","label":"is involved in"}},{"data":{"source":"P60568","target":"hsa04061","Edge_Type":"kegg_path_prot","label":"is involved in"}},{"data":{"source":"P01589","target":"hsa04659","Edge_Type":"kegg_path_prot","label":"is involved in"}},{"data":{"source":"P14784","target":"hsa04659","Edge_Type":"kegg_path_prot","label":"is involved in"}},{"data":{"source":"P31785","target":"hsa04659","Edge_Type":"kegg_path_prot","label":"is involved in"}},{"data":{"source":"P60568","target":"hsa04659","Edge_Type":"kegg_path_prot","label":"is involved in"}},{"data":{"source":"P01589","target":"hsa04060","Edge_Type":"kegg_path_prot","label":"is involved in"}},{"data":{"source":"P14784","target":"hsa04060","Edge_Type":"kegg_path_prot","label":"is involved in"}},{"data":{"source":"P31785","target":"hsa04060","Edge_Type":"kegg_path_prot","label":"is involved in"}},{"data":{"source":"P60568","target":"hsa04060","Edge_Type":"kegg_path_prot","label":"is involved in"}},{"data":{"source":"P40933","target":"hsa04060","Edge_Type":"kegg_path_prot","label":"is involved in"}},{"data":{"source":"P13232","target":"hsa04060","Edge_Type":"kegg_path_prot","label":"is involved in"}},{"data":{"source":"P60568","target":"hsa04672","Edge_Type":"kegg_path_prot","label":"is involved in"}},{"data":{"source":"P40933","target":"hsa04672","Edge_Type":"kegg_path_prot","label":"is involved in"}},{"data":{"source":"P01589","target":"hsa04151","Edge_Type":"kegg_path_prot","label":"is involved in"}},{"data":{"source":"P14784","target":"hsa04151","Edge_Type":"kegg_path_prot","label":"is involved in"}},{"data":{"source":"P31785","target":"hsa04151","Edge_Type":"kegg_path_prot","label":"is involved in"}},{"data":{"source":"P60568","target":"hsa04151","Edge_Type":"kegg_path_prot","label":"is involved in"}},{"data":{"source":"P13232","target":"hsa04151","Edge_Type":"kegg_path_prot","label":"is involved in"}},{"data":{"source":"P01589","target":"hsa04640","Edge_Type":"kegg_path_prot","label":"is involved in"}},{"data":{"source":"P13232","target":"hsa04640","Edge_Type":"kegg_path_prot","label":"is involved in"}},{"data":{"source":"P01589","target":"hsa04144","Edge_Type":"kegg_path_prot","label":"is involved in"}},{"data":{"source":"P14784","target":"hsa04144","Edge_Type":"kegg_path_prot","label":"is involved in"}},{"data":{"source":"P31785","target":"hsa04144","Edge_Type":"kegg_path_prot","label":"is involved in"}},{"data":{"source":"P60568","target":"hsa04660","Edge_Type":"kegg_path_prot","label":"is involved in"}},{"data":{"source":"P01589","target":"H00091","Edge_Type":"kegg_dis_prot","label":"is related to"}},{"data":{"source":"P31785","target":"H00091","Edge_Type":"kegg_dis_prot","label":"is related to"}},{"data":{"source":"Q15645","target":"H01288","Edge_Type":"kegg_dis_prot","label":"is related to"}},{"data":{"source":"P60568","target":"H00081","Edge_Type":"kegg_dis_prot","label":"is related to"}},{"data":{"source":"P01589","target":"H00408","Edge_Type":"kegg_dis_prot","label":"is related to"}},{"data":{"source":"P60568","target":"H00408","Edge_Type":"kegg_dis_prot","label":"is related to"}},{"data":{"source":"P60568","target":"H00084","Edge_Type":"kegg_dis_prot","label":"is related to"}},{"data":{"source":"P31785","target":"H00093","Edge_Type":"kegg_dis_prot","label":"is related to"}}]}