Core Proteins,Interacting Proteins,Pathways,HPO terms,Diseases,Targeting Drugs,Experimental Bioactive Compounds (pChEMBL),Predicted interacting Compounds
HPRT1 (P00492),HPRT1 (P00492); EEF2KMT (Q96G04); GNMT (Q14749); PRTFDC1 (Q9NRG1); SREK1IP1 (Q8N9Q2),R-HSA-74217 Purine salvage[scr:353]; hsa00230 Purine metabolism[scr:61]; hsa00983 Drug metabolism[scr:56]; hsa01100 Metabolic pathways[scr:8],HP:0001854 Podagra[scr:302]; HP:0012611 Increased urinary urate[scr:151]; HP:0000791 Uric acid nephrolithiasis[scr:101]; HP:0012610 Abnormality of urinary uric acid concentration[scr:101]; HP:0003149 Hyperuricosuria[scr:101]; HP:0012587 Macroscopic hematuria[scr:50]; HP:0100518 Dysuria[scr:25]; HP:0000029 Testicular atrophy[scr:23],Orphanet:510 Lesch-Nyhan syndrome (EFO)[scr:257]; Orphanet:79233 Hypoxanthine guanine phosphoribosyltransferase partial deficiency (EFO)[scr:257]; H00194 Lesch-Nyhan syndrome (KEGG)[scr:262],DB01033 Mercaptopurine[scr:9999999]; DB04356 9-Deazaguanine[scr:341]; DB03153 3H-pyrazolo[4-3-d]pyrimidin-7-ol[scr:341]; DB02309 5-monophosphate-9-beta-D-ribofuranosyl xanthine[scr:170],,
IMPDH2 (P12268),IMPDH1 (P20839); CPLANE2 (Q9BU20); POU6F2 (P78424); AGR2 (O95994),R-HSA-73817 Purine ribonucleoside monophosphate biosynthesis[scr:3443]; R-HSA-6798695 Neutrophil degranulation[scr:38]; hsa00230 Purine metabolism[scr:61]; hsa00983 Drug metabolism[scr:56]; hsa01100 Metabolic pathways[scr:8],,,DB01033 Mercaptopurine[scr:9999999]; DB03948 6-Chloropurine Riboside- 5'-Monophosphate[scr:681]; DB06103 VX-148[scr:681]; DB00688 Mycophenolate mofetil[scr:681]; DB01024 Mycophenolic acid[scr:681]; DB03070 Selenazole-4-carboxyamide-adenine dinucleotide[scr:341]; DB00811 Ribavirin[scr:195],,
IMPDH1 (P20839),IMPDH2 (P12268); RAD54L2 (Q9Y4B4); RNF4 (P78317); DDIT4L (Q96D03),R-HSA-73817 Purine ribonucleoside monophosphate biosynthesis[scr:3443]; R-HSA-6798695 Neutrophil degranulation[scr:38]; hsa00230 Purine metabolism[scr:61]; hsa00983 Drug metabolism[scr:56]; hsa01100 Metabolic pathways[scr:8],HP:0007688 Undetectable light- and dark-adapted electroretinogram[scr:27],Orphanet:65 Leber congenital amaurosis (EFO)[scr:14]; Orphanet:791 Retinitis pigmentosa (EFO)[scr:3]; H00837 Leber congenital amaurosis (KEGG)[scr:15]; H00527 Retinitis pigmentosa (KEGG)[scr:4],DB01033 Mercaptopurine[scr:9999999]; DB03948 6-Chloropurine Riboside- 5'-Monophosphate[scr:681]; DB06103 VX-148[scr:681]; DB00688 Mycophenolate mofetil[scr:681]; DB01024 Mycophenolic acid[scr:681]; DB00811 Ribavirin[scr:195],,
PPAT (Q06203),,R-HSA-73817 Purine ribonucleoside monophosphate biosynthesis[scr:3443]; hsa00230 Purine metabolism[scr:61]; hsa00250 Alanine- aspartate and glutamate metabolism[scr:14]; hsa01100 Metabolic pathways[scr:8],,,DB01033 Mercaptopurine[scr:9999999],,
EEF2KMT (Q96G04),HPRT1 (P00492); PRTFDC1 (Q9NRG1),R-HSA-8876725 Protein methylation[scr:270],,,,,
GNMT (Q14749),HPRT1 (P00492); GNMT (Q14749),R-HSA-2408508 Metabolism of ingested SeMet- Sec- MeSec into H2Se[scr:574]; R-HSA-389661 Glyoxylate metabolism and glycine degradation[scr:158]; hsa00260 Glycine- serine and threonine metabolism[scr:12]; hsa01100 Metabolic pathways[scr:8],HP:0003235 Hypermethioninemia[scr:38],Orphanet:289891 Hypermethioninemia due to glycine N-methyltransferase deficiency (EFO)[scr:257]; H00184 Hypermethioninemia (KEGG)[scr:65],,,
CPLANE2 (Q9BU20),IMPDH2 (P12268),,,,,,
RAD54L2 (Q9Y4B4),IMPDH1 (P20839),,,,,,
POU6F2 (P78424),IMPDH2 (P12268); AGR2 (O95994),,,Orphanet:654 Nephroblastoma (EFO)[scr:86],,,
RNF4 (P78317),IMPDH1 (P20839); RNF4 (P78317),R-HSA-5693607 Processing of DNA double-strand break ends[scr:57]; R-HSA-983168 Antigen processing: Ubiquitination & Proteasome degradation[scr:15],,,,,
DDIT4L (Q96D03),IMPDH1 (P20839); SREK1IP1 (Q8N9Q2),,,,,,
PRTFDC1 (Q9NRG1),HPRT1 (P00492); EEF2KMT (Q96G04),,,,,,
SREK1IP1 (Q8N9Q2),HPRT1 (P00492); DDIT4L (Q96D03),,,,,,
AGR2 (O95994),IMPDH2 (P12268); POU6F2 (P78424),,,,,,
