Core Proteins,Interacting Proteins,Pathways,HPO terms,Diseases,Targeting Drugs,Experimental Bioactive Compounds (pChEMBL),Predicted interacting Compounds
GAK (O14976),,,,,DB00530 Erlotinib[scr:9999999],,
NR1I2 (O75469),,,,,DB00530 Erlotinib[scr:9999999],,
STK10 (O94804),STK10 (O94804),,,EFO:1000566 Testicular Germ Cell Tumor (EFO)[scr:36],DB00530 Erlotinib[scr:9999999],,
ABL1 (P00519),EGFR (P00533); ERBB2 (P04626); RIMS1 (Q86UR5),hsa04012 ErbB signaling pathway[scr:36]; hsa04014 Ras signaling pathway[scr:13]; hsa04722 Neurotrophin signaling pathway[scr:11],HP:0004848 Ph-positive acute lymphoblastic leukemia[scr:106]; HP:0004852 Reduced leukocyte alkaline phosphatase[scr:106]; HP:0001912 Abnormal basophil morphology[scr:71]; HP:0002010 Narrow maxilla[scr:71],EFO:0000339 chronic myelogenous leukemia (EFO)[scr:60],DB00530 Erlotinib[scr:9999999],,CHEMBL1605334 [scr:52.2]; CHEMBL3648474 [scr:34.8]; CHEMBL1544613 [scr:34.8]; CHEMBL3975546 [scr:34.8]; CHEMBL3922853 [scr:34.8]; CHEMBL3909689 [scr:34.8]; CHEMBL3906988 [scr:34.8]; CHEMBL3695673 [scr:34.8]
EGFR (P00533),EGFR (P00533); ABL1 (P00519); ERBB2 (P04626); ANKS1A (Q92625); CISH (Q9NSE2); CLNK (Q7Z7G1); TLN1 (Q9Y490); AKAP12 (Q02952); APBB1 (O00213); CAV2 (P51636),R-HSA-1251932 PLCG1 events in ERBB2 signaling[scr:3214]; R-HSA-8847993 ERBB2 Activates PTK6 Signaling[scr:989]; R-HSA-8866910 TFAP2 (AP-2) family regulates transcription of growth factors and their receptors[scr:989]; R-HSA-6785631 ERBB2 Regulates Cell Motility[scr:857]; R-HSA-1963640 GRB2 events in ERBB2 signaling[scr:803]; R-HSA-1963642 PI3K events in ERBB2 signaling[scr:803]; R-HSA-1227986 Signaling by ERBB2[scr:714]; hsa04510 Focal adhesion[scr:43]; hsa04012 ErbB signaling pathway[scr:36]; hsa04520 Adherens junction[scr:19]; hsa04010 MAPK signaling pathway[scr:18]; hsa04540 Gap junction[scr:15]; hsa04015 Rap1 signaling pathway[scr:14]; hsa04014 Ras signaling pathway[scr:13]; hsa04066 HIF-1 signaling pathway[scr:13]; hsa04151 PI3K-Akt signaling pathway[scr:9],HP:0100501 Recurrent bronchiolitis[scr:212]; HP:0006519 Alveolar cell carcinoma[scr:47],MONDO:0008903 lung cancer (EFO)[scr:90]; EFO:0000571 lung adenocarcinoma (EFO)[scr:90]; EFO:0001071 lung carcinoma (EFO)[scr:90]; Orphanet:294023 Neonatal inflammatory skin and bowel disease (EFO)[scr:90]; EFO:0003060 non-small cell lung carcinoma (EFO)[scr:90]; H00014 Non-small cell lung cancer (KEGG)[scr:1000000]; H01508 Salivary gland cancer (KEGG)[scr:105]; H00030 Cervical cancer (KEGG)[scr:105]; H01559 Oropharyngeal cancer (KEGG)[scr:92]; H00028 Choriocarcinoma (KEGG)[scr:81]; H00022 Bladder cancer (KEGG)[scr:81]; H00031 Breast cancer (KEGG)[scr:49],DB00530 Erlotinib[scr:9999999]; DB05944 Varlitinib[scr:477]; DB01259 Lapatinib[scr:477]; DB04988 IGN311[scr:477]; DB06021 AV-412[scr:477]; DB08916 Afatinib[scr:318],,CHEMBL1605334 [scr:52.2]; CHEMBL3648474 [scr:34.8]; CHEMBL1544613 [scr:34.8]; CHEMBL3975546 [scr:34.8]; CHEMBL3922853 [scr:34.8]; CHEMBL3909689 [scr:34.8]; CHEMBL3906988 [scr:34.8]; CHEMBL3695673 [scr:34.8]
ERBB2 (P04626),ERBB2 (P04626); ABL1 (P00519); EGFR (P00533); ANKS1A (Q92625); CISH (Q9NSE2); CLNK (Q7Z7G1); EFNB1 (P98172); TLN1 (Q9Y490); RECK (O95980); APBB1 (O00213),R-HSA-1251932 PLCG1 events in ERBB2 signaling[scr:3214]; R-HSA-8847993 ERBB2 Activates PTK6 Signaling[scr:989]; R-HSA-8866910 TFAP2 (AP-2) family regulates transcription of growth factors and their receptors[scr:989]; R-HSA-6785631 ERBB2 Regulates Cell Motility[scr:857]; R-HSA-1963640 GRB2 events in ERBB2 signaling[scr:803]; R-HSA-1963642 PI3K events in ERBB2 signaling[scr:803]; R-HSA-1227986 Signaling by ERBB2[scr:714]; R-HSA-1306955 GRB7 events in ERBB2 signaling[scr:643]; hsa04510 Focal adhesion[scr:43]; hsa04012 ErbB signaling pathway[scr:36]; hsa04520 Adherens junction[scr:19]; hsa04010 MAPK signaling pathway[scr:18]; hsa04066 HIF-1 signaling pathway[scr:13]; hsa04151 PI3K-Akt signaling pathway[scr:9],HP:0006519 Alveolar cell carcinoma[scr:47],MONDO:0008903 lung cancer (EFO)[scr:90]; EFO:0000571 lung adenocarcinoma (EFO)[scr:90]; EFO:0001071 lung carcinoma (EFO)[scr:90]; EFO:0003060 non-small cell lung carcinoma (EFO)[scr:90]; H00019 Pancreatic cancer (KEGG)[scr:1000000]; H01508 Salivary gland cancer (KEGG)[scr:105]; H00030 Cervical cancer (KEGG)[scr:105]; H00028 Choriocarcinoma (KEGG)[scr:81]; H00022 Bladder cancer (KEGG)[scr:81]; H00031 Breast cancer (KEGG)[scr:49],DB00530 Erlotinib[scr:9999999]; DB05944 Varlitinib[scr:477]; DB01259 Lapatinib[scr:477]; DB04988 IGN311[scr:477]; DB06021 AV-412[scr:477]; DB08916 Afatinib[scr:318]; DB05773 Trastuzumab emtansine[scr:238],,CHEMBL375020 [scr:34.8]; CHEMBL373034 [scr:34.8]
KDR (P35968),KDR (P35968),R-HSA-194306 Neurophilin interactions with VEGF and VEGFR[scr:803]; hsa04510 Focal adhesion[scr:43]; hsa04010 MAPK signaling pathway[scr:18]; hsa04015 Rap1 signaling pathway[scr:14]; hsa04014 Ras signaling pathway[scr:13]; hsa04151 PI3K-Akt signaling pathway[scr:9],,Orphanet:91415 Familial capillary hemangioma (EFO)[scr:60]; H01482 Infantile hemangioma (KEGG)[scr:92],DB00530 Erlotinib[scr:9999999]; DB07326 6-chloro-N-pyrimidin-5-yl-3-{[3-(trifluoromethyl)phenyl]amino}-1-2-benzisoxazole-7-carboxamide[scr:238]; DB07274 N-cyclopropyl-6-[(6-7-dimethoxyquinolin-4-yl)oxy]naphthalene-1-carboxamide[scr:238]; DB07183 N-(4-phenoxyphenyl)-2-[(pyridin-4-ylmethyl)amino]nicotinamide[scr:238],,CHEMBL375020 [scr:34.8]; CHEMBL373034 [scr:34.8]
MAP2K5 (Q13163),,R-HSA-198765 Signalling to ERK5[scr:1607]; hsa04010 MAPK signaling pathway[scr:18]; hsa04540 Gap junction[scr:15]; hsa04722 Neurotrophin signaling pathway[scr:11],,,DB00530 Erlotinib[scr:9999999],,
MAP3K19 (Q56UN5),,,,,DB00530 Erlotinib[scr:9999999],,
SLK (Q9H2G2),SLK (Q9H2G2),,,,DB00530 Erlotinib[scr:9999999],,
ANKS1A (Q92625),EGFR (P00533); ERBB2 (P04626),,,,,,
CISH (Q9NSE2),EGFR (P00533); ERBB2 (P04626),,,Orphanet:3389 Tuberculosis (EFO)[scr:30],,,
CLNK (Q7Z7G1),EGFR (P00533); ERBB2 (P04626),,,,,,
EFNB1 (P98172),ERBB2 (P04626),,HP:0005278 Hypoplastic nasal tip[scr:212]; HP:0012813 Unilateral breast hypoplasia[scr:106]; HP:0200053 Hemihypotrophy of lower limb[scr:71]; HP:0100556 Hemiatrophy[scr:53],Orphanet:1520 Craniofrontonasal dysplasia (EFO)[scr:180]; H01992 Craniofrontonasal syndrome (KEGG)[scr:183],,,
TLN1 (Q9Y490),EGFR (P00533); ERBB2 (P04626),hsa04510 Focal adhesion[scr:43]; hsa04015 Rap1 signaling pathway[scr:14],,,,,
RIMS1 (Q86UR5),ABL1 (P00519),,,,,,
RECK (O95980),ERBB2 (P04626),,,,,,
AKAP12 (Q02952),EGFR (P00533),,,,,,
APBB1 (O00213),EGFR (P00533); ERBB2 (P04626),,,,,,
CAV2 (P51636),EGFR (P00533),hsa04510 Focal adhesion[scr:43],,,,,
