{"options":{"search_start":1613056944,"tax_ids":[9606],"num_of_fn_nodes":10,"num_of_pathways":10,"num_of_phenotypes":10,"num_of_drugs":10,"num_of_diseases":10,"num_of_compounds":10,"chembl_compounds":0,"predictions":1,"reviewed_filter":1,"fn":1,"chembl":1,"search_finish":1613056978,"search_runtime":34},"search":[{"Drug":[{"DB09244":"Pirlindole"}]}],"nodes":[{"data":{"id":"P08908","display_name":"HTR1A","Node_Type":"Protein"}},{"data":{"id":"P08913","display_name":"ADRA2A","Node_Type":"Protein"}},{"data":{"id":"P21397","display_name":"MAOA","Node_Type":"Protein"}},{"data":{"id":"P47211","display_name":"GALR1","Node_Type":"Protein_N"}},{"data":{"id":"P28223","display_name":"HTR2A","Node_Type":"Protein_N"}},{"data":{"id":"P11362","display_name":"FGFR1","Node_Type":"Protein_N"}},{"data":{"id":"O43194","display_name":"GPR39","Node_Type":"Protein_N"}},{"data":{"id":"P18825","display_name":"ADRA2C","Node_Type":"Protein_N"}},{"data":{"id":"P27338","display_name":"MAOB","Node_Type":"Protein_N"}},{"data":{"id":"Orphanet:2117","display_name":"Hartsfield-Bixler-Demyer syndrome","Node_Type":"Disease","enrichScore":400.111}},{"data":{"id":"Orphanet:2396","display_name":"Encephalocraniocutaneous lipomatosis","Node_Type":"Disease","enrichScore":400.111}},{"data":{"id":"Orphanet:2645","display_name":"Osteoglophonic dwarfism","Node_Type":"Disease","enrichScore":400.111}},{"data":{"id":"Orphanet:3057","display_name":"Monoamine oxidase A deficiency","Node_Type":"Disease","enrichScore":400.111}},{"data":{"id":"Orphanet:1540","display_name":"Jackson-Weiss syndrome","Node_Type":"Disease","enrichScore":200.056}},{"data":{"id":"Orphanet:3366","display_name":"Isolated trigonocephaly","Node_Type":"Disease","enrichScore":200.056}},{"data":{"id":"Orphanet:710","display_name":"Pfeiffer syndrome","Node_Type":"Disease","enrichScore":200.056}},{"data":{"id":"EFO:0004123","display_name":"obsolete_acrocephalosyndactylia","Node_Type":"Disease","enrichScore":133.37}},{"data":{"id":"Orphanet:478","display_name":"Kallmann syndrome","Node_Type":"Disease","enrichScore":22.228}},{"data":{"id":"Orphanet:432","display_name":"Normosmic congenital hypogonadotropic hypogonadism","Node_Type":"Disease","enrichScore":21.058}},{"data":{"id":"DB09244","display_name":"Pirlindole","Node_Type":"Drug","enrichScore":9999999}},{"data":{"id":"DB01171","display_name":"Moclobemide","Node_Type":"Drug","enrichScore":4239.111}},{"data":{"id":"DB00433","display_name":"Prochlorperazine","Node_Type":"Drug","enrichScore":2119.556}},{"data":{"id":"DB00715","display_name":"Paroxetine","Node_Type":"Drug","enrichScore":1655.903}},{"data":{"id":"DB01175","display_name":"Escitalopram","Node_Type":"Drug","enrichScore":1413.037}},{"data":{"id":"DB08815","display_name":"Lurasidone","Node_Type":"Drug","enrichScore":1413.037}},{"data":{"id":"DB00502","display_name":"Haloperidol","Node_Type":"Drug","enrichScore":1211.175}},{"data":{"id":"DB00752","display_name":"Tranylcypromine","Node_Type":"Drug","enrichScore":1059.778}},{"data":{"id":"DB14010","display_name":"5-methoxy-N,N-dimethyltryptamine","Node_Type":"Drug","enrichScore":1059.778}},{"data":{"id":"DB01168","display_name":"Procarbazine","Node_Type":"Drug","enrichScore":1059.778}},{"data":{"id":"R-HSA-141333","display_name":"Biogenic amines are oxidatively deaminated to aldehydes by MAOA and MAOB","Node_Type":"Pathway","enrichScore":14283.333}},{"data":{"id":"R-HSA-392023","display_name":"Adrenaline signalling through Alpha-2 adrenergic receptor","Node_Type":"Pathway","enrichScore":9522.222}},{"data":{"id":"R-HSA-1839120","display_name":"Signaling by FGFR1 amplification mutants","Node_Type":"Pathway","enrichScore":7141.667}},{"data":{"id":"R-HSA-5579012","display_name":"Defective MAOA causes Brunner syndrome (BRUNS)","Node_Type":"Pathway","enrichScore":7141.667}},{"data":{"id":"R-HSA-379398","display_name":"Enzymatic degradation of Dopamine by monoamine oxidase","Node_Type":"Pathway","enrichScore":3570.833}},{"data":{"id":"R-HSA-380612","display_name":"Metabolism of serotonin","Node_Type":"Pathway","enrichScore":3570.833}},{"data":{"id":"R-HSA-390696","display_name":"Adrenoceptors","Node_Type":"Pathway","enrichScore":3174.074}},{"data":{"id":"R-HSA-390666","display_name":"Serotonin receptors","Node_Type":"Pathway","enrichScore":2380.556}},{"data":{"id":"R-HSA-8853336","display_name":"Signaling by plasma membrane FGFR1 fusions","Node_Type":"Pathway","enrichScore":2380.556}},{"data":{"id":"R-HSA-190374","display_name":"FGFR1c and Klotho ligand binding and activation","Node_Type":"Pathway","enrichScore":2380.556}},{"data":{"id":"HP:0008439","display_name":"Lumbar hemivertebrae","Node_Type":"HPO","enrichScore":470.111}},{"data":{"id":"HP:0007546","display_name":"Linear hyperpigmentation","Node_Type":"HPO","enrichScore":235.056}},{"data":{"id":"HP:0006283","display_name":"Multiple unerupted teeth","Node_Type":"HPO","enrichScore":235.056}},{"data":{"id":"HP:0005466","display_name":"Hypoplasia of the frontal bone","Node_Type":"HPO","enrichScore":235.056}},{"data":{"id":"HP:0005347","display_name":"Cartilaginous trachea","Node_Type":"HPO","enrichScore":235.056}},{"data":{"id":"HP:0012166","display_name":"Skin-picking","Node_Type":"HPO","enrichScore":235.056}},{"data":{"id":"HP:0008122","display_name":"Calcaneonavicular fusion","Node_Type":"HPO","enrichScore":235.056}},{"data":{"id":"HP:0011318","display_name":"Bicoronal synostosis","Node_Type":"HPO","enrichScore":117.528}},{"data":{"id":"HP:0008080","display_name":"Hallux varus","Node_Type":"HPO","enrichScore":117.528}},{"data":{"id":"HP:0100251","display_name":"Multiple central nervous system lipomas","Node_Type":"HPO","enrichScore":117.528}},{"data":{"id":"CHEMBL3656215","display_name":"CHEMBL3656215","Node_Type":"Prediction","enrichScore":58}},{"data":{"id":"CHEMBL2159793","display_name":"CHEMBL2159793","Node_Type":"Prediction","enrichScore":58}},{"data":{"id":"CHEMBL3697962","display_name":"CHEMBL3697962","Node_Type":"Prediction","enrichScore":58}},{"data":{"id":"CHEMBL3651814","display_name":"CHEMBL3651814","Node_Type":"Prediction","enrichScore":58}},{"data":{"id":"CHEMBL3695380","display_name":"CHEMBL3695380","Node_Type":"Prediction","enrichScore":58}},{"data":{"id":"CHEMBL2163979","display_name":"CHEMBL2163979","Node_Type":"Prediction","enrichScore":58}},{"data":{"id":"CHEMBL1576586","display_name":"CHEMBL1576586","Node_Type":"Prediction","enrichScore":58}},{"data":{"id":"CHEMBL3590109","display_name":"CHEMBL3590109","Node_Type":"Prediction","enrichScore":58}},{"data":{"id":"CHEMBL2159806","display_name":"CHEMBL2159806","Node_Type":"Prediction","enrichScore":58}},{"data":{"id":"CHEMBL3891169","display_name":"CHEMBL3891169","Node_Type":"Prediction","enrichScore":58}},{"data":{"id":"hsa00360","display_name":"Phenylalanine metabolism","Node_Type":"kegg_Pathway","enrichScore":189.944}},{"data":{"id":"hsa00340","display_name":"Histidine metabolism","Node_Type":"kegg_Pathway","enrichScore":138.141}},{"data":{"id":"hsa04726","display_name":"Serotonergic synapse","Node_Type":"kegg_Pathway","enrichScore":106.635}},{"data":{"id":"hsa00350","display_name":"Tyrosine metabolism","Node_Type":"kegg_Pathway","enrichScore":86.832}},{"data":{"id":"hsa00260","display_name":"Glycine, serine and threonine metabolism","Node_Type":"kegg_Pathway","enrichScore":72.36}},{"data":{"id":"hsa00380","display_name":"Tryptophan metabolism","Node_Type":"kegg_Pathway","enrichScore":72.36}},{"data":{"id":"hsa00330","display_name":"Arginine and proline metabolism","Node_Type":"kegg_Pathway","enrichScore":62.023}},{"data":{"id":"hsa04080","display_name":"Neuroactive ligand-receptor interaction","Node_Type":"kegg_Pathway","enrichScore":55.539}},{"data":{"id":"hsa00982","display_name":"Drug metabolism","Node_Type":"kegg_Pathway","enrichScore":44.045}},{"data":{"id":"hsa04728","display_name":"Dopaminergic synapse","Node_Type":"kegg_Pathway","enrichScore":21.864}},{"data":{"id":"H00443","display_name":"Osteoglophonic dysplasia","Node_Type":"kegg_Disease","enrichScore":407.444}},{"data":{"id":"H00548","display_name":"Brunner syndrome","Node_Type":"kegg_Disease","enrichScore":407.444}},{"data":{"id":"H01850","display_name":"Hartsfield syndrome","Node_Type":"kegg_Disease","enrichScore":407.444}},{"data":{"id":"H01450","display_name":"Obsessive-compulsive disorder","Node_Type":"kegg_Disease","enrichScore":232.825}},{"data":{"id":"H01207","display_name":"Trigonocephaly","Node_Type":"kegg_Disease","enrichScore":203.722}},{"data":{"id":"H01756","display_name":"Pfeiffer syndrome","Node_Type":"kegg_Disease","enrichScore":203.722}},{"data":{"id":"H01988","display_name":"Jackson-Weiss syndrome","Node_Type":"kegg_Disease","enrichScore":203.722}},{"data":{"id":"H01646","display_name":"Major depressive disorder","Node_Type":"kegg_Disease","enrichScore":135.815}},{"data":{"id":"H01611","display_name":"Alcohol dependence","Node_Type":"kegg_Disease","enrichScore":50.931}},{"data":{"id":"H00458","display_name":"Syndromic craniosynostoses","Node_Type":"kegg_Disease","enrichScore":45.272}}],"edges":[{"data":{"source":"P08913","target":"P08913","Edge_Type":"PPI","label":"interacts w\/"}},{"data":{"source":"P47211","target":"P08908","Edge_Type":"PPI","label":"interacts w\/"}},{"data":{"source":"P28223","target":"P08908","Edge_Type":"PPI","label":"interacts w\/"}},{"data":{"source":"P28223","target":"P28223","Edge_Type":"PPI","label":"interacts w\/"}},{"data":{"source":"P11362","target":"P08908","Edge_Type":"PPI","label":"interacts w\/"}},{"data":{"source":"P11362","target":"P11362","Edge_Type":"PPI","label":"interacts w\/"}},{"data":{"source":"O43194","target":"P08908","Edge_Type":"PPI","label":"interacts w\/"}},{"data":{"source":"P18825","target":"P08913","Edge_Type":"PPI","label":"interacts w\/"}},{"data":{"source":"P18825","target":"P18825","Edge_Type":"PPI","label":"interacts w\/"}},{"data":{"source":"P27338","target":"P21397","Edge_Type":"PPI","label":"interacts w\/"}},{"data":{"source":"HP:0008439","target":"Orphanet:3366","Edge_Type":"hpodis","label":"is associated w\/"}},{"data":{"source":"HP:0007546","target":"Orphanet:2396","Edge_Type":"hpodis","label":"is associated w\/"}},{"data":{"source":"HP:0006283","target":"Orphanet:2645","Edge_Type":"hpodis","label":"is associated w\/"}},{"data":{"source":"HP:0005466","target":"Orphanet:2117","Edge_Type":"hpodis","label":"is associated w\/"}},{"data":{"source":"HP:0005347","target":"Orphanet:710","Edge_Type":"hpodis","label":"is associated w\/"}},{"data":{"source":"HP:0008122","target":"Orphanet:1540","Edge_Type":"hpodis","label":"is associated w\/"}},{"data":{"source":"HP:0008080","target":"Orphanet:1540","Edge_Type":"hpodis","label":"is associated w\/"}},{"data":{"source":"HP:0100251","target":"Orphanet:2396","Edge_Type":"hpodis","label":"is associated w\/"}},{"data":{"source":"P11362","target":"Orphanet:2117","Edge_Type":"Disease","label":"is related to"}},{"data":{"source":"P11362","target":"Orphanet:2396","Edge_Type":"Disease","label":"is related to"}},{"data":{"source":"P11362","target":"Orphanet:2645","Edge_Type":"Disease","label":"is related to"}},{"data":{"source":"P21397","target":"Orphanet:3057","Edge_Type":"Disease","label":"is related to"}},{"data":{"source":"P11362","target":"Orphanet:1540","Edge_Type":"Disease","label":"is related to"}},{"data":{"source":"P11362","target":"Orphanet:3366","Edge_Type":"Disease","label":"is related to"}},{"data":{"source":"P11362","target":"Orphanet:710","Edge_Type":"Disease","label":"is related to"}},{"data":{"source":"P11362","target":"EFO:0004123","Edge_Type":"Disease","label":"is related to"}},{"data":{"source":"P11362","target":"Orphanet:478","Edge_Type":"Disease","label":"is related to"}},{"data":{"source":"P11362","target":"Orphanet:432","Edge_Type":"Disease","label":"is related to"}},{"data":{"source":"P21397","target":"DB09244","Edge_Type":"Drug","label":"targets"}},{"data":{"source":"P08908","target":"DB09244","Edge_Type":"Drug","label":"targets"}},{"data":{"source":"P08913","target":"DB09244","Edge_Type":"Drug","label":"targets"}},{"data":{"source":"P21397","target":"DB01171","Edge_Type":"Drug","label":"targets"}},{"data":{"source":"P27338","target":"DB01171","Edge_Type":"Drug","label":"targets"}},{"data":{"source":"P08913","target":"DB00433","Edge_Type":"Drug","label":"targets"}},{"data":{"source":"P18825","target":"DB00433","Edge_Type":"Drug","label":"targets"}},{"data":{"source":"P28223","target":"DB00715","Edge_Type":"Drug","label":"targets"}},{"data":{"source":"P08913","target":"DB00715","Edge_Type":"Drug","label":"targets"}},{"data":{"source":"P18825","target":"DB00715","Edge_Type":"Drug","label":"targets"}},{"data":{"source":"P08908","target":"DB00715","Edge_Type":"Drug","label":"targets"}},{"data":{"source":"P08908","target":"DB01175","Edge_Type":"Drug","label":"targets"}},{"data":{"source":"P28223","target":"DB01175","Edge_Type":"Drug","label":"targets"}},{"data":{"source":"P08913","target":"DB01175","Edge_Type":"Drug","label":"targets"}},{"data":{"source":"P18825","target":"DB01175","Edge_Type":"Drug","label":"targets"}},{"data":{"source":"P28223","target":"DB08815","Edge_Type":"Drug","label":"targets"}},{"data":{"source":"P08908","target":"DB08815","Edge_Type":"Drug","label":"targets"}},{"data":{"source":"P18825","target":"DB08815","Edge_Type":"Drug","label":"targets"}},{"data":{"source":"P08913","target":"DB08815","Edge_Type":"Drug","label":"targets"}},{"data":{"source":"P28223","target":"DB00502","Edge_Type":"Drug","label":"targets"}},{"data":{"source":"P08913","target":"DB00502","Edge_Type":"Drug","label":"targets"}},{"data":{"source":"P18825","target":"DB00502","Edge_Type":"Drug","label":"targets"}},{"data":{"source":"P08908","target":"DB00502","Edge_Type":"Drug","label":"targets"}},{"data":{"source":"P27338","target":"DB00752","Edge_Type":"Drug","label":"targets"}},{"data":{"source":"P21397","target":"DB00752","Edge_Type":"Drug","label":"targets"}},{"data":{"source":"P08908","target":"DB14010","Edge_Type":"Drug","label":"targets"}},{"data":{"source":"P28223","target":"DB14010","Edge_Type":"Drug","label":"targets"}},{"data":{"source":"P21397","target":"DB01168","Edge_Type":"Drug","label":"targets"}},{"data":{"source":"P27338","target":"DB01168","Edge_Type":"Drug","label":"targets"}},{"data":{"source":"P21397","target":"R-HSA-141333","Edge_Type":"Pathway","label":"is involved in"}},{"data":{"source":"P27338","target":"R-HSA-141333","Edge_Type":"Pathway","label":"is involved in"}},{"data":{"source":"P08913","target":"R-HSA-392023","Edge_Type":"Pathway","label":"is involved in"}},{"data":{"source":"P18825","target":"R-HSA-392023","Edge_Type":"Pathway","label":"is involved in"}},{"data":{"source":"P11362","target":"R-HSA-1839120","Edge_Type":"Pathway","label":"is involved in"}},{"data":{"source":"P21397","target":"R-HSA-5579012","Edge_Type":"Pathway","label":"is involved in"}},{"data":{"source":"P21397","target":"R-HSA-379398","Edge_Type":"Pathway","label":"is involved in"}},{"data":{"source":"P21397","target":"R-HSA-380612","Edge_Type":"Pathway","label":"is involved in"}},{"data":{"source":"P08913","target":"R-HSA-390696","Edge_Type":"Pathway","label":"is involved in"}},{"data":{"source":"P18825","target":"R-HSA-390696","Edge_Type":"Pathway","label":"is involved in"}},{"data":{"source":"P08908","target":"R-HSA-390666","Edge_Type":"Pathway","label":"is involved in"}},{"data":{"source":"P28223","target":"R-HSA-390666","Edge_Type":"Pathway","label":"is involved in"}},{"data":{"source":"P11362","target":"R-HSA-8853336","Edge_Type":"Pathway","label":"is involved in"}},{"data":{"source":"P11362","target":"R-HSA-190374","Edge_Type":"Pathway","label":"is involved in"}},{"data":{"source":"P11362","target":"HP:0008439","Edge_Type":"HPO","label":"is associated w\/"}},{"data":{"source":"P11362","target":"HP:0007546","Edge_Type":"HPO","label":"is associated w\/"}},{"data":{"source":"P11362","target":"HP:0006283","Edge_Type":"HPO","label":"is associated w\/"}},{"data":{"source":"P11362","target":"HP:0005466","Edge_Type":"HPO","label":"is associated w\/"}},{"data":{"source":"P11362","target":"HP:0005347","Edge_Type":"HPO","label":"is associated w\/"}},{"data":{"source":"P28223","target":"HP:0012166","Edge_Type":"HPO","label":"is associated w\/"}},{"data":{"source":"P11362","target":"HP:0008122","Edge_Type":"HPO","label":"is associated w\/"}},{"data":{"source":"P11362","target":"HP:0011318","Edge_Type":"HPO","label":"is associated w\/"}},{"data":{"source":"P11362","target":"HP:0008080","Edge_Type":"HPO","label":"is associated w\/"}},{"data":{"source":"P11362","target":"HP:0100251","Edge_Type":"HPO","label":"is associated w\/"}},{"data":{"source":"P08908","target":"CHEMBL3656215","Edge_Type":"Prediction","label":"targets"}},{"data":{"source":"P08908","target":"CHEMBL2159793","Edge_Type":"Prediction","label":"targets"}},{"data":{"source":"P28223","target":"CHEMBL3697962","Edge_Type":"predictionChembl","label":"targets"}},{"data":{"source":"P08908","target":"CHEMBL3697962","Edge_Type":"Prediction","label":"targets"}},{"data":{"source":"P08908","target":"CHEMBL3651814","Edge_Type":"Prediction","label":"targets"}},{"data":{"source":"P28223","target":"CHEMBL3695380","Edge_Type":"predictionChembl","label":"targets"}},{"data":{"source":"P08908","target":"CHEMBL3695380","Edge_Type":"Prediction","label":"targets"}},{"data":{"source":"P08908","target":"CHEMBL2163979","Edge_Type":"Prediction","label":"targets"}},{"data":{"source":"P08908","target":"CHEMBL1576586","Edge_Type":"Prediction","label":"targets"}},{"data":{"source":"P08908","target":"CHEMBL3590109","Edge_Type":"Prediction","label":"targets"}},{"data":{"source":"P08908","target":"CHEMBL2159806","Edge_Type":"Prediction","label":"targets"}},{"data":{"source":"P08908","target":"CHEMBL3891169","Edge_Type":"Prediction","label":"targets"}},{"data":{"source":"H00548","target":"hsa00340","Edge_Type":"kegg_dis_path","label":"modulates"}},{"data":{"source":"H00548","target":"hsa00350","Edge_Type":"kegg_dis_path","label":"modulates"}},{"data":{"source":"H00548","target":"hsa00380","Edge_Type":"kegg_dis_path","label":"modulates"}},{"data":{"source":"H00548","target":"hsa04728","Edge_Type":"kegg_dis_path","label":"modulates"}},{"data":{"source":"H01450","target":"hsa04726","Edge_Type":"kegg_dis_path","label":"modulates"}},{"data":{"source":"H01450","target":"hsa04728","Edge_Type":"kegg_dis_path","label":"modulates"}},{"data":{"source":"H01450","target":"DB00715","Edge_Type":"kegg_dis_drug","label":"indicates"}},{"data":{"source":"H01646","target":"hsa04726","Edge_Type":"kegg_dis_path","label":"modulates"}},{"data":{"source":"H01646","target":"DB01175","Edge_Type":"kegg_dis_drug","label":"indicates"}},{"data":{"source":"H01646","target":"DB00715","Edge_Type":"kegg_dis_drug","label":"indicates"}},{"data":{"source":"H01646","target":"DB00752","Edge_Type":"kegg_dis_drug","label":"indicates"}},{"data":{"source":"H01611","target":"hsa04080","Edge_Type":"kegg_dis_path","label":"modulates"}},{"data":{"source":"P21397","target":"hsa00360","Edge_Type":"kegg_path_prot","label":"is involved in"}},{"data":{"source":"P27338","target":"hsa00360","Edge_Type":"kegg_path_prot","label":"is involved in"}},{"data":{"source":"P21397","target":"hsa00340","Edge_Type":"kegg_path_prot","label":"is involved in"}},{"data":{"source":"P27338","target":"hsa00340","Edge_Type":"kegg_path_prot","label":"is involved in"}},{"data":{"source":"P08908","target":"hsa04726","Edge_Type":"kegg_path_prot","label":"is involved in"}},{"data":{"source":"P21397","target":"hsa04726","Edge_Type":"kegg_path_prot","label":"is involved in"}},{"data":{"source":"P28223","target":"hsa04726","Edge_Type":"kegg_path_prot","label":"is involved in"}},{"data":{"source":"P27338","target":"hsa04726","Edge_Type":"kegg_path_prot","label":"is involved in"}},{"data":{"source":"P21397","target":"hsa00350","Edge_Type":"kegg_path_prot","label":"is involved in"}},{"data":{"source":"P27338","target":"hsa00350","Edge_Type":"kegg_path_prot","label":"is involved in"}},{"data":{"source":"P21397","target":"hsa00260","Edge_Type":"kegg_path_prot","label":"is involved in"}},{"data":{"source":"P27338","target":"hsa00260","Edge_Type":"kegg_path_prot","label":"is involved in"}},{"data":{"source":"P21397","target":"hsa00380","Edge_Type":"kegg_path_prot","label":"is involved in"}},{"data":{"source":"P27338","target":"hsa00380","Edge_Type":"kegg_path_prot","label":"is involved in"}},{"data":{"source":"P21397","target":"hsa00330","Edge_Type":"kegg_path_prot","label":"is involved in"}},{"data":{"source":"P27338","target":"hsa00330","Edge_Type":"kegg_path_prot","label":"is involved in"}},{"data":{"source":"P08908","target":"hsa04080","Edge_Type":"kegg_path_prot","label":"is involved in"}},{"data":{"source":"P08913","target":"hsa04080","Edge_Type":"kegg_path_prot","label":"is involved in"}},{"data":{"source":"P47211","target":"hsa04080","Edge_Type":"kegg_path_prot","label":"is involved in"}},{"data":{"source":"P28223","target":"hsa04080","Edge_Type":"kegg_path_prot","label":"is involved in"}},{"data":{"source":"P18825","target":"hsa04080","Edge_Type":"kegg_path_prot","label":"is involved in"}},{"data":{"source":"P21397","target":"hsa00982","Edge_Type":"kegg_path_prot","label":"is involved in"}},{"data":{"source":"P27338","target":"hsa00982","Edge_Type":"kegg_path_prot","label":"is involved in"}},{"data":{"source":"P21397","target":"hsa04728","Edge_Type":"kegg_path_prot","label":"is involved in"}},{"data":{"source":"P27338","target":"hsa04728","Edge_Type":"kegg_path_prot","label":"is involved in"}},{"data":{"source":"P11362","target":"H00443","Edge_Type":"kegg_dis_prot","label":"is related to"}},{"data":{"source":"P21397","target":"H00548","Edge_Type":"kegg_dis_prot","label":"is related to"}},{"data":{"source":"P11362","target":"H01850","Edge_Type":"kegg_dis_prot","label":"is related to"}},{"data":{"source":"P21397","target":"H01450","Edge_Type":"kegg_dis_prot","label":"is related to"}},{"data":{"source":"P28223","target":"H01450","Edge_Type":"kegg_dis_prot","label":"is related to"}},{"data":{"source":"P11362","target":"H01207","Edge_Type":"kegg_dis_prot","label":"is related to"}},{"data":{"source":"P11362","target":"H01756","Edge_Type":"kegg_dis_prot","label":"is related to"}},{"data":{"source":"P11362","target":"H01988","Edge_Type":"kegg_dis_prot","label":"is related to"}},{"data":{"source":"P28223","target":"H01646","Edge_Type":"kegg_dis_prot","label":"is related to"}},{"data":{"source":"P28223","target":"H01611","Edge_Type":"kegg_dis_prot","label":"is related to"}},{"data":{"source":"P11362","target":"H00458","Edge_Type":"kegg_dis_prot","label":"is related to"}}]}