Core Proteins,Interacting Proteins,Pathways,HPO terms,Diseases,Targeting Drugs,Experimental Bioactive Compounds (pChEMBL),Predicted interacting Compounds
AGXT (P21549),AGXT (P21549); FAM168B (A1KXE4); PLA2G10 (O15496); FNTB (P49356); KRTAP3-1 (Q9BYR8),R-HSA-389661 Glyoxylate metabolism and glycine degradation[scr:385]; hsa00250 Alanine- aspartate and glutamate metabolism[scr:206]; hsa00260 Glycine- serine and threonine metabolism[scr:28]; hsa01100 Metabolic pathways[scr:24]; hsa01200 Carbon metabolism[scr:23],HP:0030507 Retinal crystals[scr:184]; HP:0025520 Calcinosis cutis[scr:92]; HP:0025324 Arterial occlusion[scr:61]; HP:0003159 Hyperoxaluria[scr:37]; HP:0003761 Calcinosis[scr:20],Orphanet:93598 Primary hyperoxaluria type 1 (EFO)[scr:157]; Orphanet:416 Primary hyperoxaluria (EFO)[scr:52]; H00117 Primary hyperoxaluria (KEGG)[scr:80],DB00160 Alanine[scr:9999999]; DB00114 Pyridoxal phosphate[scr:250]; DB08060 4-(2-AMINOPHENYL)-4-OXOBUTANOIC ACID[scr:207]; DB02079 Aminooxyacetic acid[scr:207],,
GPT (P24298),,hsa00250 Alanine- aspartate and glutamate metabolism[scr:206]; hsa01210 2-Oxocarboxylic acid metabolism[scr:70]; hsa00220 Arginine biosynthesis[scr:59]; hsa01100 Metabolic pathways[scr:24]; hsa01200 Carbon metabolism[scr:23],,,DB00160 Alanine[scr:9999999]; DB00780 Phenelzine[scr:311]; DB00114 Pyridoxal phosphate[scr:250],,
SLC1A4 (P43007),,R-HSA-352230 Amino acid transport across the plasma membrane[scr:1355],,MONDO:0014725 spastic tetraplegia-thin corpus callosum-progressive postnatal microcephaly syndrome (EFO)[scr:0]; H02282 Spastic tetraplegia- thin corpus callosum- and progressive microcephaly (KEGG)[scr:159],DB00160 Alanine[scr:9999999],,
AARS1 (P49588),,hsa00970 Aminoacyl-tRNA biosynthesis[scr:27],,Orphanet:228174 Autosomal dominant Charcot-Marie-Tooth disease type 2N (EFO)[scr:157]; Orphanet:1934 Early infantile epileptic encephalopathy (EFO)[scr:3]; H00264 Charcot-Marie-Tooth disease (KEGG)[scr:3]; H00606 Early infantile epileptic encephalopathy (KEGG)[scr:3],DB00160 Alanine[scr:9999999],,
ABAT (P80404),,R-HSA-916853 Degradation of GABA[scr:1397]; hsa00250 Alanine- aspartate and glutamate metabolism[scr:206]; hsa00280 Valine- leucine and isoleucine degradation[scr:25]; hsa01100 Metabolic pathways[scr:24],HP:0025430 High-pitched cry[scr:61],Orphanet:2066 Gamma-aminobutyric acid transaminase deficiency (EFO)[scr:157]; H01257 GABA-transaminase deficiency (KEGG)[scr:159],DB00160 Alanine[scr:9999999]; DB00780 Phenelzine[scr:311]; DB00114 Pyridoxal phosphate[scr:250]; DB01699 (4e)-4-Aminohex-4-Enoic Acid[scr:207]; DB04235 4-Amino Hexanoic Acid[scr:207],,
KYNU (Q16719),FAM86C1 (Q9NVL1); PIP4K2B (P78356),R-HSA-71240 Tryptophan catabolism[scr:798]; hsa01100 Metabolic pathways[scr:24],HP:0004365 Abnormal circulating tryptophan concentration[scr:184]; HP:0007030 Nonprogressive encephalopathy[scr:61],Orphanet:79155 Encephalopathy due to hydroxykynureninuria (EFO)[scr:157]; H01583 Hydroxykynureninuria (KEGG)[scr:159]; H02087 Vertebral- cardiac- renal- and limb defects syndrome (KEGG)[scr:80],DB00160 Alanine[scr:9999999]; DB00114 Pyridoxal phosphate[scr:250]; DB07069 m-Hydroxyhippuric acid[scr:207],,
AARS2 (Q5JTZ9),PTPA (Q15257),hsa00970 Aminoacyl-tRNA biosynthesis[scr:27],HP:0006980 Progressive leukoencephalopathy[scr:26],Orphanet:319504 Combined oxidative phosphorylation defect type 8 (EFO)[scr:157]; H02200 Leukoencephalopathy- progressive- with ovarian failure (KEGG)[scr:159]; H00891 Combined oxidative phosphorylation deficiency (KEGG)[scr:5],DB00160 Alanine[scr:9999999],,
SLC36A1 (Q7Z2H8),,R-HSA-428559 Proton-coupled neutral amino acid transporters[scr:1397]; R-HSA-352230 Amino acid transport across the plasma membrane[scr:1355]; hsa04974 Protein digestion and absorption[scr:28],,,DB00160 Alanine[scr:9999999],,
PHYKPL (Q8IUZ5),PHYKPL (Q8IUZ5),hsa01100 Metabolic pathways[scr:24],,MONDO:0014008 phosphohydroxylysinuria (EFO)[scr:0],DB00160 Alanine[scr:9999999]; DB00114 Pyridoxal phosphate[scr:250],,
GPT2 (Q8TD30),,hsa00250 Alanine- aspartate and glutamate metabolism[scr:206]; hsa01210 2-Oxocarboxylic acid metabolism[scr:70]; hsa00220 Arginine biosynthesis[scr:59]; hsa01100 Metabolic pathways[scr:24]; hsa01200 Carbon metabolism[scr:23],HP:0011470 Nasogastric tube feeding in infancy[scr:31],Orphanet:88616 Autosomal recessive non-syndromic intellectual disability (EFO)[scr:5]; H00768 Autosomal recessive mental retardation (KEGG)[scr:4],DB00160 Alanine[scr:9999999]; DB00780 Phenelzine[scr:311]; DB00114 Pyridoxal phosphate[scr:250],,
AGXT2 (Q9BYV1),,R-HSA-389661 Glyoxylate metabolism and glycine degradation[scr:385]; hsa00250 Alanine- aspartate and glutamate metabolism[scr:206]; hsa00260 Glycine- serine and threonine metabolism[scr:28]; hsa00280 Valine- leucine and isoleucine degradation[scr:25]; hsa01100 Metabolic pathways[scr:24],,,DB00160 Alanine[scr:9999999]; DB00114 Pyridoxal phosphate[scr:250],,
SLC7A8 (Q9UHI5),AGPAT4 (Q9NRZ5); SLC3A2 (P08195); YIPF1 (Q9Y548),R-HSA-352230 Amino acid transport across the plasma membrane[scr:1355]; R-HSA-210991 Basigin interactions[scr:447]; hsa04974 Protein digestion and absorption[scr:28],,,DB00160 Alanine[scr:9999999],,
NFS1 (Q9Y697),,R-HSA-947581 Molybdenum cofactor biosynthesis[scr:399]; hsa04122 Sulfur relay system[scr:37]; hsa01100 Metabolic pathways[scr:24],,,DB00160 Alanine[scr:9999999]; DB00114 Pyridoxal phosphate[scr:250],,
FAM86C1 (Q9NVL1),KYNU (Q16719),,,,,,
FAM168B (A1KXE4),AGXT (P21549),,,,,,
PIP4K2B (P78356),KYNU (Q16719),R-HSA-8847453 Synthesis of PIPs in the nucleus[scr:699]; R-HSA-6811555 PI5P Regulates TP53 Acetylation[scr:311]; hsa01100 Metabolic pathways[scr:24],,,,,
PTPA (Q15257),AARS2 (Q5JTZ9),,,,,,
AGPAT4 (Q9NRZ5),SLC7A8 (Q9UHI5),hsa01100 Metabolic pathways[scr:24],,,,,
PLA2G10 (O15496),AGXT (P21549),hsa01100 Metabolic pathways[scr:24],,,DB13893 Crotalus adamanteus antivenin[scr:207],,
FNTB (P49356),AGXT (P21549),,,,DB04960 Tipifarnib[scr:207],,
SLC3A2 (P08195),SLC7A8 (Q9UHI5),R-HSA-5660862 Defective SLC7A7 causes lysinuric protein intolerance (LPI)[scr:2795]; R-HSA-352230 Amino acid transport across the plasma membrane[scr:1355]; R-HSA-71240 Tryptophan catabolism[scr:798]; R-HSA-210991 Basigin interactions[scr:447]; hsa04974 Protein digestion and absorption[scr:28],,,,,
YIPF1 (Q9Y548),SLC7A8 (Q9UHI5),,,,,,
KRTAP3-1 (Q9BYR8),AGXT (P21549),,,,,,
