Core Proteins,Interacting Proteins,Pathways,HPO terms,Diseases,Targeting Drugs,Experimental Bioactive Compounds (pChEMBL),Predicted interacting Compounds
MME (P08473),CD9 (P21926); HSPB1 (P04792),R-HSA-2022377 Metabolism of Angiotensinogen to Angiotensins[scr:275]; hsa04614 Renin-angiotensin system[scr:23]; hsa04640 Hematopoietic cell lineage[scr:22]; hsa04974 Protein digestion and absorption[scr:6],,EFO:0009060 Spinocerebellar ataxia type 43 (EFO)[scr:277]; EFO:0009162 charcot-marie-tooth disease- axonal- type 2t (EFO)[scr:277]; Orphanet:99 Autosomal dominant cerebellar ataxia (EFO)[scr:55]; H00063 Spinocerebellar ataxia (SCA) (KEGG)[scr:9]; H00264 Charcot-Marie-Tooth disease (KEGG)[scr:6],DB02557 Phosphoramidon[scr:9999999]; DB09292 Sacubitril[scr:367]; DB11623 Candoxatrilat[scr:367]; DB02558 N-(3-Phenyl-2-Sulfanylpropanoyl)Phenylalanylalanine[scr:367]; DB05796 Daglutril[scr:367]; DB08575 2-[(1S)-1-BENZYL-2-SULFANYLETHYL]-1H-IMIDAZO[4-5-C]PYRIDIN-5-IUM[scr:367]; DB08626 Thiorphan[scr:367],,
KEL (P23276),PM20D2 (Q8IYS1); C5 (P01031); TTMP (Q5BVD1); CLDN19 (Q8N6F1); ADIPOQ (Q15848),R-HSA-375276 Peptide ligand-binding receptors[scr:420],,,DB02557 Phosphoramidon[scr:9999999],,
ECE1 (P42892),CLK2 (P49760); CYSRT1 (A8MQ03); KRTAP10-5 (P60370),R-HSA-375276 Peptide ligand-binding receptors[scr:420],HP:0009626 Contractures of the interphalangeal joint of the thumb[scr:325]; HP:0009600 Flexion contracture of thumb[scr:108],Orphanet:388 Hirschsprung disease (EFO)[scr:55],DB02557 Phosphoramidon[scr:9999999]; DB07171 5-(2-hydroxyethyl)nonane-1-9-diol[scr:367],,
CD9 (P21926),MME (P08473),R-HSA-1300645 Acrosome Reaction and Sperm:Oocyte Membrane Binding[scr:4944]; R-HSA-5336415 Uptake and function of diphtheria toxin[scr:824]; hsa04640 Hematopoietic cell lineage[scr:22],,,,,
PM20D2 (Q8IYS1),KEL (P23276); PM20D2 (Q8IYS1),,,,,,
C5 (P01031),KEL (P23276),R-HSA-174577 Activation of C3 and C5[scr:706]; R-HSA-166665 Terminal pathway of complement[scr:618]; R-HSA-375276 Peptide ligand-binding receptors[scr:420]; hsa04610 Complement and coagulation cascades[scr:6],HP:0007569 Generalized seborrheic dermatitis[scr:325]; HP:0006946 Recurrent meningitis[scr:108]; HP:0002041 Intractable diarrhea[scr:54],Orphanet:169150 Immunodeficiency due to a late component of complements deficiency (EFO)[scr:46]; MONDO:0014330 obsolete eculizumab- poor response to (EFO)[scr:0]; H00103 Late complement pathway defects (KEGG)[scr:40],DB01257 Eculizumab[scr:367],,
TTMP (Q5BVD1),KEL (P23276),,,,,,
CLDN19 (Q8N6F1),KEL (P23276); CYSRT1 (A8MQ03),R-HSA-420029 Tight junction interactions[scr:165]; hsa04670 Leukocyte transendothelial migration[scr:5],HP:0012637 Renal calcium wasting[scr:108]; HP:0001116 Macular coloboma[scr:81],Orphanet:2196 Familial primary hypomagnesemia with hypercalciuria and nephrocalcinosis with severe ocular involvement (EFO)[scr:277]; H01210 Hypomagnesemia (KEGG)[scr:47],,,
ADIPOQ (Q15848),KEL (P23276),R-HSA-163680 AMPK inhibits chREBP transcriptional activation activity[scr:618]; hsa04920 Adipocytokine signaling pathway[scr:8]; hsa03320 PPAR signaling pathway[scr:7]; hsa04211 Longevity regulating pathway[scr:6]; hsa04152 AMPK signaling pathway[scr:4],,EFO:0001360 type II diabetes mellitus (EFO)[scr:10]; H00967 Adiponectin deficiency (KEGG)[scr:282],,,
CLK2 (P49760),ECE1 (P42892); CLK2 (P49760),,,,,,
HSPB1 (P04792),MME (P08473); HSPB1 (P04792),R-HSA-450408 AUF1 (hnRNP D0) binds and destabilizes mRNA[scr:90]; R-HSA-4420097 VEGFA-VEGFR2 Pathway[scr:80]; hsa04370 VEGF signaling pathway[scr:9],HP:0002601 Paresis of extensor muscles of the big toe[scr:81]; HP:0007289 Limb fasciculations[scr:65]; HP:0007267 Chronic axonal neuropathy[scr:65],Orphanet:99940 Autosomal dominant Charcot-Marie-Tooth disease type 2F (EFO)[scr:277]; Orphanet:139525 Distal hereditary motor neuropathy type 2 (EFO)[scr:55]; H00856 Distal hereditary motor neuropathies (KEGG)[scr:19],DB06094 Apatorsen[scr:367],,
CYSRT1 (A8MQ03),ECE1 (P42892); CYSRT1 (A8MQ03); KRTAP10-5 (P60370),,,,,,
KRTAP10-5 (P60370),ECE1 (P42892); KRTAP10-5 (P60370); CYSRT1 (A8MQ03),,,,,,
