Core Proteins,Interacting Proteins,Pathways,HPO terms,Diseases,Targeting Drugs,Experimental Bioactive Compounds (pChEMBL),Predicted interacting Compounds
PPARA (Q07869),CHD9 (Q3L8U1); NR1H2 (P55055); NR1H3 (Q13133); NR1H3 (Q13133); NCOR1 (O75376); GRB2 (P62993),R-HSA-400206 Regulation of lipid metabolism by PPARalpha[scr:4821]; R-HSA-383280 Nuclear Receptor transcription pathway[scr:3361]; R-HSA-4090294 SUMOylation of intracellular receptors[scr:3214]; R-HSA-1368082 RORA activates gene expression[scr:2381]; R-HSA-1989781 PPARA activates gene expression[scr:2289]; R-HSA-2151201 Transcriptional activation of mitochondrial biogenesis[scr:1785]; hsa03320 PPAR signaling pathway[scr:61]; hsa04920 Adipocytokine signaling pathway[scr:17]; hsa04922 Glucagon signaling pathway[scr:10],,,DB00636 Clofibrate[scr:9999999]; DB01241 Gemfibrozil[scr:795]; DB09064 Ciprofibrate[scr:795]; DB09422 Soybean oil[scr:795],,
CHD9 (Q3L8U1),PPARA (Q07869),R-HSA-400206 Regulation of lipid metabolism by PPARalpha[scr:4821]; R-HSA-1368082 RORA activates gene expression[scr:2381]; R-HSA-1989781 PPARA activates gene expression[scr:2289]; R-HSA-2151201 Transcriptional activation of mitochondrial biogenesis[scr:1785],,,,,
NR1H2 (P55055),PPARA (Q07869); NCOR1 (O75376),R-HSA-8866427 VLDLR internalisation and degradation[scr:3571]; R-HSA-383280 Nuclear Receptor transcription pathway[scr:3361]; R-HSA-4090294 SUMOylation of intracellular receptors[scr:3214]; R-HSA-1989781 PPARA activates gene expression[scr:2289],,,DB13174 Rhein[scr:1060]; DB07082 1-1-1-3-3-3-HEXAFLUORO-2-{4-[(2-2-2-TRIFLUOROETHYL)AMINO]PHENYL}PROPAN-2-OL[scr:795]; DB03848 Benzenesulfinic acid[scr:795]; DB03791 GW-3965[scr:795],,CHEMBL329861 [scr:31.64]
NR1H3 (Q13133),PPARA (Q07869); NCOR1 (O75376),R-HSA-8866427 VLDLR internalisation and degradation[scr:3571]; R-HSA-383280 Nuclear Receptor transcription pathway[scr:3361]; R-HSA-4090294 SUMOylation of intracellular receptors[scr:3214]; R-HSA-1989781 PPARA activates gene expression[scr:2289]; hsa03320 PPAR signaling pathway[scr:61],,,DB13174 Rhein[scr:1060],,
NCOR1 (O75376),PPARA (Q07869); NR1H2 (P55055); NR1H3 (Q13133),R-HSA-400206 Regulation of lipid metabolism by PPARalpha[scr:4821]; R-HSA-1368071 NR1D1 (REV-ERBA) represses gene expression[scr:3571]; R-HSA-383280 Nuclear Receptor transcription pathway[scr:3361]; R-HSA-1989781 PPARA activates gene expression[scr:2289]; R-HSA-2151201 Transcriptional activation of mitochondrial biogenesis[scr:1785],,,,,
GRB2 (P62993),PPARA (Q07869); GRB2 (P62993),R-HSA-8865999 MET activates PTPN11[scr:2143]; R-HSA-8851907 MET activates PI3K/AKT signaling[scr:1785]; hsa04664 Fc epsilon RI signaling pathway[scr:17]; hsa04917 Prolactin signaling pathway[scr:16]; hsa04662 B cell receptor signaling pathway[scr:15]; hsa04012 ErbB signaling pathway[scr:13]; hsa04540 Gap junction[scr:13]; hsa04912 GnRH signaling pathway[scr:11]; hsa04660 T cell receptor signaling pathway[scr:11],,,DB00061 Pegademase[scr:795]; DB03276 4-[(10s-14s-18s)-18-(2-Amino-2-Oxoethyl)-14-(1-Naphthylmethyl)-8-17-20-Trioxo-7-16-19-Triazaspiro[5.14]Icos-11-En-10-Yl]Benzylphosphonic Acid[scr:795],,CHEMBL555619 [scr:87]; CHEMBL537171 [scr:87]; CHEMBL346016 [scr:43.5]; CHEMBL541797 [scr:43.5]; CHEMBL370092 [scr:43.5]; CHEMBL329861 [scr:31.64]; CHEMBL541293 [scr:29]; CHEMBL542703 [scr:29]; CHEMBL551633 [scr:29]; CHEMBL1822488 [scr:29]
