Core Proteins,Interacting Proteins,Pathways,HPO terms,Diseases,Targeting Drugs,Experimental Bioactive Compounds (pChEMBL),Predicted interacting Compounds
FCGR3B (O75015),,hsa04145 Phagosome[scr:120]; hsa04380 Osteoclast differentiation[scr:112]; hsa04666 Fc gamma R-mediated phagocytosis[scr:77]; hsa04650 Natural killer cell mediated cytotoxicity[scr:9],,H00080 Systemic lupus erythematosus (KEGG)[scr:175],DB00054 Abciximab[scr:9999999]; DB00002 Cetuximab[scr:2004]; DB00078 Ibritumomab tiuxetan[scr:2004]; DB00056 Gemtuzumab ozogamicin[scr:2004]; DB00072 Trastuzumab[scr:1850]; DB00074 Basiliximab[scr:1850]; DB00110 Palivizumab[scr:1806]; DB00092 Alefacept[scr:1806]; DB00087 Alemtuzumab[scr:1806]; DB00095 Efalizumab[scr:1806],,
C1R (P00736),C1S (P09871),R-HSA-173623 Classical antibody-mediated complement activation[scr:1377]; R-HSA-166663 Initial triggering of complement[scr:1205]; R-HSA-977606 Regulation of Complement cascade[scr:1193]; hsa04145 Phagosome[scr:120]; hsa04610 Complement and coagulation cascades[scr:119],HP:0002725 Systemic lupus erythematosus[scr:288]; HP:0006308 Atrophy of alveolar ridges[scr:235]; HP:0025300 Malar rash[scr:201]; HP:0410027 Alveolar bone loss around teeth[scr:176]; HP:0410026 Abnormality of the periodontium[scr:176],Orphanet:169147 Immunodeficiency due to an early component of complement deficiency (EFO)[scr:469]; Orphanet:75392 Ehlers-Danlos syndrome- periodontitis type (EFO)[scr:300]; H00102 Classic complement pathway component defects (KEGG)[scr:382]; H02240 Ehlers-Danlos syndrome periodontal type (KEGG)[scr:306],DB00054 Abciximab[scr:9999999]; DB00002 Cetuximab[scr:2004]; DB00078 Ibritumomab tiuxetan[scr:2004]; DB00056 Gemtuzumab ozogamicin[scr:2004]; DB00072 Trastuzumab[scr:1850]; DB00074 Basiliximab[scr:1850]; DB00110 Palivizumab[scr:1806]; DB00092 Alefacept[scr:1806]; DB00087 Alemtuzumab[scr:1806]; DB00095 Efalizumab[scr:1806],,
C1QA (P02745),C1QB (P02746),R-HSA-173623 Classical antibody-mediated complement activation[scr:1377]; R-HSA-166663 Initial triggering of complement[scr:1205]; R-HSA-977606 Regulation of Complement cascade[scr:1193]; hsa04610 Complement and coagulation cascades[scr:119],HP:0002725 Systemic lupus erythematosus[scr:288]; HP:0005356 Decreased serum complement factor I[scr:227]; HP:0000793 Membranoproliferative glomerulonephritis[scr:227]; HP:0025300 Malar rash[scr:201],Orphanet:169147 Immunodeficiency due to an early component of complement deficiency (EFO)[scr:469]; H00102 Classic complement pathway component defects (KEGG)[scr:382]; H01357 Allergic contact dermatitis (KEGG)[scr:76],DB00054 Abciximab[scr:9999999]; DB00002 Cetuximab[scr:2004]; DB00078 Ibritumomab tiuxetan[scr:2004]; DB00056 Gemtuzumab ozogamicin[scr:2004]; DB00072 Trastuzumab[scr:1850]; DB00074 Basiliximab[scr:1850]; DB00110 Palivizumab[scr:1806]; DB00092 Alefacept[scr:1806]; DB00087 Alemtuzumab[scr:1806]; DB00095 Efalizumab[scr:1806],,
C1QB (P02746),C1QA (P02745),R-HSA-173623 Classical antibody-mediated complement activation[scr:1377]; R-HSA-166663 Initial triggering of complement[scr:1205]; R-HSA-977606 Regulation of Complement cascade[scr:1193]; hsa04610 Complement and coagulation cascades[scr:119],HP:0002725 Systemic lupus erythematosus[scr:288]; HP:0005356 Decreased serum complement factor I[scr:227]; HP:0000793 Membranoproliferative glomerulonephritis[scr:227],Orphanet:169147 Immunodeficiency due to an early component of complement deficiency (EFO)[scr:469]; H00102 Classic complement pathway component defects (KEGG)[scr:382],DB00054 Abciximab[scr:9999999]; DB00002 Cetuximab[scr:2004]; DB00078 Ibritumomab tiuxetan[scr:2004]; DB00056 Gemtuzumab ozogamicin[scr:2004]; DB00072 Trastuzumab[scr:1850]; DB00074 Basiliximab[scr:1850]; DB00110 Palivizumab[scr:1806]; DB00092 Alefacept[scr:1806]; DB00087 Alemtuzumab[scr:1806]; DB00095 Efalizumab[scr:1806],,
C1QC (P02747),,R-HSA-173623 Classical antibody-mediated complement activation[scr:1377]; R-HSA-166663 Initial triggering of complement[scr:1205]; R-HSA-977606 Regulation of Complement cascade[scr:1193]; hsa04610 Complement and coagulation cascades[scr:119],HP:0002725 Systemic lupus erythematosus[scr:288]; HP:0005356 Decreased serum complement factor I[scr:227]; HP:0000793 Membranoproliferative glomerulonephritis[scr:227],Orphanet:169147 Immunodeficiency due to an early component of complement deficiency (EFO)[scr:469]; H00102 Classic complement pathway component defects (KEGG)[scr:382],DB00054 Abciximab[scr:9999999]; DB00002 Cetuximab[scr:2004]; DB00078 Ibritumomab tiuxetan[scr:2004]; DB00056 Gemtuzumab ozogamicin[scr:2004]; DB00072 Trastuzumab[scr:1850]; DB00074 Basiliximab[scr:1850]; DB00110 Palivizumab[scr:1806]; DB00092 Alefacept[scr:1806]; DB00087 Alemtuzumab[scr:1806]; DB00095 Efalizumab[scr:1806],,
VTN (P04004),,R-HSA-977606 Regulation of Complement cascade[scr:1193]; R-HSA-3000170 Syndecan interactions[scr:397]; hsa04610 Complement and coagulation cascades[scr:119]; hsa04512 ECM-receptor interaction[scr:29]; hsa04510 Focal adhesion[scr:13],,,DB00054 Abciximab[scr:9999999],,
ITGB3 (P05106),ITGB3 (P05106); ITGA2B (P08514),R-HSA-354194 GRB2:SOS provides linkage to MAPK signaling for Integrins[scr:714]; R-HSA-372708 p130Cas linkage to MAPK signaling for integrins[scr:714]; R-HSA-445144 Signal transduction by L1[scr:510]; R-HSA-354192 Integrin signaling[scr:466]; R-HSA-3000170 Syndecan interactions[scr:397]; hsa04145 Phagosome[scr:120]; hsa04380 Osteoclast differentiation[scr:112]; hsa04512 ECM-receptor interaction[scr:29]; hsa04640 Hematopoietic cell lineage[scr:27]; hsa04611 Platelet activation[scr:21]; hsa04510 Focal adhesion[scr:13],HP:0001975 Decreased platelet glycoprotein IIb-IIIa[scr:353]; HP:0031126 Impaired clot retraction[scr:353]; HP:0032438 Platelet anisocytosis[scr:235],Orphanet:849 Glanzmann thrombasthenia (EFO)[scr:300]; Orphanet:140957 Autosomal dominant macrothrombocytopenia (EFO)[scr:120]; H00226 Glanzmann thrombasthenia (KEGG)[scr:306]; H01740 Macrothrombocytopenia (KEGG)[scr:36]; H00083 Allograft rejection (KEGG)[scr:15],DB00054 Abciximab[scr:9999999],,
ITGA2B (P08514),ITGA2B (P08514); ITGB3 (P05106),R-HSA-354194 GRB2:SOS provides linkage to MAPK signaling for Integrins[scr:714]; R-HSA-372708 p130Cas linkage to MAPK signaling for integrins[scr:714]; R-HSA-445144 Signal transduction by L1[scr:510]; R-HSA-354192 Integrin signaling[scr:466]; hsa04512 ECM-receptor interaction[scr:29]; hsa04640 Hematopoietic cell lineage[scr:27]; hsa04611 Platelet activation[scr:21]; hsa04510 Focal adhesion[scr:13],HP:0001975 Decreased platelet glycoprotein IIb-IIIa[scr:353]; HP:0031126 Impaired clot retraction[scr:353]; HP:0032438 Platelet anisocytosis[scr:235],Orphanet:849 Glanzmann thrombasthenia (EFO)[scr:300]; Orphanet:140957 Autosomal dominant macrothrombocytopenia (EFO)[scr:120]; H00226 Glanzmann thrombasthenia (KEGG)[scr:306]; H01740 Macrothrombocytopenia (KEGG)[scr:36],DB00054 Abciximab[scr:9999999],,
FCGR3A (P08637),,R-HSA-2029481 FCGR activation[scr:564]; R-HSA-2029485 Role of phospholipids in phagocytosis[scr:481]; hsa04145 Phagosome[scr:120]; hsa04380 Osteoclast differentiation[scr:112]; hsa04666 Fc gamma R-mediated phagocytosis[scr:77]; hsa04650 Natural killer cell mediated cytotoxicity[scr:9],,Orphanet:101997 Primary immunodeficiency (EFO)[scr:21]; H00080 Systemic lupus erythematosus (KEGG)[scr:175]; H00090 NK cell defects (KEGG)[scr:153],DB00054 Abciximab[scr:9999999]; DB00002 Cetuximab[scr:2004]; DB00078 Ibritumomab tiuxetan[scr:2004]; DB00056 Gemtuzumab ozogamicin[scr:2004]; DB00072 Trastuzumab[scr:1850]; DB00074 Basiliximab[scr:1850]; DB00110 Palivizumab[scr:1806]; DB00092 Alefacept[scr:1806]; DB00087 Alemtuzumab[scr:1806]; DB00095 Efalizumab[scr:1806],,
C1S (P09871),C1S (P09871); C1R (P00736),R-HSA-173623 Classical antibody-mediated complement activation[scr:1377]; R-HSA-166663 Initial triggering of complement[scr:1205]; R-HSA-977606 Regulation of Complement cascade[scr:1193]; hsa04610 Complement and coagulation cascades[scr:119],HP:0002725 Systemic lupus erythematosus[scr:288]; HP:0006308 Atrophy of alveolar ridges[scr:235],Orphanet:169147 Immunodeficiency due to an early component of complement deficiency (EFO)[scr:469]; Orphanet:75392 Ehlers-Danlos syndrome- periodontitis type (EFO)[scr:300]; H00102 Classic complement pathway component defects (KEGG)[scr:382]; H02240 Ehlers-Danlos syndrome periodontal type (KEGG)[scr:306],DB00054 Abciximab[scr:9999999]; DB00002 Cetuximab[scr:2004]; DB00078 Ibritumomab tiuxetan[scr:2004]; DB00056 Gemtuzumab ozogamicin[scr:2004]; DB00072 Trastuzumab[scr:1850]; DB00074 Basiliximab[scr:1850],,
FCGR1A (P12314),UPK2 (O00526); IGHG1 (P01857); ASGR1 (P07306); TSPO2 (Q5TGU0); TNMD (Q9H2S6); NRSN1 (Q8IZ57); NINJ1 (Q92982),R-HSA-2029481 FCGR activation[scr:564]; R-HSA-2029485 Role of phospholipids in phagocytosis[scr:481]; hsa04145 Phagosome[scr:120]; hsa04380 Osteoclast differentiation[scr:112]; hsa04666 Fc gamma R-mediated phagocytosis[scr:77]; hsa04640 Hematopoietic cell lineage[scr:27],,,DB00054 Abciximab[scr:9999999]; DB00002 Cetuximab[scr:2004]; DB00078 Ibritumomab tiuxetan[scr:2004]; DB00056 Gemtuzumab ozogamicin[scr:2004]; DB00072 Trastuzumab[scr:1850]; DB00074 Basiliximab[scr:1850]; DB00110 Palivizumab[scr:1806]; DB00092 Alefacept[scr:1806]; DB00087 Alemtuzumab[scr:1806]; DB00095 Efalizumab[scr:1806],,
FCGR2A (P12318),UPK2 (O00526); SERP2 (Q8N6R1); CSGALNACT2 (Q8N6G5); AGPAT4 (Q9NRZ5),R-HSA-2029481 FCGR activation[scr:564]; R-HSA-2029485 Role of phospholipids in phagocytosis[scr:481]; hsa04145 Phagosome[scr:120]; hsa04380 Osteoclast differentiation[scr:112]; hsa04666 Fc gamma R-mediated phagocytosis[scr:77]; hsa04611 Platelet activation[scr:21],HP:0002725 Systemic lupus erythematosus[scr:288]; HP:0025300 Malar rash[scr:201],H00080 Systemic lupus erythematosus (KEGG)[scr:175]; H01360 Allergic rhinitis (KEGG)[scr:8],DB00054 Abciximab[scr:9999999]; DB00002 Cetuximab[scr:2004]; DB00078 Ibritumomab tiuxetan[scr:2004]; DB00056 Gemtuzumab ozogamicin[scr:2004]; DB00072 Trastuzumab[scr:1850]; DB00074 Basiliximab[scr:1850]; DB00110 Palivizumab[scr:1806]; DB00092 Alefacept[scr:1806]; DB00087 Alemtuzumab[scr:1806]; DB00095 Efalizumab[scr:1806],,
FCGR2B (P31994),IGHG1 (P01857),hsa04145 Phagosome[scr:120]; hsa04380 Osteoclast differentiation[scr:112]; hsa04666 Fc gamma R-mediated phagocytosis[scr:77],HP:0002725 Systemic lupus erythematosus[scr:288]; HP:0025300 Malar rash[scr:201],EFO:0009157 susceptibility to malaria (EFO)[scr:12]; MONDO:0021024 malaria- susceptibility to (EFO)[scr:12]; H00080 Systemic lupus erythematosus (KEGG)[scr:175],DB00054 Abciximab[scr:9999999]; DB00002 Cetuximab[scr:2004]; DB00078 Ibritumomab tiuxetan[scr:2004]; DB00056 Gemtuzumab ozogamicin[scr:2004]; DB00072 Trastuzumab[scr:1850]; DB00074 Basiliximab[scr:1850]; DB00110 Palivizumab[scr:1806]; DB00092 Alefacept[scr:1806]; DB00087 Alemtuzumab[scr:1806]; DB00095 Efalizumab[scr:1806],,
FCGR2C (P31995),,hsa04145 Phagosome[scr:120]; hsa04380 Osteoclast differentiation[scr:112],,H01240 Immune thrombocytopenia (KEGG)[scr:153],DB00054 Abciximab[scr:9999999]; DB00002 Cetuximab[scr:2004]; DB00078 Ibritumomab tiuxetan[scr:2004]; DB00056 Gemtuzumab ozogamicin[scr:2004]; DB00072 Trastuzumab[scr:1850]; DB00074 Basiliximab[scr:1850]; DB00110 Palivizumab[scr:1806]; DB00092 Alefacept[scr:1806]; DB00087 Alemtuzumab[scr:1806]; DB00095 Efalizumab[scr:1806],,
UPK2 (O00526),FCGR1A (P12314); FCGR2A (P12318),,,,,,
IGHG1 (P01857),FCGR1A (P12314); FCGR2B (P31994),R-HSA-173623 Classical antibody-mediated complement activation[scr:1377]; R-HSA-166663 Initial triggering of complement[scr:1205]; R-HSA-977606 Regulation of Complement cascade[scr:1193]; R-HSA-2029481 FCGR activation[scr:564]; R-HSA-2029485 Role of phospholipids in phagocytosis[scr:481],,EFO:0001378 multiple myeloma (EFO)[scr:38]; Orphanet:314701 Primary systemic amyloidosis (EFO)[scr:38]; Orphanet:85443 AL amyloidosis (EFO)[scr:38],,,
ASGR1 (P07306),FCGR1A (P12314),,,,,,
SERP2 (Q8N6R1),FCGR2A (P12318),,,,,,
CSGALNACT2 (Q8N6G5),FCGR2A (P12318),hsa00532 Glycosaminoglycan biosynthesis[scr:14],,,,,
AGPAT4 (Q9NRZ5),FCGR2A (P12318),,,,,,
TSPO2 (Q5TGU0),FCGR1A (P12314),,,,,,
TNMD (Q9H2S6),FCGR1A (P12314),,,,,,
NRSN1 (Q8IZ57),FCGR1A (P12314),,,,,,
NINJ1 (Q92982),FCGR1A (P12314),,,,,,
