Core Proteins,Interacting Proteins,Pathways,HPO terms,Diseases,Targeting Drugs,Experimental Bioactive Compounds (pChEMBL),Predicted interacting Compounds
HTR1A (P08908),HTR2A (P28223); GALR1 (P47211),R-HSA-390666 Serotonin receptors[scr:3895]; R-HSA-418594 G alpha (i) signalling events[scr:708]; hsa04080 Neuroactive ligand-receptor interaction[scr:178]; hsa04726 Serotonergic synapse[scr:68],,,DB00656 Trazodone[scr:9999999]; DB00715 Paroxetine[scr:5311]; DB01175 Escitalopram[scr:4372]; DB00502 Haloperidol[scr:3097]; DB00490 Buspirone[scr:1734]; DB00477 Chlorpromazine[scr:1634],,CHEMBL3906053 [scr:98.86]; CHEMBL3669976 [scr:98.86]; CHEMBL3665714 [scr:98.86]; CHEMBL3184427 [scr:94.91]; CHEMBL3905120 [scr:94.91]; CHEMBL2024510 [scr:94.91]; CHEMBL1779598 [scr:94.91]; CHEMBL3298826 [scr:85.42]; CHEMBL2064535 [scr:85.42]; CHEMBL3895689 [scr:84.74]
ADRA2A (P08913),ADRA2A (P08913); ADRA2C (P18825),R-HSA-392023 Adrenaline signalling through Alpha-2 adrenergic receptor[scr:8765]; R-HSA-390696 Adrenoceptors[scr:8116]; R-HSA-418594 G alpha (i) signalling events[scr:708]; hsa04080 Neuroactive ligand-receptor interaction[scr:178]; hsa04022 cGMP-PKG signaling pathway[scr:45],,,DB00656 Trazodone[scr:9999999]; DB00433 Prochlorperazine[scr:10622]; DB00715 Paroxetine[scr:5311]; DB01175 Escitalopram[scr:4372]; DB00502 Haloperidol[scr:3097]; DB06229 Ocaperidone[scr:1971]; DB09195 Lorpiprazole[scr:1756]; DB00477 Chlorpromazine[scr:1634],,
ADRA2B (P18089),RAB26 (Q9ULW5),R-HSA-392023 Adrenaline signalling through Alpha-2 adrenergic receptor[scr:8765]; R-HSA-390696 Adrenoceptors[scr:8116]; R-HSA-418594 G alpha (i) signalling events[scr:708]; hsa04080 Neuroactive ligand-receptor interaction[scr:178]; hsa04022 cGMP-PKG signaling pathway[scr:45],HP:0010852 EEG with photoparoxysmal response[scr:96]; HP:0001340 Enhancement of the C-reflex[scr:96]; HP:0001351 Jerk-locked premyoclonus spikes[scr:96]; HP:0001312 Giant somatosensory evoked potentials[scr:48]; HP:0001326 EEG with irregular generalized spike and wave complexes[scr:48],Orphanet:86814 Benign adult familial myoclonic epilepsy (EFO)[scr:55]; H02213 Familial adult myoclonic epilepsy (KEGG)[scr:33],DB00656 Trazodone[scr:9999999]; DB00433 Prochlorperazine[scr:10622]; DB00715 Paroxetine[scr:5311]; DB01175 Escitalopram[scr:4372]; DB00502 Haloperidol[scr:3097]; DB06229 Ocaperidone[scr:1971]; DB09195 Lorpiprazole[scr:1756]; DB00477 Chlorpromazine[scr:1634],,
ADRA2C (P18825),ADRA2C (P18825); ADRA2A (P08913); CNPY2 (Q9Y2B0); KRT34 (O76011),R-HSA-392023 Adrenaline signalling through Alpha-2 adrenergic receptor[scr:8765]; R-HSA-390696 Adrenoceptors[scr:8116]; R-HSA-418594 G alpha (i) signalling events[scr:708]; hsa04080 Neuroactive ligand-receptor interaction[scr:178]; hsa04022 cGMP-PKG signaling pathway[scr:45],,,DB00656 Trazodone[scr:9999999]; DB00433 Prochlorperazine[scr:10622]; DB00715 Paroxetine[scr:5311]; DB01175 Escitalopram[scr:4372]; DB00502 Haloperidol[scr:3097]; DB06229 Ocaperidone[scr:1971]; DB09195 Lorpiprazole[scr:1756]; DB00477 Chlorpromazine[scr:1634],,
ADRA1D (P25100),ADRA1D (P25100); SNTB2 (Q13425); SNTA1 (Q13424); CXCR4 (P61073),R-HSA-390696 Adrenoceptors[scr:8116]; R-HSA-416476 G alpha (q) signalling events[scr:598]; hsa04080 Neuroactive ligand-receptor interaction[scr:178]; hsa04020 Calcium signaling pathway[scr:77]; hsa04022 cGMP-PKG signaling pathway[scr:45]; hsa04970 Salivary secretion[scr:13]; hsa04270 Vascular smooth muscle contraction[scr:9]; hsa04261 Adrenergic signaling in cardiomyocytes[scr:8],,,DB00656 Trazodone[scr:9999999]; DB00433 Prochlorperazine[scr:10622]; DB00715 Paroxetine[scr:5311]; DB01175 Escitalopram[scr:4372]; DB06229 Ocaperidone[scr:1971]; DB09195 Lorpiprazole[scr:1756]; DB00490 Buspirone[scr:1734]; DB00477 Chlorpromazine[scr:1634],,CHEMBL3669976 [scr:98.86]; CHEMBL3665714 [scr:98.86]; CHEMBL3184427 [scr:94.91]; CHEMBL3905120 [scr:94.91]; CHEMBL1779598 [scr:94.91]; CHEMBL3298826 [scr:85.42]; CHEMBL2064535 [scr:85.42]; CHEMBL3895689 [scr:84.74]
HTR2A (P28223),HTR2A (P28223); HTR1A (P08908); HTR2B (P41595); HTR2C (P28335); CNR1 (P21554),R-HSA-390666 Serotonin receptors[scr:3895]; R-HSA-416476 G alpha (q) signalling events[scr:598]; hsa04080 Neuroactive ligand-receptor interaction[scr:178]; hsa04020 Calcium signaling pathway[scr:77]; hsa04726 Serotonergic synapse[scr:68]; hsa04540 Gap junction[scr:55]; hsa04750 Inflammatory mediator regulation of TRP channels[scr:46],HP:0012166 Skin-picking[scr:385]; HP:0030212 Collectionism[scr:70],H01646 Major depressive disorder (KEGG)[scr:1000000]; H01450 Obsessive-compulsive disorder (KEGG)[scr:95]; H01611 Alcohol dependence (KEGG)[scr:83]; H01649 Schizophrenia (KEGG)[scr:14],DB00656 Trazodone[scr:9999999]; DB00715 Paroxetine[scr:5311]; DB01175 Escitalopram[scr:4372]; DB00924 Cyclobenzaprine[scr:3468]; DB00502 Haloperidol[scr:3097]; DB06229 Ocaperidone[scr:1971]; DB09195 Lorpiprazole[scr:1756]; DB00477 Chlorpromazine[scr:1634],,
HTR2C (P28335),HTR2C (P28335); HTR2A (P28223); HTR2B (P41595); MTNR1B (P49286),R-HSA-390666 Serotonin receptors[scr:3895]; R-HSA-416476 G alpha (q) signalling events[scr:598]; hsa04080 Neuroactive ligand-receptor interaction[scr:178]; hsa04020 Calcium signaling pathway[scr:77]; hsa04726 Serotonergic synapse[scr:68]; hsa04540 Gap junction[scr:55]; hsa04750 Inflammatory mediator regulation of TRP channels[scr:46],,,DB00656 Trazodone[scr:9999999]; DB00715 Paroxetine[scr:5311]; DB01175 Escitalopram[scr:4372]; DB00924 Cyclobenzaprine[scr:3468]; DB00502 Haloperidol[scr:3097]; DB06229 Ocaperidone[scr:1971]; DB09195 Lorpiprazole[scr:1756]; DB00477 Chlorpromazine[scr:1634],,CHEMBL3906053 [scr:98.86]; CHEMBL3669976 [scr:98.86]; CHEMBL3184427 [scr:94.91]; CHEMBL3905120 [scr:94.91]; CHEMBL2024510 [scr:94.91]; CHEMBL1779598 [scr:94.91]; CHEMBL3298826 [scr:85.42]; CHEMBL2064535 [scr:85.42]; CHEMBL3895689 [scr:84.74]
SLC6A4 (P31645),,R-HSA-380615 Serotonin clearance from the synaptic cleft[scr:2922]; hsa04726 Serotonergic synapse[scr:68],HP:0012166 Skin-picking[scr:385]; HP:0030212 Collectionism[scr:70],EFO:0004242 obsessive-compulsive disorder (EFO)[scr:164]; EFO:0003829 alcohol dependence (EFO)[scr:131]; H01450 Obsessive-compulsive disorder (KEGG)[scr:95],DB00656 Trazodone[scr:9999999]; DB00715 Paroxetine[scr:5311]; DB01175 Escitalopram[scr:4372]; DB00924 Cyclobenzaprine[scr:3468]; DB09195 Lorpiprazole[scr:1756],,CHEMBL3906053 [scr:98.86]; CHEMBL3665714 [scr:98.86]; CHEMBL3184427 [scr:94.91]; CHEMBL3905120 [scr:94.91]; CHEMBL2024510 [scr:94.91]; CHEMBL1779598 [scr:94.91]; CHEMBL3298826 [scr:85.42]; CHEMBL2064535 [scr:85.42]
ADRA1A (P35348),CXCR4 (P61073),R-HSA-390696 Adrenoceptors[scr:8116]; R-HSA-416476 G alpha (q) signalling events[scr:598]; hsa04080 Neuroactive ligand-receptor interaction[scr:178]; hsa04020 Calcium signaling pathway[scr:77]; hsa04022 cGMP-PKG signaling pathway[scr:45]; hsa04970 Salivary secretion[scr:13]; hsa04270 Vascular smooth muscle contraction[scr:9]; hsa04261 Adrenergic signaling in cardiomyocytes[scr:8],,,DB00656 Trazodone[scr:9999999]; DB00433 Prochlorperazine[scr:10622]; DB00715 Paroxetine[scr:5311]; DB01175 Escitalopram[scr:4372]; DB00502 Haloperidol[scr:3097]; DB06229 Ocaperidone[scr:1971]; DB09195 Lorpiprazole[scr:1756]; DB00490 Buspirone[scr:1734]; DB00477 Chlorpromazine[scr:1634],,CHEMBL3906053 [scr:98.86]; CHEMBL3669976 [scr:98.86]; CHEMBL3665714 [scr:98.86]; CHEMBL3905120 [scr:94.91]; CHEMBL1779598 [scr:94.91]; CHEMBL3298826 [scr:85.42]; CHEMBL2064535 [scr:85.42]; CHEMBL3895689 [scr:84.74]
HRH1 (P35367),,R-HSA-390650 Histamine receptors[scr:730]; R-HSA-416476 G alpha (q) signalling events[scr:598]; hsa04080 Neuroactive ligand-receptor interaction[scr:178]; hsa04020 Calcium signaling pathway[scr:77]; hsa04750 Inflammatory mediator regulation of TRP channels[scr:46],,,DB00656 Trazodone[scr:9999999]; DB00433 Prochlorperazine[scr:10622]; DB00715 Paroxetine[scr:5311]; DB01175 Escitalopram[scr:4372]; DB00502 Haloperidol[scr:3097]; DB06229 Ocaperidone[scr:1971]; DB09195 Lorpiprazole[scr:1756]; DB00477 Chlorpromazine[scr:1634],,CHEMBL3906053 [scr:98.86]; CHEMBL3669976 [scr:98.86]; CHEMBL3665714 [scr:98.86]; CHEMBL3905120 [scr:94.91]; CHEMBL2024510 [scr:94.91]; CHEMBL1779598 [scr:94.91]; CHEMBL3298826 [scr:85.42]; CHEMBL2064535 [scr:85.42]; CHEMBL3895689 [scr:84.74]
HTR2B (P41595),HTR2A (P28223); HTR2C (P28335),R-HSA-390666 Serotonin receptors[scr:3895]; R-HSA-416476 G alpha (q) signalling events[scr:598]; hsa04080 Neuroactive ligand-receptor interaction[scr:178]; hsa04020 Calcium signaling pathway[scr:77]; hsa04726 Serotonergic synapse[scr:68]; hsa04540 Gap junction[scr:55]; hsa04750 Inflammatory mediator regulation of TRP channels[scr:46],,,DB00656 Trazodone[scr:9999999]; DB00715 Paroxetine[scr:5311]; DB00924 Cyclobenzaprine[scr:3468]; DB06229 Ocaperidone[scr:1971]; DB00477 Chlorpromazine[scr:1634],,
SIGMAR1 (Q99720),DRD2 (P14416),,,Orphanet:139552 Distal hereditary motor neuropathy- Jerash type (EFO)[scr:164]; Orphanet:300605 Juvenile amyotrophic lateral sclerosis (EFO)[scr:55]; H00856 Distal hereditary motor neuropathies (KEGG)[scr:11]; H00058 Amyotrophic lateral sclerosis (ALS) (KEGG)[scr:7],DB00656 Trazodone[scr:9999999]; DB00502 Haloperidol[scr:3097],,
SNTB2 (Q13425),ADRA1D (P25100),,,,,,
CNR1 (P21554),HTR2A (P28223); CNR1 (P21554),R-HSA-418594 G alpha (i) signalling events[scr:708]; R-HSA-373076 Class A/1 (Rhodopsin-like receptors)[scr:615]; hsa04080 Neuroactive ligand-receptor interaction[scr:178],,EFO:0001073 obesity (EFO)[scr:16]; Orphanet:71529 Obesity due to melanocortin 4 receptor deficiency (EFO)[scr:16]; Orphanet:77828 Genetic obesity (EFO)[scr:16],,,
GALR1 (P47211),HTR1A (P08908),R-HSA-418594 G alpha (i) signalling events[scr:708]; hsa04080 Neuroactive ligand-receptor interaction[scr:178],,,,,
RAB26 (Q9ULW5),ADRA2B (P18089),,,,,,
CNPY2 (Q9Y2B0),ADRA2C (P18825),,,,,,
SNTA1 (Q13424),ADRA1D (P25100),,,Orphanet:101016 Romano-Ward syndrome (EFO)[scr:15]; H00720 Long QT syndrome (KEGG)[scr:9],,,
CXCR4 (P61073),ADRA1D (P25100); ADRA1A (P35348); CXCR4 (P61073),R-HSA-173107 Binding and entry of HIV virion[scr:730]; R-HSA-418594 G alpha (i) signalling events[scr:708]; hsa04020 Calcium signaling pathway[scr:77],HP:0031160 Myelokathexis[scr:192]; HP:0000166 Severe periodontitis[scr:96]; HP:0011850 Parotitis[scr:64],Orphanet:51636 WHIM syndrome (EFO)[scr:164]; H00097 Chemokine receptor defect (KEGG)[scr:167],,,
KRT34 (O76011),ADRA2C (P18825),hsa04915 Estrogen signaling pathway[scr:8]; hsa04915 Estrogen signaling pathway[scr:8],,,,,
MTNR1B (P49286),HTR2C (P28335),R-HSA-418594 G alpha (i) signalling events[scr:708]; R-HSA-373076 Class A/1 (Rhodopsin-like receptors)[scr:615]; hsa04080 Neuroactive ligand-receptor interaction[scr:178],,H00409 Type 2 diabetes mellitus (KEGG)[scr:9],,,
DRD2 (P14416),SIGMAR1 (Q99720); DRD2 (P14416),R-HSA-390651 Dopamine receptors[scr:584]; hsa04080 Neuroactive ligand-receptor interaction[scr:178]; hsa04540 Gap junction[scr:55],,EFO:0003829 alcohol dependence (EFO)[scr:131]; H01611 Alcohol dependence (KEGG)[scr:83],DB00433 Prochlorperazine[scr:10622]; DB00715 Paroxetine[scr:5311]; DB01175 Escitalopram[scr:4372]; DB00502 Haloperidol[scr:3097]; DB06229 Ocaperidone[scr:1971]; DB00490 Buspirone[scr:1734]; DB00477 Chlorpromazine[scr:1634],,
