Core Proteins,Interacting Proteins,Pathways,HPO terms,Diseases,Targeting Drugs,Experimental Bioactive Compounds (pChEMBL),Predicted interacting Compounds
EGFR (P00533),EGFR (P00533); ERBB2 (P04626); CISH (Q9NSE2); ANKS1A (Q92625); CLNK (Q7Z7G1); GOLM1 (Q8NBJ4); TNFRSF11A (Q9Y6Q6); CHIA (Q9BZP6); CAV2 (P51636); MAST1 (Q9Y2H9); MAPK8IP2 (Q13387),R-HSA-1251932 PLCG1 events in ERBB2 signaling[scr:5356]; R-HSA-8866910 TFAP2 (AP-2) family regulates transcription of growth factors and their receptors[scr:1648]; R-HSA-8847993 ERBB2 Activates PTK6 Signaling[scr:1648]; R-HSA-6785631 ERBB2 Regulates Cell Motility[scr:1428]; R-HSA-1963640 GRB2 events in ERBB2 signaling[scr:1339]; R-HSA-1963642 PI3K events in ERBB2 signaling[scr:1339]; R-HSA-1227986 Signaling by ERBB2[scr:1190]; R-HSA-1250196 SHC1 events in ERBB2 signaling[scr:974]; R-HSA-8857538 PTK6 promotes HIF1A stabilization[scr:893]; hsa04520 Adherens junction[scr:32]; hsa04012 ErbB signaling pathway[scr:27]; hsa04510 Focal adhesion[scr:26]; hsa04066 HIF-1 signaling pathway[scr:21]; hsa04010 MAPK signaling pathway[scr:17]; hsa04630 JAK-STAT signaling pathway[scr:14]; hsa04020 Calcium signaling pathway[scr:11]; hsa04144 Endocytosis[scr:9],HP:0100501 Recurrent bronchiolitis[scr:353]; HP:0006519 Alveolar cell carcinoma[scr:78]; HP:0100552 Neoplasm of the tracheobronchial system[scr:71],EFO:0000571 lung adenocarcinoma (EFO)[scr:150]; EFO:0001071 lung carcinoma (EFO)[scr:150]; EFO:0003060 non-small cell lung carcinoma (EFO)[scr:150]; MONDO:0008903 lung cancer (EFO)[scr:150]; Orphanet:294023 Neonatal inflammatory skin and bowel disease (EFO)[scr:150]; H00030 Cervical cancer (KEGG)[scr:175]; H01508 Salivary gland cancer (KEGG)[scr:175]; H01559 Oropharyngeal cancer (KEGG)[scr:153]; H00028 Choriocarcinoma (KEGG)[scr:136]; H00022 Bladder cancer (KEGG)[scr:136]; H00031 Breast cancer (KEGG)[scr:81],DB06021 AV-412[scr:9999999]; DB05944 Varlitinib[scr:795]; DB01259 Lapatinib[scr:795]; DB04988 IGN311[scr:795]; DB08916 Afatinib[scr:530]; DB12202 Zalutumumab[scr:397]; DB11963 Dacomitinib[scr:397]; DB11828 Neratinib[scr:397]; DB11737 Icotinib[scr:397],,CHEMBL363746 [scr:58]; CHEMBL3901623 [scr:43.5]; CHEMBL3950285 [scr:43.5]; CHEMBL3651406 [scr:43.5]; CHEMBL3651401 [scr:43.5]; CHEMBL3968056 [scr:43.5]; CHEMBL3114792 [scr:43.5]; CHEMBL2391294 [scr:43.5]; CHEMBL2391562 [scr:43.5]; CHEMBL3651056 [scr:43.5]
ERBB2 (P04626),ERBB2 (P04626); EGFR (P00533); CISH (Q9NSE2); ANKS1A (Q92625); CLNK (Q7Z7G1); RECK (O95980); MAPK8IP2 (Q13387),R-HSA-1251932 PLCG1 events in ERBB2 signaling[scr:5356]; R-HSA-8866910 TFAP2 (AP-2) family regulates transcription of growth factors and their receptors[scr:1648]; R-HSA-8847993 ERBB2 Activates PTK6 Signaling[scr:1648]; R-HSA-6785631 ERBB2 Regulates Cell Motility[scr:1428]; R-HSA-1963640 GRB2 events in ERBB2 signaling[scr:1339]; R-HSA-1963642 PI3K events in ERBB2 signaling[scr:1339]; R-HSA-1227986 Signaling by ERBB2[scr:1190]; R-HSA-1306955 GRB7 events in ERBB2 signaling[scr:1071]; R-HSA-1250196 SHC1 events in ERBB2 signaling[scr:974]; hsa04520 Adherens junction[scr:32]; hsa04012 ErbB signaling pathway[scr:27]; hsa04510 Focal adhesion[scr:26]; hsa04066 HIF-1 signaling pathway[scr:21]; hsa04010 MAPK signaling pathway[scr:17]; hsa04020 Calcium signaling pathway[scr:11],HP:0006519 Alveolar cell carcinoma[scr:78]; HP:0100552 Neoplasm of the tracheobronchial system[scr:71],EFO:0000571 lung adenocarcinoma (EFO)[scr:150]; EFO:0001071 lung carcinoma (EFO)[scr:150]; EFO:0003060 non-small cell lung carcinoma (EFO)[scr:150]; MONDO:0008903 lung cancer (EFO)[scr:150]; EFO:0000178 gastric carcinoma (EFO)[scr:43]; H00030 Cervical cancer (KEGG)[scr:175]; H01508 Salivary gland cancer (KEGG)[scr:175]; H00028 Choriocarcinoma (KEGG)[scr:136]; H00022 Bladder cancer (KEGG)[scr:136]; H00031 Breast cancer (KEGG)[scr:81]; H01554 Fallopian tube cancer (KEGG)[scr:61]; H00046 Cholangiocarcinoma (KEGG)[scr:51],DB06021 AV-412[scr:9999999]; DB05944 Varlitinib[scr:795]; DB01259 Lapatinib[scr:795]; DB04988 IGN311[scr:795]; DB08916 Afatinib[scr:530]; DB11652 Tucatinib[scr:397],,CHEMBL363746 [scr:58]
CISH (Q9NSE2),EGFR (P00533); ERBB2 (P04626),hsa04917 Prolactin signaling pathway[scr:33]; hsa04630 JAK-STAT signaling pathway[scr:14],,Orphanet:3389 Tuberculosis (EFO)[scr:50],,,
ANKS1A (Q92625),EGFR (P00533); ERBB2 (P04626),,,,,,
CLNK (Q7Z7G1),EGFR (P00533); ERBB2 (P04626),,,,,,
GOLM1 (Q8NBJ4),EGFR (P00533),,,,,,
TNFRSF11A (Q9Y6Q6),EGFR (P00533),hsa04917 Prolactin signaling pathway[scr:33],HP:0031846 Femur fracture[scr:353]; HP:0025124 Fragile teeth[scr:353]; HP:0008513 Bilateral conductive hearing impairment[scr:118]; HP:0006640 Multiple rib fractures[scr:88]; HP:0003084 Fractures of the long bones[scr:59]; HP:0002512 Brain stem compression[scr:50]; HP:0007807 Optic nerve compression[scr:50],Orphanet:178389 Osteopetrosis - hypogammaglobulinemia (EFO)[scr:300]; Orphanet:85195 Familial expansile osteolysis (EFO)[scr:300]; EFO:0004261 osteitis deformans (EFO)[scr:100]; H02042 Familial expansile osteolysis (KEGG)[scr:306]; H00437 Paget disease of bone (KEGG)[scr:76],,,
CHIA (Q9BZP6),EGFR (P00533),hsa00520 Amino sugar and nucleotide sugar metabolism[scr:12],,,,,
CAV2 (P51636),EGFR (P00533),hsa04510 Focal adhesion[scr:26]; hsa04144 Endocytosis[scr:9],,,,,
MAST1 (Q9Y2H9),EGFR (P00533),,,,,,
RECK (O95980),ERBB2 (P04626),,,,,,
MAPK8IP2 (Q13387),EGFR (P00533); ERBB2 (P04626),hsa04010 MAPK signaling pathway[scr:17],,,,,
