Core Proteins,Interacting Proteins,Pathways,HPO terms,Diseases,Targeting Drugs,Experimental Bioactive Compounds (pChEMBL),Predicted interacting Compounds
ADRA1A (P35348),CXCR4 (P61073); ACKR3 (P25106); CRELD1 (Q96HD1),R-HSA-390696 Adrenoceptors[scr:1785]; R-HSA-416482 G alpha (12/13) signalling events[scr:201]; R-HSA-416476 G alpha (q) signalling events[scr:91]; hsa04020 Calcium signaling pathway[scr:34]; hsa04970 Salivary secretion[scr:18]; hsa04152 AMPK signaling pathway[scr:14]; hsa04270 Vascular smooth muscle contraction[scr:12]; hsa04261 Adrenergic signaling in cardiomyocytes[scr:11]; hsa04022 cGMP-PKG signaling pathway[scr:10],,,DB00610 Metaraminol[scr:9999999]; DB01253 Ergometrine[scr:1192]; DB00699 Nicergoline[scr:1192]; DB09239 Niguldipine[scr:1192]; DB08950 Indoramin[scr:1192]; DB06764 Tetryzoline[scr:1192]; DB00433 Prochlorperazine[scr:1192],,CHEMBL3967656 [scr:130.5]; CHEMBL2002767 [scr:130.5]; CHEMBL3921171 [scr:130.5]; CHEMBL1544448 [scr:130.5]; CHEMBL1544211 [scr:130.5]; CHEMBL2304318 [scr:130.5]; CHEMBL3981422 [scr:130.5]; CHEMBL3918054 [scr:130.5]; CHEMBL3917810 [scr:130.5]; CHEMBL1998521 [scr:130.5]
CXCR4 (P61073),ADRA1A (P35348); CXCR4 (P61073); ACKR3 (P25106),R-HSA-173107 Binding and entry of HIV virion[scr:4017]; R-HSA-380108 Chemokine receptors bind chemokines[scr:1339]; R-HSA-376176 Signaling by ROBO receptors[scr:1071]; R-HSA-418594 G alpha (i) signalling events[scr:243]; hsa04061 Viral protein interaction with cytokine and cytokine receptor[scr:68]; hsa04672 Intestinal immune network for IgA production[scr:37]; hsa04020 Calcium signaling pathway[scr:34]; hsa04060 Cytokine-cytokine receptor interaction[scr:23]; hsa04670 Leukocyte transendothelial migration[scr:15],HP:0031160 Myelokathexis[scr:1058]; HP:0000166 Severe periodontitis[scr:529]; HP:0011850 Parotitis[scr:353]; HP:0030079 Cervix cancer[scr:264]; HP:0032241 Cervical neoplasm[scr:264]; HP:0002840 Lymphadenitis[scr:176],Orphanet:51636 WHIM syndrome (EFO)[scr:900]; H00097 Chemokine receptor defect (KEGG)[scr:917],DB06809 Plerixafor[scr:1192]; DB12498 Mogamulizumab[scr:1192]; DB05501 AMD-070[scr:596],,
ACKR3 (P25106),ADRA1A (P35348); CXCR4 (P61073),R-HSA-380108 Chemokine receptors bind chemokines[scr:1339]; R-HSA-418594 G alpha (i) signalling events[scr:243]; hsa04061 Viral protein interaction with cytokine and cytokine receptor[scr:68]; hsa04060 Cytokine-cytokine receptor interaction[scr:23],,,,,
CRELD1 (Q96HD1),ADRA1A (P35348),,HP:0011642 Abnormal coronary sinus morphology[scr:264]; HP:0011577 Partial atrioventricular canal defect[scr:264]; HP:0031298 Coronary sinus enlargement[scr:264]; HP:0006689 Bacterial endocarditis[scr:212],Orphanet:271853 Genetic cardiac anomaly (EFO)[scr:100]; H00547 Atrioventricular septal defect (KEGG)[scr:229],,,
