{"options":{"search_start":1613057870,"tax_ids":[9606],"num_of_fn_nodes":10,"num_of_pathways":10,"num_of_phenotypes":10,"num_of_drugs":10,"num_of_diseases":10,"num_of_compounds":10,"chembl_compounds":0,"predictions":1,"reviewed_filter":1,"fn":1,"chembl":1,"search_finish":1613057901,"search_runtime":31},"search":[{"Drug":[{"DB00820":"Tadalafil"}]}],"nodes":[{"data":{"id":"O76074","display_name":"PDE5A","Node_Type":"Protein"}},{"data":{"id":"P18545","display_name":"PDE6G","Node_Type":"Protein"}},{"data":{"id":"Q9HCR9","display_name":"PDE11A","Node_Type":"Protein"}},{"data":{"id":"Q13976","display_name":"PRKG1","Node_Type":"Protein_N"}},{"data":{"id":"Q96JM7","display_name":"L3MBTL3","Node_Type":"Protein_N"}},{"data":{"id":"O14503","display_name":"BHLHE40","Node_Type":"Protein_N"}},{"data":{"id":"Q9NZD8","display_name":"SPG21","Node_Type":"Protein_N"}},{"data":{"id":"O43741","display_name":"PRKAB2","Node_Type":"Protein_N"}},{"data":{"id":"Orphanet:101001","display_name":"Autosomal recessive spastic paraplegia type 21","Node_Type":"Disease","enrichScore":450.125}},{"data":{"id":"Orphanet:189439","display_name":"Primary pigmented nodular adrenocortical disease","Node_Type":"Disease","enrichScore":112.531}},{"data":{"id":"Orphanet:233655","display_name":"Rare genetic vascular disease","Node_Type":"Disease","enrichScore":112.531}},{"data":{"id":"Orphanet:91387","display_name":"Familial thoracic aortic aneurysm and aortic dissection","Node_Type":"Disease","enrichScore":40.92}},{"data":{"id":"Orphanet:791","display_name":"Retinitis pigmentosa","Node_Type":"Disease","enrichScore":5.923}},{"data":{"id":"DB00820","display_name":"Tadalafil","Node_Type":"Drug","enrichScore":9999999}},{"data":{"id":"DB00203","display_name":"Sildenafil","Node_Type":"Drug","enrichScore":794.833}},{"data":{"id":"DB00862","display_name":"Vardenafil","Node_Type":"Drug","enrichScore":794.833}},{"data":{"id":"DB08729","display_name":"5-ethoxy-4-(1-methyl-7-oxo-3-propyl-6,7-dihydro-1H-pyrazolo[4,3-d]pyrimidin-5-yl)thiophene-2-sulfonamide","Node_Type":"Drug","enrichScore":596.125}},{"data":{"id":"DB05415","display_name":"OSI-461","Node_Type":"Drug","enrichScore":596.125}},{"data":{"id":"DB06237","display_name":"Avanafil","Node_Type":"Drug","enrichScore":596.125}},{"data":{"id":"DB06267","display_name":"Udenafil","Node_Type":"Drug","enrichScore":596.125}},{"data":{"id":"DB07954","display_name":"3-isobutyl-1-methyl-7H-xanthine","Node_Type":"Drug","enrichScore":298.063}},{"data":{"id":"DB03597","display_name":"gamma-Glutamyl[S-(2-iodobenzyl)cysteinyl]glycine","Node_Type":"Drug","enrichScore":198.708}},{"data":{"id":"DB00201","display_name":"Caffeine","Node_Type":"Drug","enrichScore":167.66}},{"data":{"id":"R-HSA-418457","display_name":"cGMP effects","Node_Type":"Pathway","enrichScore":4017.188}},{"data":{"id":"R-HSA-163680","display_name":"AMPK inhibits chREBP transcriptional activation activity","Node_Type":"Pathway","enrichScore":1004.297}},{"data":{"id":"R-HSA-2151209","display_name":"Activation of PPARGC1A (PGC-1alpha) by phosphorylation","Node_Type":"Pathway","enrichScore":803.438}},{"data":{"id":"R-HSA-2485179","display_name":"Activation of the phototransduction cascade","Node_Type":"Pathway","enrichScore":730.398}},{"data":{"id":"R-HSA-200425","display_name":"Carnitine metabolism","Node_Type":"Pathway","enrichScore":573.884}},{"data":{"id":"R-HSA-4086398","display_name":"Ca2+ pathway","Node_Type":"Pathway","enrichScore":544.703}},{"data":{"id":"R-HSA-392517","display_name":"Rap1 signalling","Node_Type":"Pathway","enrichScore":502.148}},{"data":{"id":"R-HSA-1368108","display_name":"BMAL1:CLOCK,NPAS2 activates circadian gene expression","Node_Type":"Pathway","enrichScore":297.569}},{"data":{"id":"R-HSA-380972","display_name":"Energy dependent regulation of mTOR by LKB1-AMPK","Node_Type":"Pathway","enrichScore":277.047}},{"data":{"id":"R-HSA-9619483","display_name":"Activation of AMPK downstream of NMDARs","Node_Type":"Pathway","enrichScore":277.047}},{"data":{"id":"HP:0006702","display_name":"Coronary artery dissection","Node_Type":"HPO","enrichScore":528.875}},{"data":{"id":"HP:0012672","display_name":"Akinetic mutism","Node_Type":"HPO","enrichScore":264.438}},{"data":{"id":"HP:0003466","display_name":"Paradoxical increased cortisol secretion on dexamethasone suppression test","Node_Type":"HPO","enrichScore":176.292}},{"data":{"id":"HP:0001580","display_name":"Pigmented micronodular adrenocortical disease","Node_Type":"HPO","enrichScore":132.219}},{"data":{"id":"HP:0001579","display_name":"Primary hypercortisolism","Node_Type":"HPO","enrichScore":132.219}},{"data":{"id":"HP:0000849","display_name":"Adrenocortical abnormality","Node_Type":"HPO","enrichScore":105.775}},{"data":{"id":"HP:0030882","display_name":"Coronary artery aneurysm","Node_Type":"HPO","enrichScore":75.554}},{"data":{"id":"HP:0001575","display_name":"Mood changes","Node_Type":"HPO","enrichScore":66.109}},{"data":{"id":"HP:0006892","display_name":"Frontotemporal cerebral atrophy","Node_Type":"HPO","enrichScore":40.683}},{"data":{"id":"HP:0012075","display_name":"Personality disorder","Node_Type":"HPO","enrichScore":37.777}},{"data":{"id":"CHEMBL2179589","display_name":"CHEMBL2179589","Node_Type":"Prediction","enrichScore":65.25}},{"data":{"id":"CHEMBL3730394","display_name":"CHEMBL3730394","Node_Type":"Prediction","enrichScore":65.25}},{"data":{"id":"CHEMBL1526909","display_name":"CHEMBL1526909","Node_Type":"Prediction","enrichScore":65.25}},{"data":{"id":"CHEMBL1586588","display_name":"CHEMBL1586588","Node_Type":"Prediction","enrichScore":65.25}},{"data":{"id":"CHEMBL1586428","display_name":"CHEMBL1586428","Node_Type":"Prediction","enrichScore":65.25}},{"data":{"id":"CHEMBL1527428","display_name":"CHEMBL1527428","Node_Type":"Prediction","enrichScore":65.25}},{"data":{"id":"CHEMBL1527443","display_name":"CHEMBL1527443","Node_Type":"Prediction","enrichScore":65.25}},{"data":{"id":"CHEMBL1586099","display_name":"CHEMBL1586099","Node_Type":"Prediction","enrichScore":65.25}},{"data":{"id":"CHEMBL2021341","display_name":"CHEMBL2021341","Node_Type":"Prediction","enrichScore":65.25}},{"data":{"id":"CHEMBL1526830","display_name":"CHEMBL1526830","Node_Type":"Prediction","enrichScore":65.25}},{"data":{"id":"hsa04710","display_name":"Circadian rhythm","Node_Type":"kegg_Pathway","enrichScore":113.967}},{"data":{"id":"hsa00230","display_name":"Purine metabolism","Node_Type":"kegg_Pathway","enrichScore":59.634}},{"data":{"id":"hsa04744","display_name":"Phototransduction","Node_Type":"kegg_Pathway","enrichScore":25.14}},{"data":{"id":"hsa04022","display_name":"cGMP-PKG signaling pathway","Node_Type":"kegg_Pathway","enrichScore":19.763}},{"data":{"id":"hsa04923","display_name":"Regulation of lipolysis in adipocytes","Node_Type":"kegg_Pathway","enrichScore":15.263}},{"data":{"id":"hsa04714","display_name":"Thermogenesis","Node_Type":"kegg_Pathway","enrichScore":14.737}},{"data":{"id":"hsa04730","display_name":"Long-term depression","Node_Type":"kegg_Pathway","enrichScore":14.012}},{"data":{"id":"hsa04213","display_name":"Longevity regulating pathway","Node_Type":"kegg_Pathway","enrichScore":13.355}},{"data":{"id":"hsa04920","display_name":"Adipocytokine signaling pathway","Node_Type":"kegg_Pathway","enrichScore":12.388}},{"data":{"id":"hsa04211","display_name":"Longevity regulating pathway","Node_Type":"kegg_Pathway","enrichScore":9.604}},{"data":{"id":"H01621","display_name":"Pulmonary arterial hypertension","Node_Type":"kegg_Disease","enrichScore":1000000}},{"data":{"id":"H00260","display_name":"Pigmented micronodular adrenocortical disease","Node_Type":"kegg_Disease","enrichScore":152.792}},{"data":{"id":"H02049","display_name":"Bilateral macronodular adrenal hyperplasia","Node_Type":"kegg_Disease","enrichScore":50.931}},{"data":{"id":"H00801","display_name":"Familial thoracic aortic aneurysm and dissection","Node_Type":"kegg_Disease","enrichScore":50.931}},{"data":{"id":"H01431","display_name":"Cushing syndrome","Node_Type":"kegg_Disease","enrichScore":25.465}},{"data":{"id":"H00266","display_name":"Hereditary spastic paraplegia","Node_Type":"kegg_Disease","enrichScore":8.488}},{"data":{"id":"H00527","display_name":"Retinitis pigmentosa","Node_Type":"kegg_Disease","enrichScore":7.393}}],"edges":[{"data":{"source":"Q13976","target":"O76074","Edge_Type":"PPI","label":"interacts w\/"}},{"data":{"source":"Q96JM7","target":"P18545","Edge_Type":"PPI","label":"interacts w\/"}},{"data":{"source":"Q96JM7","target":"Q96JM7","Edge_Type":"PPI","label":"interacts w\/"}},{"data":{"source":"O14503","target":"P18545","Edge_Type":"PPI","label":"interacts w\/"}},{"data":{"source":"Q9NZD8","target":"O76074","Edge_Type":"PPI","label":"interacts w\/"}},{"data":{"source":"O43741","target":"P18545","Edge_Type":"PPI","label":"interacts w\/"}},{"data":{"source":"O43741","target":"O43741","Edge_Type":"PPI","label":"interacts w\/"}},{"data":{"source":"HP:0006702","target":"Orphanet:233655","Edge_Type":"hpodis","label":"is associated w\/"}},{"data":{"source":"HP:0012672","target":"Orphanet:101001","Edge_Type":"hpodis","label":"is associated w\/"}},{"data":{"source":"HP:0003466","target":"Orphanet:189439","Edge_Type":"hpodis","label":"is associated w\/"}},{"data":{"source":"HP:0003466","target":"Orphanet:189439","Edge_Type":"hpodis","label":"is associated w\/"}},{"data":{"source":"HP:0001580","target":"Orphanet:189439","Edge_Type":"hpodis","label":"is associated w\/"}},{"data":{"source":"HP:0001580","target":"Orphanet:189439","Edge_Type":"hpodis","label":"is associated w\/"}},{"data":{"source":"HP:0001580","target":"Orphanet:189439","Edge_Type":"hpodis","label":"is associated w\/"}},{"data":{"source":"HP:0001579","target":"Orphanet:189439","Edge_Type":"hpodis","label":"is associated w\/"}},{"data":{"source":"HP:0001579","target":"Orphanet:189439","Edge_Type":"hpodis","label":"is associated w\/"}},{"data":{"source":"HP:0001579","target":"Orphanet:189439","Edge_Type":"hpodis","label":"is associated w\/"}},{"data":{"source":"HP:0000849","target":"Orphanet:189439","Edge_Type":"hpodis","label":"is associated w\/"}},{"data":{"source":"HP:0000849","target":"Orphanet:189439","Edge_Type":"hpodis","label":"is associated w\/"}},{"data":{"source":"HP:0000849","target":"Orphanet:189439","Edge_Type":"hpodis","label":"is associated w\/"}},{"data":{"source":"HP:0030882","target":"Orphanet:233655","Edge_Type":"hpodis","label":"is associated w\/"}},{"data":{"source":"HP:0001575","target":"Orphanet:189439","Edge_Type":"hpodis","label":"is associated w\/"}},{"data":{"source":"HP:0001575","target":"Orphanet:189439","Edge_Type":"hpodis","label":"is associated w\/"}},{"data":{"source":"HP:0006892","target":"Orphanet:101001","Edge_Type":"hpodis","label":"is associated w\/"}},{"data":{"source":"HP:0012075","target":"Orphanet:101001","Edge_Type":"hpodis","label":"is associated w\/"}},{"data":{"source":"Q9NZD8","target":"Orphanet:101001","Edge_Type":"Disease","label":"is related to"}},{"data":{"source":"Q9HCR9","target":"Orphanet:189439","Edge_Type":"Disease","label":"is related to"}},{"data":{"source":"Q13976","target":"Orphanet:233655","Edge_Type":"Disease","label":"is related to"}},{"data":{"source":"Q13976","target":"Orphanet:91387","Edge_Type":"Disease","label":"is related to"}},{"data":{"source":"P18545","target":"Orphanet:791","Edge_Type":"Disease","label":"is related to"}},{"data":{"source":"O76074","target":"DB00820","Edge_Type":"Drug","label":"targets"}},{"data":{"source":"Q9HCR9","target":"DB00820","Edge_Type":"Drug","label":"targets"}},{"data":{"source":"P18545","target":"DB00820","Edge_Type":"Chembl","label":"targets","pchembl_value":6.01}},{"data":{"source":"O76074","target":"DB00203","Edge_Type":"Drug","label":"targets"}},{"data":{"source":"P18545","target":"DB00203","Edge_Type":"Drug","label":"targets"}},{"data":{"source":"O76074","target":"DB00862","Edge_Type":"Drug","label":"targets"}},{"data":{"source":"P18545","target":"DB00862","Edge_Type":"Drug","label":"targets"}},{"data":{"source":"O76074","target":"DB08729","Edge_Type":"Drug","label":"targets"}},{"data":{"source":"O76074","target":"DB05415","Edge_Type":"Drug","label":"targets"}},{"data":{"source":"O76074","target":"DB06237","Edge_Type":"Drug","label":"targets"}},{"data":{"source":"O76074","target":"DB06267","Edge_Type":"Drug","label":"targets"}},{"data":{"source":"O76074","target":"DB07954","Edge_Type":"Drug","label":"targets"}},{"data":{"source":"P18545","target":"DB07954","Edge_Type":"Drug","label":"targets"}},{"data":{"source":"O76074","target":"DB03597","Edge_Type":"Drug","label":"targets"}},{"data":{"source":"O76074","target":"DB00201","Edge_Type":"Drug","label":"targets"}},{"data":{"source":"Q9HCR9","target":"DB00201","Edge_Type":"Drug","label":"targets"}},{"data":{"source":"O76074","target":"R-HSA-418457","Edge_Type":"Pathway","label":"is involved in"}},{"data":{"source":"Q9HCR9","target":"R-HSA-418457","Edge_Type":"Pathway","label":"is involved in"}},{"data":{"source":"Q13976","target":"R-HSA-418457","Edge_Type":"Pathway","label":"is involved in"}},{"data":{"source":"O43741","target":"R-HSA-163680","Edge_Type":"Pathway","label":"is involved in"}},{"data":{"source":"O43741","target":"R-HSA-2151209","Edge_Type":"Pathway","label":"is involved in"}},{"data":{"source":"P18545","target":"R-HSA-2485179","Edge_Type":"Pathway","label":"is involved in"}},{"data":{"source":"O43741","target":"R-HSA-200425","Edge_Type":"Pathway","label":"is involved in"}},{"data":{"source":"P18545","target":"R-HSA-4086398","Edge_Type":"Pathway","label":"is involved in"}},{"data":{"source":"Q13976","target":"R-HSA-4086398","Edge_Type":"Pathway","label":"is involved in"}},{"data":{"source":"Q13976","target":"R-HSA-392517","Edge_Type":"Pathway","label":"is involved in"}},{"data":{"source":"O14503","target":"R-HSA-1368108","Edge_Type":"Pathway","label":"is involved in"}},{"data":{"source":"O43741","target":"R-HSA-380972","Edge_Type":"Pathway","label":"is involved in"}},{"data":{"source":"O43741","target":"R-HSA-9619483","Edge_Type":"Pathway","label":"is involved in"}},{"data":{"source":"Q13976","target":"HP:0006702","Edge_Type":"HPO","label":"is associated w\/"}},{"data":{"source":"Q9NZD8","target":"HP:0012672","Edge_Type":"HPO","label":"is associated w\/"}},{"data":{"source":"Q9HCR9","target":"HP:0003466","Edge_Type":"HPO","label":"is associated w\/"}},{"data":{"source":"Q9HCR9","target":"HP:0001580","Edge_Type":"HPO","label":"is associated w\/"}},{"data":{"source":"Q9HCR9","target":"HP:0001579","Edge_Type":"HPO","label":"is associated w\/"}},{"data":{"source":"Q9HCR9","target":"HP:0000849","Edge_Type":"HPO","label":"is associated w\/"}},{"data":{"source":"Q13976","target":"HP:0030882","Edge_Type":"HPO","label":"is associated w\/"}},{"data":{"source":"Q9HCR9","target":"HP:0001575","Edge_Type":"HPO","label":"is associated w\/"}},{"data":{"source":"Q9NZD8","target":"HP:0006892","Edge_Type":"HPO","label":"is associated w\/"}},{"data":{"source":"Q9NZD8","target":"HP:0012075","Edge_Type":"HPO","label":"is associated w\/"}},{"data":{"source":"O76074","target":"CHEMBL2179589","Edge_Type":"Prediction","label":"targets"}},{"data":{"source":"O76074","target":"CHEMBL3730394","Edge_Type":"Prediction","label":"targets"}},{"data":{"source":"O76074","target":"CHEMBL1526909","Edge_Type":"Prediction","label":"targets"}},{"data":{"source":"O76074","target":"CHEMBL1586588","Edge_Type":"Prediction","label":"targets"}},{"data":{"source":"O76074","target":"CHEMBL1586428","Edge_Type":"Prediction","label":"targets"}},{"data":{"source":"O76074","target":"CHEMBL1527428","Edge_Type":"Prediction","label":"targets"}},{"data":{"source":"O76074","target":"CHEMBL1527443","Edge_Type":"Prediction","label":"targets"}},{"data":{"source":"O76074","target":"CHEMBL1586099","Edge_Type":"Prediction","label":"targets"}},{"data":{"source":"O76074","target":"CHEMBL2021341","Edge_Type":"Prediction","label":"targets"}},{"data":{"source":"O76074","target":"CHEMBL1526830","Edge_Type":"Prediction","label":"targets"}},{"data":{"source":"H01621","target":"DB00203","Edge_Type":"kegg_dis_drug","label":"indicates"}},{"data":{"source":"H01621","target":"DB00820","Edge_Type":"kegg_dis_drug","label":"indicates"}},{"data":{"source":"H00527","target":"hsa04744","Edge_Type":"kegg_dis_path","label":"modulates"}},{"data":{"source":"O14503","target":"hsa04710","Edge_Type":"kegg_path_prot","label":"is involved in"}},{"data":{"source":"O43741","target":"hsa04710","Edge_Type":"kegg_path_prot","label":"is involved in"}},{"data":{"source":"O76074","target":"hsa00230","Edge_Type":"kegg_path_prot","label":"is involved in"}},{"data":{"source":"P18545","target":"hsa00230","Edge_Type":"kegg_path_prot","label":"is involved in"}},{"data":{"source":"Q9HCR9","target":"hsa00230","Edge_Type":"kegg_path_prot","label":"is involved in"}},{"data":{"source":"P18545","target":"hsa04744","Edge_Type":"kegg_path_prot","label":"is involved in"}},{"data":{"source":"O76074","target":"hsa04022","Edge_Type":"kegg_path_prot","label":"is involved in"}},{"data":{"source":"Q13976","target":"hsa04022","Edge_Type":"kegg_path_prot","label":"is involved in"}},{"data":{"source":"Q13976","target":"hsa04923","Edge_Type":"kegg_path_prot","label":"is involved in"}},{"data":{"source":"Q13976","target":"hsa04714","Edge_Type":"kegg_path_prot","label":"is involved in"}},{"data":{"source":"O43741","target":"hsa04714","Edge_Type":"kegg_path_prot","label":"is involved in"}},{"data":{"source":"Q13976","target":"hsa04730","Edge_Type":"kegg_path_prot","label":"is involved in"}},{"data":{"source":"O43741","target":"hsa04213","Edge_Type":"kegg_path_prot","label":"is involved in"}},{"data":{"source":"O43741","target":"hsa04920","Edge_Type":"kegg_path_prot","label":"is involved in"}},{"data":{"source":"O43741","target":"hsa04211","Edge_Type":"kegg_path_prot","label":"is involved in"}},{"data":{"source":"Q9HCR9","target":"H00260","Edge_Type":"kegg_dis_prot","label":"is related to"}},{"data":{"source":"Q9HCR9","target":"H02049","Edge_Type":"kegg_dis_prot","label":"is related to"}},{"data":{"source":"Q13976","target":"H00801","Edge_Type":"kegg_dis_prot","label":"is related to"}},{"data":{"source":"Q9HCR9","target":"H01431","Edge_Type":"kegg_dis_prot","label":"is related to"}},{"data":{"source":"Q9NZD8","target":"H00266","Edge_Type":"kegg_dis_prot","label":"is related to"}},{"data":{"source":"P18545","target":"H00527","Edge_Type":"kegg_dis_prot","label":"is related to"}}]}