Core Proteins,Interacting Proteins,Pathways,HPO terms,Diseases,Targeting Drugs,Experimental Bioactive Compounds (pChEMBL),Predicted interacting Compounds
SLC7A4 (O43246),,,,,DB00129 Ornithine[scr:9999999]; DB00123 L-Lysine[scr:636]; DB00125 Arginine[scr:353],,
OAZ2 (O95190),,R-HSA-350562 Regulation of ornithine decarboxylase (ODC)[scr:473],,,DB00129 Ornithine[scr:9999999],,
OTC (P00480),,R-HSA-70635 Urea cycle[scr:6695]; R-HSA-1268020 Mitochondrial protein import[scr:41]; hsa00220 Arginine biosynthesis[scr:128]; hsa01230 Biosynthesis of amino acids[scr:34]; hsa01100 Metabolic pathways[scr:7],HP:0002038 Protein avoidance[scr:141]; HP:0001950 Respiratory alkalosis[scr:118],EFO:0007409 ornithine carbamoyltransferase deficiency (EFO)[scr:150]; Orphanet:664 Ornithine transcarbamylase deficiency (EFO)[scr:150]; H01398 Primary hyperammonemic disorders (Urea cycle disorders) (KEGG)[scr:172]; H00187 Ornithine transcarbamylase deficiency (KEGG)[scr:153],DB00129 Ornithine[scr:9999999]; DB04185 Norvaline[scr:397],,
OAT (P04181),,hsa00330 Arginine and proline metabolism[scr:93]; hsa01100 Metabolic pathways[scr:7],,Orphanet:414 Gyrate atrophy of choroid and retina (EFO)[scr:150]; H00189 Ornithinaemia (KEGG)[scr:153]; H01400 Secondary hyperammonemia (KEGG)[scr:8],DB00129 Ornithine[scr:9999999]; DB02821 Canaline[scr:199],,
ARG1 (P05089),,R-HSA-70635 Urea cycle[scr:6695]; hsa00220 Arginine biosynthesis[scr:128]; hsa00330 Arginine and proline metabolism[scr:93]; hsa01230 Biosynthesis of amino acids[scr:34]; hsa01100 Metabolic pathways[scr:7],HP:0008339 Diaminoaciduria[scr:176]; HP:0003218 Oroticaciduria[scr:118],Orphanet:90 Argininemia (EFO)[scr:150]; H01398 Primary hyperammonemic disorders (Urea cycle disorders) (KEGG)[scr:172]; H00186 Hyperargininemia (KEGG)[scr:153],DB00129 Ornithine[scr:9999999]; DB03731 S-2-(Boronoethyl)-L-Cysteine[scr:397]; DB02689 S-{2-[Amino(Dihydroxy)-Lambda~4~-Sulfanyl]Ethyl}-D-Cysteine[scr:199]; DB04585 DEHYDRO-2(S)-AMINO-6-BORONOHEXANOIC ACID[scr:199]; DB04197 Descarboxy-nor-N(Omega)-Hydroxy-L-Arginine[scr:199]; DB02499 Dinor-N(Omega)-Hydroxy-L-Arginine[scr:199],,
SLC7A1 (P30825),TMEM237 (Q96Q45); SACM1L (Q9NTJ5); FAM241B (Q96D05); TMEM14A (Q9Y6G1); TMEM19 (Q96HH6); RNF144A (P50876); PDCD1LG2 (Q9BQ51); ORMDL3 (Q8N138); TSPO2 (Q5TGU0); LEPROTL1 (O95214),R-HSA-352230 Amino acid transport across the plasma membrane[scr:730],,,DB00129 Ornithine[scr:9999999]; DB00123 L-Lysine[scr:636]; DB00125 Arginine[scr:353],,
GATM (P50440),,R-HSA-71288 Creatine metabolism[scr:268]; hsa00330 Arginine and proline metabolism[scr:93]; hsa01100 Metabolic pathways[scr:7]; hsa00260 Glycine- serine and threonine metabolism[scr:7],HP:0025051 Reduced brain creatine level by MRS[scr:59],Orphanet:35704 Arginine:glycine amidinotransferase deficiency (EFO)[scr:150]; H00849 Cerebral creatine deficiency syndrome (KEGG)[scr:51],DB00129 Ornithine[scr:9999999]; DB04185 Norvaline[scr:397],,
SLC7A2 (P52569),,R-HSA-352230 Amino acid transport across the plasma membrane[scr:730],,,DB00129 Ornithine[scr:9999999]; DB00123 L-Lysine[scr:636],,
OAZ1 (P54368),,R-HSA-350562 Regulation of ornithine decarboxylase (ODC)[scr:473],,,DB00129 Ornithine[scr:9999999],,
ARG2 (P78540),,R-HSA-70635 Urea cycle[scr:6695]; hsa00220 Arginine biosynthesis[scr:128]; hsa00330 Arginine and proline metabolism[scr:93]; hsa01230 Biosynthesis of amino acids[scr:34]; hsa01100 Metabolic pathways[scr:7],,,DB00129 Ornithine[scr:9999999]; DB03731 S-2-(Boronoethyl)-L-Cysteine[scr:397]; DB00125 Arginine[scr:353],,
SLC7A3 (Q8WY07),TMEM237 (Q96Q45),R-HSA-352230 Amino acid transport across the plasma membrane[scr:730],,,DB00129 Ornithine[scr:9999999]; DB00123 L-Lysine[scr:636]; DB00125 Arginine[scr:353],,
SLC25A2 (Q9BXI2),,R-HSA-70635 Urea cycle[scr:6695],,,DB00129 Ornithine[scr:9999999],,
OAZ3 (Q9UMX2),,R-HSA-350562 Regulation of ornithine decarboxylase (ODC)[scr:473],,,DB00129 Ornithine[scr:9999999],,
SLC25A15 (Q9Y619),,R-HSA-70635 Urea cycle[scr:6695],HP:0012025 Abnormal circulating ornithine concentration[scr:176]; HP:0040030 Chorioretinal hypopigmentation[scr:176]; HP:0012026 Hyperornithinemia[scr:176]; HP:0002038 Protein avoidance[scr:141]; HP:0003218 Oroticaciduria[scr:118]; HP:0001950 Respiratory alkalosis[scr:118]; HP:0007661 Abnormality of chorioretinal pigmentation[scr:88]; HP:0200119 Acute hepatitis[scr:88],Orphanet:415 Hyperornithinemia-hyperammonemia-homocitrullinuria (EFO)[scr:150]; H01398 Primary hyperammonemic disorders (Urea cycle disorders) (KEGG)[scr:172]; H01268 Hyperornithinemia-hyperammonemia-homocitrullinuria syndrome (KEGG)[scr:153],DB00129 Ornithine[scr:9999999],,
TMEM237 (Q96Q45),SLC7A1 (P30825); SLC7A3 (Q8WY07); LEPROTL1 (O95214); ORMDL3 (Q8N138),,,Orphanet:220497 Joubert syndrome with renal defect (EFO)[scr:50]; Orphanet:220493 Joubert syndrome with ocular defect (EFO)[scr:25]; Orphanet:2318 Joubert syndrome with oculorenal defect (EFO)[scr:25]; H00530 Joubert syndrome (KEGG)[scr:5],,,
SACM1L (Q9NTJ5),SLC7A1 (P30825),R-HSA-1483248 Synthesis of PIPs at the ER membrane[scr:536]; R-HSA-1660514 Synthesis of PIPs at the Golgi membrane[scr:149]; hsa01100 Metabolic pathways[scr:7]; hsa00562 Inositol phosphate metabolism[scr:4]; hsa04070 Phosphatidylinositol signaling system[scr:3],,,,,
FAM241B (Q96D05),SLC7A1 (P30825),,,,,,
TMEM14A (Q9Y6G1),SLC7A1 (P30825),,,,,,
TMEM19 (Q96HH6),SLC7A1 (P30825); LEPROTL1 (O95214),,,,,,
RNF144A (P50876),SLC7A1 (P30825),R-HSA-8866654 E3 ubiquitin ligases ubiquitinate target proteins[scr:49],,,,,
PDCD1LG2 (Q9BQ51),SLC7A1 (P30825),R-HSA-389948 PD-1 signaling[scr:89]; hsa04514 Cell adhesion molecules (CAMs)[scr:2],,,,,
ORMDL3 (Q8N138),SLC7A1 (P30825); LEPROTL1 (O95214),R-HSA-1660661 Sphingolipid de novo biosynthesis[scr:61],,MONDO:0010940 inherited susceptibility to asthma (EFO)[scr:25],,,
TSPO2 (Q5TGU0),SLC7A1 (P30825),,,,,,
LEPROTL1 (O95214),SLC7A1 (P30825); LEPROTL1 (O95214); ORMDL3 (Q8N138); TMEM19 (Q96HH6),,,,,,
