Core Proteins,Interacting Proteins,Pathways,HPO terms,Diseases,Targeting Drugs,Experimental Bioactive Compounds (pChEMBL),Predicted interacting Compounds
TLR2 (O60603),TLR2 (O60603),R-HSA-168188 Toll Like Receptor TLR6:TLR2 Cascade[scr:846],,H00344 Leprosy (KEGG)[scr:19]; H01358 Atopic dermatitis (KEGG)[scr:18],DB00210 Adapalene[scr:9999999],,
JUN (P05412),JUN (P05412); STRN4 (Q9NRL3),R-HSA-5617472 Activation of anterior HOX genes in hindbrain development during early embryogenesis[scr:929]; hsa04659 Th17 cell differentiation[scr:85],,,DB00210 Adapalene[scr:9999999]; DB05785 LGD-1550[scr:1004],,
RARA (P10276),RXRA (P19793); RXRB (P28702); RXRG (P48443); ITGB1BP2 (Q9UKP3); ALX1 (Q15699); MED25 (Q71SY5); MED1 (Q15648),R-HSA-383280 Nuclear Receptor transcription pathway[scr:6633]; R-HSA-5362517 Signaling by Retinoic Acid[scr:5799]; R-HSA-4090294 SUMOylation of intracellular receptors[scr:2819]; R-HSA-5617472 Activation of anterior HOX genes in hindbrain development during early embryogenesis[scr:929]; hsa04659 Th17 cell differentiation[scr:85],HP:0004836 Acute promyelocytic leukemia[scr:74]; HP:0012135 Abnormal granulocytopoietic cell morphology[scr:37],EFO:0000224 acute promyelocytic leukemia (EFO)[scr:190],DB00210 Adapalene[scr:9999999]; DB00926 Etretinate[scr:1506]; DB00459 Acitretin[scr:1291]; DB00799 Tazarotene[scr:1004]; DB05785 LGD-1550[scr:1004]; DB00523 Alitretinoin[scr:1004]; DB00982 Isotretinoin[scr:1004]; DB04942 Tamibarotene[scr:502],,CHEMBL206883 [scr:42.93]; CHEMBL44979 [scr:38.04]; CHEMBL81793 [scr:36.15]; CHEMBL94846 [scr:34.11]; CHEMBL278034 [scr:31.22]; CHEMBL234960 [scr:29.97]; CHEMBL162904 [scr:28.82]
RARB (P10826),RXRB (P28702); RXRG (P48443),R-HSA-383280 Nuclear Receptor transcription pathway[scr:6633]; R-HSA-5362517 Signaling by Retinoic Acid[scr:5799]; R-HSA-5617472 Activation of anterior HOX genes in hindbrain development during early embryogenesis[scr:929],HP:0005156 Hypoplastic left atrium[scr:111],Orphanet:2470 Matthew-Wood syndrome (EFO)[scr:95]; H00013 Small cell lung cancer (KEGG)[scr:28]; H00014 Non-small cell lung cancer (KEGG)[scr:21]; H02170 Microphthalmia- syndromic (KEGG)[scr:18]; H00018 Gastric cancer (KEGG)[scr:12],DB00210 Adapalene[scr:9999999]; DB00926 Etretinate[scr:1506]; DB00459 Acitretin[scr:1291]; DB00799 Tazarotene[scr:1004]; DB05785 LGD-1550[scr:1004]; DB00523 Alitretinoin[scr:1004]; DB04942 Tamibarotene[scr:502],,CHEMBL206883 [scr:42.93]; CHEMBL44979 [scr:38.04]; CHEMBL330527 [scr:36.63]; CHEMBL81793 [scr:36.15]; CHEMBL94846 [scr:34.11]; CHEMBL427363 [scr:33.81]; CHEMBL278034 [scr:31.22]; CHEMBL234960 [scr:29.97]; CHEMBL330235 [scr:29.31]; CHEMBL162904 [scr:28.82]
RARG (P13631),RXRB (P28702); RXRG (P48443); PRKAR1B (P31321),R-HSA-383280 Nuclear Receptor transcription pathway[scr:6633]; R-HSA-5362517 Signaling by Retinoic Acid[scr:5799]; R-HSA-5617472 Activation of anterior HOX genes in hindbrain development during early embryogenesis[scr:929],,,DB00210 Adapalene[scr:9999999]; DB00926 Etretinate[scr:1506]; DB00459 Acitretin[scr:1291]; DB00799 Tazarotene[scr:1004]; DB05785 LGD-1550[scr:1004]; DB00523 Alitretinoin[scr:1004]; DB00982 Isotretinoin[scr:1004],,CHEMBL206883 [scr:42.93]; CHEMBL44979 [scr:38.04]; CHEMBL330527 [scr:36.63]; CHEMBL81793 [scr:36.15]; CHEMBL94846 [scr:34.11]; CHEMBL427363 [scr:33.81]; CHEMBL278034 [scr:31.22]; CHEMBL234960 [scr:29.97]; CHEMBL330235 [scr:29.31]; CHEMBL162904 [scr:28.82]
GOT1 (P17174),,hsa00400 Phenylalanine- tyrosine and tryptophan biosynthesis[scr:72]; hsa00360 Phenylalanine metabolism[scr:22]; hsa01210 2-Oxocarboxylic acid metabolism[scr:21]; hsa00220 Arginine biosynthesis[scr:18],,,DB00210 Adapalene[scr:9999999],,
RXRA (P19793),RARA (P10276); NR1H3 (Q13133); NR1H2 (P55055); MED25 (Q71SY5); MED1 (Q15648),R-HSA-383280 Nuclear Receptor transcription pathway[scr:6633]; R-HSA-5362517 Signaling by Retinoic Acid[scr:5799]; R-HSA-4090294 SUMOylation of intracellular receptors[scr:2819]; R-HSA-1989781 PPARA activates gene expression[scr:1417]; R-HSA-192105 Synthesis of bile acids and bile salts[scr:967]; R-HSA-5617472 Activation of anterior HOX genes in hindbrain development during early embryogenesis[scr:929]; R-HSA-193807 Synthesis of bile acids and bile salts via 27-hydroxycholesterol[scr:902]; R-HSA-159418 Recycling of bile acids and salts[scr:846]; hsa04659 Th17 cell differentiation[scr:85]; hsa03320 PPAR signaling pathway[scr:77]; hsa04919 Thyroid hormone signaling pathway[scr:48]; hsa04920 Adipocytokine signaling pathway[scr:47]; hsa04928 Parathyroid hormone synthesis- secretion and action[scr:30]; hsa04976 Bile secretion[scr:20],,,DB00210 Adapalene[scr:9999999]; DB00926 Etretinate[scr:1506]; DB00459 Acitretin[scr:1291]; DB00523 Alitretinoin[scr:1004]; DB00307 Bexarotene[scr:753]; DB08063 1-BENZYL-3-(4-METHOXYPHENYLAMINO)-4-PHENYLPYRROLE-2-5-DIONE[scr:502],,CHEMBL44979 [scr:38.04]; CHEMBL330527 [scr:36.63]; CHEMBL81793 [scr:36.15]; CHEMBL94846 [scr:34.11]; CHEMBL427363 [scr:33.81]; CHEMBL278034 [scr:31.22]; CHEMBL234960 [scr:29.97]; CHEMBL330235 [scr:29.31]
RXRB (P28702),RARA (P10276); RARB (P10826); RARG (P13631); NR1H3 (Q13133); NR1H3 (Q13133); NR1H3 (Q13133); SPOPL (Q6IQ16); NR1H4 (Q96RI1); NR1H4 (Q96RI1),R-HSA-383280 Nuclear Receptor transcription pathway[scr:6633]; R-HSA-5362517 Signaling by Retinoic Acid[scr:5799]; R-HSA-1989781 PPARA activates gene expression[scr:1417]; hsa04659 Th17 cell differentiation[scr:85]; hsa03320 PPAR signaling pathway[scr:77]; hsa04919 Thyroid hormone signaling pathway[scr:48]; hsa04920 Adipocytokine signaling pathway[scr:47]; hsa04928 Parathyroid hormone synthesis- secretion and action[scr:30],,,DB00210 Adapalene[scr:9999999]; DB00926 Etretinate[scr:1506]; DB00459 Acitretin[scr:1291]; DB00799 Tazarotene[scr:1004]; DB00523 Alitretinoin[scr:1004]; DB00307 Bexarotene[scr:753],,CHEMBL206883 [scr:42.93]; CHEMBL44979 [scr:38.04]; CHEMBL81793 [scr:36.15]; CHEMBL94846 [scr:34.11]; CHEMBL427363 [scr:33.81]; CHEMBL278034 [scr:31.22]; CHEMBL234960 [scr:29.97]; CHEMBL162904 [scr:28.82]
RXRG (P48443),RARA (P10276); RARB (P10826); RARG (P13631); NR1H3 (Q13133); NR1H3 (Q13133); NR1H2 (P55055); NR1H4 (Q96RI1),R-HSA-383280 Nuclear Receptor transcription pathway[scr:6633]; R-HSA-5362517 Signaling by Retinoic Acid[scr:5799]; hsa04659 Th17 cell differentiation[scr:85]; hsa03320 PPAR signaling pathway[scr:77]; hsa04919 Thyroid hormone signaling pathway[scr:48]; hsa04920 Adipocytokine signaling pathway[scr:47]; hsa04928 Parathyroid hormone synthesis- secretion and action[scr:30],,,DB00210 Adapalene[scr:9999999]; DB00926 Etretinate[scr:1506]; DB00459 Acitretin[scr:1291]; DB00523 Alitretinoin[scr:1004]; DB00307 Bexarotene[scr:753],,CHEMBL206883 [scr:42.93]; CHEMBL44979 [scr:38.04]; CHEMBL330527 [scr:36.63]; CHEMBL234960 [scr:29.97]; CHEMBL330235 [scr:29.31]; CHEMBL162904 [scr:28.82]
NR1H3 (Q13133),RXRA (P19793); RXRB (P28702); RXRG (P48443),R-HSA-383280 Nuclear Receptor transcription pathway[scr:6633]; R-HSA-4090294 SUMOylation of intracellular receptors[scr:2819]; R-HSA-1989781 PPARA activates gene expression[scr:1417]; R-HSA-8866427 VLDLR internalisation and degradation[scr:1128]; hsa03320 PPAR signaling pathway[scr:77],,,DB08063 1-BENZYL-3-(4-METHOXYPHENYLAMINO)-4-PHENYLPYRROLE-2-5-DIONE[scr:502],,CHEMBL162904 [scr:28.82]
ITGB1BP2 (Q9UKP3),RARA (P10276),,,,,,
SPOPL (Q6IQ16),RXRB (P28702),,,,,,
ALX1 (Q15699),RARA (P10276),,HP:0006931 Lipoma of corpus callosum[scr:111]; HP:0004423 Cranium bifidum occultum[scr:111]; HP:0005466 Hypoplasia of the frontal bone[scr:111]; HP:0006866 Midline central nervous system lipomas[scr:74]; HP:0100251 Multiple central nervous system lipomas[scr:56]; HP:0000636 Upper eyelid coloboma[scr:37],Orphanet:306542 Frontonasal dysplasia-severe microphthalmia-severe facial clefting syndrome (EFO)[scr:190]; H00528 Frontonasal dysplasia (KEGG)[scr:64],,,
STRN4 (Q9NRL3),JUN (P05412),,,,,,
NR1H2 (P55055),RXRA (P19793); RXRG (P48443),R-HSA-383280 Nuclear Receptor transcription pathway[scr:6633]; R-HSA-4090294 SUMOylation of intracellular receptors[scr:2819]; R-HSA-1989781 PPARA activates gene expression[scr:1417]; R-HSA-8866427 VLDLR internalisation and degradation[scr:1128],,,,,CHEMBL94846 [scr:34.11]; CHEMBL162904 [scr:28.82]
PRKAR1B (P31321),RARG (P13631),,HP:0030216 Inertia[scr:56],,,,
NR1H4 (Q96RI1),RXRB (P28702); RXRG (P48443),R-HSA-383280 Nuclear Receptor transcription pathway[scr:6633]; R-HSA-4090294 SUMOylation of intracellular receptors[scr:2819]; R-HSA-1989781 PPARA activates gene expression[scr:1417]; R-HSA-192105 Synthesis of bile acids and bile salts[scr:967]; R-HSA-193807 Synthesis of bile acids and bile salts via 27-hydroxycholesterol[scr:902]; R-HSA-159418 Recycling of bile acids and salts[scr:846]; hsa04976 Bile secretion[scr:20],,Orphanet:172 Progressive familial intrahepatic cholestasis (EFO)[scr:38]; H00624 Progressive familial intrahepatic cholestasis (KEGG)[scr:39],,,CHEMBL162904 [scr:28.82]
MED25 (Q71SY5),RARA (P10276); RXRA (P19793),R-HSA-1989781 PPARA activates gene expression[scr:1417],,Orphanet:101101 Charcot-Marie-Tooth disease type 2B2 (EFO)[scr:190]; H00264 Charcot-Marie-Tooth disease (KEGG)[scr:4],,,
MED1 (Q15648),RARA (P10276); RXRA (P19793),R-HSA-383280 Nuclear Receptor transcription pathway[scr:6633]; R-HSA-1989781 PPARA activates gene expression[scr:1417]; hsa04919 Thyroid hormone signaling pathway[scr:48],,,,,
