Core Proteins,Interacting Proteins,Pathways,HPO terms,Diseases,Targeting Drugs,Experimental Bioactive Compounds (pChEMBL),Predicted interacting Compounds
CCNA2 (P20248),CDK2 (P24941); UHRF2 (Q96PU4),R-HSA-69563 p53-Dependent G1 DNA Damage Response[scr:12243]; R-HSA-6804116 TP53 Regulates Transcription of Genes Involved in G1 Cell Cycle Arrest[scr:6121]; R-HSA-1538133 G0 and Early G1[scr:4761]; R-HSA-68911 G2 Phase[scr:4285]; R-HSA-69273 Cyclin A/B1/B2 associated events during G2/M transition[scr:3428]; R-HSA-2559586 DNA Damage/Telomere Stress Induced Senescence[scr:1823]; R-HSA-170145 Phosphorylation of proteins involved in the G2/M transition by Cyclin A:Cdc2 complexes[scr:1785]; hsa04110 Cell cycle[scr:165]; hsa04218 Cellular senescence[scr:86]; hsa04914 Progesterone-mediated oocyte maturation[scr:54],,,DB07137 (2S)-N-[(3E)-5-Cyclopropyl-3H-pyrazol-3-ylidene]-2-[4-(2-oxo-1-imidazolidinyl)phenyl]propanamide[scr:9999999]; DB07539 4-{5-[(Z)-(2-IMINO-4-OXO-1-3-THIAZOLIDIN-5-YLIDENE)METHYL]FURAN-2-YL}BENZOIC ACID[scr:795]; DB08178 4-(4-methoxy-1H-pyrrolo[2-3-b]pyridin-3-yl)pyrimidin-2-amine[scr:795]; DB06948 2-ANILINO-6-CYCLOHEXYLMETHOXYPURINE[scr:795]; DB07126 O6-CYCLOHEXYLMETHOXY-2-(4'-SULPHAMOYLANILINO) PURINE[scr:795]; DB07164 N-cyclopropyl-4-pyrazolo[1-5-b]pyridazin-3-ylpyrimidin-2-amine[scr:795]; DB07203 6-CYCLOHEXYLMETHOXY-2-(3'-CHLOROANILINO) PURINE[scr:795]; DB07471 5-[5-6-BIS(METHYLOXY)-1H-BENZIMIDAZOL-1-YL]-3-{[1-(2-CHLOROPHENYL)ETHYL]OXY}-2-THIOPHENECARBOXAMIDE[scr:795]; DB07533 4-{5-[(Z)-(2-IMINO-4-OXO-1-3-THIAZOLIDIN-5-YLIDENE)METHYL]-2-FURYL}-N-METHYLBENZENESULFONAMIDE[scr:795]; DB07534 4-{5-[(Z)-(2-IMINO-4-OXO-1-3-THIAZOLIDIN-5-YLIDENE)METHYL]FURAN-2-YL}BENZENESULFONAMIDE[scr:795],,
CDK2 (P24941),CCNA2 (P20248); MAPK15 (Q8TD08); CDKN3 (Q16667); UHRF2 (Q96PU4); CCNB2 (O95067); STOML1 (Q9UBI4); CCNE2 (O96020); SCML2 (Q9UQR0); SCML2 (Q9UQR0); CDK7 (P50613); CCNE1 (P24864); FBXW7 (Q969H0),R-HSA-69563 p53-Dependent G1 DNA Damage Response[scr:12243]; R-HSA-69200 Phosphorylation of proteins involved in G1/S transition by active Cyclin E:Cdk2 complexes[scr:12052]; R-HSA-6804116 TP53 Regulates Transcription of Genes Involved in G1 Cell Cycle Arrest[scr:6121]; R-HSA-1538133 G0 and Early G1[scr:4761]; R-HSA-68911 G2 Phase[scr:4285]; R-HSA-8849470 PTK6 Regulates Cell Cycle[scr:3571]; R-HSA-69273 Cyclin A/B1/B2 associated events during G2/M transition[scr:3428]; R-HSA-69202 Cyclin E associated events during G1/S transition[scr:3061]; R-HSA-2559586 DNA Damage/Telomere Stress Induced Senescence[scr:1823]; hsa04110 Cell cycle[scr:165]; hsa04115 p53 signaling pathway[scr:125]; hsa04218 Cellular senescence[scr:86]; hsa04114 Oocyte meiosis[scr:70]; hsa04914 Progesterone-mediated oocyte maturation[scr:54]; hsa04068 FoxO signaling pathway[scr:18]; hsa04151 PI3K-Akt signaling pathway[scr:14],,,DB07137 (2S)-N-[(3E)-5-Cyclopropyl-3H-pyrazol-3-ylidene]-2-[4-(2-oxo-1-imidazolidinyl)phenyl]propanamide[scr:9999999]; DB07539 4-{5-[(Z)-(2-IMINO-4-OXO-1-3-THIAZOLIDIN-5-YLIDENE)METHYL]FURAN-2-YL}BENZOIC ACID[scr:795]; DB08178 4-(4-methoxy-1H-pyrrolo[2-3-b]pyridin-3-yl)pyrimidin-2-amine[scr:795]; DB06948 2-ANILINO-6-CYCLOHEXYLMETHOXYPURINE[scr:795]; DB07126 O6-CYCLOHEXYLMETHOXY-2-(4'-SULPHAMOYLANILINO) PURINE[scr:795]; DB07164 N-cyclopropyl-4-pyrazolo[1-5-b]pyridazin-3-ylpyrimidin-2-amine[scr:795]; DB07203 6-CYCLOHEXYLMETHOXY-2-(3'-CHLOROANILINO) PURINE[scr:795]; DB07471 5-[5-6-BIS(METHYLOXY)-1H-BENZIMIDAZOL-1-YL]-3-{[1-(2-CHLOROPHENYL)ETHYL]OXY}-2-THIOPHENECARBOXAMIDE[scr:795]; DB07533 4-{5-[(Z)-(2-IMINO-4-OXO-1-3-THIAZOLIDIN-5-YLIDENE)METHYL]-2-FURYL}-N-METHYLBENZENESULFONAMIDE[scr:795]; DB07534 4-{5-[(Z)-(2-IMINO-4-OXO-1-3-THIAZOLIDIN-5-YLIDENE)METHYL]FURAN-2-YL}BENZENESULFONAMIDE[scr:795],,CHEMBL381249 [scr:43.5]; CHEMBL349727 [scr:43.5]; CHEMBL365647 [scr:43.5]; CHEMBL552572 [scr:21.75]; CHEMBL372879 [scr:21.75]; CHEMBL365411 [scr:21.75]; CHEMBL365384 [scr:21.75]; CHEMBL376196 [scr:21.75]; CHEMBL556499 [scr:21.75]; CHEMBL363147 [scr:21.75]
MAPK15 (Q8TD08),CDK2 (P24941),hsa04657 IL-17 signaling pathway[scr:6],,,,,
CDKN3 (Q16667),CDK2 (P24941),,,EFO:0000182 hepatocellular carcinoma (EFO)[scr:50]; EFO:0000762 hepatocellular adenoma (EFO)[scr:43],,,
UHRF2 (Q96PU4),CCNA2 (P20248); CDK2 (P24941); CCNE1 (P24864),,,,,,
CCNB2 (O95067),CDK2 (P24941),R-HSA-69273 Cyclin A/B1/B2 associated events during G2/M transition[scr:3428]; hsa04110 Cell cycle[scr:165]; hsa04115 p53 signaling pathway[scr:125]; hsa04218 Cellular senescence[scr:86]; hsa04114 Oocyte meiosis[scr:70]; hsa04914 Progesterone-mediated oocyte maturation[scr:54]; hsa04068 FoxO signaling pathway[scr:18],,,,,
STOML1 (Q9UBI4),CDK2 (P24941),,,,,,
CCNE2 (O96020),CDK2 (P24941),R-HSA-69563 p53-Dependent G1 DNA Damage Response[scr:12243]; R-HSA-69200 Phosphorylation of proteins involved in G1/S transition by active Cyclin E:Cdk2 complexes[scr:12052]; R-HSA-6804116 TP53 Regulates Transcription of Genes Involved in G1 Cell Cycle Arrest[scr:6121]; R-HSA-1538133 G0 and Early G1[scr:4761]; R-HSA-69202 Cyclin E associated events during G1/S transition[scr:3061]; R-HSA-2559586 DNA Damage/Telomere Stress Induced Senescence[scr:1823]; hsa04110 Cell cycle[scr:165]; hsa04115 p53 signaling pathway[scr:125]; hsa04218 Cellular senescence[scr:86]; hsa04114 Oocyte meiosis[scr:70]; hsa04151 PI3K-Akt signaling pathway[scr:14],,H00055 Laryngeal cancer (KEGG)[scr:175],,,
SCML2 (Q9UQR0),CDK2 (P24941),,,,,,
CDK7 (P50613),CDK2 (P24941),R-HSA-69273 Cyclin A/B1/B2 associated events during G2/M transition[scr:3428]; R-HSA-69202 Cyclin E associated events during G1/S transition[scr:3061]; hsa04110 Cell cycle[scr:165]; hsa03022 Basal transcription factors[scr:13]; hsa03420 Nucleotide excision repair[scr:12],,,,,
CCNE1 (P24864),CDK2 (P24941); UHRF2 (Q96PU4),R-HSA-69563 p53-Dependent G1 DNA Damage Response[scr:12243]; R-HSA-69200 Phosphorylation of proteins involved in G1/S transition by active Cyclin E:Cdk2 complexes[scr:12052]; R-HSA-6804116 TP53 Regulates Transcription of Genes Involved in G1 Cell Cycle Arrest[scr:6121]; R-HSA-1538133 G0 and Early G1[scr:4761]; R-HSA-8849470 PTK6 Regulates Cell Cycle[scr:3571]; R-HSA-69202 Cyclin E associated events during G1/S transition[scr:3061]; R-HSA-2559586 DNA Damage/Telomere Stress Induced Senescence[scr:1823]; hsa04110 Cell cycle[scr:165]; hsa04115 p53 signaling pathway[scr:125]; hsa04218 Cellular senescence[scr:86]; hsa04114 Oocyte meiosis[scr:70]; hsa04151 PI3K-Akt signaling pathway[scr:14],,H00055 Laryngeal cancer (KEGG)[scr:175]; H00018 Gastric cancer (KEGG)[scr:19],,,
FBXW7 (Q969H0),CDK2 (P24941); FBXW7 (Q969H0); STOML1 (Q9UBI4),,,,,,
