{"options":{"search_start":1613060675,"tax_ids":[9606],"num_of_fn_nodes":10,"num_of_pathways":10,"num_of_phenotypes":10,"num_of_drugs":10,"num_of_diseases":10,"num_of_compounds":10,"chembl_compounds":0,"predictions":1,"reviewed_filter":1,"fn":1,"chembl":1,"search_finish":1613060705,"search_runtime":30},"search":[{"Drug":[{"DB12698":"Ibalizumab"}]}],"nodes":[{"data":{"id":"P01730","display_name":"CD4","Node_Type":"Protein"}},{"data":{"id":"P51681","display_name":"CCR5","Node_Type":"Protein"}},{"data":{"id":"P61073","display_name":"CXCR4","Node_Type":"Protein"}},{"data":{"id":"Q16570","display_name":"ACKR1","Node_Type":"Protein_N"}},{"data":{"id":"P35368","display_name":"ADRA1B","Node_Type":"Protein_N"}},{"data":{"id":"P49682","display_name":"CXCR3","Node_Type":"Protein_N"}},{"data":{"id":"P13236","display_name":"CCL4","Node_Type":"Protein_N"}},{"data":{"id":"Q04900","display_name":"CD164","Node_Type":"Protein_N"}},{"data":{"id":"P04233","display_name":"CD74","Node_Type":"Protein_N"}},{"data":{"id":"O60603","display_name":"TLR2","Node_Type":"Protein_N"}},{"data":{"id":"P32302","display_name":"CXCR5","Node_Type":"Protein_N"}},{"data":{"id":"P54849","display_name":"EMP1","Node_Type":"Protein_N"}},{"data":{"id":"P35579","display_name":"MYH9","Node_Type":"Protein_N"}},{"data":{"id":"Orphanet:182050","display_name":"MYH9-related disease","Node_Type":"Disease","enrichScore":277}},{"data":{"id":"Orphanet:51636","display_name":"WHIM syndrome","Node_Type":"Disease","enrichScore":277}},{"data":{"id":"EFO:0000180","display_name":"HIV-1 infection","Node_Type":"Disease","enrichScore":92.333}},{"data":{"id":"MONDO:0004951","display_name":"susceptibility to HIV infection","Node_Type":"Disease","enrichScore":92.333}},{"data":{"id":"Orphanet:90635","display_name":"Autosomal dominant non-syndromic sensorineural deafness type DFNA","Node_Type":"Disease","enrichScore":29.946}},{"data":{"id":"EFO:0001359","display_name":"type I diabetes mellitus","Node_Type":"Disease","enrichScore":23.083}},{"data":{"id":"EFO:0009157","display_name":"susceptibility to malaria","Node_Type":"Disease","enrichScore":21.308}},{"data":{"id":"MONDO:0021024","display_name":"malaria, susceptibility to","Node_Type":"Disease","enrichScore":21.308}},{"data":{"id":"MONDO:0013497","display_name":"Okt4 epitope deficiency","Node_Type":"Disease","enrichScore":0}},{"data":{"id":"DB12698","display_name":"Ibalizumab","Node_Type":"Drug","enrichScore":9999999}},{"data":{"id":"DB05501","display_name":"AMD-070","Node_Type":"Drug","enrichScore":733.692}},{"data":{"id":"DB00045","display_name":"Lyme disease vaccine (recombinant OspA)","Node_Type":"Drug","enrichScore":366.846}},{"data":{"id":"DB06809","display_name":"Plerixafor","Node_Type":"Drug","enrichScore":366.846}},{"data":{"id":"DB04835","display_name":"Maraviroc","Node_Type":"Drug","enrichScore":366.846}},{"data":{"id":"DB05941","display_name":"Leronlimab","Node_Type":"Drug","enrichScore":366.846}},{"data":{"id":"DB06241","display_name":"Clenoliximab","Node_Type":"Drug","enrichScore":366.846}},{"data":{"id":"DB00433","display_name":"Prochlorperazine","Node_Type":"Drug","enrichScore":366.846}},{"data":{"id":"DB06652","display_name":"Vicriviroc","Node_Type":"Drug","enrichScore":366.846}},{"data":{"id":"DB06497","display_name":"Aplaviroc","Node_Type":"Drug","enrichScore":366.846}},{"data":{"id":"R-HSA-173107","display_name":"Binding and entry of HIV virion","Node_Type":"Pathway","enrichScore":11124.519}},{"data":{"id":"R-HSA-380108","display_name":"Chemokine receptors bind chemokines","Node_Type":"Pathway","enrichScore":2575.12}},{"data":{"id":"R-HSA-168188","display_name":"Toll Like Receptor TLR6:TLR2 Cascade","Node_Type":"Pathway","enrichScore":1236.058}},{"data":{"id":"R-HSA-168179","display_name":"Toll Like Receptor TLR1:TLR2 Cascade","Node_Type":"Pathway","enrichScore":824.038}},{"data":{"id":"R-HSA-1462054","display_name":"Alpha-defensins","Node_Type":"Pathway","enrichScore":549.359}},{"data":{"id":"R-HSA-390696","display_name":"Adrenoceptors","Node_Type":"Pathway","enrichScore":549.359}},{"data":{"id":"R-HSA-167590","display_name":"Nef Mediated CD4 Down-regulation","Node_Type":"Pathway","enrichScore":549.359}},{"data":{"id":"R-HSA-5602498","display_name":"MyD88 deficiency (TLR2\/4)","Node_Type":"Pathway","enrichScore":494.423}},{"data":{"id":"R-HSA-418594","display_name":"G alpha (i) signalling events","Node_Type":"Pathway","enrichScore":468.204}},{"data":{"id":"R-HSA-5603041","display_name":"IRAK4 deficiency (TLR2\/4)","Node_Type":"Pathway","enrichScore":449.476}},{"data":{"id":"HP:0008264","display_name":"Neutrophil inclusion bodies","Node_Type":"HPO","enrichScore":325.462}},{"data":{"id":"HP:0031160","display_name":"Myelokathexis","Node_Type":"HPO","enrichScore":325.462}},{"data":{"id":"HP:0040235","display_name":"Leukocyte inclusion bodies","Node_Type":"HPO","enrichScore":325.462}},{"data":{"id":"HP:0000166","display_name":"Severe periodontitis","Node_Type":"HPO","enrichScore":162.731}},{"data":{"id":"HP:0011992","display_name":"Abnormality of neutrophil morphology","Node_Type":"HPO","enrichScore":144.65}},{"data":{"id":"HP:0011850","display_name":"Parotitis","Node_Type":"HPO","enrichScore":108.487}},{"data":{"id":"HP:0007819","display_name":"Presenile cataracts","Node_Type":"HPO","enrichScore":108.487}},{"data":{"id":"HP:0032241","display_name":"Cervical neoplasm","Node_Type":"HPO","enrichScore":81.365}},{"data":{"id":"HP:0030079","display_name":"Cervix cancer","Node_Type":"HPO","enrichScore":81.365}},{"data":{"id":"HP:0001905","display_name":"Congenital thrombocytopenia","Node_Type":"HPO","enrichScore":65.092}},{"data":{"id":"CHEMBL1916950","display_name":"CHEMBL1916950","Node_Type":"Prediction","enrichScore":40.154}},{"data":{"id":"CHEMBL2312049","display_name":"CHEMBL2312049","Node_Type":"Prediction","enrichScore":40.154}},{"data":{"id":"CHEMBL1609479","display_name":"CHEMBL1609479","Node_Type":"Prediction","enrichScore":40.154}},{"data":{"id":"CHEMBL2236343","display_name":"CHEMBL2236343","Node_Type":"Prediction","enrichScore":40.154}},{"data":{"id":"CHEMBL1608785","display_name":"CHEMBL1608785","Node_Type":"Prediction","enrichScore":40.154}},{"data":{"id":"CHEMBL1608616","display_name":"CHEMBL1608616","Node_Type":"Prediction","enrichScore":40.154}},{"data":{"id":"CHEMBL1608364","display_name":"CHEMBL1608364","Node_Type":"Prediction","enrichScore":40.154}},{"data":{"id":"CHEMBL3692460","display_name":"CHEMBL3692460","Node_Type":"Prediction","enrichScore":40.154}},{"data":{"id":"CHEMBL1607105","display_name":"CHEMBL1607105","Node_Type":"Prediction","enrichScore":40.154}},{"data":{"id":"CHEMBL3196797","display_name":"CHEMBL3196797","Node_Type":"Prediction","enrichScore":40.154}},{"data":{"id":"hsa04061","display_name":"Viral protein interaction with cytokine and cytokine receptor","Node_Type":"kegg_Pathway","enrichScore":187.485}},{"data":{"id":"hsa04062","display_name":"Chemokine signaling pathway","Node_Type":"kegg_Pathway","enrichScore":99.663}},{"data":{"id":"hsa04060","display_name":"Cytokine-cytokine receptor interaction","Node_Type":"kegg_Pathway","enrichScore":87.074}},{"data":{"id":"hsa04620","display_name":"Toll-like receptor signaling pathway","Node_Type":"kegg_Pathway","enrichScore":45.086}},{"data":{"id":"hsa04623","display_name":"Cytosolic DNA-sensing pathway","Node_Type":"kegg_Pathway","enrichScore":32.875}},{"data":{"id":"hsa04612","display_name":"Antigen processing and presentation","Node_Type":"kegg_Pathway","enrichScore":27.325}},{"data":{"id":"hsa04064","display_name":"NF-kappa B signaling pathway","Node_Type":"kegg_Pathway","enrichScore":20.231}},{"data":{"id":"hsa04672","display_name":"Intestinal immune network for IgA production","Node_Type":"kegg_Pathway","enrichScore":11.435}},{"data":{"id":"hsa04020","display_name":"Calcium signaling pathway","Node_Type":"kegg_Pathway","enrichScore":10.573}},{"data":{"id":"hsa04810","display_name":"Regulation of actin cytoskeleton","Node_Type":"kegg_Pathway","enrichScore":9.878}},{"data":{"id":"H00233","display_name":"MYH9-related disease","Node_Type":"kegg_Disease","enrichScore":282.077}},{"data":{"id":"H00097","display_name":"Chemokine receptor defect","Node_Type":"kegg_Disease","enrichScore":282.077}},{"data":{"id":"H02053","display_name":"Fechtner syndrome","Node_Type":"kegg_Disease","enrichScore":282.077}},{"data":{"id":"H00578","display_name":"Epstein syndrome","Node_Type":"kegg_Disease","enrichScore":282.077}},{"data":{"id":"H02051","display_name":"May-Hegglin anomaly","Node_Type":"kegg_Disease","enrichScore":282.077}},{"data":{"id":"H02052","display_name":"Sebastian syndrome","Node_Type":"kegg_Disease","enrichScore":282.077}},{"data":{"id":"H00604","display_name":"Deafness, autosomal dominant","Node_Type":"kegg_Disease","enrichScore":31.342}},{"data":{"id":"H00344","display_name":"Leprosy","Node_Type":"kegg_Disease","enrichScore":28.208}},{"data":{"id":"H01358","display_name":"Atopic dermatitis","Node_Type":"kegg_Disease","enrichScore":25.643}},{"data":{"id":"H01740","display_name":"Macrothrombocytopenia","Node_Type":"kegg_Disease","enrichScore":16.593}}],"edges":[{"data":{"source":"P01730","target":"P01730","Edge_Type":"PPI","label":"interacts w\/"}},{"data":{"source":"P51681","target":"P51681","Edge_Type":"PPI","label":"interacts w\/"}},{"data":{"source":"P51681","target":"P01730","Edge_Type":"PPI","label":"interacts w\/"}},{"data":{"source":"P61073","target":"P61073","Edge_Type":"PPI","label":"interacts w\/"}},{"data":{"source":"P61073","target":"P51681","Edge_Type":"PPI","label":"interacts w\/"}},{"data":{"source":"Q16570","target":"P51681","Edge_Type":"PPI","label":"interacts w\/"}},{"data":{"source":"P35368","target":"P61073","Edge_Type":"PPI","label":"interacts w\/"}},{"data":{"source":"P49682","target":"P61073","Edge_Type":"PPI","label":"interacts w\/"}},{"data":{"source":"P49682","target":"P49682","Edge_Type":"PPI","label":"interacts w\/"}},{"data":{"source":"P13236","target":"P51681","Edge_Type":"PPI","label":"interacts w\/"}},{"data":{"source":"P13236","target":"P13236","Edge_Type":"PPI","label":"interacts w\/"}},{"data":{"source":"Q04900","target":"P61073","Edge_Type":"PPI","label":"interacts w\/"}},{"data":{"source":"P04233","target":"P61073","Edge_Type":"PPI","label":"interacts w\/"}},{"data":{"source":"O60603","target":"P61073","Edge_Type":"PPI","label":"interacts w\/"}},{"data":{"source":"O60603","target":"O60603","Edge_Type":"PPI","label":"interacts w\/"}},{"data":{"source":"P32302","target":"P61073","Edge_Type":"PPI","label":"interacts w\/"}},{"data":{"source":"P54849","target":"P51681","Edge_Type":"PPI","label":"interacts w\/"}},{"data":{"source":"P35579","target":"P61073","Edge_Type":"PPI","label":"interacts w\/"}},{"data":{"source":"HP:0008264","target":"Orphanet:182050","Edge_Type":"hpodis","label":"is associated w\/"}},{"data":{"source":"HP:0008264","target":"Orphanet:182050","Edge_Type":"hpodis","label":"is associated w\/"}},{"data":{"source":"HP:0031160","target":"Orphanet:51636","Edge_Type":"hpodis","label":"is associated w\/"}},{"data":{"source":"HP:0031160","target":"Orphanet:51636","Edge_Type":"hpodis","label":"is associated w\/"}},{"data":{"source":"HP:0040235","target":"Orphanet:182050","Edge_Type":"hpodis","label":"is associated w\/"}},{"data":{"source":"HP:0000166","target":"Orphanet:51636","Edge_Type":"hpodis","label":"is associated w\/"}},{"data":{"source":"HP:0011992","target":"Orphanet:182050","Edge_Type":"hpodis","label":"is associated w\/"}},{"data":{"source":"HP:0011992","target":"Orphanet:51636","Edge_Type":"hpodis","label":"is associated w\/"}},{"data":{"source":"HP:0011992","target":"Orphanet:182050","Edge_Type":"hpodis","label":"is associated w\/"}},{"data":{"source":"HP:0011850","target":"Orphanet:51636","Edge_Type":"hpodis","label":"is associated w\/"}},{"data":{"source":"HP:0007819","target":"Orphanet:182050","Edge_Type":"hpodis","label":"is associated w\/"}},{"data":{"source":"HP:0032241","target":"Orphanet:51636","Edge_Type":"hpodis","label":"is associated w\/"}},{"data":{"source":"HP:0030079","target":"Orphanet:51636","Edge_Type":"hpodis","label":"is associated w\/"}},{"data":{"source":"HP:0001905","target":"Orphanet:182050","Edge_Type":"hpodis","label":"is associated w\/"}},{"data":{"source":"P35579","target":"Orphanet:182050","Edge_Type":"Disease","label":"is related to"}},{"data":{"source":"P61073","target":"Orphanet:51636","Edge_Type":"Disease","label":"is related to"}},{"data":{"source":"P51681","target":"EFO:0000180","Edge_Type":"Disease","label":"is related to"}},{"data":{"source":"P51681","target":"MONDO:0004951","Edge_Type":"Disease","label":"is related to"}},{"data":{"source":"P35579","target":"Orphanet:90635","Edge_Type":"Disease","label":"is related to"}},{"data":{"source":"Q04900","target":"Orphanet:90635","Edge_Type":"Disease","label":"is related to"}},{"data":{"source":"P51681","target":"EFO:0001359","Edge_Type":"Disease","label":"is related to"}},{"data":{"source":"Q16570","target":"EFO:0009157","Edge_Type":"Disease","label":"is related to"}},{"data":{"source":"Q16570","target":"MONDO:0021024","Edge_Type":"Disease","label":"is related to"}},{"data":{"source":"P01730","target":"MONDO:0013497","Edge_Type":"Disease","label":"is related to"}},{"data":{"source":"P01730","target":"DB12698","Edge_Type":"Drug","label":"targets"}},{"data":{"source":"P51681","target":"DB12698","Edge_Type":"Drug","label":"targets"}},{"data":{"source":"P61073","target":"DB12698","Edge_Type":"Drug","label":"targets"}},{"data":{"source":"P61073","target":"DB05501","Edge_Type":"Drug","label":"targets"}},{"data":{"source":"P51681","target":"DB05501","Edge_Type":"Drug","label":"targets"}},{"data":{"source":"O60603","target":"DB00045","Edge_Type":"Drug","label":"targets"}},{"data":{"source":"P61073","target":"DB06809","Edge_Type":"Drug","label":"targets"}},{"data":{"source":"P51681","target":"DB04835","Edge_Type":"Drug","label":"targets"}},{"data":{"source":"P51681","target":"DB05941","Edge_Type":"Drug","label":"targets"}},{"data":{"source":"P01730","target":"DB06241","Edge_Type":"Drug","label":"targets"}},{"data":{"source":"P35368","target":"DB00433","Edge_Type":"Drug","label":"targets"}},{"data":{"source":"P51681","target":"DB06652","Edge_Type":"Drug","label":"targets"}},{"data":{"source":"P51681","target":"DB06497","Edge_Type":"Drug","label":"targets"}},{"data":{"source":"P01730","target":"R-HSA-173107","Edge_Type":"Pathway","label":"is involved in"}},{"data":{"source":"P51681","target":"R-HSA-173107","Edge_Type":"Pathway","label":"is involved in"}},{"data":{"source":"P61073","target":"R-HSA-173107","Edge_Type":"Pathway","label":"is involved in"}},{"data":{"source":"P51681","target":"R-HSA-380108","Edge_Type":"Pathway","label":"is involved in"}},{"data":{"source":"P61073","target":"R-HSA-380108","Edge_Type":"Pathway","label":"is involved in"}},{"data":{"source":"P49682","target":"R-HSA-380108","Edge_Type":"Pathway","label":"is involved in"}},{"data":{"source":"P13236","target":"R-HSA-380108","Edge_Type":"Pathway","label":"is involved in"}},{"data":{"source":"P32302","target":"R-HSA-380108","Edge_Type":"Pathway","label":"is involved in"}},{"data":{"source":"O60603","target":"R-HSA-168188","Edge_Type":"Pathway","label":"is involved in"}},{"data":{"source":"O60603","target":"R-HSA-168179","Edge_Type":"Pathway","label":"is involved in"}},{"data":{"source":"P01730","target":"R-HSA-1462054","Edge_Type":"Pathway","label":"is involved in"}},{"data":{"source":"P35368","target":"R-HSA-390696","Edge_Type":"Pathway","label":"is involved in"}},{"data":{"source":"P01730","target":"R-HSA-167590","Edge_Type":"Pathway","label":"is involved in"}},{"data":{"source":"O60603","target":"R-HSA-5602498","Edge_Type":"Pathway","label":"is involved in"}},{"data":{"source":"P51681","target":"R-HSA-418594","Edge_Type":"Pathway","label":"is involved in"}},{"data":{"source":"P61073","target":"R-HSA-418594","Edge_Type":"Pathway","label":"is involved in"}},{"data":{"source":"P49682","target":"R-HSA-418594","Edge_Type":"Pathway","label":"is involved in"}},{"data":{"source":"P13236","target":"R-HSA-418594","Edge_Type":"Pathway","label":"is involved in"}},{"data":{"source":"P32302","target":"R-HSA-418594","Edge_Type":"Pathway","label":"is involved in"}},{"data":{"source":"O60603","target":"R-HSA-5603041","Edge_Type":"Pathway","label":"is involved in"}},{"data":{"source":"P35579","target":"HP:0008264","Edge_Type":"HPO","label":"is associated w\/"}},{"data":{"source":"P61073","target":"HP:0031160","Edge_Type":"HPO","label":"is associated w\/"}},{"data":{"source":"P35579","target":"HP:0040235","Edge_Type":"HPO","label":"is associated w\/"}},{"data":{"source":"P61073","target":"HP:0000166","Edge_Type":"HPO","label":"is associated w\/"}},{"data":{"source":"P61073","target":"HP:0011992","Edge_Type":"HPO","label":"is associated w\/"}},{"data":{"source":"P35579","target":"HP:0011992","Edge_Type":"HPO","label":"is associated w\/"}},{"data":{"source":"P61073","target":"HP:0011850","Edge_Type":"HPO","label":"is associated w\/"}},{"data":{"source":"P35579","target":"HP:0007819","Edge_Type":"HPO","label":"is associated w\/"}},{"data":{"source":"P61073","target":"HP:0032241","Edge_Type":"HPO","label":"is associated w\/"}},{"data":{"source":"P61073","target":"HP:0030079","Edge_Type":"HPO","label":"is associated w\/"}},{"data":{"source":"P35579","target":"HP:0001905","Edge_Type":"HPO","label":"is associated w\/"}},{"data":{"source":"P35368","target":"CHEMBL1916950","Edge_Type":"Prediction","label":"targets"}},{"data":{"source":"P35368","target":"CHEMBL2312049","Edge_Type":"Prediction","label":"targets"}},{"data":{"source":"P35368","target":"CHEMBL1609479","Edge_Type":"Prediction","label":"targets"}},{"data":{"source":"P35368","target":"CHEMBL2236343","Edge_Type":"Prediction","label":"targets"}},{"data":{"source":"P35368","target":"CHEMBL1608785","Edge_Type":"Prediction","label":"targets"}},{"data":{"source":"P35368","target":"CHEMBL1608616","Edge_Type":"Prediction","label":"targets"}},{"data":{"source":"P35368","target":"CHEMBL1608364","Edge_Type":"Prediction","label":"targets"}},{"data":{"source":"P35368","target":"CHEMBL3692460","Edge_Type":"Prediction","label":"targets"}},{"data":{"source":"P35368","target":"CHEMBL1607105","Edge_Type":"Prediction","label":"targets"}},{"data":{"source":"P35368","target":"CHEMBL3196797","Edge_Type":"Prediction","label":"targets"}},{"data":{"source":"H00233","target":"hsa04810","Edge_Type":"kegg_dis_path","label":"modulates"}},{"data":{"source":"H00097","target":"hsa04060","Edge_Type":"kegg_dis_path","label":"modulates"}},{"data":{"source":"H02053","target":"hsa04810","Edge_Type":"kegg_dis_path","label":"modulates"}},{"data":{"source":"H00578","target":"hsa04810","Edge_Type":"kegg_dis_path","label":"modulates"}},{"data":{"source":"H02051","target":"hsa04810","Edge_Type":"kegg_dis_path","label":"modulates"}},{"data":{"source":"H00344","target":"hsa04060","Edge_Type":"kegg_dis_path","label":"modulates"}},{"data":{"source":"H00344","target":"hsa04612","Edge_Type":"kegg_dis_path","label":"modulates"}},{"data":{"source":"H00344","target":"hsa04620","Edge_Type":"kegg_dis_path","label":"modulates"}},{"data":{"source":"H01740","target":"hsa04810","Edge_Type":"kegg_dis_path","label":"modulates"}},{"data":{"source":"P51681","target":"hsa04061","Edge_Type":"kegg_path_prot","label":"is involved in"}},{"data":{"source":"P61073","target":"hsa04061","Edge_Type":"kegg_path_prot","label":"is involved in"}},{"data":{"source":"P49682","target":"hsa04061","Edge_Type":"kegg_path_prot","label":"is involved in"}},{"data":{"source":"P13236","target":"hsa04061","Edge_Type":"kegg_path_prot","label":"is involved in"}},{"data":{"source":"P13236","target":"hsa04061","Edge_Type":"kegg_path_prot","label":"is involved in"}},{"data":{"source":"P32302","target":"hsa04061","Edge_Type":"kegg_path_prot","label":"is involved in"}},{"data":{"source":"P51681","target":"hsa04062","Edge_Type":"kegg_path_prot","label":"is involved in"}},{"data":{"source":"P61073","target":"hsa04062","Edge_Type":"kegg_path_prot","label":"is involved in"}},{"data":{"source":"P49682","target":"hsa04062","Edge_Type":"kegg_path_prot","label":"is involved in"}},{"data":{"source":"P13236","target":"hsa04062","Edge_Type":"kegg_path_prot","label":"is involved in"}},{"data":{"source":"P13236","target":"hsa04062","Edge_Type":"kegg_path_prot","label":"is involved in"}},{"data":{"source":"P32302","target":"hsa04062","Edge_Type":"kegg_path_prot","label":"is involved in"}},{"data":{"source":"P01730","target":"hsa04060","Edge_Type":"kegg_path_prot","label":"is involved in"}},{"data":{"source":"P51681","target":"hsa04060","Edge_Type":"kegg_path_prot","label":"is involved in"}},{"data":{"source":"P61073","target":"hsa04060","Edge_Type":"kegg_path_prot","label":"is involved in"}},{"data":{"source":"P49682","target":"hsa04060","Edge_Type":"kegg_path_prot","label":"is involved in"}},{"data":{"source":"P13236","target":"hsa04060","Edge_Type":"kegg_path_prot","label":"is involved in"}},{"data":{"source":"P13236","target":"hsa04060","Edge_Type":"kegg_path_prot","label":"is involved in"}},{"data":{"source":"P32302","target":"hsa04060","Edge_Type":"kegg_path_prot","label":"is involved in"}},{"data":{"source":"P13236","target":"hsa04620","Edge_Type":"kegg_path_prot","label":"is involved in"}},{"data":{"source":"P13236","target":"hsa04620","Edge_Type":"kegg_path_prot","label":"is involved in"}},{"data":{"source":"O60603","target":"hsa04620","Edge_Type":"kegg_path_prot","label":"is involved in"}},{"data":{"source":"P13236","target":"hsa04623","Edge_Type":"kegg_path_prot","label":"is involved in"}},{"data":{"source":"P13236","target":"hsa04623","Edge_Type":"kegg_path_prot","label":"is involved in"}},{"data":{"source":"P01730","target":"hsa04612","Edge_Type":"kegg_path_prot","label":"is involved in"}},{"data":{"source":"P04233","target":"hsa04612","Edge_Type":"kegg_path_prot","label":"is involved in"}},{"data":{"source":"P13236","target":"hsa04064","Edge_Type":"kegg_path_prot","label":"is involved in"}},{"data":{"source":"P13236","target":"hsa04064","Edge_Type":"kegg_path_prot","label":"is involved in"}},{"data":{"source":"P61073","target":"hsa04672","Edge_Type":"kegg_path_prot","label":"is involved in"}},{"data":{"source":"P61073","target":"hsa04020","Edge_Type":"kegg_path_prot","label":"is involved in"}},{"data":{"source":"P35368","target":"hsa04020","Edge_Type":"kegg_path_prot","label":"is involved in"}},{"data":{"source":"P61073","target":"hsa04810","Edge_Type":"kegg_path_prot","label":"is involved in"}},{"data":{"source":"P35579","target":"hsa04810","Edge_Type":"kegg_path_prot","label":"is involved in"}},{"data":{"source":"P35579","target":"H00233","Edge_Type":"kegg_dis_prot","label":"is related to"}},{"data":{"source":"P61073","target":"H00097","Edge_Type":"kegg_dis_prot","label":"is related to"}},{"data":{"source":"P35579","target":"H02053","Edge_Type":"kegg_dis_prot","label":"is related to"}},{"data":{"source":"P35579","target":"H00578","Edge_Type":"kegg_dis_prot","label":"is related to"}},{"data":{"source":"P35579","target":"H02051","Edge_Type":"kegg_dis_prot","label":"is related to"}},{"data":{"source":"P35579","target":"H02052","Edge_Type":"kegg_dis_prot","label":"is related to"}},{"data":{"source":"Q04900","target":"H00604","Edge_Type":"kegg_dis_prot","label":"is related to"}},{"data":{"source":"P35579","target":"H00604","Edge_Type":"kegg_dis_prot","label":"is related to"}},{"data":{"source":"O60603","target":"H00344","Edge_Type":"kegg_dis_prot","label":"is related to"}},{"data":{"source":"O60603","target":"H01358","Edge_Type":"kegg_dis_prot","label":"is related to"}},{"data":{"source":"P35579","target":"H01740","Edge_Type":"kegg_dis_prot","label":"is related to"}}]}