Core Proteins,Interacting Proteins,Pathways,HPO terms,Diseases,Targeting Drugs,Experimental Bioactive Compounds (pChEMBL),Predicted interacting Compounds
ESR1 (P03372),ESR1 (P03372); PGR (P06401); CUEDC2 (Q9H467); SENP5 (Q96HI0); SP3 (Q02447); PHB2 (Q99623); LMTK3 (Q96Q04); KDM6B (O15054); CACUL1 (Q86Y37); RAC3 (P60763); NDRG2 (Q9UN36); MACROD1 (Q9BQ69),R-HSA-8939256 RUNX1 regulates transcription of genes involved in WNT signaling[scr:824]; R-HSA-8931987 RUNX1 regulates estrogen receptor mediated transcription[scr:824]; R-HSA-1251985 Nuclear signaling by ERBB4[scr:732]; R-HSA-4090294 SUMOylation of intracellular receptors[scr:659]; R-HSA-8939211 ESR-mediated signaling[scr:449]; R-HSA-383280 Nuclear Receptor transcription pathway[scr:388]; R-HSA-8866910 TFAP2 (AP-2) family regulates transcription of growth factors and their receptors[scr:380]; hsa04915 Estrogen signaling pathway[scr:14]; hsa04961 Endocrine and other factor-regulated calcium reabsorption[scr:10]; hsa04917 Prolactin signaling pathway[scr:8]; hsa04919 Thyroid hormone signaling pathway[scr:4],HP:0003799 Marked delay in bone age[scr:163]; HP:0002083 Migraine without aura[scr:81]; HP:0002077 Migraine with aura[scr:46]; HP:0010679 Elevated tissue non-specific alkaline phosphatase[scr:30]; HP:0002183 Phonophobia[scr:22]; HP:0002663 Delayed epiphyseal ossification[scr:20]; HP:0100879 Enlarged ovaries[scr:18]; HP:0008675 Enlarged polycystic ovaries[scr:18]; HP:0025112 Sound sensitivity[scr:16],H02061 Estrogen resistance syndrome (KEGG)[scr:282]; H00031 Breast cancer (KEGG)[scr:19],DB00294 Etonogestrel[scr:9999999]; DB00304 Desogestrel[scr:734]; DB00890 Dienestrol[scr:734]; DB00882 Clomifene[scr:734]; DB01431 Allylestrenol[scr:734]; DB00823 Ethynodiol diacetate[scr:734]; DB00539 Toremifene[scr:734]; DB00603 Medroxyprogesterone acetate[scr:734]; DB00367 Levonorgestrel[scr:660]; DB11619 Gestrinone[scr:550],,CHEMBL3982214 [scr:40.15]; CHEMBL2386216 [scr:40.15]; CHEMBL3640957 [scr:40.15]; CHEMBL2381645 [scr:40.15]; CHEMBL3911999 [scr:40.15]; CHEMBL1547221 [scr:40.15]; CHEMBL3667451 [scr:40.15]; CHEMBL3667229 [scr:40.15]; CHEMBL3641358 [scr:40.15]; CHEMBL1550806 [scr:40.15]
SHBG (P04278),,,,,DB00294 Etonogestrel[scr:9999999]; DB00890 Dienestrol[scr:734]; DB00882 Clomifene[scr:734]; DB00539 Toremifene[scr:734]; DB00367 Levonorgestrel[scr:660]; DB11619 Gestrinone[scr:550],,
PGR (P06401),PGR (P06401); ESR1 (P03372); CUEDC2 (Q9H467),R-HSA-1251985 Nuclear signaling by ERBB4[scr:732]; R-HSA-4090294 SUMOylation of intracellular receptors[scr:659]; R-HSA-383280 Nuclear Receptor transcription pathway[scr:388]; hsa04915 Estrogen signaling pathway[scr:14]; hsa04914 Progesterone-mediated oocyte maturation[scr:6],HP:0008222 Female infertility[scr:46],,DB00294 Etonogestrel[scr:9999999]; DB00304 Desogestrel[scr:734]; DB01431 Allylestrenol[scr:734]; DB00823 Ethynodiol diacetate[scr:734]; DB00603 Medroxyprogesterone acetate[scr:734]; DB00367 Levonorgestrel[scr:660]; DB11619 Gestrinone[scr:550],,
CUEDC2 (Q9H467),ESR1 (P03372); PGR (P06401),,,,,,
SENP5 (Q96HI0),ESR1 (P03372),R-HSA-3065679 SUMO is proteolytically processed[scr:824],,,,,
SP3 (Q02447),ESR1 (P03372),R-HSA-3232118 SUMOylation of transcription factors[scr:247],,,,,
PHB2 (Q99623),ESR1 (P03372),R-HSA-8949664 Processing of SMDT1[scr:309],,,,,
LMTK3 (Q96Q04),ESR1 (P03372),,,,,,
KDM6B (O15054),ESR1 (P03372),,,,,,
CACUL1 (Q86Y37),ESR1 (P03372),,,,,,
RAC3 (P60763),ESR1 (P03372),hsa04370 VEGF signaling pathway[scr:9]; hsa04664 Fc epsilon RI signaling pathway[scr:8]; hsa04520 Adherens junction[scr:7]; hsa04662 B cell receptor signaling pathway[scr:7]; hsa04071 Sphingolipid signaling pathway[scr:4],,EFO:0010563 neurodevelopmental disorder with structural brain anomalies and dysmorphic facies (EFO)[scr:0],,,
NDRG2 (Q9UN36),ESR1 (P03372),,,,,,
MACROD1 (Q9BQ69),ESR1 (P03372),,,,,,
