{"options":{"search_start":1613059467,"tax_ids":[9606],"num_of_fn_nodes":10,"num_of_pathways":10,"num_of_phenotypes":10,"num_of_drugs":10,"num_of_diseases":10,"num_of_compounds":10,"chembl_compounds":0,"predictions":1,"reviewed_filter":1,"fn":1,"chembl":1,"search_finish":1613059474,"search_runtime":7},"search":[{"Drug":[{"DB03541":"10-Propargyl-5,8-Dideazafolic Acid"}]}],"nodes":[{"data":{"id":"P04818","display_name":"TYMS","Node_Type":"Protein"}},{"data":{"id":"P0CG22","display_name":"DHRS4L1","Node_Type":"Protein"}},{"data":{"id":"P16083","display_name":"NQO2","Node_Type":"Protein"}},{"data":{"id":"Q96D03","display_name":"DDIT4L","Node_Type":"Protein_N"}},{"data":{"id":"Q8IWL3","display_name":"HSCB","Node_Type":"Protein_N"}},{"data":{"id":"Q5JVL4","display_name":"EFHC1","Node_Type":"Protein_N"}},{"data":{"id":"Q9NZD8","display_name":"SPG21","Node_Type":"Protein_N"}},{"data":{"id":"Q9H8Y8","display_name":"GORASP2","Node_Type":"Protein_N"}},{"data":{"id":"Orphanet:101001","display_name":"Autosomal recessive spastic paraplegia type 21","Node_Type":"Disease","enrichScore":450.125}},{"data":{"id":"Orphanet:1941","display_name":"Juvenile absence epilepsy","Node_Type":"Disease","enrichScore":450.125}},{"data":{"id":"Orphanet:307","display_name":"Juvenile myoclonic epilepsy","Node_Type":"Disease","enrichScore":75.021}},{"data":{"id":"DB03541","display_name":"10-Propargyl-5,8-Dideazafolic Acid","Node_Type":"Drug","enrichScore":9999999}},{"data":{"id":"DB09256","display_name":"Tegafur","Node_Type":"Drug","enrichScore":596.125}},{"data":{"id":"DB08478","display_name":"N-[2-Chloro-5-(trifluoromethyl)phenyl]imidodicarbonimidic diamide","Node_Type":"Drug","enrichScore":596.125}},{"data":{"id":"DB08228","display_name":"5,8-dimethoxy-1,4-dimethylquinolin-2(1H)-one","Node_Type":"Drug","enrichScore":596.125}},{"data":{"id":"DB08190","display_name":"N-[2-(2-iodo-5-methoxy-1H-indol-3-yl)ethyl]acetamide","Node_Type":"Drug","enrichScore":596.125}},{"data":{"id":"DB07765","display_name":"METHYL 1-(4-{[(2,4-DIAMINOPTERIDIN-6-YL)METHYL](METHYL)AMINO}BENZOYL)PIPERIDINE-4-CARBOXYLATE","Node_Type":"Drug","enrichScore":596.125}},{"data":{"id":"DB07689","display_name":"METHYL 1-(4-{[(2,4-DIAMINOPTERIDIN-6-YL)METHYL]AMINO}BENZOYL)PIPERIDINE-4-CARBOXYLATE","Node_Type":"Drug","enrichScore":596.125}},{"data":{"id":"DB07577","display_name":"2,4-Diamino-5-phenyl-6-ethylpyrimidine","Node_Type":"Drug","enrichScore":596.125}},{"data":{"id":"DB07339","display_name":"(3S)-3-hydroxy-1-methyl-2,3-dihydro-1H-indole-5,6-dione","Node_Type":"Drug","enrichScore":596.125}},{"data":{"id":"DB05457","display_name":"OSI-7904L","Node_Type":"Drug","enrichScore":596.125}},{"data":{"id":"R-HSA-1362409","display_name":"Mitochondrial iron-sulfur cluster biogenesis","Node_Type":"Pathway","enrichScore":669.531}},{"data":{"id":"R-HSA-162658","display_name":"Golgi Cisternae Pericentriolar Stack Reorganization","Node_Type":"Pathway","enrichScore":573.884}},{"data":{"id":"R-HSA-211945","display_name":"Phase I - Functionalization of compounds","Node_Type":"Pathway","enrichScore":382.589}},{"data":{"id":"R-HSA-499943","display_name":"Interconversion of nucleotide di- and triphosphates","Node_Type":"Pathway","enrichScore":267.813}},{"data":{"id":"R-HSA-1268020","display_name":"Mitochondrial protein import","Node_Type":"Pathway","enrichScore":123.606}},{"data":{"id":"R-HSA-69205","display_name":"G1\/S-Specific Transcription","Node_Type":"Pathway","enrichScore":0}},{"data":{"id":"HP:0012001","display_name":"EEG with generalized polyspikes","Node_Type":"HPO","enrichScore":528.875}},{"data":{"id":"HP:0012672","display_name":"Akinetic mutism","Node_Type":"HPO","enrichScore":264.438}},{"data":{"id":"HP:0007193","display_name":"Generalized tonic-clonic seizures on awakening","Node_Type":"HPO","enrichScore":176.292}},{"data":{"id":"HP:0010849","display_name":"EEG with spike-wave complexes (>3.5 Hz)","Node_Type":"HPO","enrichScore":105.775}},{"data":{"id":"HP:0007000","display_name":"Morning myoclonic jerks","Node_Type":"HPO","enrichScore":48.08}},{"data":{"id":"HP:0006892","display_name":"Frontotemporal cerebral atrophy","Node_Type":"HPO","enrichScore":40.683}},{"data":{"id":"HP:0007207","display_name":"Photosensitive tonic-clonic seizure","Node_Type":"HPO","enrichScore":40.683}},{"data":{"id":"HP:0012075","display_name":"Personality disorder","Node_Type":"HPO","enrichScore":37.777}},{"data":{"id":"HP:0002476","display_name":"Primitive reflex","Node_Type":"HPO","enrichScore":29.382}},{"data":{"id":"HP:0002392","display_name":"EEG with polyspike wave complexes","Node_Type":"HPO","enrichScore":24.04}},{"data":{"id":"hsa00670","display_name":"One carbon pool by folate","Node_Type":"kegg_Pathway","enrichScore":44.987}},{"data":{"id":"hsa00240","display_name":"Pyrimidine metabolism","Node_Type":"kegg_Pathway","enrichScore":14.996}},{"data":{"id":"hsa04144","display_name":"Endocytosis","Node_Type":"kegg_Pathway","enrichScore":3.419}},{"data":{"id":"hsa01100","display_name":"Metabolic pathways","Node_Type":"kegg_Pathway","enrichScore":0.578}},{"data":{"id":"H02216","display_name":"Juvenile absence epilepsy","Node_Type":"kegg_Disease","enrichScore":229.188}},{"data":{"id":"H02217","display_name":"Juvenile myoclonic epilepsy","Node_Type":"kegg_Disease","enrichScore":76.396}},{"data":{"id":"H00266","display_name":"Hereditary spastic paraplegia","Node_Type":"kegg_Disease","enrichScore":8.488}}],"edges":[{"data":{"source":"Q96D03","target":"P16083","Edge_Type":"PPI","label":"interacts w\/"}},{"data":{"source":"Q8IWL3","target":"P16083","Edge_Type":"PPI","label":"interacts w\/"}},{"data":{"source":"Q8IWL3","target":"Q8IWL3","Edge_Type":"PPI","label":"interacts w\/"}},{"data":{"source":"Q5JVL4","target":"P16083","Edge_Type":"PPI","label":"interacts w\/"}},{"data":{"source":"Q9NZD8","target":"P16083","Edge_Type":"PPI","label":"interacts w\/"}},{"data":{"source":"Q9H8Y8","target":"P16083","Edge_Type":"PPI","label":"interacts w\/"}},{"data":{"source":"HP:0012001","target":"Orphanet:307","Edge_Type":"hpodis","label":"is associated w\/"}},{"data":{"source":"HP:0012672","target":"Orphanet:101001","Edge_Type":"hpodis","label":"is associated w\/"}},{"data":{"source":"HP:0007193","target":"Orphanet:307","Edge_Type":"hpodis","label":"is associated w\/"}},{"data":{"source":"HP:0007193","target":"Orphanet:1941","Edge_Type":"hpodis","label":"is associated w\/"}},{"data":{"source":"HP:0007193","target":"Orphanet:307","Edge_Type":"hpodis","label":"is associated w\/"}},{"data":{"source":"HP:0010849","target":"Orphanet:1941","Edge_Type":"hpodis","label":"is associated w\/"}},{"data":{"source":"HP:0007000","target":"Orphanet:307","Edge_Type":"hpodis","label":"is associated w\/"}},{"data":{"source":"HP:0007000","target":"Orphanet:307","Edge_Type":"hpodis","label":"is associated w\/"}},{"data":{"source":"HP:0007000","target":"Orphanet:307","Edge_Type":"hpodis","label":"is associated w\/"}},{"data":{"source":"HP:0006892","target":"Orphanet:101001","Edge_Type":"hpodis","label":"is associated w\/"}},{"data":{"source":"HP:0007207","target":"Orphanet:307","Edge_Type":"hpodis","label":"is associated w\/"}},{"data":{"source":"HP:0012075","target":"Orphanet:101001","Edge_Type":"hpodis","label":"is associated w\/"}},{"data":{"source":"HP:0002476","target":"Orphanet:101001","Edge_Type":"hpodis","label":"is associated w\/"}},{"data":{"source":"HP:0002476","target":"Orphanet:101001","Edge_Type":"hpodis","label":"is associated w\/"}},{"data":{"source":"HP:0002392","target":"Orphanet:307","Edge_Type":"hpodis","label":"is associated w\/"}},{"data":{"source":"HP:0002392","target":"Orphanet:307","Edge_Type":"hpodis","label":"is associated w\/"}},{"data":{"source":"HP:0002392","target":"Orphanet:1941","Edge_Type":"hpodis","label":"is associated w\/"}},{"data":{"source":"Q9NZD8","target":"Orphanet:101001","Edge_Type":"Disease","label":"is related to"}},{"data":{"source":"Q5JVL4","target":"Orphanet:1941","Edge_Type":"Disease","label":"is related to"}},{"data":{"source":"Q5JVL4","target":"Orphanet:307","Edge_Type":"Disease","label":"is related to"}},{"data":{"source":"P16083","target":"DB03541","Edge_Type":"Drug","label":"targets"}},{"data":{"source":"P04818","target":"DB03541","Edge_Type":"Drug","label":"targets"}},{"data":{"source":"P0CG22","target":"DB03541","Edge_Type":"Drug","label":"targets"}},{"data":{"source":"P04818","target":"DB09256","Edge_Type":"Drug","label":"targets"}},{"data":{"source":"P04818","target":"DB08478","Edge_Type":"Drug","label":"targets"}},{"data":{"source":"P16083","target":"DB08228","Edge_Type":"Drug","label":"targets"}},{"data":{"source":"P16083","target":"DB08190","Edge_Type":"Drug","label":"targets"}},{"data":{"source":"P0CG22","target":"DB07765","Edge_Type":"Drug","label":"targets"}},{"data":{"source":"P0CG22","target":"DB07689","Edge_Type":"Drug","label":"targets"}},{"data":{"source":"P04818","target":"DB07577","Edge_Type":"Drug","label":"targets"}},{"data":{"source":"P16083","target":"DB07339","Edge_Type":"Drug","label":"targets"}},{"data":{"source":"P04818","target":"DB05457","Edge_Type":"Drug","label":"targets"}},{"data":{"source":"Q8IWL3","target":"R-HSA-1362409","Edge_Type":"Pathway","label":"is involved in"}},{"data":{"source":"Q9H8Y8","target":"R-HSA-162658","Edge_Type":"Pathway","label":"is involved in"}},{"data":{"source":"P16083","target":"R-HSA-211945","Edge_Type":"Pathway","label":"is involved in"}},{"data":{"source":"P04818","target":"R-HSA-499943","Edge_Type":"Pathway","label":"is involved in"}},{"data":{"source":"Q8IWL3","target":"R-HSA-1268020","Edge_Type":"Pathway","label":"is involved in"}},{"data":{"source":"P04818","target":"R-HSA-69205","Edge_Type":"Pathway","label":"is involved in"}},{"data":{"source":"Q5JVL4","target":"HP:0012001","Edge_Type":"HPO","label":"is associated w\/"}},{"data":{"source":"Q9NZD8","target":"HP:0012672","Edge_Type":"HPO","label":"is associated w\/"}},{"data":{"source":"Q5JVL4","target":"HP:0007193","Edge_Type":"HPO","label":"is associated w\/"}},{"data":{"source":"Q5JVL4","target":"HP:0010849","Edge_Type":"HPO","label":"is associated w\/"}},{"data":{"source":"Q5JVL4","target":"HP:0007000","Edge_Type":"HPO","label":"is associated w\/"}},{"data":{"source":"Q9NZD8","target":"HP:0006892","Edge_Type":"HPO","label":"is associated w\/"}},{"data":{"source":"Q5JVL4","target":"HP:0007207","Edge_Type":"HPO","label":"is associated w\/"}},{"data":{"source":"Q9NZD8","target":"HP:0012075","Edge_Type":"HPO","label":"is associated w\/"}},{"data":{"source":"Q9NZD8","target":"HP:0002476","Edge_Type":"HPO","label":"is associated w\/"}},{"data":{"source":"Q5JVL4","target":"HP:0002392","Edge_Type":"HPO","label":"is associated w\/"}},{"data":{"source":"H00266","target":"hsa04144","Edge_Type":"kegg_dis_path","label":"modulates"}},{"data":{"source":"P04818","target":"hsa00670","Edge_Type":"kegg_path_prot","label":"is involved in"}},{"data":{"source":"P04818","target":"hsa00240","Edge_Type":"kegg_path_prot","label":"is involved in"}},{"data":{"source":"Q9NZD8","target":"hsa04144","Edge_Type":"kegg_path_prot","label":"is involved in"}},{"data":{"source":"P04818","target":"hsa01100","Edge_Type":"kegg_path_prot","label":"is involved in"}},{"data":{"source":"Q5JVL4","target":"H02216","Edge_Type":"kegg_dis_prot","label":"is related to"}},{"data":{"source":"Q5JVL4","target":"H02217","Edge_Type":"kegg_dis_prot","label":"is related to"}},{"data":{"source":"Q9NZD8","target":"H00266","Edge_Type":"kegg_dis_prot","label":"is related to"}}]}