Core Proteins,Interacting Proteins,Pathways,HPO terms,Diseases,Targeting Drugs,Experimental Bioactive Compounds (pChEMBL),Predicted interacting Compounds
CHRM2 (P08172),,R-HSA-390648 Muscarinic acetylcholine receptors[scr:41136]; R-HSA-8856825 Cargo recognition for clathrin-mediated endocytosis[scr:122]; R-HSA-8856828 Clathrin-mediated endocytosis[scr:100]; R-HSA-418594 G alpha (i) signalling events[scr:49]; hsa04725 Cholinergic synapse[scr:195]; hsa04020 Calcium signaling pathway[scr:110]; hsa04810 Regulation of actin cytoskeleton[scr:103]; hsa04080 Neuroactive ligand-receptor interaction[scr:64]; hsa04024 cAMP signaling pathway[scr:25]; hsa04151 PI3K-Akt signaling pathway[scr:15],,EFO:0003761 unipolar depression (EFO)[scr:240]; EFO:0003829 alcohol dependence (EFO)[scr:144],DB00383 Oxyphencyclimine[scr:9999999]; DB05752 ALKS 27[scr:3052]; DB01036 Tolterodine[scr:3052]; DB06702 Fesoterodine[scr:3052]; DB00785 Cryptenamine[scr:3052]; DB00496 Darifenacin[scr:3052]; DB08897 Aclidinium[scr:3052]; DB09076 Umeclidinium[scr:3052]; DB01591 Solifenacin[scr:3052]; DB00376 Trihexyphenidyl[scr:3052],,CHEMBL545727 [scr:208.8]; CHEMBL553274 [scr:208.8]; CHEMBL554700 [scr:208.8]; CHEMBL542624 [scr:139.2]; CHEMBL529660 [scr:104.4]; CHEMBL372419 [scr:104.4]
CHRM1 (P11229),,R-HSA-390648 Muscarinic acetylcholine receptors[scr:41136]; R-HSA-416476 G alpha (q) signalling events[scr:657]; hsa04725 Cholinergic synapse[scr:195]; hsa04020 Calcium signaling pathway[scr:110]; hsa04810 Regulation of actin cytoskeleton[scr:103]; hsa04080 Neuroactive ligand-receptor interaction[scr:64]; hsa04024 cAMP signaling pathway[scr:25]; hsa04151 PI3K-Akt signaling pathway[scr:15],,,DB00383 Oxyphencyclimine[scr:9999999]; DB05752 ALKS 27[scr:3052]; DB01036 Tolterodine[scr:3052]; DB06702 Fesoterodine[scr:3052]; DB00785 Cryptenamine[scr:3052]; DB00496 Darifenacin[scr:3052]; DB08897 Aclidinium[scr:3052]; DB09076 Umeclidinium[scr:3052]; DB01591 Solifenacin[scr:3052]; DB00376 Trihexyphenidyl[scr:3052],,
CHRM3 (P20309),NALCN (Q8IZF0); CHRM5 (P08912),R-HSA-390648 Muscarinic acetylcholine receptors[scr:41136]; R-HSA-399997 Acetylcholine regulates insulin secretion[scr:1286]; R-HSA-416476 G alpha (q) signalling events[scr:657]; hsa04725 Cholinergic synapse[scr:195]; hsa04020 Calcium signaling pathway[scr:110]; hsa04810 Regulation of actin cytoskeleton[scr:103]; hsa04080 Neuroactive ligand-receptor interaction[scr:64]; hsa04742 Taste transduction[scr:17]; hsa04971 Gastric acid secretion[scr:16]; hsa04911 Insulin secretion[scr:16]; hsa04970 Salivary secretion[scr:14],HP:0005199 Aplasia of the abdominal wall musculature[scr:846]; HP:0004392 Prune belly[scr:423]; HP:0010957 Congenital posterior urethral valve[scr:212]; HP:0010481 Urethral valve[scr:121],Orphanet:2970 Prune belly syndrome (EFO)[scr:720]; H02129 Prune belly syndrome (KEGG)[scr:733],DB00383 Oxyphencyclimine[scr:9999999]; DB05752 ALKS 27[scr:3052]; DB01036 Tolterodine[scr:3052]; DB06702 Fesoterodine[scr:3052]; DB00785 Cryptenamine[scr:3052]; DB00496 Darifenacin[scr:3052]; DB08897 Aclidinium[scr:3052]; DB09076 Umeclidinium[scr:3052]; DB01591 Solifenacin[scr:3052]; DB00376 Trihexyphenidyl[scr:3052],,
NALCN (Q8IZF0),CHRM3 (P20309),R-HSA-2672351 Stimuli-sensing channels[scr:163],HP:0009931 Enlarged naris[scr:423]; HP:0000205 Pursed lips[scr:212]; HP:0000417 Slender nose[scr:212]; HP:0100830 Round ear[scr:141]; HP:0010489 Absent palmar crease[scr:94]; HP:0003049 Ulnar deviation of the wrist[scr:77],EFO:1001868 congenital contractures of the limbs and face- hypotonia- and developmental delay (EFO)[scr:720]; Orphanet:371364 Hypotonia-speech impairment-severe cognitive delay syndrome (EFO)[scr:720]; H01922 Infantile hypotonia with psychomotor retardation and characteristic facies (KEGG)[scr:183],,,
CHRM5 (P08912),CHRM3 (P20309),R-HSA-390648 Muscarinic acetylcholine receptors[scr:41136]; R-HSA-416476 G alpha (q) signalling events[scr:657]; hsa04725 Cholinergic synapse[scr:195]; hsa04020 Calcium signaling pathway[scr:110]; hsa04810 Regulation of actin cytoskeleton[scr:103]; hsa04080 Neuroactive ligand-receptor interaction[scr:64],,,DB05752 ALKS 27[scr:3052]; DB01036 Tolterodine[scr:3052]; DB06702 Fesoterodine[scr:3052]; DB00785 Cryptenamine[scr:3052]; DB00496 Darifenacin[scr:3052]; DB08897 Aclidinium[scr:3052]; DB09076 Umeclidinium[scr:3052]; DB01591 Solifenacin[scr:3052]; DB00376 Trihexyphenidyl[scr:3052],,CHEMBL545727 [scr:208.8]; CHEMBL553274 [scr:208.8]; CHEMBL554700 [scr:208.8]; CHEMBL542624 [scr:139.2]; CHEMBL529660 [scr:104.4]; CHEMBL1824933 [scr:104.4]; CHEMBL549539 [scr:104.4]; CHEMBL361702 [scr:104.4]; CHEMBL545747 [scr:104.4]
