Core Proteins,Interacting Proteins,Pathways,HPO terms,Diseases,Targeting Drugs,Experimental Bioactive Compounds (pChEMBL),Predicted interacting Compounds
ESR1 (P03372),ESR1 (P03372); KMT2D (O14686); CACUL1 (Q86Y37); SENP5 (Q96HI0); LMTK3 (Q96Q04); PHB2 (Q99623); SP3 (Q02447),R-HSA-4090294 SUMOylation of intracellular receptors[scr:1377]; R-HSA-383280 Nuclear Receptor transcription pathway[scr:810]; R-HSA-8931987 RUNX1 regulates estrogen receptor mediated transcription[scr:765]; R-HSA-8939256 RUNX1 regulates transcription of genes involved in WNT signaling[scr:765]; R-HSA-8939211 ESR-mediated signaling[scr:417]; R-HSA-8866910 TFAP2 (AP-2) family regulates transcription of growth factors and their receptors[scr:353]; hsa04961 Endocrine and other factor-regulated calcium reabsorption[scr:9]; hsa04917 Prolactin signaling pathway[scr:7]; hsa04919 Thyroid hormone signaling pathway[scr:4]; hsa04915 Estrogen signaling pathway[scr:3],HP:0003799 Marked delay in bone age[scr:151]; HP:0002083 Migraine without aura[scr:76],H02061 Estrogen resistance syndrome (KEGG)[scr:262],DB13951 Stanolone acetate[scr:9999999]; DB02901 Stanolone[scr:1363]; DB13944 Testosterone enanthate[scr:1022]; DB13946 Testosterone undecanoate[scr:1022]; DB00624 Testosterone[scr:1022]; DB13943 Testosterone cypionate[scr:1022]; DB02187 Equilin[scr:681]; DB06710 Methyltestosterone[scr:681]; DB09371 Norethynodrel[scr:454],,CHEMBL3972700 [scr:111.86]; CHEMBL3933228 [scr:111.86]; CHEMBL1644079 [scr:111.86]; CHEMBL2019091 [scr:111.86]; CHEMBL3891320 [scr:111.86]; CHEMBL2369208 [scr:111.86]; CHEMBL3754227 [scr:111.86]; CHEMBL3951098 [scr:111.86]; CHEMBL3672310 [scr:111.86]; CHEMBL3655192 [scr:111.86]
NR3C2 (P08235),,R-HSA-4090294 SUMOylation of intracellular receptors[scr:1377]; R-HSA-383280 Nuclear Receptor transcription pathway[scr:810]; R-HSA-3371497 HSP90 chaperone cycle for steroid hormone receptors (SHR)[scr:322]; hsa04960 Aldosterone-regulated sodium reabsorption[scr:13],,Orphanet:171871 Renal pseudohypoaldosteronism type 1 (EFO)[scr:257]; Orphanet:88660 Pseudohyperaldosteronism type 2 (EFO)[scr:257]; Orphanet:756 Pseudohypoaldosteronism type 1 (EFO)[scr:86]; H00603 Hypertension exacerbated in pregnancy (KEGG)[scr:262]; H01633 High blood pressure (KEGG)[scr:44]; H00243 Hyperkalemic distal renal tubular acidosis (RTA type 4) (KEGG)[scr:33],DB13951 Stanolone acetate[scr:9999999]; DB02901 Stanolone[scr:1363]; DB13944 Testosterone enanthate[scr:1022]; DB13946 Testosterone undecanoate[scr:1022]; DB00624 Testosterone[scr:1022]; DB13943 Testosterone cypionate[scr:1022],,CHEMBL3972700 [scr:111.86]; CHEMBL3933228 [scr:111.86]; CHEMBL1644079 [scr:111.86]; CHEMBL2019091 [scr:111.86]; CHEMBL3891320 [scr:111.86]; CHEMBL2369208 [scr:111.86]; CHEMBL3754227 [scr:111.86]; CHEMBL3951098 [scr:111.86]; CHEMBL3672310 [scr:111.86]; CHEMBL3655192 [scr:111.86]
AR (P10275),KMT2D (O14686); FOXA1 (P55317); JMJD1C (Q15652); KDM5D (Q9BY66); KDM5D (Q9BY66); KLK3 (P07288),R-HSA-4090294 SUMOylation of intracellular receptors[scr:1377]; R-HSA-383280 Nuclear Receptor transcription pathway[scr:810]; R-HSA-5625886 Activated PKN1 stimulates transcription of AR (androgen receptor) regulated genes KLK2 and KLK3[scr:510]; R-HSA-3371497 HSP90 chaperone cycle for steroid hormone receptors (SHR)[scr:322]; hsa04114 Oocyte meiosis[scr:4],HP:0040314 Blind vagina[scr:302]; HP:0002555 Absent pubic hair[scr:76]; HP:0008655 Aplasia/Hypoplasia of the fallopian tube[scr:60]; HP:0012873 Absent vas deferens[scr:60],Orphanet:481 Kennedy disease (EFO)[scr:257]; Orphanet:754 Androgen insensitivity syndrome (EFO)[scr:257]; Orphanet:90797 Partial androgen insensitivity syndrome (EFO)[scr:257]; Orphanet:99429 Complete androgen insensitivity syndrome (EFO)[scr:257]; Orphanet:440 Familial hypospadias (EFO)[scr:129]; H00062 Spinal and bulbar muscular atrophy (SBMA) (KEGG)[scr:262]; H02177 Androgen insensitivity syndrome (KEGG)[scr:262]; H02175 Hypospadias (KEGG)[scr:131]; H00455 Spinal muscular atrophy (KEGG)[scr:33],DB13951 Stanolone acetate[scr:9999999]; DB02901 Stanolone[scr:1363]; DB13944 Testosterone enanthate[scr:1022]; DB13946 Testosterone undecanoate[scr:1022]; DB00624 Testosterone[scr:1022]; DB13943 Testosterone cypionate[scr:1022]; DB04839 Cyproterone acetate[scr:681]; DB06710 Methyltestosterone[scr:681]; DB09371 Norethynodrel[scr:454],,CHEMBL3972700 [scr:111.86]; CHEMBL3933228 [scr:111.86]; CHEMBL1644079 [scr:111.86]; CHEMBL2019091 [scr:111.86]; CHEMBL3891320 [scr:111.86]; CHEMBL2369208 [scr:111.86]; CHEMBL3754227 [scr:111.86]; CHEMBL3951098 [scr:111.86]; CHEMBL3672310 [scr:111.86]; CHEMBL3655192 [scr:111.86]
HSD17B1 (P14061),,R-HSA-193144 Estrogen biosynthesis[scr:765]; hsa04913 Ovarian steroidogenesis[scr:9]; hsa00140 Steroid hormone biosynthesis[scr:8]; hsa01100 Metabolic pathways[scr:1],,,DB13951 Stanolone acetate[scr:9999999]; DB02901 Stanolone[scr:1363]; DB02187 Equilin[scr:681],,
KMT2D (O14686),ESR1 (P03372); AR (P10275),hsa00310 Lysine degradation[scr:8]; hsa01100 Metabolic pathways[scr:1],HP:0005218 Anoperineal fistula[scr:151]; HP:0011231 Prominent eyelashes[scr:101]; HP:0010447 Anal fistula[scr:101]; HP:0007655 Eversion of lateral third of lower eyelids[scr:60],Orphanet:2322 Kabuki syndrome (EFO)[scr:129]; H00570 Kabuki syndrome (KEGG)[scr:131]; H01613 Follicular lymphoma (KEGG)[scr:37],,,
FOXA1 (P55317),AR (P10275),,,,,,
CACUL1 (Q86Y37),ESR1 (P03372),,,,,,
SENP5 (Q96HI0),ESR1 (P03372),R-HSA-3065679 SUMO is proteolytically processed[scr:765],,,,,
LMTK3 (Q96Q04),ESR1 (P03372),,,,,,
JMJD1C (Q15652),AR (P10275),,,,,,
KDM5D (Q9BY66),AR (P10275),,,,,,
KLK3 (P07288),AR (P10275),R-HSA-5625886 Activated PKN1 stimulates transcription of AR (androgen receptor) regulated genes KLK2 and KLK3[scr:510],,,DB04839 Cyproterone acetate[scr:681],,
PHB2 (Q99623),ESR1 (P03372),,,,,,
SP3 (Q02447),ESR1 (P03372),,,,,,
