{"options":{"search_start":1613055998,"tax_ids":[9606],"num_of_fn_nodes":10,"num_of_pathways":10,"num_of_phenotypes":10,"num_of_drugs":10,"num_of_diseases":10,"num_of_compounds":10,"chembl_compounds":0,"predictions":1,"reviewed_filter":1,"fn":1,"chembl":1,"search_finish":1613056033,"search_runtime":35},"search":[{"Drug":[{"DB07218":"6-CHLORO-9-HYDROXY-1,3-DIMETHYL-1,9-DIHYDRO-4H-PYRAZOLO[3,4-B]QUINOLIN-4-ONE"}]}],"nodes":[{"data":{"id":"P45983","display_name":"MAPK8","Node_Type":"Protein"}},{"data":{"id":"Q9UQF2","display_name":"MAPK8IP1","Node_Type":"Protein"}},{"data":{"id":"Q9Y6W6","display_name":"DUSP10","Node_Type":"Protein_N"}},{"data":{"id":"O14733","display_name":"MAP2K7","Node_Type":"Protein_N"}},{"data":{"id":"Q92934","display_name":"BAD","Node_Type":"Protein_N"}},{"data":{"id":"O43318","display_name":"MAP3K7","Node_Type":"Protein_N"}},{"data":{"id":"P16104","display_name":"H2AX","Node_Type":"Protein_N"}},{"data":{"id":"Q8N122","display_name":"RPTOR","Node_Type":"Protein_N"}},{"data":{"id":"P22681","display_name":"CBL","Node_Type":"Protein_N"}},{"data":{"id":"P60953","display_name":"CDC42","Node_Type":"Protein_N"}},{"data":{"id":"P05412","display_name":"JUN","Node_Type":"Protein_N"}},{"data":{"id":"P46108","display_name":"CRK","Node_Type":"Protein_N"}},{"data":{"id":"Orphanet:3238","display_name":"Cardiospondylocarpofacial syndrome","Node_Type":"Disease","enrichScore":300.083}},{"data":{"id":"Orphanet:363972","display_name":"Noonan syndrome-like disorder with juvenile myelomonocytic leukemia","Node_Type":"Disease","enrichScore":300.083}},{"data":{"id":"Orphanet:1826","display_name":"Frontometaphyseal dysplasia","Node_Type":"Disease","enrichScore":150.042}},{"data":{"id":"EFO:0001360","display_name":"type II diabetes mellitus","Node_Type":"Disease","enrichScore":11.114}},{"data":{"id":"MONDO:0014757","display_name":"macrothrombocytopenia-lymphedema-developmental delay-facial dysmorphism-camptodactyly syndrome","Node_Type":"Disease","enrichScore":0}},{"data":{"id":"DB07218","display_name":"6-CHLORO-9-HYDROXY-1,3-DIMETHYL-1,9-DIHYDRO-4H-PYRAZOLO[3,4-B]QUINOLIN-4-ONE","Node_Type":"Drug","enrichScore":9999999}},{"data":{"id":"DB07276","display_name":"5-CYANO-N-(2,5-DIMETHOXYBENZYL)-6-ETHOXYPYRIDINE-2-CARBOXAMIDE","Node_Type":"Drug","enrichScore":794.833}},{"data":{"id":"DB07272","display_name":"N-(4-AMINO-5-CYANO-6-ETHOXYPYRIDIN-2-YL)-2-(4-BROMO-2,5-DIMETHOXYPHENYL)ACETAMIDE","Node_Type":"Drug","enrichScore":794.833}},{"data":{"id":"DB02623","display_name":"Aminophosphonic acid-guanylate ester","Node_Type":"Drug","enrichScore":397.417}},{"data":{"id":"DB07845","display_name":"2-fluoro-6-{[2-({2-methoxy-4-[(methylsulfonyl)methyl]phenyl}amino)-7H-pyrrolo[2,3-d]pyrimidin-4-yl]amino}benzamide","Node_Type":"Drug","enrichScore":397.417}},{"data":{"id":"DB07268","display_name":"2-({2-[(3-HYDROXYPHENYL)AMINO]PYRIMIDIN-4-YL}AMINO)BENZAMIDE","Node_Type":"Drug","enrichScore":397.417}},{"data":{"id":"DB01782","display_name":"Pyrazolanthrone","Node_Type":"Drug","enrichScore":397.417}},{"data":{"id":"DB01029","display_name":"Irbesartan","Node_Type":"Drug","enrichScore":198.708}},{"data":{"id":"DB11157","display_name":"Anthralin","Node_Type":"Drug","enrichScore":132.472}},{"data":{"id":"DB12340","display_name":"Navitoclax","Node_Type":"Drug","enrichScore":132.472}},{"data":{"id":"R-HSA-450321","display_name":"JNK (c-Jun kinases) phosphorylation and activation mediated by activated human TAK1","Node_Type":"Pathway","enrichScore":2191.193}},{"data":{"id":"R-HSA-450341","display_name":"Activation of the AP-1 family of transcription factors","Node_Type":"Pathway","enrichScore":2142.5}},{"data":{"id":"R-HSA-110330","display_name":"Recognition and association of DNA glycosylase with site containing an affected purine","Node_Type":"Pathway","enrichScore":1785.417}},{"data":{"id":"R-HSA-110331","display_name":"Cleavage of the damaged purine","Node_Type":"Pathway","enrichScore":1785.417}},{"data":{"id":"R-HSA-139910","display_name":"Activation of BMF and translocation to mitochondria","Node_Type":"Pathway","enrichScore":1785.417}},{"data":{"id":"R-HSA-111446","display_name":"Activation of BIM and translocation to mitochondria","Node_Type":"Pathway","enrichScore":1785.417}},{"data":{"id":"R-HSA-9007892","display_name":"Interleukin-38 signaling","Node_Type":"Pathway","enrichScore":1339.063}},{"data":{"id":"R-HSA-912631","display_name":"Regulation of signaling by CBL","Node_Type":"Pathway","enrichScore":973.864}},{"data":{"id":"R-HSA-2559580","display_name":"Oxidative Stress Induced Senescence","Node_Type":"Pathway","enrichScore":911.702}},{"data":{"id":"R-HSA-170984","display_name":"ARMS-mediated activation","Node_Type":"Pathway","enrichScore":765.179}},{"data":{"id":"HP:0006160","display_name":"Irregular metacarpals","Node_Type":"HPO","enrichScore":176.292}},{"data":{"id":"HP:0010103","display_name":"Short distal phalanx of hallux","Node_Type":"HPO","enrichScore":176.292}},{"data":{"id":"HP:0008451","display_name":"Posterior vertebral hypoplasia","Node_Type":"HPO","enrichScore":117.528}},{"data":{"id":"HP:0010493","display_name":"Long metacarpals","Node_Type":"HPO","enrichScore":117.528}},{"data":{"id":"HP:0006352","display_name":"Failure of eruption of permanent teeth","Node_Type":"HPO","enrichScore":88.146}},{"data":{"id":"HP:0000454","display_name":"Flared nostrils","Node_Type":"HPO","enrichScore":88.146}},{"data":{"id":"HP:0010111","display_name":"Short phalanx of hallux","Node_Type":"HPO","enrichScore":70.517}},{"data":{"id":"HP:0007655","display_name":"Eversion of lateral third of lower eyelids","Node_Type":"HPO","enrichScore":70.517}},{"data":{"id":"HP:0010746","display_name":"Hypoplasia of the phalanges of the toes","Node_Type":"HPO","enrichScore":58.764}},{"data":{"id":"HP:0012209","display_name":"Juvenile myelomonocytic leukemia","Node_Type":"HPO","enrichScore":58.764}},{"data":{"id":"CHEMBL1808454","display_name":"CHEMBL1808454","Node_Type":"Prediction","enrichScore":43.5}},{"data":{"id":"CHEMBL378688","display_name":"CHEMBL378688","Node_Type":"Prediction","enrichScore":21.75}},{"data":{"id":"CHEMBL336024","display_name":"CHEMBL336024","Node_Type":"Prediction","enrichScore":21.75}},{"data":{"id":"CHEMBL540835","display_name":"CHEMBL540835","Node_Type":"Prediction","enrichScore":21.75}},{"data":{"id":"CHEMBL347587","display_name":"CHEMBL347587","Node_Type":"Prediction","enrichScore":21.75}},{"data":{"id":"CHEMBL1822544","display_name":"CHEMBL1822544","Node_Type":"Prediction","enrichScore":21.75}},{"data":{"id":"CHEMBL373044","display_name":"CHEMBL373044","Node_Type":"Prediction","enrichScore":21.75}},{"data":{"id":"CHEMBL367093","display_name":"CHEMBL367093","Node_Type":"Prediction","enrichScore":21.75}},{"data":{"id":"CHEMBL393648","display_name":"CHEMBL393648","Node_Type":"Prediction","enrichScore":15.818}},{"data":{"id":"CHEMBL536090","display_name":"CHEMBL536090","Node_Type":"Prediction","enrichScore":14.5}},{"data":{"id":"hsa04012","display_name":"ErbB signaling pathway","Node_Type":"kegg_Pathway","enrichScore":241.341}},{"data":{"id":"hsa04722","display_name":"Neurotrophin signaling pathway","Node_Type":"kegg_Pathway","enrichScore":164.112}},{"data":{"id":"hsa04660","display_name":"T cell receptor signaling pathway","Node_Type":"kegg_Pathway","enrichScore":138.309}},{"data":{"id":"hsa04010","display_name":"MAPK signaling pathway","Node_Type":"kegg_Pathway","enrichScore":123.207}},{"data":{"id":"hsa04910","display_name":"Insulin signaling pathway","Node_Type":"kegg_Pathway","enrichScore":98.247}},{"data":{"id":"hsa04912","display_name":"GnRH signaling pathway","Node_Type":"kegg_Pathway","enrichScore":91.173}},{"data":{"id":"hsa04620","display_name":"Toll-like receptor signaling pathway","Node_Type":"kegg_Pathway","enrichScore":86.832}},{"data":{"id":"hsa04668","display_name":"TNF signaling pathway","Node_Type":"kegg_Pathway","enrichScore":81.405}},{"data":{"id":"hsa04380","display_name":"Osteoclast differentiation","Node_Type":"kegg_Pathway","enrichScore":72.939}},{"data":{"id":"hsa04510","display_name":"Focal adhesion","Node_Type":"kegg_Pathway","enrichScore":71.587}},{"data":{"id":"H02190","display_name":"CBL syndrome","Node_Type":"kegg_Disease","enrichScore":305.583}},{"data":{"id":"H02226","display_name":"Cardiospondylocarpofacial syndrome","Node_Type":"kegg_Disease","enrichScore":305.583}},{"data":{"id":"H02227","display_name":"Frontometaphyseal dysplasia","Node_Type":"kegg_Disease","enrichScore":152.792}},{"data":{"id":"H02412","display_name":"Atypical chronic myeloid leukemia","Node_Type":"kegg_Disease","enrichScore":20.372}},{"data":{"id":"H02411","display_name":"Chronic myelomonocytic leukemia","Node_Type":"kegg_Disease","enrichScore":19.099}},{"data":{"id":"H00523","display_name":"Noonan syndrome and related disorders","Node_Type":"kegg_Disease","enrichScore":19.099}},{"data":{"id":"H02410","display_name":"Myelodysplastic\/myeloproliferative neoplasms","Node_Type":"kegg_Disease","enrichScore":15.279}}],"edges":[{"data":{"source":"Q9UQF2","target":"P45983","Edge_Type":"PPI","label":"interacts w\/"}},{"data":{"source":"Q9Y6W6","target":"P45983","Edge_Type":"PPI","label":"interacts w\/"}},{"data":{"source":"O14733","target":"P45983","Edge_Type":"PPI","label":"interacts w\/"}},{"data":{"source":"O14733","target":"Q9UQF2","Edge_Type":"PPI","label":"interacts w\/"}},{"data":{"source":"Q92934","target":"P45983","Edge_Type":"PPI","label":"interacts w\/"}},{"data":{"source":"O43318","target":"Q9UQF2","Edge_Type":"PPI","label":"interacts w\/"}},{"data":{"source":"O43318","target":"O14733","Edge_Type":"PPI","label":"interacts w\/"}},{"data":{"source":"P16104","target":"P45983","Edge_Type":"PPI","label":"interacts w\/"}},{"data":{"source":"Q8N122","target":"P45983","Edge_Type":"PPI","label":"interacts w\/"}},{"data":{"source":"P22681","target":"P45983","Edge_Type":"PPI","label":"interacts w\/"}},{"data":{"source":"P60953","target":"P45983","Edge_Type":"PPI","label":"interacts w\/"}},{"data":{"source":"P60953","target":"P60953","Edge_Type":"PPI","label":"interacts w\/"}},{"data":{"source":"P05412","target":"P45983","Edge_Type":"PPI","label":"interacts w\/"}},{"data":{"source":"P05412","target":"P05412","Edge_Type":"PPI","label":"interacts w\/"}},{"data":{"source":"P46108","target":"P45983","Edge_Type":"PPI","label":"interacts w\/"}},{"data":{"source":"P46108","target":"P22681","Edge_Type":"PPI","label":"interacts w\/"}},{"data":{"source":"HP:0006160","target":"Orphanet:1826","Edge_Type":"hpodis","label":"is associated w\/"}},{"data":{"source":"HP:0010103","target":"Orphanet:1826","Edge_Type":"hpodis","label":"is associated w\/"}},{"data":{"source":"HP:0008451","target":"Orphanet:1826","Edge_Type":"hpodis","label":"is associated w\/"}},{"data":{"source":"HP:0010493","target":"Orphanet:1826","Edge_Type":"hpodis","label":"is associated w\/"}},{"data":{"source":"HP:0006352","target":"Orphanet:3238","Edge_Type":"hpodis","label":"is associated w\/"}},{"data":{"source":"HP:0000454","target":"MONDO:0014757","Edge_Type":"hpodis","label":"is associated w\/"}},{"data":{"source":"HP:0010111","target":"Orphanet:1826","Edge_Type":"hpodis","label":"is associated w\/"}},{"data":{"source":"HP:0007655","target":"MONDO:0014757","Edge_Type":"hpodis","label":"is associated w\/"}},{"data":{"source":"HP:0010746","target":"Orphanet:1826","Edge_Type":"hpodis","label":"is associated w\/"}},{"data":{"source":"HP:0012209","target":"Orphanet:363972","Edge_Type":"hpodis","label":"is associated w\/"}},{"data":{"source":"O43318","target":"Orphanet:3238","Edge_Type":"Disease","label":"is related to"}},{"data":{"source":"P22681","target":"Orphanet:363972","Edge_Type":"Disease","label":"is related to"}},{"data":{"source":"O43318","target":"Orphanet:1826","Edge_Type":"Disease","label":"is related to"}},{"data":{"source":"Q9UQF2","target":"EFO:0001360","Edge_Type":"Disease","label":"is related to"}},{"data":{"source":"P60953","target":"MONDO:0014757","Edge_Type":"Disease","label":"is related to"}},{"data":{"source":"Q9UQF2","target":"DB07218","Edge_Type":"Drug","label":"targets"}},{"data":{"source":"P45983","target":"DB07218","Edge_Type":"Drug","label":"targets"}},{"data":{"source":"Q9UQF2","target":"DB07276","Edge_Type":"Drug","label":"targets"}},{"data":{"source":"P45983","target":"DB07276","Edge_Type":"Drug","label":"targets"}},{"data":{"source":"Q9UQF2","target":"DB07272","Edge_Type":"Drug","label":"targets"}},{"data":{"source":"P45983","target":"DB07272","Edge_Type":"Drug","label":"targets"}},{"data":{"source":"P60953","target":"DB02623","Edge_Type":"Drug","label":"targets"}},{"data":{"source":"P45983","target":"DB07845","Edge_Type":"Drug","label":"targets"}},{"data":{"source":"P45983","target":"DB07268","Edge_Type":"Drug","label":"targets"}},{"data":{"source":"Q9UQF2","target":"DB01782","Edge_Type":"Drug","label":"targets"}},{"data":{"source":"P45983","target":"DB01782","Edge_Type":"Drug","label":"targets"}},{"data":{"source":"P05412","target":"DB01029","Edge_Type":"Drug","label":"targets"}},{"data":{"source":"Q9UQF2","target":"DB11157","Edge_Type":"Drug","label":"targets"}},{"data":{"source":"Q92934","target":"DB12340","Edge_Type":"Drug","label":"targets"}},{"data":{"source":"P45983","target":"R-HSA-450321","Edge_Type":"Pathway","label":"is involved in"}},{"data":{"source":"O14733","target":"R-HSA-450321","Edge_Type":"Pathway","label":"is involved in"}},{"data":{"source":"O43318","target":"R-HSA-450321","Edge_Type":"Pathway","label":"is involved in"}},{"data":{"source":"P45983","target":"R-HSA-450341","Edge_Type":"Pathway","label":"is involved in"}},{"data":{"source":"P05412","target":"R-HSA-450341","Edge_Type":"Pathway","label":"is involved in"}},{"data":{"source":"P16104","target":"R-HSA-110330","Edge_Type":"Pathway","label":"is involved in"}},{"data":{"source":"P16104","target":"R-HSA-110331","Edge_Type":"Pathway","label":"is involved in"}},{"data":{"source":"P45983","target":"R-HSA-139910","Edge_Type":"Pathway","label":"is involved in"}},{"data":{"source":"P45983","target":"R-HSA-111446","Edge_Type":"Pathway","label":"is involved in"}},{"data":{"source":"P45983","target":"R-HSA-9007892","Edge_Type":"Pathway","label":"is involved in"}},{"data":{"source":"P22681","target":"R-HSA-912631","Edge_Type":"Pathway","label":"is involved in"}},{"data":{"source":"P46108","target":"R-HSA-912631","Edge_Type":"Pathway","label":"is involved in"}},{"data":{"source":"P45983","target":"R-HSA-2559580","Edge_Type":"Pathway","label":"is involved in"}},{"data":{"source":"O14733","target":"R-HSA-2559580","Edge_Type":"Pathway","label":"is involved in"}},{"data":{"source":"P16104","target":"R-HSA-2559580","Edge_Type":"Pathway","label":"is involved in"}},{"data":{"source":"P05412","target":"R-HSA-2559580","Edge_Type":"Pathway","label":"is involved in"}},{"data":{"source":"P46108","target":"R-HSA-170984","Edge_Type":"Pathway","label":"is involved in"}},{"data":{"source":"O43318","target":"HP:0006160","Edge_Type":"HPO","label":"is associated w\/"}},{"data":{"source":"O43318","target":"HP:0010103","Edge_Type":"HPO","label":"is associated w\/"}},{"data":{"source":"O43318","target":"HP:0008451","Edge_Type":"HPO","label":"is associated w\/"}},{"data":{"source":"O43318","target":"HP:0010493","Edge_Type":"HPO","label":"is associated w\/"}},{"data":{"source":"O43318","target":"HP:0006352","Edge_Type":"HPO","label":"is associated w\/"}},{"data":{"source":"P60953","target":"HP:0000454","Edge_Type":"HPO","label":"is associated w\/"}},{"data":{"source":"O43318","target":"HP:0010111","Edge_Type":"HPO","label":"is associated w\/"}},{"data":{"source":"P60953","target":"HP:0007655","Edge_Type":"HPO","label":"is associated w\/"}},{"data":{"source":"O43318","target":"HP:0010746","Edge_Type":"HPO","label":"is associated w\/"}},{"data":{"source":"P22681","target":"HP:0012209","Edge_Type":"HPO","label":"is associated w\/"}},{"data":{"source":"P45983","target":"CHEMBL1808454","Edge_Type":"Prediction","label":"targets"}},{"data":{"source":"P45983","target":"CHEMBL378688","Edge_Type":"Prediction","label":"targets"}},{"data":{"source":"P45983","target":"CHEMBL336024","Edge_Type":"Prediction","label":"targets"}},{"data":{"source":"P45983","target":"CHEMBL540835","Edge_Type":"Prediction","label":"targets"}},{"data":{"source":"P45983","target":"CHEMBL347587","Edge_Type":"Prediction","label":"targets"}},{"data":{"source":"P45983","target":"CHEMBL1822544","Edge_Type":"Prediction","label":"targets"}},{"data":{"source":"P45983","target":"CHEMBL373044","Edge_Type":"Prediction","label":"targets"}},{"data":{"source":"P45983","target":"CHEMBL367093","Edge_Type":"Prediction","label":"targets"}},{"data":{"source":"P45983","target":"CHEMBL393648","Edge_Type":"Prediction","label":"targets"}},{"data":{"source":"O43318","target":"CHEMBL393648","Edge_Type":"Prediction","label":"targets"}},{"data":{"source":"P45983","target":"CHEMBL536090","Edge_Type":"Prediction","label":"targets"}},{"data":{"source":"H02190","target":"hsa04012","Edge_Type":"kegg_dis_path","label":"modulates"}},{"data":{"source":"H02227","target":"hsa04010","Edge_Type":"kegg_dis_path","label":"modulates"}},{"data":{"source":"H00523","target":"hsa04010","Edge_Type":"kegg_dis_path","label":"modulates"}},{"data":{"source":"P45983","target":"hsa04012","Edge_Type":"kegg_path_prot","label":"is involved in"}},{"data":{"source":"O14733","target":"hsa04012","Edge_Type":"kegg_path_prot","label":"is involved in"}},{"data":{"source":"Q92934","target":"hsa04012","Edge_Type":"kegg_path_prot","label":"is involved in"}},{"data":{"source":"P22681","target":"hsa04012","Edge_Type":"kegg_path_prot","label":"is involved in"}},{"data":{"source":"P05412","target":"hsa04012","Edge_Type":"kegg_path_prot","label":"is involved in"}},{"data":{"source":"P46108","target":"hsa04012","Edge_Type":"kegg_path_prot","label":"is involved in"}},{"data":{"source":"P45983","target":"hsa04722","Edge_Type":"kegg_path_prot","label":"is involved in"}},{"data":{"source":"O14733","target":"hsa04722","Edge_Type":"kegg_path_prot","label":"is involved in"}},{"data":{"source":"Q92934","target":"hsa04722","Edge_Type":"kegg_path_prot","label":"is involved in"}},{"data":{"source":"P60953","target":"hsa04722","Edge_Type":"kegg_path_prot","label":"is involved in"}},{"data":{"source":"P05412","target":"hsa04722","Edge_Type":"kegg_path_prot","label":"is involved in"}},{"data":{"source":"P46108","target":"hsa04722","Edge_Type":"kegg_path_prot","label":"is involved in"}},{"data":{"source":"P45983","target":"hsa04660","Edge_Type":"kegg_path_prot","label":"is involved in"}},{"data":{"source":"O14733","target":"hsa04660","Edge_Type":"kegg_path_prot","label":"is involved in"}},{"data":{"source":"O43318","target":"hsa04660","Edge_Type":"kegg_path_prot","label":"is involved in"}},{"data":{"source":"P60953","target":"hsa04660","Edge_Type":"kegg_path_prot","label":"is involved in"}},{"data":{"source":"P05412","target":"hsa04660","Edge_Type":"kegg_path_prot","label":"is involved in"}},{"data":{"source":"P45983","target":"hsa04010","Edge_Type":"kegg_path_prot","label":"is involved in"}},{"data":{"source":"Q9UQF2","target":"hsa04010","Edge_Type":"kegg_path_prot","label":"is involved in"}},{"data":{"source":"Q9Y6W6","target":"hsa04010","Edge_Type":"kegg_path_prot","label":"is involved in"}},{"data":{"source":"O14733","target":"hsa04010","Edge_Type":"kegg_path_prot","label":"is involved in"}},{"data":{"source":"O43318","target":"hsa04010","Edge_Type":"kegg_path_prot","label":"is involved in"}},{"data":{"source":"P60953","target":"hsa04010","Edge_Type":"kegg_path_prot","label":"is involved in"}},{"data":{"source":"P05412","target":"hsa04010","Edge_Type":"kegg_path_prot","label":"is involved in"}},{"data":{"source":"P46108","target":"hsa04010","Edge_Type":"kegg_path_prot","label":"is involved in"}},{"data":{"source":"P45983","target":"hsa04910","Edge_Type":"kegg_path_prot","label":"is involved in"}},{"data":{"source":"Q92934","target":"hsa04910","Edge_Type":"kegg_path_prot","label":"is involved in"}},{"data":{"source":"Q8N122","target":"hsa04910","Edge_Type":"kegg_path_prot","label":"is involved in"}},{"data":{"source":"P22681","target":"hsa04910","Edge_Type":"kegg_path_prot","label":"is involved in"}},{"data":{"source":"P46108","target":"hsa04910","Edge_Type":"kegg_path_prot","label":"is involved in"}},{"data":{"source":"P45983","target":"hsa04912","Edge_Type":"kegg_path_prot","label":"is involved in"}},{"data":{"source":"O14733","target":"hsa04912","Edge_Type":"kegg_path_prot","label":"is involved in"}},{"data":{"source":"P60953","target":"hsa04912","Edge_Type":"kegg_path_prot","label":"is involved in"}},{"data":{"source":"P05412","target":"hsa04912","Edge_Type":"kegg_path_prot","label":"is involved in"}},{"data":{"source":"P45983","target":"hsa04620","Edge_Type":"kegg_path_prot","label":"is involved in"}},{"data":{"source":"O14733","target":"hsa04620","Edge_Type":"kegg_path_prot","label":"is involved in"}},{"data":{"source":"O43318","target":"hsa04620","Edge_Type":"kegg_path_prot","label":"is involved in"}},{"data":{"source":"P05412","target":"hsa04620","Edge_Type":"kegg_path_prot","label":"is involved in"}},{"data":{"source":"P45983","target":"hsa04668","Edge_Type":"kegg_path_prot","label":"is involved in"}},{"data":{"source":"O14733","target":"hsa04668","Edge_Type":"kegg_path_prot","label":"is involved in"}},{"data":{"source":"O43318","target":"hsa04668","Edge_Type":"kegg_path_prot","label":"is involved in"}},{"data":{"source":"P05412","target":"hsa04668","Edge_Type":"kegg_path_prot","label":"is involved in"}},{"data":{"source":"P45983","target":"hsa04380","Edge_Type":"kegg_path_prot","label":"is involved in"}},{"data":{"source":"O14733","target":"hsa04380","Edge_Type":"kegg_path_prot","label":"is involved in"}},{"data":{"source":"O43318","target":"hsa04380","Edge_Type":"kegg_path_prot","label":"is involved in"}},{"data":{"source":"P05412","target":"hsa04380","Edge_Type":"kegg_path_prot","label":"is involved in"}},{"data":{"source":"P45983","target":"hsa04510","Edge_Type":"kegg_path_prot","label":"is involved in"}},{"data":{"source":"Q92934","target":"hsa04510","Edge_Type":"kegg_path_prot","label":"is involved in"}},{"data":{"source":"P60953","target":"hsa04510","Edge_Type":"kegg_path_prot","label":"is involved in"}},{"data":{"source":"P05412","target":"hsa04510","Edge_Type":"kegg_path_prot","label":"is involved in"}},{"data":{"source":"P46108","target":"hsa04510","Edge_Type":"kegg_path_prot","label":"is involved in"}},{"data":{"source":"P22681","target":"H02190","Edge_Type":"kegg_dis_prot","label":"is related to"}},{"data":{"source":"O43318","target":"H02226","Edge_Type":"kegg_dis_prot","label":"is related to"}},{"data":{"source":"O43318","target":"H02227","Edge_Type":"kegg_dis_prot","label":"is related to"}},{"data":{"source":"P22681","target":"H02412","Edge_Type":"kegg_dis_prot","label":"is related to"}},{"data":{"source":"P22681","target":"H02411","Edge_Type":"kegg_dis_prot","label":"is related to"}},{"data":{"source":"P22681","target":"H00523","Edge_Type":"kegg_dis_prot","label":"is related to"}},{"data":{"source":"P22681","target":"H02410","Edge_Type":"kegg_dis_prot","label":"is related to"}}]}