Core Proteins,Interacting Proteins,Pathways,HPO terms,Diseases,Targeting Drugs,Experimental Bioactive Compounds (pChEMBL),Predicted interacting Compounds
ADRB2 (P07550),ADRB2 (P07550); ADORA1 (P30542); MAGI3 (Q5TCQ9); CNR1 (P21554); MGLL (Q99685); MBP (P02686); SLC9A3R1 (O14745); ARRDC3 (Q96B67); PRNP (P04156),R-HSA-390696 Adrenoceptors[scr:4944]; R-HSA-418555 G alpha (s) signalling events[scr:301]; hsa04923 Regulation of lipolysis in adipocytes[scr:235]; hsa04924 Renin secretion[scr:111]; hsa04080 Neuroactive ligand-receptor interaction[scr:55]; hsa04970 Salivary secretion[scr:49]; hsa04022 cGMP-PKG signaling pathway[scr:49]; hsa04020 Calcium signaling pathway[scr:24]; hsa04024 cAMP signaling pathway[scr:21],,H00079 Asthma (KEGG)[scr:1000000]; H02106 Genetic obesity (KEGG)[scr:47],DB00938 Salmeterol[scr:9999999]; DB04861 Nebivolol[scr:1651]; DB01001 Salbutamol[scr:1101]; DB06726 Bufuralol[scr:1101]; DB08808 Bupranolol[scr:1101]; DB01102 Arbutamine[scr:1101]; DB01288 Fenoterol[scr:1101]; DB00871 Terbutaline[scr:1101]; DB01580 Oxprenolol[scr:1101]; DB00983 Formoterol[scr:1101],,CHEMBL1567522 [scr:120.46]; CHEMBL2235517 [scr:120.46]; CHEMBL3904266 [scr:90.35]; CHEMBL3086012 [scr:90.35]; CHEMBL1579926 [scr:90.35]; CHEMBL1589444 [scr:90.35]; CHEMBL1393726 [scr:90.35]; CHEMBL1980677 [scr:90.35]; CHEMBL1560036 [scr:90.35]; CHEMBL3827310 [scr:90.35]
ADRB1 (P08588),ADORA1 (P30542); MAGI3 (Q5TCQ9); MAGI2 (Q86UL8); DRD4 (P21917),R-HSA-390696 Adrenoceptors[scr:4944]; R-HSA-418555 G alpha (s) signalling events[scr:301]; hsa04923 Regulation of lipolysis in adipocytes[scr:235]; hsa04924 Renin secretion[scr:111]; hsa04080 Neuroactive ligand-receptor interaction[scr:55]; hsa04970 Salivary secretion[scr:49]; hsa04022 cGMP-PKG signaling pathway[scr:49]; hsa04020 Calcium signaling pathway[scr:24]; hsa04024 cAMP signaling pathway[scr:21],,,DB00938 Salmeterol[scr:9999999]; DB04861 Nebivolol[scr:1651]; DB01001 Salbutamol[scr:1101]; DB06726 Bufuralol[scr:1101]; DB08808 Bupranolol[scr:1101]; DB01102 Arbutamine[scr:1101]; DB01288 Fenoterol[scr:1101]; DB00871 Terbutaline[scr:1101]; DB01580 Oxprenolol[scr:1101]; DB00983 Formoterol[scr:1101],,CHEMBL1567522 [scr:120.46]; CHEMBL2235517 [scr:120.46]; CHEMBL3904266 [scr:90.35]; CHEMBL3086012 [scr:90.35]; CHEMBL1579926 [scr:90.35]; CHEMBL1589444 [scr:90.35]; CHEMBL1393726 [scr:90.35]; CHEMBL1980677 [scr:90.35]; CHEMBL1560036 [scr:90.35]; CHEMBL3827310 [scr:90.35]
ADRB3 (P13945),,R-HSA-390696 Adrenoceptors[scr:4944]; R-HSA-418555 G alpha (s) signalling events[scr:301]; hsa04923 Regulation of lipolysis in adipocytes[scr:235]; hsa04924 Renin secretion[scr:111]; hsa04080 Neuroactive ligand-receptor interaction[scr:55]; hsa04970 Salivary secretion[scr:49]; hsa04022 cGMP-PKG signaling pathway[scr:49]; hsa04020 Calcium signaling pathway[scr:24]; hsa04714 Thermogenesis[scr:20],,H02106 Genetic obesity (KEGG)[scr:47],DB00938 Salmeterol[scr:9999999]; DB04861 Nebivolol[scr:1651]; DB01001 Salbutamol[scr:1101]; DB06726 Bufuralol[scr:1101]; DB08808 Bupranolol[scr:1101]; DB01102 Arbutamine[scr:1101]; DB01288 Fenoterol[scr:1101]; DB00871 Terbutaline[scr:1101]; DB01580 Oxprenolol[scr:1101]; DB00983 Formoterol[scr:1101],,
ADORA1 (P30542),ADRB2 (P07550); ADRB1 (P08588),R-HSA-417973 Adenosine P1 receptors[scr:1236]; R-HSA-418594 G alpha (i) signalling events[scr:169]; hsa04923 Regulation of lipolysis in adipocytes[scr:235]; hsa04924 Renin secretion[scr:111]; hsa04080 Neuroactive ligand-receptor interaction[scr:55]; hsa04022 cGMP-PKG signaling pathway[scr:49]; hsa04024 cAMP signaling pathway[scr:21],,,,,
MAGI3 (Q5TCQ9),ADRB2 (P07550); ADRB1 (P08588),hsa04015 Rap1 signaling pathway[scr:22],,,,,
CNR1 (P21554),ADRB2 (P07550); CNR1 (P21554),R-HSA-373076 Class A/1 (Rhodopsin-like receptors)[scr:260]; R-HSA-418594 G alpha (i) signalling events[scr:169]; hsa04080 Neuroactive ligand-receptor interaction[scr:55]; hsa04015 Rap1 signaling pathway[scr:22]; hsa04714 Thermogenesis[scr:20]; hsa04723 Retrograde endocannabinoid signaling[scr:14],,EFO:0001073 obesity (EFO)[scr:28]; Orphanet:71529 Obesity due to melanocortin 4 receptor deficiency (EFO)[scr:28]; Orphanet:77828 Genetic obesity (EFO)[scr:28],,,
MGLL (Q99685),ADRB2 (P07550),R-HSA-426048 Arachidonate production from DAG[scr:989]; R-HSA-1482883 Acyl chain remodeling of DAG and TAG[scr:618]; R-HSA-163560 Triglyceride catabolism[scr:206]; hsa04923 Regulation of lipolysis in adipocytes[scr:235]; hsa04714 Thermogenesis[scr:20]; hsa04723 Retrograde endocannabinoid signaling[scr:14],,,,,
MAGI2 (Q86UL8),ADRB1 (P08588),R-HSA-373753 Nephrin family interactions[scr:215]; hsa04015 Rap1 signaling pathway[scr:22],,Orphanet:656 Familial idiopathic steroid-resistant nephrotic syndrome (EFO)[scr:14]; H01657 Nephrotic syndrome (KEGG)[scr:18],,,
DRD4 (P21917),ADRB1 (P08588); DRD4 (P21917),R-HSA-390651 Dopamine receptors[scr:989]; R-HSA-418594 G alpha (i) signalling events[scr:169]; hsa04080 Neuroactive ligand-receptor interaction[scr:55],,H01671 Neurosis (KEGG)[scr:282]; H01895 Attention deficit hyperactivity disorder (ADHD) (KEGG)[scr:94]; H01450 Obsessive-compulsive disorder (KEGG)[scr:40],,,CHEMBL1567522 [scr:120.46]; CHEMBL2235517 [scr:120.46]; CHEMBL3904266 [scr:90.35]; CHEMBL3086012 [scr:90.35]; CHEMBL1579926 [scr:90.35]; CHEMBL1589444 [scr:90.35]; CHEMBL1393726 [scr:90.35]; CHEMBL1980677 [scr:90.35]; CHEMBL1560036 [scr:90.35]; CHEMBL3827310 [scr:90.35]
MBP (P02686),ADRB2 (P07550),,,,,,
SLC9A3R1 (O14745),ADRB2 (P07550),,,Orphanet:244305 Dominant hypophosphatemia with nephrolithiasis or osteoporosis (EFO)[scr:139]; H00888 Nephrolithiasis/osteoporosis- hypophosphatemic (KEGG)[scr:141],,,
ARRDC3 (Q96B67),ADRB2 (P07550),,,,,,
PRNP (P04156),ADRB2 (P07550); PRNP (P04156),,HP:0010542 Vestibular nystagmus[scr:325]; HP:0040200 Motor impersistence[scr:325]; HP:0040201 Simultanapraxia[scr:325]; HP:0011176 EEG with constitutional variants[scr:325]; HP:0010846 EEG with persistent abnormal rhythmic activity[scr:325]; HP:0100292 Amyloidosis of peripheral nerves[scr:325]; HP:0012672 Akinetic mutism[scr:163]; HP:0011099 Spastic hemiparesis[scr:163]; HP:0007017 Progressive forgetfulness[scr:163]; HP:0025152 Poor visual behavior for age[scr:163],EFO:0004720 prion disease (EFO)[scr:277]; Orphanet:157941 Huntington disease-like 1 (EFO)[scr:277]; Orphanet:282166 Inherited Creutzfeldt-Jakob disease (EFO)[scr:277]; Orphanet:356 Gerstmann-Straussler-Scheinker syndrome (EFO)[scr:277]; Orphanet:466 Fatal familial insomnia (EFO)[scr:277]; H00061 Prion disease (KEGG)[scr:282]; H01243 Huntington disease-like syndrome (KEGG)[scr:94],,,
