{"options":{"search_start":1613056568,"tax_ids":[9606],"num_of_fn_nodes":10,"num_of_pathways":10,"num_of_phenotypes":10,"num_of_drugs":10,"num_of_diseases":10,"num_of_compounds":10,"chembl_compounds":0,"predictions":1,"reviewed_filter":1,"fn":1,"chembl":1,"search_finish":1613056572,"search_runtime":4},"search":[{"Drug":[{"DB03978":"Tyrosinal"}]}],"nodes":[{"data":{"id":"P54577","display_name":"YARS1","Node_Type":"Protein"}},{"data":{"id":"P09874","display_name":"PARP1","Node_Type":"Protein_N"}},{"data":{"id":"Orphanet:100045","display_name":"Autosomal dominant intermediate Charcot-Marie-Tooth disease type C","Node_Type":"Disease","enrichScore":1800.5}},{"data":{"id":"DB03978","display_name":"Tyrosinal","Node_Type":"Drug","enrichScore":9999999}},{"data":{"id":"DB07096","display_name":"6-AMINO-BENZO[DE]ISOQUINOLINE-1,3-DIONE","Node_Type":"Drug","enrichScore":2384.5}},{"data":{"id":"DB03073","display_name":"3-Methoxybenzamide","Node_Type":"Drug","enrichScore":2384.5}},{"data":{"id":"DB07787","display_name":"5-FLUORO-1-[4-(4-PHENYL-3,6-DIHYDROPYRIDIN-1(2H)-YL)BUTYL]QUINAZOLINE-2,4(1H,3H)-DIONE","Node_Type":"Drug","enrichScore":2384.5}},{"data":{"id":"DB07330","display_name":"A-620223","Node_Type":"Drug","enrichScore":2384.5}},{"data":{"id":"DB07205","display_name":"N6-ISOPENTENYL-ADENOSINE-5'-MONOPHOSPHATE","Node_Type":"Drug","enrichScore":2384.5}},{"data":{"id":"DB04010","display_name":"2-(3'-Methoxyphenyl) Benzimidazole-4-Carboxamide","Node_Type":"Drug","enrichScore":2384.5}},{"data":{"id":"DB03722","display_name":"3,4-Dihydro-5-Methyl-Isoquinolinone","Node_Type":"Drug","enrichScore":2384.5}},{"data":{"id":"DB03509","display_name":"2-(4-Chlorophenyl)-5-Quinoxalinecarboxamide","Node_Type":"Drug","enrichScore":2384.5}},{"data":{"id":"DB03072","display_name":"2-{3-[4-(4-Fluorophenyl)-3,6-Dihydro-1(2h)-Pyridinyl]Propyl}-8-Methyl-4(3h)-Quinazolinone","Node_Type":"Drug","enrichScore":2384.5}},{"data":{"id":"R-HSA-110362","display_name":"POLB-Dependent Long Patch Base Excision Repair","Node_Type":"Pathway","enrichScore":4017.188}},{"data":{"id":"R-HSA-5685939","display_name":"HDR through MMEJ (alt-NHEJ)","Node_Type":"Pathway","enrichScore":3213.75}},{"data":{"id":"R-HSA-2173795","display_name":"Downregulation of SMAD2\/3:SMAD4 transcriptional activity","Node_Type":"Pathway","enrichScore":1397.283}},{"data":{"id":"R-HSA-379716","display_name":"Cytosolic tRNA aminoacylation","Node_Type":"Pathway","enrichScore":1339.063}},{"data":{"id":"R-HSA-5696394","display_name":"DNA Damage Recognition in GG-NER","Node_Type":"Pathway","enrichScore":845.724}},{"data":{"id":"R-HSA-5696400","display_name":"Dual Incision in GG-NER","Node_Type":"Pathway","enrichScore":783.841}},{"data":{"id":"R-HSA-5696395","display_name":"Formation of Incision Complex in GG-NER","Node_Type":"Pathway","enrichScore":747.384}},{"data":{"id":"R-HSA-3108214","display_name":"SUMOylation of DNA damage response and repair proteins","Node_Type":"Pathway","enrichScore":417.37}},{"data":{"id":"HP:0003450","display_name":"Axonal regeneration","Node_Type":"HPO","enrichScore":352.583}},{"data":{"id":"HP:0003484","display_name":"Upper limb muscle weakness","Node_Type":"HPO","enrichScore":33.579}},{"data":{"id":"HP:0002936","display_name":"Distal sensory impairment","Node_Type":"HPO","enrichScore":21.809}},{"data":{"id":"HP:0003693","display_name":"Distal amyotrophy","Node_Type":"HPO","enrichScore":15.67}},{"data":{"id":"HP:0000764","display_name":"Peripheral axonal degeneration","Node_Type":"HPO","enrichScore":14.391}},{"data":{"id":"HP:0002460","display_name":"Distal muscle weakness","Node_Type":"HPO","enrichScore":14.01}},{"data":{"id":"HP:0003690","display_name":"Limb muscle weakness","Node_Type":"HPO","enrichScore":10.473}},{"data":{"id":"HP:0003474","display_name":"Sensory impairment","Node_Type":"HPO","enrichScore":9.749}},{"data":{"id":"HP:0001425","display_name":"Heterogeneous","Node_Type":"HPO","enrichScore":7.397}},{"data":{"id":"HP:0009127","display_name":"Abnormality of the musculature of the limbs","Node_Type":"HPO","enrichScore":5.567}},{"data":{"id":"hsa03410","display_name":"Base excision repair","Node_Type":"kegg_Pathway","enrichScore":103.606}},{"data":{"id":"hsa00970","display_name":"Aminoacyl-tRNA biosynthesis","Node_Type":"kegg_Pathway","enrichScore":77.705}},{"data":{"id":"hsa04064","display_name":"NF-kappa B signaling pathway","Node_Type":"kegg_Pathway","enrichScore":32.875}},{"data":{"id":"hsa04210","display_name":"Apoptosis","Node_Type":"kegg_Pathway","enrichScore":24.597}},{"data":{"id":"hsa04217","display_name":"Necroptosis","Node_Type":"kegg_Pathway","enrichScore":21.503}},{"data":{"id":"H00264","display_name":"Charcot-Marie-Tooth disease","Node_Type":"kegg_Disease","enrichScore":37.418}}],"edges":[{"data":{"source":"P09874","target":"P54577","Edge_Type":"PPI","label":"interacts w\/"}},{"data":{"source":"P09874","target":"P09874","Edge_Type":"PPI","label":"interacts w\/"}},{"data":{"source":"HP:0003450","target":"Orphanet:100045","Edge_Type":"hpodis","label":"is associated w\/"}},{"data":{"source":"HP:0003484","target":"Orphanet:100045","Edge_Type":"hpodis","label":"is associated w\/"}},{"data":{"source":"HP:0002936","target":"Orphanet:100045","Edge_Type":"hpodis","label":"is associated w\/"}},{"data":{"source":"HP:0003693","target":"Orphanet:100045","Edge_Type":"hpodis","label":"is associated w\/"}},{"data":{"source":"HP:0000764","target":"Orphanet:100045","Edge_Type":"hpodis","label":"is associated w\/"}},{"data":{"source":"HP:0002460","target":"Orphanet:100045","Edge_Type":"hpodis","label":"is associated w\/"}},{"data":{"source":"HP:0003690","target":"Orphanet:100045","Edge_Type":"hpodis","label":"is associated w\/"}},{"data":{"source":"HP:0003474","target":"Orphanet:100045","Edge_Type":"hpodis","label":"is associated w\/"}},{"data":{"source":"HP:0001425","target":"Orphanet:100045","Edge_Type":"hpodis","label":"is associated w\/"}},{"data":{"source":"HP:0009127","target":"Orphanet:100045","Edge_Type":"hpodis","label":"is associated w\/"}},{"data":{"source":"P54577","target":"Orphanet:100045","Edge_Type":"Disease","label":"is related to"}},{"data":{"source":"P54577","target":"DB03978","Edge_Type":"Drug","label":"targets"}},{"data":{"source":"P09874","target":"DB07096","Edge_Type":"Drug","label":"targets"}},{"data":{"source":"P09874","target":"DB03073","Edge_Type":"Drug","label":"targets"}},{"data":{"source":"P09874","target":"DB07787","Edge_Type":"Drug","label":"targets"}},{"data":{"source":"P09874","target":"DB07330","Edge_Type":"Drug","label":"targets"}},{"data":{"source":"P54577","target":"DB07205","Edge_Type":"Drug","label":"targets"}},{"data":{"source":"P09874","target":"DB04010","Edge_Type":"Drug","label":"targets"}},{"data":{"source":"P09874","target":"DB03722","Edge_Type":"Drug","label":"targets"}},{"data":{"source":"P09874","target":"DB03509","Edge_Type":"Drug","label":"targets"}},{"data":{"source":"P09874","target":"DB03072","Edge_Type":"Drug","label":"targets"}},{"data":{"source":"P09874","target":"R-HSA-110362","Edge_Type":"Pathway","label":"is involved in"}},{"data":{"source":"P09874","target":"R-HSA-5685939","Edge_Type":"Pathway","label":"is involved in"}},{"data":{"source":"P09874","target":"R-HSA-2173795","Edge_Type":"Pathway","label":"is involved in"}},{"data":{"source":"P54577","target":"R-HSA-379716","Edge_Type":"Pathway","label":"is involved in"}},{"data":{"source":"P09874","target":"R-HSA-5696394","Edge_Type":"Pathway","label":"is involved in"}},{"data":{"source":"P09874","target":"R-HSA-5696400","Edge_Type":"Pathway","label":"is involved in"}},{"data":{"source":"P09874","target":"R-HSA-5696395","Edge_Type":"Pathway","label":"is involved in"}},{"data":{"source":"P09874","target":"R-HSA-3108214","Edge_Type":"Pathway","label":"is involved in"}},{"data":{"source":"P54577","target":"HP:0003450","Edge_Type":"HPO","label":"is associated w\/"}},{"data":{"source":"P54577","target":"HP:0003484","Edge_Type":"HPO","label":"is associated w\/"}},{"data":{"source":"P54577","target":"HP:0002936","Edge_Type":"HPO","label":"is associated w\/"}},{"data":{"source":"P54577","target":"HP:0003693","Edge_Type":"HPO","label":"is associated w\/"}},{"data":{"source":"P54577","target":"HP:0000764","Edge_Type":"HPO","label":"is associated w\/"}},{"data":{"source":"P54577","target":"HP:0002460","Edge_Type":"HPO","label":"is associated w\/"}},{"data":{"source":"P54577","target":"HP:0003690","Edge_Type":"HPO","label":"is associated w\/"}},{"data":{"source":"P54577","target":"HP:0003474","Edge_Type":"HPO","label":"is associated w\/"}},{"data":{"source":"P54577","target":"HP:0001425","Edge_Type":"HPO","label":"is associated w\/"}},{"data":{"source":"P54577","target":"HP:0009127","Edge_Type":"HPO","label":"is associated w\/"}},{"data":{"source":"H00264","target":"hsa00970","Edge_Type":"kegg_dis_path","label":"modulates"}},{"data":{"source":"P09874","target":"hsa03410","Edge_Type":"kegg_path_prot","label":"is involved in"}},{"data":{"source":"P54577","target":"hsa00970","Edge_Type":"kegg_path_prot","label":"is involved in"}},{"data":{"source":"P09874","target":"hsa04064","Edge_Type":"kegg_path_prot","label":"is involved in"}},{"data":{"source":"P09874","target":"hsa04210","Edge_Type":"kegg_path_prot","label":"is involved in"}},{"data":{"source":"P09874","target":"hsa04217","Edge_Type":"kegg_path_prot","label":"is involved in"}},{"data":{"source":"P54577","target":"H00264","Edge_Type":"kegg_dis_prot","label":"is related to"}}]}