{"options":{"search_start":1613059164,"tax_ids":[9606],"num_of_fn_nodes":10,"num_of_pathways":10,"num_of_phenotypes":10,"num_of_drugs":10,"num_of_diseases":10,"num_of_compounds":10,"chembl_compounds":0,"predictions":1,"reviewed_filter":1,"fn":1,"chembl":1,"search_finish":1613059174,"search_runtime":10},"search":[{"Drug":[{"DB09052":"Blinatumomab"}]}],"nodes":[{"data":{"id":"P04234","display_name":"CD3D","Node_Type":"Protein"}},{"data":{"id":"P15391","display_name":"CD19","Node_Type":"Protein"}},{"data":{"id":"P01871","display_name":"IGHM","Node_Type":"Protein_N"}},{"data":{"id":"Q96EQ0","display_name":"SGTB","Node_Type":"Protein_N"}},{"data":{"id":"Orphanet:169160","display_name":"T-B+ severe combined immunodeficiency due to CD3delta\/CD3epsilon\/CD3zeta","Node_Type":"Disease","enrichScore":180.05}},{"data":{"id":"Orphanet:33110","display_name":"Autosomal agammaglobulinemia","Node_Type":"Disease","enrichScore":128.607}},{"data":{"id":"Orphanet:229717","display_name":"Isolated agammaglobulinemia","Node_Type":"Disease","enrichScore":100.028}},{"data":{"id":"Orphanet:1572","display_name":"Common variable immunodeficiency","Node_Type":"Disease","enrichScore":75.021}},{"data":{"id":"DB09052","display_name":"Blinatumomab","Node_Type":"Drug","enrichScore":9999999}},{"data":{"id":"DB06342","display_name":"Coltuximab ravtansine","Node_Type":"Drug","enrichScore":1192.25}},{"data":{"id":"DB13881","display_name":"Tisagenlecleucel","Node_Type":"Drug","enrichScore":1192.25}},{"data":{"id":"DB13915","display_name":"Axicabtagene ciloleucel","Node_Type":"Drug","enrichScore":1192.25}},{"data":{"id":"DB00075","display_name":"Muromonab","Node_Type":"Drug","enrichScore":79.483}},{"data":{"id":"DB01593","display_name":"Zinc","Node_Type":"Drug","enrichScore":9.615}},{"data":{"id":"DB14487","display_name":"Zinc acetate","Node_Type":"Drug","enrichScore":9.615}},{"data":{"id":"R-HSA-983695","display_name":"Antigen activates B Cell Receptor (BCR) leading to generation of second messengers","Node_Type":"Pathway","enrichScore":698.641}},{"data":{"id":"R-HSA-202430","display_name":"Translocation of ZAP-70 to Immunological synapse","Node_Type":"Pathway","enrichScore":618.029}},{"data":{"id":"R-HSA-202427","display_name":"Phosphorylation of CD3 and TCR zeta chains","Node_Type":"Pathway","enrichScore":554.095}},{"data":{"id":"R-HSA-389948","display_name":"PD-1 signaling","Node_Type":"Pathway","enrichScore":535.625}},{"data":{"id":"R-HSA-202433","display_name":"Generation of second messenger molecules","Node_Type":"Pathway","enrichScore":401.719}},{"data":{"id":"R-HSA-198933","display_name":"Immunoregulatory interactions between a Lymphoid and a non-Lymphoid cell","Node_Type":"Pathway","enrichScore":319.776}},{"data":{"id":"R-HSA-5690714","display_name":"CD22 mediated BCR regulation","Node_Type":"Pathway","enrichScore":239.832}},{"data":{"id":"R-HSA-2219530","display_name":"Constitutive Signaling by Aberrant PI3K in Cancer","Node_Type":"Pathway","enrichScore":217.145}},{"data":{"id":"R-HSA-1257604","display_name":"PIP3 activates AKT signaling","Node_Type":"Pathway","enrichScore":174.66}},{"data":{"id":"R-HSA-6811558","display_name":"PI5P, PP2A and IER3 Regulate PI3K\/AKT Signaling","Node_Type":"Pathway","enrichScore":157.537}},{"data":{"id":"HP:0100280","display_name":"Crohn's disease","Node_Type":"HPO","enrichScore":528.875}},{"data":{"id":"HP:0002743","display_name":"Recurrent enteroviral infections","Node_Type":"HPO","enrichScore":352.583}},{"data":{"id":"HP:0011108","display_name":"Recurrent sinusitis","Node_Type":"HPO","enrichScore":117.528}},{"data":{"id":"HP:0000403","display_name":"Recurrent otitis media","Node_Type":"HPO","enrichScore":108.179}},{"data":{"id":"HP:0002729","display_name":"Follicular hyperplasia","Node_Type":"HPO","enrichScore":96.159}},{"data":{"id":"HP:0001888","display_name":"Lymphopenia","Node_Type":"HPO","enrichScore":90.664}},{"data":{"id":"HP:0006783","display_name":"Posterior pharyngeal cleft","Node_Type":"HPO","enrichScore":88.146}},{"data":{"id":"HP:0006532","display_name":"Recurrent pneumonia","Node_Type":"HPO","enrichScore":81.365}},{"data":{"id":"HP:0040088","display_name":"Abnormal lymphocyte count","Node_Type":"HPO","enrichScore":81.365}},{"data":{"id":"HP:0004332","display_name":"Abnormal lymphocyte morphology","Node_Type":"HPO","enrichScore":72.119}},{"data":{"id":"hsa04640","display_name":"Hematopoietic cell lineage","Node_Type":"kegg_Pathway","enrichScore":71.229}},{"data":{"id":"hsa04662","display_name":"B cell receptor signaling pathway","Node_Type":"kegg_Pathway","enrichScore":21.917}},{"data":{"id":"hsa04658","display_name":"Th1 and Th2 cell differentiation","Node_Type":"kegg_Pathway","enrichScore":18.786}},{"data":{"id":"hsa04660","display_name":"T cell receptor signaling pathway","Node_Type":"kegg_Pathway","enrichScore":16.597}},{"data":{"id":"hsa04659","display_name":"Th17 cell differentiation","Node_Type":"kegg_Pathway","enrichScore":16.127}},{"data":{"id":"hsa04151","display_name":"PI3K-Akt signaling pathway","Node_Type":"kegg_Pathway","enrichScore":4.829}},{"data":{"id":"H00001","display_name":"B-cell acute lymphoblastic leukemia","Node_Type":"kegg_Disease","enrichScore":1000000}},{"data":{"id":"H00091","display_name":"T-B+Severe combined immunodeficiency","Node_Type":"kegg_Disease","enrichScore":91.675}},{"data":{"id":"H00088","display_name":"Common variable immunodeficiency","Node_Type":"kegg_Disease","enrichScore":70.519}}],"edges":[{"data":{"source":"P01871","target":"P15391","Edge_Type":"PPI","label":"interacts w\/"}},{"data":{"source":"Q96EQ0","target":"P04234","Edge_Type":"PPI","label":"interacts w\/"}},{"data":{"source":"HP:0100280","target":"Orphanet:33110","Edge_Type":"hpodis","label":"is associated w\/"}},{"data":{"source":"HP:0002743","target":"Orphanet:33110","Edge_Type":"hpodis","label":"is associated w\/"}},{"data":{"source":"HP:0002743","target":"Orphanet:229717","Edge_Type":"hpodis","label":"is associated w\/"}},{"data":{"source":"HP:0011108","target":"Orphanet:33110","Edge_Type":"hpodis","label":"is associated w\/"}},{"data":{"source":"HP:0011108","target":"Orphanet:1572","Edge_Type":"hpodis","label":"is associated w\/"}},{"data":{"source":"HP:0011108","target":"Orphanet:229717","Edge_Type":"hpodis","label":"is associated w\/"}},{"data":{"source":"HP:0011108","target":"Orphanet:1572","Edge_Type":"hpodis","label":"is associated w\/"}},{"data":{"source":"HP:0011108","target":"Orphanet:1572","Edge_Type":"hpodis","label":"is associated w\/"}},{"data":{"source":"HP:0011108","target":"Orphanet:1572","Edge_Type":"hpodis","label":"is associated w\/"}},{"data":{"source":"HP:0011108","target":"Orphanet:1572","Edge_Type":"hpodis","label":"is associated w\/"}},{"data":{"source":"HP:0000403","target":"Orphanet:33110","Edge_Type":"hpodis","label":"is associated w\/"}},{"data":{"source":"HP:0000403","target":"Orphanet:33110","Edge_Type":"hpodis","label":"is associated w\/"}},{"data":{"source":"HP:0000403","target":"Orphanet:33110","Edge_Type":"hpodis","label":"is associated w\/"}},{"data":{"source":"HP:0000403","target":"Orphanet:1572","Edge_Type":"hpodis","label":"is associated w\/"}},{"data":{"source":"HP:0000403","target":"Orphanet:229717","Edge_Type":"hpodis","label":"is associated w\/"}},{"data":{"source":"HP:0000403","target":"Orphanet:169160","Edge_Type":"hpodis","label":"is associated w\/"}},{"data":{"source":"HP:0000403","target":"Orphanet:169160","Edge_Type":"hpodis","label":"is associated w\/"}},{"data":{"source":"HP:0000403","target":"Orphanet:33110","Edge_Type":"hpodis","label":"is associated w\/"}},{"data":{"source":"HP:0000403","target":"Orphanet:1572","Edge_Type":"hpodis","label":"is associated w\/"}},{"data":{"source":"HP:0000403","target":"Orphanet:229717","Edge_Type":"hpodis","label":"is associated w\/"}},{"data":{"source":"HP:0000403","target":"Orphanet:1572","Edge_Type":"hpodis","label":"is associated w\/"}},{"data":{"source":"HP:0000403","target":"Orphanet:1572","Edge_Type":"hpodis","label":"is associated w\/"}},{"data":{"source":"HP:0002729","target":"Orphanet:1572","Edge_Type":"hpodis","label":"is associated w\/"}},{"data":{"source":"HP:0001888","target":"Orphanet:1572","Edge_Type":"hpodis","label":"is associated w\/"}},{"data":{"source":"HP:0001888","target":"Orphanet:169160","Edge_Type":"hpodis","label":"is associated w\/"}},{"data":{"source":"HP:0001888","target":"Orphanet:229717","Edge_Type":"hpodis","label":"is associated w\/"}},{"data":{"source":"HP:0001888","target":"Orphanet:169160","Edge_Type":"hpodis","label":"is associated w\/"}},{"data":{"source":"HP:0001888","target":"Orphanet:169160","Edge_Type":"hpodis","label":"is associated w\/"}},{"data":{"source":"HP:0001888","target":"Orphanet:169160","Edge_Type":"hpodis","label":"is associated w\/"}},{"data":{"source":"HP:0001888","target":"Orphanet:169160","Edge_Type":"hpodis","label":"is associated w\/"}},{"data":{"source":"HP:0001888","target":"Orphanet:33110","Edge_Type":"hpodis","label":"is associated w\/"}},{"data":{"source":"HP:0001888","target":"Orphanet:1572","Edge_Type":"hpodis","label":"is associated w\/"}},{"data":{"source":"HP:0006783","target":"Orphanet:1572","Edge_Type":"hpodis","label":"is associated w\/"}},{"data":{"source":"HP:0006532","target":"Orphanet:33110","Edge_Type":"hpodis","label":"is associated w\/"}},{"data":{"source":"HP:0006532","target":"Orphanet:33110","Edge_Type":"hpodis","label":"is associated w\/"}},{"data":{"source":"HP:0006532","target":"Orphanet:33110","Edge_Type":"hpodis","label":"is associated w\/"}},{"data":{"source":"HP:0006532","target":"Orphanet:169160","Edge_Type":"hpodis","label":"is associated w\/"}},{"data":{"source":"HP:0006532","target":"Orphanet:1572","Edge_Type":"hpodis","label":"is associated w\/"}},{"data":{"source":"HP:0006532","target":"Orphanet:33110","Edge_Type":"hpodis","label":"is associated w\/"}},{"data":{"source":"HP:0006532","target":"Orphanet:1572","Edge_Type":"hpodis","label":"is associated w\/"}},{"data":{"source":"HP:0006532","target":"Orphanet:1572","Edge_Type":"hpodis","label":"is associated w\/"}},{"data":{"source":"HP:0040088","target":"Orphanet:1572","Edge_Type":"hpodis","label":"is associated w\/"}},{"data":{"source":"HP:0040088","target":"Orphanet:1572","Edge_Type":"hpodis","label":"is associated w\/"}},{"data":{"source":"HP:0040088","target":"Orphanet:169160","Edge_Type":"hpodis","label":"is associated w\/"}},{"data":{"source":"HP:0040088","target":"Orphanet:229717","Edge_Type":"hpodis","label":"is associated w\/"}},{"data":{"source":"HP:0040088","target":"Orphanet:169160","Edge_Type":"hpodis","label":"is associated w\/"}},{"data":{"source":"HP:0040088","target":"Orphanet:169160","Edge_Type":"hpodis","label":"is associated w\/"}},{"data":{"source":"HP:0040088","target":"Orphanet:169160","Edge_Type":"hpodis","label":"is associated w\/"}},{"data":{"source":"HP:0040088","target":"Orphanet:169160","Edge_Type":"hpodis","label":"is associated w\/"}},{"data":{"source":"HP:0040088","target":"Orphanet:33110","Edge_Type":"hpodis","label":"is associated w\/"}},{"data":{"source":"HP:0040088","target":"Orphanet:1572","Edge_Type":"hpodis","label":"is associated w\/"}},{"data":{"source":"HP:0004332","target":"Orphanet:1572","Edge_Type":"hpodis","label":"is associated w\/"}},{"data":{"source":"HP:0004332","target":"Orphanet:1572","Edge_Type":"hpodis","label":"is associated w\/"}},{"data":{"source":"HP:0004332","target":"Orphanet:169160","Edge_Type":"hpodis","label":"is associated w\/"}},{"data":{"source":"HP:0004332","target":"Orphanet:229717","Edge_Type":"hpodis","label":"is associated w\/"}},{"data":{"source":"HP:0004332","target":"Orphanet:169160","Edge_Type":"hpodis","label":"is associated w\/"}},{"data":{"source":"HP:0004332","target":"Orphanet:169160","Edge_Type":"hpodis","label":"is associated w\/"}},{"data":{"source":"HP:0004332","target":"Orphanet:169160","Edge_Type":"hpodis","label":"is associated w\/"}},{"data":{"source":"HP:0004332","target":"Orphanet:169160","Edge_Type":"hpodis","label":"is associated w\/"}},{"data":{"source":"HP:0004332","target":"Orphanet:33110","Edge_Type":"hpodis","label":"is associated w\/"}},{"data":{"source":"HP:0004332","target":"Orphanet:1572","Edge_Type":"hpodis","label":"is associated w\/"}},{"data":{"source":"P04234","target":"Orphanet:169160","Edge_Type":"Disease","label":"is related to"}},{"data":{"source":"P01871","target":"Orphanet:33110","Edge_Type":"Disease","label":"is related to"}},{"data":{"source":"P01871","target":"Orphanet:229717","Edge_Type":"Disease","label":"is related to"}},{"data":{"source":"P15391","target":"Orphanet:1572","Edge_Type":"Disease","label":"is related to"}},{"data":{"source":"P15391","target":"DB09052","Edge_Type":"Drug","label":"targets"}},{"data":{"source":"P04234","target":"DB09052","Edge_Type":"Drug","label":"targets"}},{"data":{"source":"P15391","target":"DB06342","Edge_Type":"Drug","label":"targets"}},{"data":{"source":"P15391","target":"DB13881","Edge_Type":"Drug","label":"targets"}},{"data":{"source":"P15391","target":"DB13915","Edge_Type":"Drug","label":"targets"}},{"data":{"source":"P04234","target":"DB00075","Edge_Type":"Drug","label":"targets"}},{"data":{"source":"P01871","target":"DB01593","Edge_Type":"Drug","label":"targets"}},{"data":{"source":"P01871","target":"DB14487","Edge_Type":"Drug","label":"targets"}},{"data":{"source":"P15391","target":"R-HSA-983695","Edge_Type":"Pathway","label":"is involved in"}},{"data":{"source":"P01871","target":"R-HSA-983695","Edge_Type":"Pathway","label":"is involved in"}},{"data":{"source":"P04234","target":"R-HSA-202430","Edge_Type":"Pathway","label":"is involved in"}},{"data":{"source":"P04234","target":"R-HSA-202427","Edge_Type":"Pathway","label":"is involved in"}},{"data":{"source":"P04234","target":"R-HSA-389948","Edge_Type":"Pathway","label":"is involved in"}},{"data":{"source":"P04234","target":"R-HSA-202433","Edge_Type":"Pathway","label":"is involved in"}},{"data":{"source":"P04234","target":"R-HSA-198933","Edge_Type":"Pathway","label":"is involved in"}},{"data":{"source":"P15391","target":"R-HSA-198933","Edge_Type":"Pathway","label":"is involved in"}},{"data":{"source":"P01871","target":"R-HSA-5690714","Edge_Type":"Pathway","label":"is involved in"}},{"data":{"source":"P15391","target":"R-HSA-2219530","Edge_Type":"Pathway","label":"is involved in"}},{"data":{"source":"P15391","target":"R-HSA-1257604","Edge_Type":"Pathway","label":"is involved in"}},{"data":{"source":"P15391","target":"R-HSA-6811558","Edge_Type":"Pathway","label":"is involved in"}},{"data":{"source":"P01871","target":"HP:0100280","Edge_Type":"HPO","label":"is associated w\/"}},{"data":{"source":"P01871","target":"HP:0002743","Edge_Type":"HPO","label":"is associated w\/"}},{"data":{"source":"P15391","target":"HP:0011108","Edge_Type":"HPO","label":"is associated w\/"}},{"data":{"source":"P01871","target":"HP:0011108","Edge_Type":"HPO","label":"is associated w\/"}},{"data":{"source":"P04234","target":"HP:0000403","Edge_Type":"HPO","label":"is associated w\/"}},{"data":{"source":"P15391","target":"HP:0000403","Edge_Type":"HPO","label":"is associated w\/"}},{"data":{"source":"P01871","target":"HP:0000403","Edge_Type":"HPO","label":"is associated w\/"}},{"data":{"source":"P15391","target":"HP:0002729","Edge_Type":"HPO","label":"is associated w\/"}},{"data":{"source":"P04234","target":"HP:0001888","Edge_Type":"HPO","label":"is associated w\/"}},{"data":{"source":"P15391","target":"HP:0001888","Edge_Type":"HPO","label":"is associated w\/"}},{"data":{"source":"P01871","target":"HP:0001888","Edge_Type":"HPO","label":"is associated w\/"}},{"data":{"source":"P15391","target":"HP:0006783","Edge_Type":"HPO","label":"is associated w\/"}},{"data":{"source":"P15391","target":"HP:0006532","Edge_Type":"HPO","label":"is associated w\/"}},{"data":{"source":"P01871","target":"HP:0006532","Edge_Type":"HPO","label":"is associated w\/"}},{"data":{"source":"P04234","target":"HP:0040088","Edge_Type":"HPO","label":"is associated w\/"}},{"data":{"source":"P15391","target":"HP:0040088","Edge_Type":"HPO","label":"is associated w\/"}},{"data":{"source":"P01871","target":"HP:0040088","Edge_Type":"HPO","label":"is associated w\/"}},{"data":{"source":"P04234","target":"HP:0004332","Edge_Type":"HPO","label":"is associated w\/"}},{"data":{"source":"P15391","target":"HP:0004332","Edge_Type":"HPO","label":"is associated w\/"}},{"data":{"source":"P01871","target":"HP:0004332","Edge_Type":"HPO","label":"is associated w\/"}},{"data":{"source":"H00001","target":"DB09052","Edge_Type":"kegg_dis_drug","label":"indicates"}},{"data":{"source":"P04234","target":"hsa04640","Edge_Type":"kegg_path_prot","label":"is involved in"}},{"data":{"source":"P15391","target":"hsa04640","Edge_Type":"kegg_path_prot","label":"is involved in"}},{"data":{"source":"P15391","target":"hsa04662","Edge_Type":"kegg_path_prot","label":"is involved in"}},{"data":{"source":"P04234","target":"hsa04658","Edge_Type":"kegg_path_prot","label":"is involved in"}},{"data":{"source":"P04234","target":"hsa04660","Edge_Type":"kegg_path_prot","label":"is involved in"}},{"data":{"source":"P04234","target":"hsa04659","Edge_Type":"kegg_path_prot","label":"is involved in"}},{"data":{"source":"P15391","target":"hsa04151","Edge_Type":"kegg_path_prot","label":"is involved in"}},{"data":{"source":"P04234","target":"H00091","Edge_Type":"kegg_dis_prot","label":"is related to"}},{"data":{"source":"P15391","target":"H00088","Edge_Type":"kegg_dis_prot","label":"is related to"}}]}