{"options":{"search_start":1613058622,"tax_ids":[9606],"num_of_fn_nodes":10,"num_of_pathways":10,"num_of_phenotypes":10,"num_of_drugs":10,"num_of_diseases":10,"num_of_compounds":10,"chembl_compounds":0,"predictions":1,"reviewed_filter":1,"fn":1,"chembl":1,"search_finish":1613058633,"search_runtime":11},"search":[{"Drug":[{"DB07841":"Geranylgeranyl diphosphate"}]}],"nodes":[{"data":{"id":"O95749","display_name":"GGPS1","Node_Type":"Protein"}},{"data":{"id":"P14324","display_name":"FDPS","Node_Type":"Protein"}},{"data":{"id":"P49354","display_name":"FNTA","Node_Type":"Protein"}},{"data":{"id":"P49356","display_name":"FNTB","Node_Type":"Protein"}},{"data":{"id":"P53609","display_name":"PGGT1B","Node_Type":"Protein"}},{"data":{"id":"P53611","display_name":"RABGGTB","Node_Type":"Protein"}},{"data":{"id":"Q92696","display_name":"RABGGTA","Node_Type":"Protein"}},{"data":{"id":"P31273","display_name":"HOXC8","Node_Type":"Protein_N"}},{"data":{"id":"Q7Z5A9","display_name":"TAFA1","Node_Type":"Protein_N"}},{"data":{"id":"O00189","display_name":"AP4M1","Node_Type":"Protein_N"}},{"data":{"id":"P21549","display_name":"AGXT","Node_Type":"Protein_N"}},{"data":{"id":"O43711","display_name":"TLX3","Node_Type":"Protein_N"}},{"data":{"id":"Q86YD3","display_name":"TMEM25","Node_Type":"Protein_N"}},{"data":{"id":"Q9UBV7","display_name":"B4GALT7","Node_Type":"Protein_N"}},{"data":{"id":"Q6ZMZ0","display_name":"RNF19B","Node_Type":"Protein_N"}},{"data":{"id":"Q9H0W8","display_name":"SMG9","Node_Type":"Protein_N"}},{"data":{"id":"P57081","display_name":"WDR4","Node_Type":"Protein_N"}},{"data":{"id":"Orphanet:93598","display_name":"Primary hyperoxaluria type 1","Node_Type":"Disease","enrichScore":211.824}},{"data":{"id":"Orphanet:75496","display_name":"Ehlers-Danlos syndrome, progeroid type","Node_Type":"Disease","enrichScore":105.912}},{"data":{"id":"Orphanet:79499","display_name":"Autosomal dominant deafness-onychodystrophy syndrome","Node_Type":"Disease","enrichScore":105.912}},{"data":{"id":"Orphanet:416","display_name":"Primary hyperoxaluria","Node_Type":"Disease","enrichScore":70.608}},{"data":{"id":"Orphanet:280763","display_name":"Severe intellectual disability and progressive spastic paraplegia","Node_Type":"Disease","enrichScore":52.956}},{"data":{"id":"Orphanet:79152","display_name":"Disseminated superficial actinic porokeratosis","Node_Type":"Disease","enrichScore":52.956}},{"data":{"id":"Orphanet:2065","display_name":"Galloway-Mowat syndrome","Node_Type":"Disease","enrichScore":42.365}},{"data":{"id":"DB07841","display_name":"Geranylgeranyl diphosphate","Node_Type":"Drug","enrichScore":9999999}},{"data":{"id":"DB07780","display_name":"Farnesyl diphosphate","Node_Type":"Drug","enrichScore":918.096}},{"data":{"id":"DB07227","display_name":"L-778123","Node_Type":"Drug","enrichScore":841.588}},{"data":{"id":"DB08676","display_name":"(20S)-19,20,22,23-TETRAHYDRO-19-OXO-5H,21H-18,20-ETHANO-12,14-ETHENO-6,10-METHENOBENZ[D]IMIDAZO[4,3-L][1,6,9,13]OXATRIAZACYCLONOADECOSINE-9-CARBONITRILE","Node_Type":"Drug","enrichScore":561.059}},{"data":{"id":"DB04893","display_name":"AZD3409","Node_Type":"Drug","enrichScore":561.059}},{"data":{"id":"DB08674","display_name":"(20S)-19,20,21,22-TETRAHYDRO-19-OXO-5H-18,20-ETHANO-12,14-ETHENO-6,10-METHENO-18H-BENZ[D]IMIDAZO[4,3-K][1,6,9,12]OXATRIAZA-CYCLOOCTADECOSINE-9-CARBONITRILE","Node_Type":"Drug","enrichScore":561.059}},{"data":{"id":"DB07216","display_name":"(11S)-8-CHLORO-11-[1-(METHYLSULFONYL)PIPERIDIN-4-YL]-6-PIPERAZIN-1-YL-11H-BENZO[5,6]CYCLOHEPTA[1,2-B]PYRIDINE","Node_Type":"Drug","enrichScore":561.059}},{"data":{"id":"DB06953","display_name":"2-CHLORO-5-(3-CHLORO-PHENYL)-6-[(4-CYANO-PHENYL)-(3-METHYL-3H-IMIDAZOL-4-YL)- METHOXYMETHYL]-NICOTINONITRILE","Node_Type":"Drug","enrichScore":561.059}},{"data":{"id":"DB00399","display_name":"Zoledronic acid","Node_Type":"Drug","enrichScore":561.059}},{"data":{"id":"DB08180","display_name":"2-[METHYL-(5-GERANYL-4-METHYL-PENT-3-ENYL)-AMINO]-ETHYL-DIPHOSPHATE","Node_Type":"Drug","enrichScore":561.059}},{"data":{"id":"R-HSA-6803205","display_name":"TP53 regulates transcription of several additional cell death genes whose specific roles in p53-dependent apoptosis remain uncertain","Node_Type":"Pathway","enrichScore":1080.252}},{"data":{"id":"R-HSA-191273","display_name":"Cholesterol biosynthesis","Node_Type":"Pathway","enrichScore":720.168}},{"data":{"id":"R-HSA-2514859","display_name":"Inactivation, recovery and regulation of the phototransduction cascade","Node_Type":"Pathway","enrichScore":458.289}},{"data":{"id":"R-HSA-2426168","display_name":"Activation of gene expression by SREBF (SREBP)","Node_Type":"Pathway","enrichScore":360.084}},{"data":{"id":"R-HSA-8873719","display_name":"RAB geranylgeranylation","Node_Type":"Pathway","enrichScore":232.67}},{"data":{"id":"R-HSA-111465","display_name":"Apoptotic cleavage of cellular proteins","Node_Type":"Pathway","enrichScore":210.049}},{"data":{"id":"R-HSA-3560783","display_name":"Defective B4GALT7 causes EDS, progeroid type","Node_Type":"Pathway","enrichScore":189.044}},{"data":{"id":"R-HSA-1971475","display_name":"A tetrasaccharide linker sequence is required for GAG synthesis","Node_Type":"Pathway","enrichScore":145.419}},{"data":{"id":"R-HSA-389661","display_name":"Glyoxylate metabolism and glycine degradation","Node_Type":"Pathway","enrichScore":130.375}},{"data":{"id":"R-HSA-432720","display_name":"Lysosome Vesicle Biogenesis","Node_Type":"Pathway","enrichScore":108.025}},{"data":{"id":"HP:0030507","display_name":"Retinal crystals","Node_Type":"HPO","enrichScore":248.882}},{"data":{"id":"HP:0025520","display_name":"Calcinosis cutis","Node_Type":"HPO","enrichScore":124.441}},{"data":{"id":"HP:0006243","display_name":"Phalangeal dislocation","Node_Type":"HPO","enrichScore":124.441}},{"data":{"id":"HP:0007469","display_name":"Palmoplantar cutis gyrata","Node_Type":"HPO","enrichScore":124.441}},{"data":{"id":"HP:0100813","display_name":"Testicular torsion","Node_Type":"HPO","enrichScore":124.441}},{"data":{"id":"HP:0025324","display_name":"Arterial occlusion","Node_Type":"HPO","enrichScore":82.961}},{"data":{"id":"HP:0011308","display_name":"Slender toe","Node_Type":"HPO","enrichScore":62.221}},{"data":{"id":"HP:0012811","display_name":"Wide nasal ridge","Node_Type":"HPO","enrichScore":62.221}},{"data":{"id":"HP:0003159","display_name":"Hyperoxaluria","Node_Type":"HPO","enrichScore":49.776}},{"data":{"id":"HP:0200044","display_name":"Porokeratosis","Node_Type":"HPO","enrichScore":49.776}},{"data":{"id":"hsa00900","display_name":"Terpenoid backbone biosynthesis","Node_Type":"kegg_Pathway","enrichScore":292.535}},{"data":{"id":"hsa00532","display_name":"Glycosaminoglycan biosynthesis","Node_Type":"kegg_Pathway","enrichScore":20.112}},{"data":{"id":"hsa00534","display_name":"Glycosaminoglycan biosynthesis","Node_Type":"kegg_Pathway","enrichScore":16.76}},{"data":{"id":"hsa00630","display_name":"Glyoxylate and dicarboxylate metabolism","Node_Type":"kegg_Pathway","enrichScore":13.408}},{"data":{"id":"hsa00250","display_name":"Alanine, aspartate and glutamate metabolism","Node_Type":"kegg_Pathway","enrichScore":11.173}},{"data":{"id":"hsa00260","display_name":"Glycine, serine and threonine metabolism","Node_Type":"kegg_Pathway","enrichScore":9.577}},{"data":{"id":"hsa04146","display_name":"Peroxisome","Node_Type":"kegg_Pathway","enrichScore":4.966}},{"data":{"id":"hsa01100","display_name":"Metabolic pathways","Node_Type":"kegg_Pathway","enrichScore":4.351}},{"data":{"id":"hsa01200","display_name":"Carbon metabolism","Node_Type":"kegg_Pathway","enrichScore":3.438}},{"data":{"id":"hsa04142","display_name":"Lysosome","Node_Type":"kegg_Pathway","enrichScore":3.142}},{"data":{"id":"H02364","display_name":"Heart and brain malformation syndrome","Node_Type":"kegg_Disease","enrichScore":215.706}},{"data":{"id":"H00117","display_name":"Primary hyperoxaluria","Node_Type":"kegg_Disease","enrichScore":107.853}},{"data":{"id":"H02239","display_name":"Ehlers-Danlos syndrome, spondylodysplastic type","Node_Type":"kegg_Disease","enrichScore":71.902}},{"data":{"id":"H01933","display_name":"Porokeratosis","Node_Type":"kegg_Disease","enrichScore":43.141}},{"data":{"id":"H01722","display_name":"Galloway-Mowat syndrome","Node_Type":"kegg_Disease","enrichScore":26.963}},{"data":{"id":"H00002","display_name":"T-cell acute lymphoblastic leukemia","Node_Type":"kegg_Disease","enrichScore":23.967}},{"data":{"id":"H00266","display_name":"Hereditary spastic paraplegia","Node_Type":"kegg_Disease","enrichScore":3.995}}],"edges":[{"data":{"source":"O95749","target":"O95749","Edge_Type":"PPI","label":"interacts w\/"}},{"data":{"source":"P49356","target":"P49354","Edge_Type":"PPI","label":"interacts w\/"}},{"data":{"source":"P53609","target":"P49354","Edge_Type":"PPI","label":"interacts w\/"}},{"data":{"source":"Q92696","target":"P53611","Edge_Type":"PPI","label":"interacts w\/"}},{"data":{"source":"P31273","target":"P49356","Edge_Type":"PPI","label":"interacts w\/"}},{"data":{"source":"Q7Z5A9","target":"P53611","Edge_Type":"PPI","label":"interacts w\/"}},{"data":{"source":"O00189","target":"P49354","Edge_Type":"PPI","label":"interacts w\/"}},{"data":{"source":"P21549","target":"P49356","Edge_Type":"PPI","label":"interacts w\/"}},{"data":{"source":"P21549","target":"P21549","Edge_Type":"PPI","label":"interacts w\/"}},{"data":{"source":"O43711","target":"P49356","Edge_Type":"PPI","label":"interacts w\/"}},{"data":{"source":"Q86YD3","target":"P53611","Edge_Type":"PPI","label":"interacts w\/"}},{"data":{"source":"Q9UBV7","target":"P53611","Edge_Type":"PPI","label":"interacts w\/"}},{"data":{"source":"Q6ZMZ0","target":"P14324","Edge_Type":"PPI","label":"interacts w\/"}},{"data":{"source":"Q9H0W8","target":"P49356","Edge_Type":"PPI","label":"interacts w\/"}},{"data":{"source":"Q9H0W8","target":"Q9H0W8","Edge_Type":"PPI","label":"interacts w\/"}},{"data":{"source":"P57081","target":"P53611","Edge_Type":"PPI","label":"interacts w\/"}},{"data":{"source":"HP:0030507","target":"Orphanet:93598","Edge_Type":"hpodis","label":"is associated w\/"}},{"data":{"source":"HP:0025520","target":"Orphanet:93598","Edge_Type":"hpodis","label":"is associated w\/"}},{"data":{"source":"HP:0006243","target":"Orphanet:75496","Edge_Type":"hpodis","label":"is associated w\/"}},{"data":{"source":"HP:0007469","target":"Orphanet:75496","Edge_Type":"hpodis","label":"is associated w\/"}},{"data":{"source":"HP:0007469","target":"Orphanet:75496","Edge_Type":"hpodis","label":"is associated w\/"}},{"data":{"source":"HP:0100813","target":"Orphanet:75496","Edge_Type":"hpodis","label":"is associated w\/"}},{"data":{"source":"HP:0025324","target":"Orphanet:93598","Edge_Type":"hpodis","label":"is associated w\/"}},{"data":{"source":"HP:0011308","target":"Orphanet:75496","Edge_Type":"hpodis","label":"is associated w\/"}},{"data":{"source":"HP:0012811","target":"Orphanet:280763","Edge_Type":"hpodis","label":"is associated w\/"}},{"data":{"source":"HP:0003159","target":"Orphanet:93598","Edge_Type":"hpodis","label":"is associated w\/"}},{"data":{"source":"HP:0003159","target":"Orphanet:416","Edge_Type":"hpodis","label":"is associated w\/"}},{"data":{"source":"HP:0003159","target":"Orphanet:93598","Edge_Type":"hpodis","label":"is associated w\/"}},{"data":{"source":"HP:0003159","target":"Orphanet:416","Edge_Type":"hpodis","label":"is associated w\/"}},{"data":{"source":"HP:0200044","target":"Orphanet:79152","Edge_Type":"hpodis","label":"is associated w\/"}},{"data":{"source":"HP:0200044","target":"Orphanet:79152","Edge_Type":"hpodis","label":"is associated w\/"}},{"data":{"source":"HP:0200044","target":"Orphanet:79152","Edge_Type":"hpodis","label":"is associated w\/"}},{"data":{"source":"HP:0200044","target":"Orphanet:79152","Edge_Type":"hpodis","label":"is associated w\/"}},{"data":{"source":"HP:0200044","target":"Orphanet:79152","Edge_Type":"hpodis","label":"is associated w\/"}},{"data":{"source":"P21549","target":"Orphanet:93598","Edge_Type":"Disease","label":"is related to"}},{"data":{"source":"Q9UBV7","target":"Orphanet:75496","Edge_Type":"Disease","label":"is related to"}},{"data":{"source":"Q9H0W8","target":"Orphanet:79499","Edge_Type":"Disease","label":"is related to"}},{"data":{"source":"P21549","target":"Orphanet:416","Edge_Type":"Disease","label":"is related to"}},{"data":{"source":"O00189","target":"Orphanet:280763","Edge_Type":"Disease","label":"is related to"}},{"data":{"source":"P14324","target":"Orphanet:79152","Edge_Type":"Disease","label":"is related to"}},{"data":{"source":"P57081","target":"Orphanet:2065","Edge_Type":"Disease","label":"is related to"}},{"data":{"source":"P49354","target":"DB07841","Edge_Type":"Drug","label":"targets"}},{"data":{"source":"P53609","target":"DB07841","Edge_Type":"Drug","label":"targets"}},{"data":{"source":"P49356","target":"DB07841","Edge_Type":"Drug","label":"targets"}},{"data":{"source":"O95749","target":"DB07841","Edge_Type":"Drug","label":"targets"}},{"data":{"source":"P14324","target":"DB07841","Edge_Type":"Drug","label":"targets"}},{"data":{"source":"Q92696","target":"DB07841","Edge_Type":"Drug","label":"targets"}},{"data":{"source":"P53611","target":"DB07841","Edge_Type":"Drug","label":"targets"}},{"data":{"source":"P49354","target":"DB07780","Edge_Type":"Drug","label":"targets"}},{"data":{"source":"P49356","target":"DB07780","Edge_Type":"Drug","label":"targets"}},{"data":{"source":"P14324","target":"DB07780","Edge_Type":"Drug","label":"targets"}},{"data":{"source":"O95749","target":"DB07780","Edge_Type":"Drug","label":"targets"}},{"data":{"source":"Q92696","target":"DB07780","Edge_Type":"Drug","label":"targets"}},{"data":{"source":"P53611","target":"DB07780","Edge_Type":"Drug","label":"targets"}},{"data":{"source":"P49354","target":"DB07227","Edge_Type":"Drug","label":"targets"}},{"data":{"source":"P49356","target":"DB07227","Edge_Type":"Drug","label":"targets"}},{"data":{"source":"P53609","target":"DB07227","Edge_Type":"Drug","label":"targets"}},{"data":{"source":"P49354","target":"DB08676","Edge_Type":"Drug","label":"targets"}},{"data":{"source":"P49356","target":"DB08676","Edge_Type":"Drug","label":"targets"}},{"data":{"source":"P49356","target":"DB04893","Edge_Type":"Drug","label":"targets"}},{"data":{"source":"P49354","target":"DB04893","Edge_Type":"Drug","label":"targets"}},{"data":{"source":"P49354","target":"DB08674","Edge_Type":"Drug","label":"targets"}},{"data":{"source":"P49356","target":"DB08674","Edge_Type":"Drug","label":"targets"}},{"data":{"source":"P49354","target":"DB07216","Edge_Type":"Drug","label":"targets"}},{"data":{"source":"P49356","target":"DB07216","Edge_Type":"Drug","label":"targets"}},{"data":{"source":"P49354","target":"DB06953","Edge_Type":"Drug","label":"targets"}},{"data":{"source":"P49356","target":"DB06953","Edge_Type":"Drug","label":"targets"}},{"data":{"source":"P14324","target":"DB00399","Edge_Type":"Drug","label":"targets"}},{"data":{"source":"O95749","target":"DB00399","Edge_Type":"Drug","label":"targets"}},{"data":{"source":"P49354","target":"DB08180","Edge_Type":"Drug","label":"targets"}},{"data":{"source":"P53609","target":"DB08180","Edge_Type":"Drug","label":"targets"}},{"data":{"source":"P53611","target":"R-HSA-6803205","Edge_Type":"Pathway","label":"is involved in"}},{"data":{"source":"Q92696","target":"R-HSA-6803205","Edge_Type":"Pathway","label":"is involved in"}},{"data":{"source":"O95749","target":"R-HSA-191273","Edge_Type":"Pathway","label":"is involved in"}},{"data":{"source":"P14324","target":"R-HSA-191273","Edge_Type":"Pathway","label":"is involved in"}},{"data":{"source":"P49354","target":"R-HSA-2514859","Edge_Type":"Pathway","label":"is involved in"}},{"data":{"source":"P49356","target":"R-HSA-2514859","Edge_Type":"Pathway","label":"is involved in"}},{"data":{"source":"O95749","target":"R-HSA-2426168","Edge_Type":"Pathway","label":"is involved in"}},{"data":{"source":"P14324","target":"R-HSA-2426168","Edge_Type":"Pathway","label":"is involved in"}},{"data":{"source":"P53611","target":"R-HSA-8873719","Edge_Type":"Pathway","label":"is involved in"}},{"data":{"source":"Q92696","target":"R-HSA-8873719","Edge_Type":"Pathway","label":"is involved in"}},{"data":{"source":"P49354","target":"R-HSA-111465","Edge_Type":"Pathway","label":"is involved in"}},{"data":{"source":"Q9UBV7","target":"R-HSA-3560783","Edge_Type":"Pathway","label":"is involved in"}},{"data":{"source":"Q9UBV7","target":"R-HSA-1971475","Edge_Type":"Pathway","label":"is involved in"}},{"data":{"source":"P21549","target":"R-HSA-389661","Edge_Type":"Pathway","label":"is involved in"}},{"data":{"source":"O00189","target":"R-HSA-432720","Edge_Type":"Pathway","label":"is involved in"}},{"data":{"source":"P21549","target":"HP:0030507","Edge_Type":"HPO","label":"is associated w\/"}},{"data":{"source":"P21549","target":"HP:0025520","Edge_Type":"HPO","label":"is associated w\/"}},{"data":{"source":"Q9UBV7","target":"HP:0006243","Edge_Type":"HPO","label":"is associated w\/"}},{"data":{"source":"Q9UBV7","target":"HP:0007469","Edge_Type":"HPO","label":"is associated w\/"}},{"data":{"source":"Q9UBV7","target":"HP:0100813","Edge_Type":"HPO","label":"is associated w\/"}},{"data":{"source":"P21549","target":"HP:0025324","Edge_Type":"HPO","label":"is associated w\/"}},{"data":{"source":"Q9UBV7","target":"HP:0011308","Edge_Type":"HPO","label":"is associated w\/"}},{"data":{"source":"O00189","target":"HP:0012811","Edge_Type":"HPO","label":"is associated w\/"}},{"data":{"source":"P21549","target":"HP:0003159","Edge_Type":"HPO","label":"is associated w\/"}},{"data":{"source":"P14324","target":"HP:0200044","Edge_Type":"HPO","label":"is associated w\/"}},{"data":{"source":"H00117","target":"hsa00260","Edge_Type":"kegg_dis_path","label":"modulates"}},{"data":{"source":"H00117","target":"hsa00630","Edge_Type":"kegg_dis_path","label":"modulates"}},{"data":{"source":"H01933","target":"hsa00900","Edge_Type":"kegg_dis_path","label":"modulates"}},{"data":{"source":"H00266","target":"hsa04142","Edge_Type":"kegg_dis_path","label":"modulates"}},{"data":{"source":"O95749","target":"hsa00900","Edge_Type":"kegg_path_prot","label":"is involved in"}},{"data":{"source":"P14324","target":"hsa00900","Edge_Type":"kegg_path_prot","label":"is involved in"}},{"data":{"source":"P49354","target":"hsa00900","Edge_Type":"kegg_path_prot","label":"is involved in"}},{"data":{"source":"P49356","target":"hsa00900","Edge_Type":"kegg_path_prot","label":"is involved in"}},{"data":{"source":"Q9UBV7","target":"hsa00532","Edge_Type":"kegg_path_prot","label":"is involved in"}},{"data":{"source":"Q9UBV7","target":"hsa00534","Edge_Type":"kegg_path_prot","label":"is involved in"}},{"data":{"source":"P21549","target":"hsa00630","Edge_Type":"kegg_path_prot","label":"is involved in"}},{"data":{"source":"P21549","target":"hsa00250","Edge_Type":"kegg_path_prot","label":"is involved in"}},{"data":{"source":"P21549","target":"hsa00260","Edge_Type":"kegg_path_prot","label":"is involved in"}},{"data":{"source":"P21549","target":"hsa04146","Edge_Type":"kegg_path_prot","label":"is involved in"}},{"data":{"source":"O95749","target":"hsa01100","Edge_Type":"kegg_path_prot","label":"is involved in"}},{"data":{"source":"P14324","target":"hsa01100","Edge_Type":"kegg_path_prot","label":"is involved in"}},{"data":{"source":"P21549","target":"hsa01100","Edge_Type":"kegg_path_prot","label":"is involved in"}},{"data":{"source":"Q9UBV7","target":"hsa01100","Edge_Type":"kegg_path_prot","label":"is involved in"}},{"data":{"source":"P21549","target":"hsa01200","Edge_Type":"kegg_path_prot","label":"is involved in"}},{"data":{"source":"O00189","target":"hsa04142","Edge_Type":"kegg_path_prot","label":"is involved in"}},{"data":{"source":"Q9H0W8","target":"H02364","Edge_Type":"kegg_dis_prot","label":"is related to"}},{"data":{"source":"P21549","target":"H00117","Edge_Type":"kegg_dis_prot","label":"is related to"}},{"data":{"source":"Q9UBV7","target":"H02239","Edge_Type":"kegg_dis_prot","label":"is related to"}},{"data":{"source":"P14324","target":"H01933","Edge_Type":"kegg_dis_prot","label":"is related to"}},{"data":{"source":"P57081","target":"H01722","Edge_Type":"kegg_dis_prot","label":"is related to"}},{"data":{"source":"O43711","target":"H00002","Edge_Type":"kegg_dis_prot","label":"is related to"}},{"data":{"source":"O00189","target":"H00266","Edge_Type":"kegg_dis_prot","label":"is related to"}}]}