Core Proteins,Interacting Proteins,Pathways,HPO terms,Diseases,Targeting Drugs,Experimental Bioactive Compounds (pChEMBL),Predicted interacting Compounds
PIK3CD (O00329),,R-HSA-9027276 Erythropoietin activates Phosphoinositide-3-kinase (PI3K)[scr:2857]; R-HSA-1660499 Synthesis of PIPs at the plasma membrane[scr:2587]; R-HSA-912631 Regulation of signaling by CBL[scr:876]; R-HSA-512988 Interleukin-3- Interleukin-5 and GM-CSF signaling[scr:803]; R-HSA-6811558 PI5P- PP2A and IER3 Regulate PI3K/AKT Signaling[scr:756]; R-HSA-912526 Interleukin receptor SHC signaling[scr:714]; hsa00562 Inositol phosphate metabolism[scr:249]; hsa04070 Phosphatidylinositol signaling system[scr:139]; hsa04960 Aldosterone-regulated sodium reabsorption[scr:55]; hsa04722 Neurotrophin signaling pathway[scr:46]; hsa04973 Carbohydrate digestion and absorption[scr:44]; hsa04012 ErbB signaling pathway[scr:43]; hsa04666 Fc gamma R-mediated phagocytosis[scr:40]; hsa04072 Phospholipase D signaling pathway[scr:39]; hsa04914 Progesterone-mediated oocyte maturation[scr:38]; hsa04923 Regulation of lipolysis in adipocytes[scr:37],HP:0030388 Decreased proportion of class-switched memory B cells[scr:141]; HP:0030381 Increased proportion of transitional B cells[scr:141]; HP:0012476 Decreased specific pneumococcal antibody level[scr:141]; HP:0030379 Abnormal proportion of transitional B cells[scr:141]; HP:0030386 Abnormal proportion of class-switched memory B cells[scr:141]; HP:0025539 Abnormal B cell subset distribution[scr:71],Orphanet:397596 Activated PIK3-delta syndrome (EFO)[scr:60]; H01387 Activated PI3K-delta syndrome (KEGG)[scr:122],DB05552 TG100-115[scr:9999999]; DB05241 XL765[scr:509]; DB06831 2-((9H-PURIN-6-YLTHIO)METHYL)-5-CHLORO-3-(2-METHOXYPHENYL)QUINAZOLIN-4(3H)-ONE[scr:318]; DB12483 Copanlisib[scr:318]; DB11952 Duvelisib[scr:318],,
PIK3C2B (O00750),ERBB2 (P04626),R-HSA-1660499 Synthesis of PIPs at the plasma membrane[scr:2587]; hsa00562 Inositol phosphate metabolism[scr:249]; hsa04070 Phosphatidylinositol signaling system[scr:139],,,DB05552 TG100-115[scr:9999999],,
RIPK2 (O43353),RIPK2 (O43353),hsa04722 Neurotrophin signaling pathway[scr:46],,,DB05552 TG100-115[scr:9999999],,
PIP5K1C (O60331),,R-HSA-1660499 Synthesis of PIPs at the plasma membrane[scr:2587]; R-HSA-6811558 PI5P- PP2A and IER3 Regulate PI3K/AKT Signaling[scr:756]; hsa00562 Inositol phosphate metabolism[scr:249]; hsa04070 Phosphatidylinositol signaling system[scr:139]; hsa04666 Fc gamma R-mediated phagocytosis[scr:40]; hsa04072 Phospholipase D signaling pathway[scr:39],,Orphanet:137783 Lethal congenital contracture syndrome type 3 (EFO)[scr:60],DB05552 TG100-115[scr:9999999],,
STK16 (O75716),KRTAP13-2 (Q52LG2),,,,DB05552 TG100-115[scr:9999999],,
PIK3C2G (O75747),,R-HSA-1660499 Synthesis of PIPs at the plasma membrane[scr:2587]; hsa00562 Inositol phosphate metabolism[scr:249]; hsa04070 Phosphatidylinositol signaling system[scr:139],,,DB05552 TG100-115[scr:9999999],,
ERBB2 (P04626),ERBB2 (P04626); PIK3C2B (O00750); EFNB1 (P98172); RECK (O95980),R-HSA-6811558 PI5P- PP2A and IER3 Regulate PI3K/AKT Signaling[scr:756]; R-HSA-1963642 PI3K events in ERBB2 signaling[scr:536]; hsa04012 ErbB signaling pathway[scr:43],,MONDO:0008170 ovarian cancer (EFO)[scr:60]; H00027 Ovarian cancer (KEGG)[scr:49]; H00031 Breast cancer (KEGG)[scr:33]; H01554 Fallopian tube cancer (KEGG)[scr:24],DB05552 TG100-115[scr:9999999]; DB11652 Tucatinib[scr:159],,CHEMBL375144 [scr:17.4]; CHEMBL555090 [scr:17.4]; CHEMBL382975 [scr:17.4]; CHEMBL556293 [scr:17.4]; CHEMBL556645 [scr:17.4]; CHEMBL387447 [scr:17.4]; CHEMBL549998 [scr:8.7]; CHEMBL3342317 [scr:8.7]; CHEMBL381033 [scr:8.7]; CHEMBL340244 [scr:8.7]
PIK3CA (P42336),,R-HSA-9027276 Erythropoietin activates Phosphoinositide-3-kinase (PI3K)[scr:2857]; R-HSA-1660499 Synthesis of PIPs at the plasma membrane[scr:2587]; R-HSA-112399 IRS-mediated signalling[scr:1428]; R-HSA-198203 PI3K/AKT activation[scr:952]; R-HSA-912631 Regulation of signaling by CBL[scr:876]; R-HSA-512988 Interleukin-3- Interleukin-5 and GM-CSF signaling[scr:803]; R-HSA-6811558 PI5P- PP2A and IER3 Regulate PI3K/AKT Signaling[scr:756]; R-HSA-912526 Interleukin receptor SHC signaling[scr:714]; R-HSA-114604 GPVI-mediated activation cascade[scr:551]; R-HSA-1963642 PI3K events in ERBB2 signaling[scr:536]; hsa00562 Inositol phosphate metabolism[scr:249]; hsa04070 Phosphatidylinositol signaling system[scr:139]; hsa04960 Aldosterone-regulated sodium reabsorption[scr:55]; hsa04722 Neurotrophin signaling pathway[scr:46]; hsa04973 Carbohydrate digestion and absorption[scr:44]; hsa04012 ErbB signaling pathway[scr:43]; hsa04666 Fc gamma R-mediated phagocytosis[scr:40]; hsa04072 Phospholipase D signaling pathway[scr:39]; hsa04914 Progesterone-mediated oocyte maturation[scr:38]; hsa04923 Regulation of lipolysis in adipocytes[scr:37],,Orphanet:60040 Megalencephaly-capillary malformation-polymicrogyria syndrome (EFO)[scr:120]; Orphanet:140944 CLOVE syndrome (EFO)[scr:120]; EFO:0005584 seborrheic keratosis (EFO)[scr:60]; MONDO:0008170 ovarian cancer (EFO)[scr:60]; H02297 CLAPO syndrome (KEGG)[scr:122]; H02153 Megalencephaly-capillary malformation syndrome (KEGG)[scr:122]; H01912 Congenital lipomatous overgrowth- vascular malformations- and epidermal nevi (KEGG)[scr:122]; H00027 Ovarian cancer (KEGG)[scr:49]; H01985 Desmoplastic small round cell tumor (KEGG)[scr:41]; H00031 Breast cancer (KEGG)[scr:33],DB05552 TG100-115[scr:9999999]; DB05241 XL765[scr:509]; DB12483 Copanlisib[scr:318]; DB08059 Wortmannin[scr:159],,
PIK3CB (P42338),,R-HSA-9027276 Erythropoietin activates Phosphoinositide-3-kinase (PI3K)[scr:2857]; R-HSA-1660499 Synthesis of PIPs at the plasma membrane[scr:2587]; R-HSA-112399 IRS-mediated signalling[scr:1428]; R-HSA-198203 PI3K/AKT activation[scr:952]; R-HSA-912631 Regulation of signaling by CBL[scr:876]; R-HSA-512988 Interleukin-3- Interleukin-5 and GM-CSF signaling[scr:803]; R-HSA-6811558 PI5P- PP2A and IER3 Regulate PI3K/AKT Signaling[scr:756]; R-HSA-912526 Interleukin receptor SHC signaling[scr:714]; R-HSA-114604 GPVI-mediated activation cascade[scr:551]; hsa00562 Inositol phosphate metabolism[scr:249]; hsa04070 Phosphatidylinositol signaling system[scr:139]; hsa04960 Aldosterone-regulated sodium reabsorption[scr:55]; hsa04722 Neurotrophin signaling pathway[scr:46]; hsa04973 Carbohydrate digestion and absorption[scr:44]; hsa04012 ErbB signaling pathway[scr:43]; hsa04666 Fc gamma R-mediated phagocytosis[scr:40]; hsa04072 Phospholipase D signaling pathway[scr:39]; hsa04914 Progesterone-mediated oocyte maturation[scr:38]; hsa04923 Regulation of lipolysis in adipocytes[scr:37],,,DB05552 TG100-115[scr:9999999]; DB05241 XL765[scr:509],,
PIK3CG (P48736),PIK3CG (P48736),R-HSA-9027276 Erythropoietin activates Phosphoinositide-3-kinase (PI3K)[scr:2857]; R-HSA-1660499 Synthesis of PIPs at the plasma membrane[scr:2587]; R-HSA-114604 GPVI-mediated activation cascade[scr:551]; hsa00562 Inositol phosphate metabolism[scr:249]; hsa04072 Phospholipase D signaling pathway[scr:39],,,DB05552 TG100-115[scr:9999999]; DB05241 XL765[scr:509]; DB06831 2-((9H-PURIN-6-YLTHIO)METHYL)-5-CHLORO-3-(2-METHOXYPHENYL)QUINAZOLIN-4(3H)-ONE[scr:318]; DB11952 Duvelisib[scr:318]; DB08300 1-methyl-3-naphthalen-2-yl-1H-pyrazolo[3-4-d]pyrimidin-4-amine[scr:159]; DB08059 Wortmannin[scr:159]; DB07503 (5E)-5-[(2-2-DIFLUORO-1-3-BENZODIOXOL-5-YL)METHYLENE]-1-3-THIAZOLIDINE-2-4-DIONE[scr:159]; DB07073 5-5-dimethyl-2-morpholin-4-yl-5-6-dihydro-1-3-benzothiazol-7(4H)-one[scr:159],,
CLK1 (P49759),CLK2 (P49760); CLASRP (Q8N2M8); SRRM4 (A7MD48); SRSF3 (P84103),,,,DB05552 TG100-115[scr:9999999],,
CLK2 (P49760),CLK2 (P49760); CLK1 (P49759); CLASRP (Q8N2M8); SRSF3 (P84103); ZNF436 (Q9C0F3); TRIM50 (Q86XT4),,,,DB05552 TG100-115[scr:9999999],,
RIPK4 (P57078),,,HP:0001060 Axillary pterygium[scr:81],Orphanet:1234 Bartsocas-Papas syndrome (EFO)[scr:120],DB05552 TG100-115[scr:9999999],,
RPS6KA1 (Q15418),,hsa04722 Neurotrophin signaling pathway[scr:46]; hsa04914 Progesterone-mediated oocyte maturation[scr:38],,,DB05552 TG100-115[scr:9999999],,
TAOK1 (Q7L7X3),,,,,DB05552 TG100-115[scr:9999999],,
COQ8A (Q8NI60),MTIF3 (Q9H2K0); CMTM4 (Q8IZR5),,HP:0012752 Focal T2 hypointense basal ganglia lesion[scr:141],Orphanet:139485 Autosomal recessive ataxia due to ubiquinone deficiency (EFO)[scr:120],DB05552 TG100-115[scr:9999999],,
PIP4K2C (Q8TBX8),PIP4K2C (Q8TBX8),R-HSA-1660499 Synthesis of PIPs at the plasma membrane[scr:2587]; R-HSA-6811558 PI5P- PP2A and IER3 Regulate PI3K/AKT Signaling[scr:756]; hsa00562 Inositol phosphate metabolism[scr:249]; hsa04070 Phosphatidylinositol signaling system[scr:139],,,DB05552 TG100-115[scr:9999999],,
TRPM6 (Q9BX84),,,,Orphanet:30924 Primary hypomagnesemia with secondary hypocalcemia (EFO)[scr:120]; H01210 Hypomagnesemia (KEGG)[scr:20],DB05552 TG100-115[scr:9999999],,
CLK4 (Q9HAZ1),SRRM4 (A7MD48),,,,DB05552 TG100-115[scr:9999999],,
PI4KB (Q9UBF8),,hsa00562 Inositol phosphate metabolism[scr:249]; hsa04070 Phosphatidylinositol signaling system[scr:139],,,DB05552 TG100-115[scr:9999999],,
CLASRP (Q8N2M8),CLK1 (P49759); CLK2 (P49760),,,,,,
SRRM4 (A7MD48),CLK1 (P49759); CLK4 (Q9HAZ1); SRRM4 (A7MD48),,,,,,
SRSF3 (P84103),CLK1 (P49759); CLK2 (P49760),,,,,,
MTIF3 (Q9H2K0),COQ8A (Q8NI60),,,,,,
ZNF436 (Q9C0F3),CLK2 (P49760),,,,,,
EFNB1 (P98172),ERBB2 (P04626),,HP:0005278 Hypoplastic nasal tip[scr:141]; HP:0001060 Axillary pterygium[scr:81]; HP:0012813 Unilateral breast hypoplasia[scr:71],Orphanet:1520 Craniofrontonasal dysplasia (EFO)[scr:120]; H01992 Craniofrontonasal syndrome (KEGG)[scr:122],,,
RECK (O95980),ERBB2 (P04626),,,,,,
TRIM50 (Q86XT4),CLK2 (P49760); TRIM50 (Q86XT4),,,,,,
KRTAP13-2 (Q52LG2),STK16 (O75716),,,,,,
CMTM4 (Q8IZR5),COQ8A (Q8NI60),,,,,,
