{"options":{"search_start":1613057807,"tax_ids":[9606],"num_of_fn_nodes":10,"num_of_pathways":10,"num_of_phenotypes":10,"num_of_drugs":10,"num_of_diseases":10,"num_of_compounds":10,"chembl_compounds":0,"predictions":1,"reviewed_filter":1,"fn":1,"chembl":1,"search_finish":1613057837,"search_runtime":30},"search":[{"Drug":[{"DB05882":"CHF 4227"}]}],"nodes":[{"data":{"id":"P03372","display_name":"ESR1","Node_Type":"Protein"}},{"data":{"id":"Q92731","display_name":"ESR2","Node_Type":"Protein"}},{"data":{"id":"Q16881","display_name":"TXNRD1","Node_Type":"Protein_N"}},{"data":{"id":"P29279","display_name":"CCN2","Node_Type":"Protein_N"}},{"data":{"id":"Q99623","display_name":"PHB2","Node_Type":"Protein_N"}},{"data":{"id":"Q6P9F0","display_name":"CCDC62","Node_Type":"Protein_N"}},{"data":{"id":"Q96Q04","display_name":"LMTK3","Node_Type":"Protein_N"}},{"data":{"id":"O15054","display_name":"KDM6B","Node_Type":"Protein_N"}},{"data":{"id":"Q02447","display_name":"SP3","Node_Type":"Protein_N"}},{"data":{"id":"Q86Y37","display_name":"CACUL1","Node_Type":"Protein_N"}},{"data":{"id":"Q96HI0","display_name":"SENP5","Node_Type":"Protein_N"}},{"data":{"id":"Q12802","display_name":"AKAP13","Node_Type":"Protein_N"}},{"data":{"id":"MONDO:0001967","display_name":"gonadal dysgenesis","Node_Type":"Disease","enrichScore":0}},{"data":{"id":"DB05882","display_name":"CHF 4227","Node_Type":"Drug","enrichScore":9999999}},{"data":{"id":"DB00286","display_name":"Conjugated estrogens","Node_Type":"Drug","enrichScore":1589.667}},{"data":{"id":"DB07638","display_name":"(3AS,4R,9BR)-2,2-DIFLUORO-4-(4-HYDROXYPHENYL)-1,2,3,3A,4,9B-HEXAHYDROCYCLOPENTA[C]CHROMEN-8-OL","Node_Type":"Drug","enrichScore":794.833}},{"data":{"id":"DB04574","display_name":"Estrone sulfate","Node_Type":"Drug","enrichScore":794.833}},{"data":{"id":"DB13869","display_name":"2-Methoxy-6-{(E)-[(4-methylphenyl)imino]methyl}phenol","Node_Type":"Drug","enrichScore":794.833}},{"data":{"id":"DB05966","display_name":"TAS-108","Node_Type":"Drug","enrichScore":794.833}},{"data":{"id":"DB06249","display_name":"Arzoxifene","Node_Type":"Drug","enrichScore":794.833}},{"data":{"id":"DB06401","display_name":"Bazedoxifene","Node_Type":"Drug","enrichScore":794.833}},{"data":{"id":"DB07933","display_name":"Erteberel","Node_Type":"Drug","enrichScore":794.833}},{"data":{"id":"DB01878","display_name":"Benzophenone","Node_Type":"Drug","enrichScore":794.833}},{"data":{"id":"R-HSA-5263617","display_name":"Metabolism of ingested MeSeO2H into MeSeH","Node_Type":"Pathway","enrichScore":5356.25}},{"data":{"id":"R-HSA-8939211","display_name":"ESR-mediated signaling","Node_Type":"Pathway","enrichScore":1947.727}},{"data":{"id":"R-HSA-2408550","display_name":"Metabolism of ingested H2SeO4 and H2SeO3 into H2Se","Node_Type":"Pathway","enrichScore":1339.063}},{"data":{"id":"R-HSA-8939256","display_name":"RUNX1 regulates transcription of genes involved in WNT signaling","Node_Type":"Pathway","enrichScore":892.708}},{"data":{"id":"R-HSA-8931987","display_name":"RUNX1 regulates estrogen receptor mediated transcription","Node_Type":"Pathway","enrichScore":892.708}},{"data":{"id":"R-HSA-3065679","display_name":"SUMO is proteolytically processed","Node_Type":"Pathway","enrichScore":892.708}},{"data":{"id":"R-HSA-5336415","display_name":"Uptake and function of diphtheria toxin","Node_Type":"Pathway","enrichScore":892.708}},{"data":{"id":"R-HSA-8951671","display_name":"RUNX3 regulates YAP1-mediated transcription","Node_Type":"Pathway","enrichScore":669.531}},{"data":{"id":"R-HSA-383280","display_name":"Nuclear Receptor transcription pathway","Node_Type":"Pathway","enrichScore":420.098}},{"data":{"id":"R-HSA-8866910","display_name":"TFAP2 (AP-2) family regulates transcription of growth factors and their receptors","Node_Type":"Pathway","enrichScore":412.019}},{"data":{"id":"HP:0003799","display_name":"Marked delay in bone age","Node_Type":"HPO","enrichScore":176.292}},{"data":{"id":"HP:0002083","display_name":"Migraine without aura","Node_Type":"HPO","enrichScore":88.146}},{"data":{"id":"HP:0100520","display_name":"Oliguria","Node_Type":"HPO","enrichScore":58.764}},{"data":{"id":"HP:0100958","display_name":"Narrow foramen obturatorium","Node_Type":"HPO","enrichScore":58.764}},{"data":{"id":"HP:0002077","display_name":"Migraine with aura","Node_Type":"HPO","enrichScore":50.369}},{"data":{"id":"HP:0030142","display_name":"Abnormal bowel sounds","Node_Type":"HPO","enrichScore":39.176}},{"data":{"id":"HP:0010679","display_name":"Elevated tissue non-specific alkaline phosphatase","Node_Type":"HPO","enrichScore":32.053}},{"data":{"id":"HP:0000837","display_name":"Increased circulating gonadotropin level","Node_Type":"HPO","enrichScore":26.61}},{"data":{"id":"HP:0002183","display_name":"Phonophobia","Node_Type":"HPO","enrichScore":23.506}},{"data":{"id":"HP:0030338","display_name":"Abnormal circulating gonadotropin level","Node_Type":"HPO","enrichScore":22.747}},{"data":{"id":"CHEMBL3416044","display_name":"CHEMBL3416044","Node_Type":"Prediction","enrichScore":43.5}},{"data":{"id":"CHEMBL1519843","display_name":"CHEMBL1519843","Node_Type":"Prediction","enrichScore":43.5}},{"data":{"id":"CHEMBL536947","display_name":"CHEMBL536947","Node_Type":"Prediction","enrichScore":43.5}},{"data":{"id":"CHEMBL2323691","display_name":"CHEMBL2323691","Node_Type":"Prediction","enrichScore":43.5}},{"data":{"id":"CHEMBL3907641","display_name":"CHEMBL3907641","Node_Type":"Prediction","enrichScore":43.5}},{"data":{"id":"CHEMBL3698059","display_name":"CHEMBL3698059","Node_Type":"Prediction","enrichScore":43.5}},{"data":{"id":"CHEMBL3655767","display_name":"CHEMBL3655767","Node_Type":"Prediction","enrichScore":43.5}},{"data":{"id":"CHEMBL3716526","display_name":"CHEMBL3716526","Node_Type":"Prediction","enrichScore":43.5}},{"data":{"id":"CHEMBL1546249","display_name":"CHEMBL1546249","Node_Type":"Prediction","enrichScore":43.5}},{"data":{"id":"CHEMBL3917401","display_name":"CHEMBL3917401","Node_Type":"Prediction","enrichScore":43.5}},{"data":{"id":"hsa00450","display_name":"Selenocompound metabolism","Node_Type":"kegg_Pathway","enrichScore":33.52}},{"data":{"id":"hsa04917","display_name":"Prolactin signaling pathway","Node_Type":"kegg_Pathway","enrichScore":32.562}},{"data":{"id":"hsa04915","display_name":"Estrogen signaling pathway","Node_Type":"kegg_Pathway","enrichScore":15.506}},{"data":{"id":"hsa04961","display_name":"Endocrine and other factor-regulated calcium reabsorption","Node_Type":"kegg_Pathway","enrichScore":10.552}},{"data":{"id":"hsa04929","display_name":"GnRH secretion","Node_Type":"kegg_Pathway","enrichScore":8.904}},{"data":{"id":"hsa04928","display_name":"Parathyroid hormone synthesis, secretion and action","Node_Type":"kegg_Pathway","enrichScore":5.326}},{"data":{"id":"hsa04919","display_name":"Thyroid hormone signaling pathway","Node_Type":"kegg_Pathway","enrichScore":4.789}},{"data":{"id":"hsa04371","display_name":"Apelin signaling pathway","Node_Type":"kegg_Pathway","enrichScore":3.985}},{"data":{"id":"hsa04390","display_name":"Hippo signaling pathway","Node_Type":"kegg_Pathway","enrichScore":3.63}},{"data":{"id":"H02061","display_name":"Estrogen resistance syndrome","Node_Type":"kegg_Disease","enrichScore":305.583}},{"data":{"id":"H00031","display_name":"Breast cancer","Node_Type":"kegg_Disease","enrichScore":20.372}}],"edges":[{"data":{"source":"P03372","target":"P03372","Edge_Type":"PPI","label":"interacts w\/"}},{"data":{"source":"Q92731","target":"Q92731","Edge_Type":"PPI","label":"interacts w\/"}},{"data":{"source":"Q92731","target":"P03372","Edge_Type":"PPI","label":"interacts w\/"}},{"data":{"source":"Q16881","target":"P03372","Edge_Type":"PPI","label":"interacts w\/"}},{"data":{"source":"Q16881","target":"Q92731","Edge_Type":"PPI","label":"interacts w\/"}},{"data":{"source":"P29279","target":"P03372","Edge_Type":"PPI","label":"interacts w\/"}},{"data":{"source":"P29279","target":"Q92731","Edge_Type":"PPI","label":"interacts w\/"}},{"data":{"source":"Q99623","target":"P03372","Edge_Type":"PPI","label":"interacts w\/"}},{"data":{"source":"Q6P9F0","target":"Q92731","Edge_Type":"PPI","label":"interacts w\/"}},{"data":{"source":"Q96Q04","target":"P03372","Edge_Type":"PPI","label":"interacts w\/"}},{"data":{"source":"O15054","target":"P03372","Edge_Type":"PPI","label":"interacts w\/"}},{"data":{"source":"Q02447","target":"P03372","Edge_Type":"PPI","label":"interacts w\/"}},{"data":{"source":"Q86Y37","target":"P03372","Edge_Type":"PPI","label":"interacts w\/"}},{"data":{"source":"Q96HI0","target":"P03372","Edge_Type":"PPI","label":"interacts w\/"}},{"data":{"source":"Q12802","target":"P03372","Edge_Type":"PPI","label":"interacts w\/"}},{"data":{"source":"HP:0000837","target":"MONDO:0001967","Edge_Type":"hpodis","label":"is associated w\/"}},{"data":{"source":"HP:0030338","target":"MONDO:0001967","Edge_Type":"hpodis","label":"is associated w\/"}},{"data":{"source":"Q92731","target":"MONDO:0001967","Edge_Type":"Disease","label":"is related to"}},{"data":{"source":"P03372","target":"DB05882","Edge_Type":"Drug","label":"targets"}},{"data":{"source":"Q92731","target":"DB05882","Edge_Type":"Drug","label":"targets"}},{"data":{"source":"P03372","target":"DB00286","Edge_Type":"Drug","label":"targets"}},{"data":{"source":"Q92731","target":"DB00286","Edge_Type":"Drug","label":"targets"}},{"data":{"source":"P03372","target":"DB07638","Edge_Type":"Drug","label":"targets"}},{"data":{"source":"Q92731","target":"DB07638","Edge_Type":"Drug","label":"targets"}},{"data":{"source":"P03372","target":"DB04574","Edge_Type":"Drug","label":"targets"}},{"data":{"source":"Q92731","target":"DB04574","Edge_Type":"Drug","label":"targets"}},{"data":{"source":"Q92731","target":"DB13869","Edge_Type":"Drug","label":"targets"}},{"data":{"source":"P03372","target":"DB13869","Edge_Type":"Drug","label":"targets"}},{"data":{"source":"P03372","target":"DB05966","Edge_Type":"Drug","label":"targets"}},{"data":{"source":"Q92731","target":"DB05966","Edge_Type":"Drug","label":"targets"}},{"data":{"source":"P03372","target":"DB06249","Edge_Type":"Drug","label":"targets"}},{"data":{"source":"Q92731","target":"DB06249","Edge_Type":"Drug","label":"targets"}},{"data":{"source":"P03372","target":"DB06401","Edge_Type":"Drug","label":"targets"}},{"data":{"source":"Q92731","target":"DB06401","Edge_Type":"Drug","label":"targets"}},{"data":{"source":"Q92731","target":"DB07933","Edge_Type":"Drug","label":"targets"}},{"data":{"source":"P03372","target":"DB07933","Edge_Type":"Drug","label":"targets"}},{"data":{"source":"P03372","target":"DB01878","Edge_Type":"Drug","label":"targets"}},{"data":{"source":"Q92731","target":"DB01878","Edge_Type":"Drug","label":"targets"}},{"data":{"source":"Q16881","target":"R-HSA-5263617","Edge_Type":"Pathway","label":"is involved in"}},{"data":{"source":"P03372","target":"R-HSA-8939211","Edge_Type":"Pathway","label":"is involved in"}},{"data":{"source":"Q92731","target":"R-HSA-8939211","Edge_Type":"Pathway","label":"is involved in"}},{"data":{"source":"Q16881","target":"R-HSA-2408550","Edge_Type":"Pathway","label":"is involved in"}},{"data":{"source":"P03372","target":"R-HSA-8939256","Edge_Type":"Pathway","label":"is involved in"}},{"data":{"source":"P03372","target":"R-HSA-8931987","Edge_Type":"Pathway","label":"is involved in"}},{"data":{"source":"Q96HI0","target":"R-HSA-3065679","Edge_Type":"Pathway","label":"is involved in"}},{"data":{"source":"Q16881","target":"R-HSA-5336415","Edge_Type":"Pathway","label":"is involved in"}},{"data":{"source":"P29279","target":"R-HSA-8951671","Edge_Type":"Pathway","label":"is involved in"}},{"data":{"source":"P03372","target":"R-HSA-383280","Edge_Type":"Pathway","label":"is involved in"}},{"data":{"source":"Q92731","target":"R-HSA-383280","Edge_Type":"Pathway","label":"is involved in"}},{"data":{"source":"P03372","target":"R-HSA-8866910","Edge_Type":"Pathway","label":"is involved in"}},{"data":{"source":"P03372","target":"HP:0003799","Edge_Type":"HPO","label":"is associated w\/"}},{"data":{"source":"P03372","target":"HP:0002083","Edge_Type":"HPO","label":"is associated w\/"}},{"data":{"source":"P29279","target":"HP:0100520","Edge_Type":"HPO","label":"is associated w\/"}},{"data":{"source":"P29279","target":"HP:0100958","Edge_Type":"HPO","label":"is associated w\/"}},{"data":{"source":"P03372","target":"HP:0002077","Edge_Type":"HPO","label":"is associated w\/"}},{"data":{"source":"P29279","target":"HP:0030142","Edge_Type":"HPO","label":"is associated w\/"}},{"data":{"source":"P03372","target":"HP:0010679","Edge_Type":"HPO","label":"is associated w\/"}},{"data":{"source":"P03372","target":"HP:0000837","Edge_Type":"HPO","label":"is associated w\/"}},{"data":{"source":"Q92731","target":"HP:0000837","Edge_Type":"HPO","label":"is associated w\/"}},{"data":{"source":"P03372","target":"HP:0002183","Edge_Type":"HPO","label":"is associated w\/"}},{"data":{"source":"P03372","target":"HP:0030338","Edge_Type":"HPO","label":"is associated w\/"}},{"data":{"source":"Q92731","target":"HP:0030338","Edge_Type":"HPO","label":"is associated w\/"}},{"data":{"source":"P03372","target":"CHEMBL3416044","Edge_Type":"Prediction","label":"targets"}},{"data":{"source":"P03372","target":"CHEMBL1519843","Edge_Type":"Prediction","label":"targets"}},{"data":{"source":"P03372","target":"CHEMBL536947","Edge_Type":"Prediction","label":"targets"}},{"data":{"source":"Q92731","target":"CHEMBL536947","Edge_Type":"Prediction","label":"targets"}},{"data":{"source":"P03372","target":"CHEMBL2323691","Edge_Type":"Prediction","label":"targets"}},{"data":{"source":"P03372","target":"CHEMBL3907641","Edge_Type":"Prediction","label":"targets"}},{"data":{"source":"P03372","target":"CHEMBL3698059","Edge_Type":"Prediction","label":"targets"}},{"data":{"source":"P03372","target":"CHEMBL3655767","Edge_Type":"Prediction","label":"targets"}},{"data":{"source":"P03372","target":"CHEMBL3716526","Edge_Type":"Prediction","label":"targets"}},{"data":{"source":"P03372","target":"CHEMBL1546249","Edge_Type":"Prediction","label":"targets"}},{"data":{"source":"P03372","target":"CHEMBL3917401","Edge_Type":"Prediction","label":"targets"}},{"data":{"source":"H02061","target":"hsa04915","Edge_Type":"kegg_dis_path","label":"modulates"}},{"data":{"source":"H02061","target":"hsa04917","Edge_Type":"kegg_dis_path","label":"modulates"}},{"data":{"source":"Q16881","target":"hsa00450","Edge_Type":"kegg_path_prot","label":"is involved in"}},{"data":{"source":"P03372","target":"hsa04917","Edge_Type":"kegg_path_prot","label":"is involved in"}},{"data":{"source":"Q92731","target":"hsa04917","Edge_Type":"kegg_path_prot","label":"is involved in"}},{"data":{"source":"P03372","target":"hsa04915","Edge_Type":"kegg_path_prot","label":"is involved in"}},{"data":{"source":"Q92731","target":"hsa04915","Edge_Type":"kegg_path_prot","label":"is involved in"}},{"data":{"source":"P03372","target":"hsa04961","Edge_Type":"kegg_path_prot","label":"is involved in"}},{"data":{"source":"Q92731","target":"hsa04929","Edge_Type":"kegg_path_prot","label":"is involved in"}},{"data":{"source":"Q12802","target":"hsa04928","Edge_Type":"kegg_path_prot","label":"is involved in"}},{"data":{"source":"P03372","target":"hsa04919","Edge_Type":"kegg_path_prot","label":"is involved in"}},{"data":{"source":"P29279","target":"hsa04371","Edge_Type":"kegg_path_prot","label":"is involved in"}},{"data":{"source":"P29279","target":"hsa04390","Edge_Type":"kegg_path_prot","label":"is involved in"}},{"data":{"source":"P03372","target":"H02061","Edge_Type":"kegg_dis_prot","label":"is related to"}},{"data":{"source":"P03372","target":"H00031","Edge_Type":"kegg_dis_prot","label":"is related to"}}]}