Core Proteins,Interacting Proteins,Pathways,HPO terms,Diseases,Targeting Drugs,Experimental Bioactive Compounds (pChEMBL),Predicted interacting Compounds
GABRR3 (A8MPY1),,R-HSA-977443 GABA receptor activation[scr:41320]; hsa04727 GABAergic synapse[scr:1229]; hsa04723 Retrograde endocannabinoid signaling[scr:667]; hsa04080 Neuroactive ligand-receptor interaction[scr:289],,,DB01558 Bromazepam[scr:9999999]; DB00842 Oxazepam[scr:12299]; DB00231 Temazepam[scr:11684]; DB00897 Triazolam[scr:11684]; DB00829 Diazepam[scr:10387]; DB01215 Estazolam[scr:10281]; DB01588 Prazepam[scr:10281]; DB00801 Halazepam[scr:10281],,
GABRP (O00591),,hsa04727 GABAergic synapse[scr:1229]; hsa04723 Retrograde endocannabinoid signaling[scr:667]; hsa04080 Neuroactive ligand-receptor interaction[scr:289],,,DB01558 Bromazepam[scr:9999999]; DB00603 Medroxyprogesterone acetate[scr:24417]; DB00842 Oxazepam[scr:12299]; DB00231 Temazepam[scr:11684]; DB00897 Triazolam[scr:11684]; DB00829 Diazepam[scr:10387]; DB01215 Estazolam[scr:10281]; DB01588 Prazepam[scr:10281]; DB00801 Halazepam[scr:10281]; DB00252 Phenytoin[scr:9767],,
GABRD (O14764),UBQLN1 (Q9UMX0); UBQLN1 (Q9UMX0); MDFI (Q99750); NOTCH2NLA (Q7Z3S9),hsa04727 GABAergic synapse[scr:1229]; hsa04723 Retrograde endocannabinoid signaling[scr:667]; hsa04080 Neuroactive ligand-receptor interaction[scr:289],HP:0007270 Atypical absence seizure[scr:143]; HP:0031475 Status epilepticus without prominent motor symptoms[scr:138]; HP:0011151 Atypical absence status epilepticus[scr:138],Orphanet:307 Juvenile myoclonic epilepsy (EFO)[scr:96]; Orphanet:36387 Generalized epilepsy with febrile seizures-plus (EFO)[scr:96]; H02217 Juvenile myoclonic epilepsy (KEGG)[scr:98]; H00808 Idiopathic generalized epilepsies (KEGG)[scr:73]; H00783 Febrile seizures (KEGG)[scr:73],DB01558 Bromazepam[scr:9999999]; DB00603 Medroxyprogesterone acetate[scr:24417]; DB00842 Oxazepam[scr:12299]; DB00231 Temazepam[scr:11684]; DB00897 Triazolam[scr:11684]; DB00829 Diazepam[scr:10387]; DB01215 Estazolam[scr:10281]; DB01588 Prazepam[scr:10281]; DB00801 Halazepam[scr:10281]; DB00252 Phenytoin[scr:9767],,
GABRA1 (P14867),,R-HSA-977443 GABA receptor activation[scr:41320]; R-HSA-1236394 Signaling by ERBB4[scr:11453]; hsa04727 GABAergic synapse[scr:1229]; hsa04723 Retrograde endocannabinoid signaling[scr:667]; hsa04080 Neuroactive ligand-receptor interaction[scr:289]; hsa04742 Taste transduction[scr:122],HP:0011147 Typical absence seizure[scr:254]; HP:0030218 Punding[scr:254]; HP:0010848 EEG with spike-wave complexes (2.5-3.5 Hz)[scr:254]; HP:0007738 Uncontrolled eye movements[scr:218]; HP:0011150 Myoclonic absence seizure[scr:218]; HP:0006961 Jerky head movements[scr:152]; HP:0031469 Low self esteem[scr:152]; HP:0007270 Atypical absence seizure[scr:143]; HP:0031475 Status epilepticus without prominent motor symptoms[scr:138]; HP:0011151 Atypical absence status epilepticus[scr:138],Orphanet:64280 Childhood absence epilepsy (EFO)[scr:324]; Orphanet:307 Juvenile myoclonic epilepsy (EFO)[scr:96]; Orphanet:33069 Dravet syndrome (EFO)[scr:48]; H02215 Childhood absence epilepsy (KEGG)[scr:330]; H02217 Juvenile myoclonic epilepsy (KEGG)[scr:98]; H00808 Idiopathic generalized epilepsies (KEGG)[scr:73]; H00606 Early infantile epileptic encephalopathy (KEGG)[scr:22],DB01558 Bromazepam[scr:9999999]; DB00603 Medroxyprogesterone acetate[scr:24417]; DB00842 Oxazepam[scr:12299]; DB00231 Temazepam[scr:11684]; DB00897 Triazolam[scr:11684]; DB00829 Diazepam[scr:10387]; DB01215 Estazolam[scr:10281]; DB01588 Prazepam[scr:10281]; DB00801 Halazepam[scr:10281]; DB00252 Phenytoin[scr:9767],,
GABRB1 (P18505),,R-HSA-977443 GABA receptor activation[scr:41320]; R-HSA-1236394 Signaling by ERBB4[scr:11453]; hsa04727 GABAergic synapse[scr:1229]; hsa04723 Retrograde endocannabinoid signaling[scr:667]; hsa04080 Neuroactive ligand-receptor interaction[scr:289]; hsa04726 Serotonergic synapse[scr:22],,Orphanet:1934 Early infantile epileptic encephalopathy (EFO)[scr:104]; H00606 Early infantile epileptic encephalopathy (KEGG)[scr:22],DB01558 Bromazepam[scr:9999999]; DB00603 Medroxyprogesterone acetate[scr:24417]; DB00842 Oxazepam[scr:12299]; DB00231 Temazepam[scr:11684]; DB00897 Triazolam[scr:11684]; DB00829 Diazepam[scr:10387]; DB01215 Estazolam[scr:10281]; DB01588 Prazepam[scr:10281]; DB00801 Halazepam[scr:10281]; DB00252 Phenytoin[scr:9767],,
GABRG2 (P18507),NOVA1 (P51513); GABARAP (O95166),R-HSA-977443 GABA receptor activation[scr:41320]; R-HSA-1236394 Signaling by ERBB4[scr:11453]; hsa04727 GABAergic synapse[scr:1229]; hsa04723 Retrograde endocannabinoid signaling[scr:667]; hsa04080 Neuroactive ligand-receptor interaction[scr:289],HP:0011147 Typical absence seizure[scr:254]; HP:0030218 Punding[scr:254]; HP:0010848 EEG with spike-wave complexes (2.5-3.5 Hz)[scr:254]; HP:0007738 Uncontrolled eye movements[scr:218]; HP:0011150 Myoclonic absence seizure[scr:218]; HP:0006961 Jerky head movements[scr:152]; HP:0031469 Low self esteem[scr:152]; HP:0007270 Atypical absence seizure[scr:143]; HP:0031475 Status epilepticus without prominent motor symptoms[scr:138]; HP:0011151 Atypical absence status epilepticus[scr:138],Orphanet:64280 Childhood absence epilepsy (EFO)[scr:324]; Orphanet:1934 Early infantile epileptic encephalopathy (EFO)[scr:104]; Orphanet:36387 Generalized epilepsy with febrile seizures-plus (EFO)[scr:96]; H02215 Childhood absence epilepsy (KEGG)[scr:330]; H00783 Febrile seizures (KEGG)[scr:73],DB01558 Bromazepam[scr:9999999]; DB00603 Medroxyprogesterone acetate[scr:24417]; DB00842 Oxazepam[scr:12299]; DB00231 Temazepam[scr:11684]; DB00897 Triazolam[scr:11684]; DB00829 Diazepam[scr:10387]; DB01215 Estazolam[scr:10281]; DB01588 Prazepam[scr:10281]; DB00801 Halazepam[scr:10281]; DB00252 Phenytoin[scr:9767],,
GABRR1 (P24046),,R-HSA-977443 GABA receptor activation[scr:41320]; hsa04727 GABAergic synapse[scr:1229]; hsa04723 Retrograde endocannabinoid signaling[scr:667]; hsa04080 Neuroactive ligand-receptor interaction[scr:289],,,DB01558 Bromazepam[scr:9999999]; DB00842 Oxazepam[scr:12299]; DB00231 Temazepam[scr:11684]; DB00897 Triazolam[scr:11684]; DB00829 Diazepam[scr:10387]; DB01215 Estazolam[scr:10281]; DB01588 Prazepam[scr:10281]; DB00801 Halazepam[scr:10281],,
GABRB3 (P28472),GABRB3 (P28472),R-HSA-977443 GABA receptor activation[scr:41320]; R-HSA-1236394 Signaling by ERBB4[scr:11453]; hsa04727 GABAergic synapse[scr:1229]; hsa04723 Retrograde endocannabinoid signaling[scr:667]; hsa04080 Neuroactive ligand-receptor interaction[scr:289]; hsa04726 Serotonergic synapse[scr:22],HP:0011147 Typical absence seizure[scr:254]; HP:0030218 Punding[scr:254]; HP:0010848 EEG with spike-wave complexes (2.5-3.5 Hz)[scr:254]; HP:0007738 Uncontrolled eye movements[scr:218]; HP:0011150 Myoclonic absence seizure[scr:218]; HP:0006961 Jerky head movements[scr:152]; HP:0031469 Low self esteem[scr:152]; HP:0007270 Atypical absence seizure[scr:143],Orphanet:64280 Childhood absence epilepsy (EFO)[scr:324]; Orphanet:1934 Early infantile epileptic encephalopathy (EFO)[scr:104]; H02215 Childhood absence epilepsy (KEGG)[scr:330]; H00606 Early infantile epileptic encephalopathy (KEGG)[scr:22],DB01558 Bromazepam[scr:9999999]; DB00603 Medroxyprogesterone acetate[scr:24417]; DB00842 Oxazepam[scr:12299]; DB00231 Temazepam[scr:11684]; DB00897 Triazolam[scr:11684]; DB00829 Diazepam[scr:10387]; DB01215 Estazolam[scr:10281]; DB01588 Prazepam[scr:10281]; DB00801 Halazepam[scr:10281]; DB00252 Phenytoin[scr:9767],,
GABRR2 (P28476),,R-HSA-977443 GABA receptor activation[scr:41320]; hsa04727 GABAergic synapse[scr:1229]; hsa04723 Retrograde endocannabinoid signaling[scr:667]; hsa04080 Neuroactive ligand-receptor interaction[scr:289],,,DB01558 Bromazepam[scr:9999999]; DB00842 Oxazepam[scr:12299]; DB00231 Temazepam[scr:11684]; DB00897 Triazolam[scr:11684]; DB00829 Diazepam[scr:10387]; DB01215 Estazolam[scr:10281]; DB01588 Prazepam[scr:10281]; DB00801 Halazepam[scr:10281],,
GABRA5 (P31644),,R-HSA-977443 GABA receptor activation[scr:41320]; hsa04727 GABAergic synapse[scr:1229]; hsa04723 Retrograde endocannabinoid signaling[scr:667]; hsa04080 Neuroactive ligand-receptor interaction[scr:289]; hsa04742 Taste transduction[scr:122],,Orphanet:1934 Early infantile epileptic encephalopathy (EFO)[scr:104],DB01558 Bromazepam[scr:9999999]; DB00603 Medroxyprogesterone acetate[scr:24417]; DB00842 Oxazepam[scr:12299]; DB00231 Temazepam[scr:11684]; DB00897 Triazolam[scr:11684]; DB00829 Diazepam[scr:10387]; DB01215 Estazolam[scr:10281]; DB01588 Prazepam[scr:10281]; DB00801 Halazepam[scr:10281]; DB00252 Phenytoin[scr:9767],,CHEMBL1808464 [scr:7.59]; CHEMBL1795619 [scr:6.96]; CHEMBL529217 [scr:5.97]; CHEMBL166390 [scr:5.57]; CHEMBL1807964 [scr:5.22]; CHEMBL1808620 [scr:5.22]; CHEMBL60142 [scr:4.91]; CHEMBL429680 [scr:4.4]; CHEMBL522866 [scr:3.98]
GABRA3 (P34903),,R-HSA-977443 GABA receptor activation[scr:41320]; hsa04727 GABAergic synapse[scr:1229]; hsa04723 Retrograde endocannabinoid signaling[scr:667]; hsa04080 Neuroactive ligand-receptor interaction[scr:289]; hsa04742 Taste transduction[scr:122],,,DB01558 Bromazepam[scr:9999999]; DB00603 Medroxyprogesterone acetate[scr:24417]; DB00842 Oxazepam[scr:12299]; DB00231 Temazepam[scr:11684]; DB00897 Triazolam[scr:11684]; DB00829 Diazepam[scr:10387]; DB01215 Estazolam[scr:10281]; DB01588 Prazepam[scr:10281]; DB00801 Halazepam[scr:10281]; DB00252 Phenytoin[scr:9767],,
GABRA2 (P47869),,R-HSA-977443 GABA receptor activation[scr:41320]; hsa04727 GABAergic synapse[scr:1229]; hsa04723 Retrograde endocannabinoid signaling[scr:667]; hsa04080 Neuroactive ligand-receptor interaction[scr:289]; hsa04742 Taste transduction[scr:122],,Orphanet:1934 Early infantile epileptic encephalopathy (EFO)[scr:104]; EFO:0003829 alcohol dependence (EFO)[scr:29]; H01611 Alcohol dependence (KEGG)[scr:18],DB01558 Bromazepam[scr:9999999]; DB00603 Medroxyprogesterone acetate[scr:24417]; DB00842 Oxazepam[scr:12299]; DB00231 Temazepam[scr:11684]; DB00897 Triazolam[scr:11684]; DB00829 Diazepam[scr:10387]; DB01215 Estazolam[scr:10281]; DB01588 Prazepam[scr:10281]; DB00801 Halazepam[scr:10281]; DB00252 Phenytoin[scr:9767],,CHEMBL1808464 [scr:7.59]; CHEMBL529217 [scr:5.97]; CHEMBL166390 [scr:5.57]; CHEMBL60142 [scr:4.91]; CHEMBL429680 [scr:4.4]; CHEMBL1808413 [scr:4.18]; CHEMBL522866 [scr:3.98]
GABRB2 (P47870),,R-HSA-977443 GABA receptor activation[scr:41320]; R-HSA-1236394 Signaling by ERBB4[scr:11453]; hsa04727 GABAergic synapse[scr:1229]; hsa04723 Retrograde endocannabinoid signaling[scr:667]; hsa04080 Neuroactive ligand-receptor interaction[scr:289]; hsa04726 Serotonergic synapse[scr:22],,Orphanet:1934 Early infantile epileptic encephalopathy (EFO)[scr:104]; H02150 Infantile or early childhood epileptic encephalopathy (KEGG)[scr:49],DB01558 Bromazepam[scr:9999999]; DB00603 Medroxyprogesterone acetate[scr:24417]; DB00842 Oxazepam[scr:12299]; DB00231 Temazepam[scr:11684]; DB00897 Triazolam[scr:11684]; DB00829 Diazepam[scr:10387]; DB01215 Estazolam[scr:10281]; DB01588 Prazepam[scr:10281]; DB00801 Halazepam[scr:10281]; DB00252 Phenytoin[scr:9767],,
GABRA4 (P48169),,R-HSA-977443 GABA receptor activation[scr:41320]; hsa04727 GABAergic synapse[scr:1229]; hsa04723 Retrograde endocannabinoid signaling[scr:667]; hsa04080 Neuroactive ligand-receptor interaction[scr:289]; hsa04742 Taste transduction[scr:122],,,DB01558 Bromazepam[scr:9999999]; DB00603 Medroxyprogesterone acetate[scr:24417]; DB00842 Oxazepam[scr:12299]; DB00231 Temazepam[scr:11684]; DB00897 Triazolam[scr:11684]; DB00829 Diazepam[scr:10387]; DB01215 Estazolam[scr:10281]; DB01588 Prazepam[scr:10281]; DB00801 Halazepam[scr:10281]; DB00252 Phenytoin[scr:9767],,
GABRE (P78334),,hsa04727 GABAergic synapse[scr:1229]; hsa04723 Retrograde endocannabinoid signaling[scr:667]; hsa04080 Neuroactive ligand-receptor interaction[scr:289],,,DB01558 Bromazepam[scr:9999999]; DB00603 Medroxyprogesterone acetate[scr:24417]; DB00842 Oxazepam[scr:12299]; DB00231 Temazepam[scr:11684]; DB00897 Triazolam[scr:11684]; DB00829 Diazepam[scr:10387]; DB01215 Estazolam[scr:10281]; DB01588 Prazepam[scr:10281]; DB00801 Halazepam[scr:10281]; DB00252 Phenytoin[scr:9767],,
GABRA6 (Q16445),,R-HSA-977443 GABA receptor activation[scr:41320]; hsa04727 GABAergic synapse[scr:1229]; hsa04723 Retrograde endocannabinoid signaling[scr:667]; hsa04080 Neuroactive ligand-receptor interaction[scr:289]; hsa04742 Taste transduction[scr:122],,,DB01558 Bromazepam[scr:9999999]; DB00603 Medroxyprogesterone acetate[scr:24417]; DB00842 Oxazepam[scr:12299]; DB00231 Temazepam[scr:11684]; DB00897 Triazolam[scr:11684]; DB00829 Diazepam[scr:10387]; DB01215 Estazolam[scr:10281]; DB01588 Prazepam[scr:10281]; DB00801 Halazepam[scr:10281]; DB00252 Phenytoin[scr:9767],,
GABRG1 (Q8N1C3),,hsa04727 GABAergic synapse[scr:1229]; hsa04723 Retrograde endocannabinoid signaling[scr:667]; hsa04080 Neuroactive ligand-receptor interaction[scr:289],,,DB01558 Bromazepam[scr:9999999]; DB00603 Medroxyprogesterone acetate[scr:24417]; DB00842 Oxazepam[scr:12299]; DB00231 Temazepam[scr:11684]; DB00897 Triazolam[scr:11684]; DB00829 Diazepam[scr:10387]; DB01215 Estazolam[scr:10281]; DB01588 Prazepam[scr:10281]; DB00801 Halazepam[scr:10281]; DB00252 Phenytoin[scr:9767],,
GABRG3 (Q99928),,R-HSA-977443 GABA receptor activation[scr:41320]; R-HSA-1236394 Signaling by ERBB4[scr:11453]; hsa04727 GABAergic synapse[scr:1229]; hsa04723 Retrograde endocannabinoid signaling[scr:667]; hsa04080 Neuroactive ligand-receptor interaction[scr:289],,,DB01558 Bromazepam[scr:9999999]; DB00603 Medroxyprogesterone acetate[scr:24417]; DB00842 Oxazepam[scr:12299]; DB00231 Temazepam[scr:11684]; DB00897 Triazolam[scr:11684]; DB00829 Diazepam[scr:10387]; DB01215 Estazolam[scr:10281]; DB01588 Prazepam[scr:10281]; DB00801 Halazepam[scr:10281]; DB00252 Phenytoin[scr:9767],,
GABRQ (Q9UN88),GNMT (Q14749),R-HSA-977443 GABA receptor activation[scr:41320]; R-HSA-1236394 Signaling by ERBB4[scr:11453]; hsa04727 GABAergic synapse[scr:1229]; hsa04723 Retrograde endocannabinoid signaling[scr:667]; hsa04080 Neuroactive ligand-receptor interaction[scr:289],,,DB01558 Bromazepam[scr:9999999]; DB00603 Medroxyprogesterone acetate[scr:24417]; DB00842 Oxazepam[scr:12299]; DB00231 Temazepam[scr:11684]; DB00897 Triazolam[scr:11684]; DB00829 Diazepam[scr:10387]; DB01215 Estazolam[scr:10281]; DB01588 Prazepam[scr:10281]; DB00801 Halazepam[scr:10281]; DB00252 Phenytoin[scr:9767],,
NOVA1 (P51513),GABRG2 (P18507),,,,,,
GNMT (Q14749),GABRQ (Q9UN88); GNMT (Q14749),R-HSA-2408508 Metabolism of ingested SeMet- Sec- MeSec into H2Se[scr:321]; R-HSA-389661 Glyoxylate metabolism and glycine degradation[scr:89]; hsa00260 Glycine- serine and threonine metabolism[scr:7],,Orphanet:289891 Hypermethioninemia due to glycine N-methyltransferase deficiency (EFO)[scr:144]; H00184 Hypermethioninemia (KEGG)[scr:37],,,
GABARAP (O95166),GABRG2 (P18507),R-HSA-8854214 TBC/RABGAPs[scr:58]; R-HSA-1632852 Macroautophagy[scr:38]; hsa04727 GABAergic synapse[scr:1229]; hsa04136 Autophagy[scr:9]; hsa04137 Mitophagy[scr:4]; hsa04068 FoxO signaling pathway[scr:2]; hsa04140 Autophagy[scr:2],,,,,
UBQLN1 (Q9UMX0),GABRD (O14764); UBQLN1 (Q9UMX0),R-HSA-8856825 Cargo recognition for clathrin-mediated endocytosis[scr:24],,,,,
MDFI (Q99750),GABRD (O14764); MDFI (Q99750),,,,,,
NOTCH2NLA (Q7Z3S9),GABRD (O14764),,,,,,
