Core Proteins,Interacting Proteins,Pathways,HPO terms,Diseases,Targeting Drugs,Experimental Bioactive Compounds (pChEMBL),Predicted interacting Compounds
PLG (P00747),MARVELD2 (Q8N4S9); APOH (P02749); LOX (P28300),R-HSA-75205 Dissolution of Fibrin Clot[scr:8790]; R-HSA-1592389 Activation of Matrix Metalloproteinases[scr:866]; R-HSA-186797 Signaling by PDGF[scr:866]; R-HSA-114608 Platelet degranulation[scr:223]; R-HSA-1474228 Degradation of the extracellular matrix[scr:88]; hsa04610 Complement and coagulation cascades[scr:141]; hsa04080 Neuroactive ligand-receptor interaction[scr:9],HP:0040228 Decreased level of plasminogen[scr:470]; HP:0030683 HP:0030683[scr:470]; HP:0030160 Cervicitis[scr:470]; HP:0032312 Decreased circulating globulin level[scr:470]; HP:0007717 Chronic irritative conjunctivitis[scr:235]; HP:0002588 Duodenal ulcer[scr:235]; HP:0032179 Abnormal circulating globulin level[scr:78],Orphanet:722 Hypoplasminogenemia (EFO)[scr:400]; Orphanet:97231 Ligneous conjunctivitis (EFO)[scr:400]; H01206 Plasminogen deficiency (KEGG)[scr:407]; H00223 Inherited thrombophilia (KEGG)[scr:29],DB02526 CRA_10655[scr:9999999]; DB00513 Aminocaproic acid[scr:707],,
PLAU (P00749),PLAUR (Q03405); ADAM28 (Q9UKQ2),R-HSA-75205 Dissolution of Fibrin Clot[scr:8790]; R-HSA-6798695 Neutrophil degranulation[scr:60]; hsa04610 Complement and coagulation cascades[scr:141]; hsa04064 NF-kappa B signaling pathway[scr:7],HP:0008148 Impaired epinephrine-induced platelet aggregation[scr:470],Orphanet:220436 Quebec platelet disorder (EFO)[scr:400],DB02526 CRA_10655[scr:9999999]; DB01905 2-(2-Hydroxy-5-Methoxy-Phenyl)-1h-Benzoimidazole-5-Carboxamidine[scr:1060]; DB06855 6-fluoro-2-(2-hydroxy-3-isobutoxy-phenyl)-1H-benzoimidazole-5-carboxamidine[scr:1060]; DB03876 Thieno[2-3-B]Pyridine-2-Carboxamidine[scr:1060]; DB03159 CRA_8696[scr:707]; DB01725 2-{2-hydroxy-[1-1'-biphenyl]-3-yl}-1H-1-3-benzodiazole-5-carboximidamide[scr:707]; DB02287 2-(2-hydroxy-phenyl)-3H-benzoimidazole-5-carboxamidine[scr:707]; DB03136 4-Iodobenzo[B]Thiophene-2-Carboxamidine[scr:707],,
PLAT (P00750),,R-HSA-75205 Dissolution of Fibrin Clot[scr:8790]; R-HSA-186797 Signaling by PDGF[scr:866]; hsa04610 Complement and coagulation cascades[scr:141]; hsa04371 Apelin signaling pathway[scr:5],HP:0004850 Recurrent deep vein thrombosis[scr:235],,DB02526 CRA_10655[scr:9999999]; DB00513 Aminocaproic acid[scr:707],,
PRSS1 (P07477),,R-HSA-1592389 Activation of Matrix Metalloproteinases[scr:866]; R-HSA-196741 Cobalamin (Cbl- vitamin B12) transport and metabolism[scr:340]; hsa04080 Neuroactive ligand-receptor interaction[scr:9]; hsa04974 Protein digestion and absorption[scr:8]; hsa04972 Pancreatic secretion[scr:8],HP:0005206 Pancreatic pseudocyst[scr:94],EFO:0000342 chronic pancreatitis (EFO)[scr:133]; Orphanet:676 Hereditary chronic pancreatitis (EFO)[scr:133]; H00933 Hereditary pancreatitis (KEGG)[scr:81],DB02526 CRA_10655[scr:9999999]; DB01905 2-(2-Hydroxy-5-Methoxy-Phenyl)-1h-Benzoimidazole-5-Carboxamidine[scr:1060]; DB06855 6-fluoro-2-(2-hydroxy-3-isobutoxy-phenyl)-1H-benzoimidazole-5-carboxamidine[scr:1060]; DB03876 Thieno[2-3-B]Pyridine-2-Carboxamidine[scr:1060]; DB03159 CRA_8696[scr:707]; DB01725 2-{2-hydroxy-[1-1'-biphenyl]-3-yl}-1H-1-3-benzodiazole-5-carboximidamide[scr:707]; DB02287 2-(2-hydroxy-phenyl)-3H-benzoimidazole-5-carboxamidine[scr:707]; DB03136 4-Iodobenzo[B]Thiophene-2-Carboxamidine[scr:707]; DB04424 RPR128515[scr:530],,CHEMBL2181549 [scr:58]; CHEMBL3780897 [scr:58]; CHEMBL3685286 [scr:58]; CHEMBL2315578 [scr:58]; CHEMBL1601190 [scr:58]; CHEMBL1564057 [scr:58]; CHEMBL3799221 [scr:58]; CHEMBL3753503 [scr:58]; CHEMBL3952712 [scr:58]; CHEMBL3652716 [scr:58]
MARVELD2 (Q8N4S9),PLG (P00747),hsa04530 Tight junction[scr:4],,Orphanet:90636 Autosomal recessive non-syndromic sensorineural deafness type DFNB (EFO)[scr:6]; H00605 Deafness- autosomal recessive (KEGG)[scr:7],,,
PLAUR (Q03405),PLAU (P00749),R-HSA-75205 Dissolution of Fibrin Clot[scr:8790]; R-HSA-162791 Attachment of GPI anchor to uPAR[scr:1020]; R-HSA-6798695 Neutrophil degranulation[scr:60]; hsa04610 Complement and coagulation cascades[scr:141],,,,,
APOH (P02749),PLG (P00747); APOH (P02749),R-HSA-114608 Platelet degranulation[scr:223]; hsa04979 Cholesterol metabolism[scr:16],,,,,
LOX (P28300),PLG (P00747),R-HSA-1566948 Elastic fibre formation[scr:397]; R-HSA-2243919 Crosslinking of collagen fibrils[scr:397],,Orphanet:91387 Familial thoracic aortic aneurysm and aortic dissection (EFO)[scr:36]; H00801 Familial thoracic aortic aneurysm and dissection (KEGG)[scr:45],,,
ADAM28 (Q9UKQ2),PLAU (P00749),,,,,,
