Core Proteins,Interacting Proteins,Pathways,HPO terms,Diseases,Targeting Drugs,Experimental Bioactive Compounds (pChEMBL),Predicted interacting Compounds
F2 (P00734),THBD (P07204),R-HSA-140875 Common Pathway of Fibrin Clot Formation[scr:1948]; R-HSA-159763 Transport of gamma-carboxylated protein precursors from the endoplasmic reticulum to the Golgi apparatus[scr:1190]; R-HSA-159740 Gamma-carboxylation of protein precursors[scr:1071]; R-HSA-159782 Removal of aminoterminal propeptides from gamma-carboxylated proteins[scr:1071]; R-HSA-76009 Platelet Aggregation (Plug Formation)[scr:1071]; R-HSA-140837 Intrinsic Pathway of Fibrin Clot Formation[scr:487]; R-HSA-456926 Thrombin signalling through proteinase activated receptors (PARs)[scr:335]; hsa04610 Complement and coagulation cascades[scr:212]; hsa04080 Neuroactive ligand-receptor interaction[scr:13]; hsa04611 Platelet activation[scr:9]; hsa04072 Phospholipase D signaling pathway[scr:8]; hsa04810 Regulation of actin cytoskeleton[scr:5],HP:0030138 Excessive bleeding from superficial cuts[scr:705]; HP:0040250 Reduced prothrombin antigen[scr:353]; HP:0005261 Joint hemorrhage[scr:217]; HP:0002625 Deep venous thrombosis[scr:188]; HP:0030137 Prolonged bleeding following circumcision[scr:141]; HP:0004419 Recurrent thrombophlebitis[scr:141]; HP:0011884 Abnormal umbilical stump bleeding[scr:141]; HP:0011891 Post-partum hemorrhage[scr:118],Orphanet:325 Congenital factor II deficiency (EFO)[scr:600]; HP:0004936 Venous thrombosis (EFO)[scr:480]; EFO:1000954 habitual abortion (EFO)[scr:150]; EFO:0000712 stroke (EFO)[scr:75]; H01254 Congenital prothrombin deficiency (KEGG)[scr:611]; H00223 Inherited thrombophilia (KEGG)[scr:175],DB03136 4-Iodobenzo[B]Thiophene-2-Carboxamidine[scr:9999999]; DB01725 2-{2-hydroxy-[1-1'-biphenyl]-3-yl}-1H-1-3-benzodiazole-5-carboximidamide[scr:2385]; DB03159 CRA_8696[scr:2385]; DB02287 2-(2-hydroxy-phenyl)-3H-benzoimidazole-5-carboxamidine[scr:2385]; DB03865 6-Chloro-2-(2-Hydroxy-Biphenyl-3-Yl)-1h-Indole-5-Carboxamidine[scr:1788]; DB06853 N-cycloheptylglycyl-N-(4-carbamimidoylbenzyl)-L-prolinamide[scr:1590]; DB06850 (S)-N-(4-carbamimidoylbenzyl)-1-(2-(cyclohexylamino)ethanoyl)pyrrolidine-2-carboxamide[scr:1590],,
PLAU (P00749),PLAUR (Q03405); ADAM28 (Q9UKQ2),R-HSA-75205 Dissolution of Fibrin Clot[scr:3296]; hsa04610 Complement and coagulation cascades[scr:212]; hsa04064 NF-kappa B signaling pathway[scr:11],HP:0008148 Impaired epinephrine-induced platelet aggregation[scr:705]; HP:0005261 Joint hemorrhage[scr:217],Orphanet:220436 Quebec platelet disorder (EFO)[scr:600],DB03136 4-Iodobenzo[B]Thiophene-2-Carboxamidine[scr:9999999]; DB01725 2-{2-hydroxy-[1-1'-biphenyl]-3-yl}-1H-1-3-benzodiazole-5-carboximidamide[scr:2385]; DB03159 CRA_8696[scr:2385]; DB02287 2-(2-hydroxy-phenyl)-3H-benzoimidazole-5-carboxamidine[scr:2385]; DB03865 6-Chloro-2-(2-Hydroxy-Biphenyl-3-Yl)-1h-Indole-5-Carboxamidine[scr:1788]; DB03876 Thieno[2-3-B]Pyridine-2-Carboxamidine[scr:1590]; DB06855 6-fluoro-2-(2-hydroxy-3-isobutoxy-phenyl)-1H-benzoimidazole-5-carboxamidine[scr:1590]; DB01905 2-(2-Hydroxy-5-Methoxy-Phenyl)-1h-Benzoimidazole-5-Carboxamidine[scr:1590],,
PRSS1 (P07477),,R-HSA-196741 Cobalamin (Cbl- vitamin B12) transport and metabolism[scr:510]; hsa04080 Neuroactive ligand-receptor interaction[scr:13]; hsa04974 Protein digestion and absorption[scr:12]; hsa04972 Pancreatic secretion[scr:11],HP:0005206 Pancreatic pseudocyst[scr:141],EFO:0000342 chronic pancreatitis (EFO)[scr:200]; Orphanet:676 Hereditary chronic pancreatitis (EFO)[scr:200]; H00933 Hereditary pancreatitis (KEGG)[scr:122],DB03136 4-Iodobenzo[B]Thiophene-2-Carboxamidine[scr:9999999]; DB01725 2-{2-hydroxy-[1-1'-biphenyl]-3-yl}-1H-1-3-benzodiazole-5-carboximidamide[scr:2385]; DB03159 CRA_8696[scr:2385]; DB02287 2-(2-hydroxy-phenyl)-3H-benzoimidazole-5-carboxamidine[scr:2385]; DB03865 6-Chloro-2-(2-Hydroxy-Biphenyl-3-Yl)-1h-Indole-5-Carboxamidine[scr:1788]; DB03876 Thieno[2-3-B]Pyridine-2-Carboxamidine[scr:1590]; DB06855 6-fluoro-2-(2-hydroxy-3-isobutoxy-phenyl)-1H-benzoimidazole-5-carboxamidine[scr:1590]; DB06853 N-cycloheptylglycyl-N-(4-carbamimidoylbenzyl)-L-prolinamide[scr:1590]; DB01905 2-(2-Hydroxy-5-Methoxy-Phenyl)-1h-Benzoimidazole-5-Carboxamidine[scr:1590]; DB06850 (S)-N-(4-carbamimidoylbenzyl)-1-(2-(cyclohexylamino)ethanoyl)pyrrolidine-2-carboxamide[scr:1590],,CHEMBL2181549 [scr:87]; CHEMBL3780897 [scr:87]; CHEMBL3685286 [scr:87]; CHEMBL2315578 [scr:87]; CHEMBL1601190 [scr:87]; CHEMBL1564057 [scr:87]; CHEMBL3799221 [scr:87]; CHEMBL3753503 [scr:87]; CHEMBL3952712 [scr:87]; CHEMBL3652716 [scr:87]
THBD (P07204),F2 (P00734),R-HSA-140875 Common Pathway of Fibrin Clot Formation[scr:1948]; hsa04610 Complement and coagulation cascades[scr:212],HP:0002625 Deep venous thrombosis[scr:188],Orphanet:217023 Atypical hemolytic-uremic syndrome with thrombomodulin anomaly (EFO)[scr:600]; HP:0004936 Venous thrombosis (EFO)[scr:480]; Orphanet:2134 Atypical hemolytic-uremic syndrome (EFO)[scr:67]; H00223 Inherited thrombophilia (KEGG)[scr:175]; H01434 Atypical hemolytic uremic syndrome (KEGG)[scr:76],,,
PLAUR (Q03405),PLAU (P00749),R-HSA-75205 Dissolution of Fibrin Clot[scr:3296]; R-HSA-162791 Attachment of GPI anchor to uPAR[scr:1530]; hsa04610 Complement and coagulation cascades[scr:212],,,,,
ADAM28 (Q9UKQ2),PLAU (P00749),,,,,,
