Core Proteins,Interacting Proteins,Pathways,HPO terms,Diseases,Targeting Drugs,Experimental Bioactive Compounds (pChEMBL),Predicted interacting Compounds
AGTR1 (P30556),DNAJC8 (O75937); OAZ1 (P54368); AGT (P01019); CERS6 (Q6ZMG9); ATP1B1 (P05026),R-HSA-375276 Peptide ligand-binding receptors[scr:364]; hsa04614 Renin-angiotensin system[scr:178]; hsa04261 Adrenergic signaling in cardiomyocytes[scr:73]; hsa04925 Aldosterone synthesis and secretion[scr:69]; hsa04927 Cortisol synthesis and secretion[scr:62]; hsa04270 Vascular smooth muscle contraction[scr:30]; hsa04371 Apelin signaling pathway[scr:29],HP:0008660 Renotubular dysgenesis[scr:282]; HP:0002009 Potter facies[scr:125]; HP:0004972 Elevated mean arterial pressure[scr:125]; HP:0004421 Elevated systolic blood pressure[scr:113]; HP:0011334 Facial shape deformation[scr:113]; HP:0005117 Elevated diastolic blood pressure[scr:113]; HP:0100519 Anuria[scr:94],Orphanet:97369 Renal tubular dysgenesis of genetic origin (EFO)[scr:240]; H00575 Renal tubular dysgenesis (KEGG)[scr:244],DB00966 Telmisartan[scr:9999999]; DB01349 Tasosartan[scr:636]; DB05739 CYT006-AngQb[scr:636]; DB08822 Azilsartan medoxomil[scr:318]; DB09279 Fimasartan[scr:318],,CHEMBL2333612 [scr:34.8]; CHEMBL3915279 [scr:34.8]; CHEMBL1611949 [scr:34.8]; CHEMBL3693336 [scr:34.8]; CHEMBL3634396 [scr:34.8]; CHEMBL1515948 [scr:34.8]; CHEMBL3393358 [scr:34.8]; CHEMBL3962357 [scr:34.8]; CHEMBL592802 [scr:34.8]; CHEMBL2071509 [scr:34.8]
PPARG (P37231),PPARG (P37231); SMARCD3 (Q6STE5); SMARCD3 (Q6STE5); ADCY4 (Q8NFM4); NR1H2 (P55055); PPARGC1A (Q9UBK2),R-HSA-1989781 PPARA activates gene expression[scr:916]; R-HSA-9022707 MECP2 regulates transcription factors[scr:857]; R-HSA-4090294 SUMOylation of intracellular receptors[scr:571]; R-HSA-381340 Transcriptional regulation of white adipocyte differentiation[scr:459]; hsa04211 Longevity regulating pathway[scr:46]; hsa04714 Thermogenesis[scr:31],HP:0012273 Increased carotid artery intimal medial thickness[scr:282]; HP:0009042 Marked muscular hypertrophy[scr:71]; HP:0007457 Prominent veins on trunk[scr:71],Orphanet:79083 Familial partial lipodystrophy associated with PPARG mutations (EFO)[scr:240]; EFO:0000632 oligodendroglioma (EFO)[scr:27]; EFO:0001073 obesity (EFO)[scr:24]; Orphanet:71529 Obesity due to melanocortin 4 receptor deficiency (EFO)[scr:24]; Orphanet:77828 Genetic obesity (EFO)[scr:24]; H00420 Familial partial lipodystrophy (KEGG)[scr:35]; H00032 Thyroid cancer (KEGG)[scr:15]; H00409 Type 2 diabetes mellitus (KEGG)[scr:13]; H02106 Genetic obesity (KEGG)[scr:10],DB00966 Telmisartan[scr:9999999]; DB07509 difluoro(5-{2-[(5-octyl-1H-pyrrol-2-yl-kappaN)methylidene]-2H-pyrrol-5-yl-kappaN}pentanoato)boron[scr:318]; DB07302 9(S)-HODE[scr:318]; DB09201 Ciglitazone[scr:318]; DB09198 Lobeglitazone[scr:318]; DB07209 (8R-9Z-12Z)-8-hydroxy-6-oxooctadeca-9-12-dienoic acid[scr:318],,
AGTR2 (P50052),TIMP3 (P35625); AGT (P01019),R-HSA-375276 Peptide ligand-binding receptors[scr:364]; hsa04614 Renin-angiotensin system[scr:178]; hsa04261 Adrenergic signaling in cardiomyocytes[scr:73],,,DB00966 Telmisartan[scr:9999999]; DB01349 Tasosartan[scr:636]; DB05739 CYT006-AngQb[scr:636],,
CYP2J2 (P51589),,R-HSA-2142670 Synthesis of epoxy (EET) and dihydroxyeicosatrienoic acids (DHET)[scr:536]; hsa04913 Ovarian steroidogenesis[scr:35],,,DB00966 Telmisartan[scr:9999999],,
SLCO1B3 (Q9NPD5),,R-HSA-5619058 Defective SLCO1B3 causes hyperbilirubinemia- Rotor type (HBLRR)[scr:2143]; R-HSA-189483 Heme degradation[scr:714]; hsa04976 Bile secretion[scr:56],,Orphanet:3111 Rotor syndrome (EFO)[scr:120]; H02057 Rotor syndrome (KEGG)[scr:122]; H00208 Hyperbilirubinemia (KEGG)[scr:61],DB00966 Telmisartan[scr:9999999],,
TIMP3 (P35625),AGTR2 (P50052),,,Orphanet:59181 Sorsby's fundus dystrophy (EFO)[scr:240]; H00732 Sorsby fundus dystrophy (KEGG)[scr:244],,,
DNAJC8 (O75937),AGTR1 (P30556),,,,,,
SMARCD3 (Q6STE5),PPARG (P37231),R-HSA-1989781 PPARA activates gene expression[scr:916]; R-HSA-381340 Transcriptional regulation of white adipocyte differentiation[scr:459]; hsa04714 Thermogenesis[scr:31],,,,,
OAZ1 (P54368),AGTR1 (P30556),,,,,,
AGT (P01019),AGTR1 (P30556); AGTR2 (P50052),R-HSA-1989781 PPARA activates gene expression[scr:916]; R-HSA-375276 Peptide ligand-binding receptors[scr:364]; hsa04614 Renin-angiotensin system[scr:178]; hsa04261 Adrenergic signaling in cardiomyocytes[scr:73]; hsa04925 Aldosterone synthesis and secretion[scr:69]; hsa04927 Cortisol synthesis and secretion[scr:62]; hsa04270 Vascular smooth muscle contraction[scr:30],HP:0008660 Renotubular dysgenesis[scr:282]; HP:0002009 Potter facies[scr:125]; HP:0004972 Elevated mean arterial pressure[scr:125]; HP:0004421 Elevated systolic blood pressure[scr:113]; HP:0011334 Facial shape deformation[scr:113]; HP:0005117 Elevated diastolic blood pressure[scr:113]; HP:0100519 Anuria[scr:94],Orphanet:97369 Renal tubular dysgenesis of genetic origin (EFO)[scr:240]; EFO:0000537 hypertension (EFO)[scr:120]; H00575 Renal tubular dysgenesis (KEGG)[scr:244],,,
CERS6 (Q6ZMG9),AGTR1 (P30556),,,,,,
ADCY4 (Q8NFM4),PPARG (P37231),R-HSA-170660 Adenylate cyclase activating pathway[scr:429]; hsa04261 Adrenergic signaling in cardiomyocytes[scr:73]; hsa04925 Aldosterone synthesis and secretion[scr:69]; hsa04927 Cortisol synthesis and secretion[scr:62]; hsa04976 Bile secretion[scr:56]; hsa04211 Longevity regulating pathway[scr:46]; hsa04913 Ovarian steroidogenesis[scr:35]; hsa04714 Thermogenesis[scr:31]; hsa04270 Vascular smooth muscle contraction[scr:30]; hsa04371 Apelin signaling pathway[scr:29],,,,,
NR1H2 (P55055),PPARG (P37231),R-HSA-1989781 PPARA activates gene expression[scr:916]; R-HSA-4090294 SUMOylation of intracellular receptors[scr:571],,,,,
ATP1B1 (P05026),AGTR1 (P30556),hsa04261 Adrenergic signaling in cardiomyocytes[scr:73]; hsa04925 Aldosterone synthesis and secretion[scr:69]; hsa04976 Bile secretion[scr:56],,,,,
PPARGC1A (Q9UBK2),PPARG (P37231),R-HSA-1989781 PPARA activates gene expression[scr:916]; R-HSA-381340 Transcriptional regulation of white adipocyte differentiation[scr:459]; R-HSA-2151209 Activation of PPARGC1A (PGC-1alpha) by phosphorylation[scr:429]; hsa04211 Longevity regulating pathway[scr:46]; hsa04714 Thermogenesis[scr:31]; hsa04371 Apelin signaling pathway[scr:29],,,,,
