Core Proteins,Interacting Proteins,Pathways,HPO terms,Diseases,Targeting Drugs,Experimental Bioactive Compounds (pChEMBL),Predicted interacting Compounds
LDHA (P00338),LDHA (P00338),R-HSA-70268 Pyruvate metabolism[scr:219]; hsa00640 Propanoate metabolism[scr:14]; hsa00620 Pyruvate metabolism[scr:13]; hsa00270 Cysteine and methionine metabolism[scr:10]; hsa00010 Glycolysis / Gluconeogenesis[scr:7],HP:0003621 Juvenile onset[scr:13]; HP:0002913 Myoglobinuria[scr:13]; HP:0003201 Rhabdomyolysis[scr:9],Orphanet:284426 Glycogen storage disease due to lactate dehydrogenase M-subunit deficiency (EFO)[scr:257]; Orphanet:2364 Glycogen storage disease due to lactate dehydrogenase deficiency (EFO)[scr:129]; H01946 Glycogen storage disease type XI (KEGG)[scr:262]; H01762 Muscle glycogen storage disease (KEGG)[scr:20],DB02701 Nicotinamide[scr:9999999]; DB02483 Etheno-NAD[scr:681]; DB07976 3-{[(3-FLUORO-3'-METHOXYBIPHENYL-4-YL)AMINO]CARBONYL}THIOPHENE-2-CARBOXYLIC ACID[scr:1000000],,CHEMBL351865 [scr:37.29]; CHEMBL1822223 [scr:37.29]; CHEMBL559045 [scr:37.29]; CHEMBL1773197 [scr:37.29]; CHEMBL381858 [scr:18.64]; CHEMBL541621 [scr:18.64]; CHEMBL378328 [scr:18.64]; CHEMBL1806736 [scr:18.64]; CHEMBL1822786 [scr:18.64]
PARP1 (P09874),PARP1 (P09874); CHD1L (Q86WJ1); YARS1 (P54577); OARD1 (Q9Y530); ZNF423 (Q2M1K9); RECQL (P46063); ERG (P11308); APTX (Q7Z2E3); RNF146 (Q9NTX7); IL24 (Q13007); APLF (Q8IW19),R-HSA-110362 POLB-Dependent Long Patch Base Excision Repair[scr:574]; R-HSA-5685939 HDR through MMEJ (alt-NHEJ)[scr:459]; R-HSA-5696400 Dual Incision in GG-NER[scr:448]; R-HSA-5696395 Formation of Incision Complex in GG-NER[scr:427]; R-HSA-2173795 Downregulation of SMAD2/3:SMAD4 transcriptional activity[scr:200]; hsa03410 Base excision repair[scr:15],,,DB02701 Nicotinamide[scr:9999999]; DB04010 2-(3'-Methoxyphenyl) Benzimidazole-4-Carboxamide[scr:341]; DB03073 3-Methoxybenzamide[scr:341]; DB07330 A-620223[scr:341]; DB07787 5-FLUORO-1-[4-(4-PHENYL-3-6-DIHYDROPYRIDIN-1(2H)-YL)BUTYL]QUINAZOLINE-2-4(1H-3H)-DIONE[scr:341]; DB03722 3-4-Dihydro-5-Methyl-Isoquinolinone[scr:341]; DB03509 2-(4-Chlorophenyl)-5-Quinoxalinecarboxamide[scr:341],,
BST1 (Q10588),,R-HSA-196807 Nicotinate metabolism[scr:383]; hsa00760 Nicotinate and nicotinamide metabolism[scr:53]; hsa04970 Salivary secretion[scr:5]; hsa04972 Pancreatic secretion[scr:5],,,DB02701 Nicotinamide[scr:9999999]; DB02483 Etheno-NAD[scr:681]; DB03732 Etheno-Nadp[scr:341],,
SIRT5 (Q9NXA8),,hsa00760 Nicotinate and nicotinamide metabolism[scr:53],,,DB02701 Nicotinamide[scr:9999999]; DB03478 2'-O-Acetyl Adenosine-5-Diphosphoribose[scr:341],,
CHD1L (Q86WJ1),PARP1 (P09874),R-HSA-5696400 Dual Incision in GG-NER[scr:448]; R-HSA-5696395 Formation of Incision Complex in GG-NER[scr:427],,,,,
YARS1 (P54577),PARP1 (P09874),R-HSA-379716 Cytosolic tRNA aminoacylation[scr:191]; hsa00970 Aminoacyl-tRNA biosynthesis[scr:11],HP:0003450 Axonal regeneration[scr:50]; HP:0002936 Distal sensory impairment[scr:12],Orphanet:100045 Autosomal dominant intermediate Charcot-Marie-Tooth disease type C (EFO)[scr:257],,,
OARD1 (Q9Y530),PARP1 (P09874),,,,,,
ZNF423 (Q2M1K9),PARP1 (P09874),,,Orphanet:2318 Joubert syndrome with oculorenal defect (EFO)[scr:43],,,
RECQL (P46063),PARP1 (P09874),,,,,,
ERG (P11308),PARP1 (P09874),,,EFO:0000174 Ewing sarcoma (EFO)[scr:51]; H00035 Ewing sarcoma (KEGG)[scr:52]; H00024 Prostate cancer (KEGG)[scr:26],,,
APTX (Q7Z2E3),PARP1 (P09874),,HP:0003387 Decreased number of large peripheral myelinated nerve fibers[scr:22]; HP:0000571 Hypometric saccades[scr:22]; HP:0040078 Axonal degeneration[scr:18]; HP:0003621 Juvenile onset[scr:13]; HP:0002936 Distal sensory impairment[scr:12]; HP:0000590 Progressive external ophthalmoplegia[scr:12]; HP:0010747 Medial flaring of the eyebrow[scr:12],Orphanet:1168 Ataxia - oculomotor apraxia type 1 (EFO)[scr:257]; H00848 Ataxia with ocular apraxia (KEGG)[scr:65]; H00999 Coenzyme Q10 deficiency (KEGG)[scr:33],,,
RNF146 (Q9NTX7),PARP1 (P09874),R-HSA-201681 TCF dependent signaling in response to WNT[scr:128],,,,,
IL24 (Q13007),PARP1 (P09874),R-HSA-8854691 Interleukin-20 family signaling[scr:184]; hsa04061 Viral protein interaction with cytokine and cytokine receptor[scr:5],,,,,
APLF (Q8IW19),PARP1 (P09874),,,,,,
