Core Proteins,Interacting Proteins,Pathways,HPO terms,Diseases,Targeting Drugs,Experimental Bioactive Compounds (pChEMBL),Predicted interacting Compounds
IFNAR1 (P17181),STAT2 (P52630); LAPTM4B (Q86VI4); STAT1 (P42224); TYK2 (P29597); FBXW11 (Q9UKB1),R-HSA-912694 Regulation of IFNA signaling[scr:10498]; R-HSA-909733 Interferon alpha/beta signaling[scr:3917]; hsa04630 JAK-STAT signaling pathway[scr:224]; hsa04380 Osteoclast differentiation[scr:223]; hsa04217 Necroptosis[scr:176]; hsa04621 NOD-like receptor signaling pathway[scr:154]; hsa04620 Toll-like receptor signaling pathway[scr:49],,,DB05472 omega interferon[scr:9999999]; DB00008 Peginterferon alfa-2a[scr:795]; DB00018 Interferon alfa-n3[scr:795]; DB00022 Peginterferon alfa-2b[scr:795]; DB00034 Interferon alfa-2a- Recombinant[scr:795]; DB00060 Interferon beta-1a[scr:795]; DB00068 Interferon beta-1b[scr:795]; DB00069 Interferon alfacon-1[scr:795]; DB00105 Interferon alfa-2b[scr:795]; DB00011 Interferon alfa-n1[scr:795],,
IFNAR2 (P48551),STAT2 (P52630); IRF9 (Q00978); USP18 (Q9UMW8); JAK1 (P23458); STAT1 (P42224); RACK1 (P63244); CREBBP (Q92793),R-HSA-912694 Regulation of IFNA signaling[scr:10498]; R-HSA-909733 Interferon alpha/beta signaling[scr:3917]; hsa04630 JAK-STAT signaling pathway[scr:224]; hsa04380 Osteoclast differentiation[scr:223]; hsa04217 Necroptosis[scr:176]; hsa04621 NOD-like receptor signaling pathway[scr:154]; hsa04620 Toll-like receptor signaling pathway[scr:49],HP:0020088 Post-vaccination measles[scr:353]; HP:0020085 Infection following live vaccination[scr:353],,DB05472 omega interferon[scr:9999999]; DB00008 Peginterferon alfa-2a[scr:795]; DB00018 Interferon alfa-n3[scr:795]; DB00022 Peginterferon alfa-2b[scr:795]; DB00034 Interferon alfa-2a- Recombinant[scr:795]; DB00060 Interferon beta-1a[scr:795]; DB00068 Interferon beta-1b[scr:795]; DB00069 Interferon alfacon-1[scr:795]; DB00105 Interferon alfa-2b[scr:795]; DB00011 Interferon alfa-n1[scr:795],,
STAT2 (P52630),IFNAR1 (P17181); IFNAR2 (P48551); STAT2 (P52630); IRF9 (Q00978); STAT1 (P42224),R-HSA-912694 Regulation of IFNA signaling[scr:10498]; R-HSA-909733 Interferon alpha/beta signaling[scr:3917]; R-HSA-8854691 Interleukin-20 family signaling[scr:3428]; hsa04630 JAK-STAT signaling pathway[scr:224]; hsa04380 Osteoclast differentiation[scr:223]; hsa04217 Necroptosis[scr:176]; hsa04621 NOD-like receptor signaling pathway[scr:154]; hsa04625 C-type lectin receptor signaling pathway[scr:47],,,,,
IRF9 (Q00978),IFNAR2 (P48551); STAT2 (P52630),R-HSA-909733 Interferon alpha/beta signaling[scr:3917]; hsa04630 JAK-STAT signaling pathway[scr:224]; hsa04380 Osteoclast differentiation[scr:223]; hsa04217 Necroptosis[scr:176]; hsa04621 NOD-like receptor signaling pathway[scr:154]; hsa04625 C-type lectin receptor signaling pathway[scr:47],,,,,
USP18 (Q9UMW8),IFNAR2 (P48551),R-HSA-912694 Regulation of IFNA signaling[scr:10498],,Orphanet:1229 Congenital intrauterine infection-like syndrome (EFO)[scr:150],,,
JAK1 (P23458),IFNAR2 (P48551),R-HSA-912694 Regulation of IFNA signaling[scr:10498]; R-HSA-1059683 Interleukin-6 signaling[scr:4382]; R-HSA-9020956 Interleukin-27 signaling[scr:4382]; R-HSA-8984722 Interleukin-35 Signalling[scr:4017]; R-HSA-909733 Interferon alpha/beta signaling[scr:3917]; R-HSA-8854691 Interleukin-20 family signaling[scr:3428]; R-HSA-8985947 Interleukin-9 signaling[scr:2381]; R-HSA-112411 MAPK1 (ERK2) activation[scr:2381]; R-HSA-9020958 Interleukin-21 signaling[scr:2143]; R-HSA-9020591 Interleukin-12 signaling[scr:2143]; hsa04630 JAK-STAT signaling pathway[scr:224]; hsa04380 Osteoclast differentiation[scr:223]; hsa04217 Necroptosis[scr:176]; hsa04621 NOD-like receptor signaling pathway[scr:154]; hsa04658 Th1 and Th2 cell differentiation[scr:56]; hsa04659 Th17 cell differentiation[scr:48],,,,,
LAPTM4B (Q86VI4),IFNAR1 (P17181),,,,,,
STAT1 (P42224),IFNAR1 (P17181); IFNAR2 (P48551); STAT1 (P42224); STAT2 (P52630),R-HSA-912694 Regulation of IFNA signaling[scr:10498]; R-HSA-1059683 Interleukin-6 signaling[scr:4382]; R-HSA-9020956 Interleukin-27 signaling[scr:4382]; R-HSA-8984722 Interleukin-35 Signalling[scr:4017]; R-HSA-909733 Interferon alpha/beta signaling[scr:3917]; R-HSA-8854691 Interleukin-20 family signaling[scr:3428]; R-HSA-8985947 Interleukin-9 signaling[scr:2381]; R-HSA-9020958 Interleukin-21 signaling[scr:2143]; hsa04630 JAK-STAT signaling pathway[scr:224]; hsa04380 Osteoclast differentiation[scr:223]; hsa04217 Necroptosis[scr:176]; hsa04621 NOD-like receptor signaling pathway[scr:154]; hsa04658 Th1 and Th2 cell differentiation[scr:56]; hsa04620 Toll-like receptor signaling pathway[scr:49]; hsa04659 Th17 cell differentiation[scr:48]; hsa04625 C-type lectin receptor signaling pathway[scr:47]; hsa04919 Thyroid hormone signaling pathway[scr:19],HP:0012456 Medial arterial calcification[scr:176]; HP:0004966 Medial calcification of large arteries[scr:176]; HP:0011274 Recurrent mycobacterial infections[scr:128]; HP:0000832 Primary hypothyroidism[scr:118],Orphanet:319595 Mendelian susceptibility to mycobacterial diseases due to partial STAT1 deficiency (EFO)[scr:300]; Orphanet:391311 Susceptibility to viral and mycobacterial infections (EFO)[scr:300]; Orphanet:391487 Autoimmune enteropathy and endocrinopathy-susceptibility to chronic infections syndrome (EFO)[scr:300]; Orphanet:1334 Chronic mucocutaneous candidosis (EFO)[scr:43]; H00363 Candidiasis (KEGG)[scr:102]; H01109 Chronic mucocutaneous candidiasis (KEGG)[scr:61]; H00089 IFN-gamma/IL-12 axis (KEGG)[scr:31],,,
TYK2 (P29597),IFNAR1 (P17181),R-HSA-912694 Regulation of IFNA signaling[scr:10498]; R-HSA-1059683 Interleukin-6 signaling[scr:4382]; R-HSA-9020956 Interleukin-27 signaling[scr:4382]; R-HSA-8984722 Interleukin-35 Signalling[scr:4017]; R-HSA-909733 Interferon alpha/beta signaling[scr:3917]; R-HSA-8854691 Interleukin-20 family signaling[scr:3428]; R-HSA-112411 MAPK1 (ERK2) activation[scr:2381]; R-HSA-9020591 Interleukin-12 signaling[scr:2143]; hsa04630 JAK-STAT signaling pathway[scr:224]; hsa04380 Osteoclast differentiation[scr:223]; hsa04217 Necroptosis[scr:176]; hsa04621 NOD-like receptor signaling pathway[scr:154]; hsa04658 Th1 and Th2 cell differentiation[scr:56]; hsa04659 Th17 cell differentiation[scr:48],HP:0011274 Recurrent mycobacterial infections[scr:128],Orphanet:331226 Autosomal recessive hyper-IgE syndrome due to TYK2 deficiency (EFO)[scr:300]; Orphanet:169446 Autosomal recessive hyper-IgE syndrome (EFO)[scr:150]; H01968 Hyper-IgE syndrome (KEGG)[scr:76]; H00107 Other well-defined immunodeficiency syndromes (KEGG)[scr:34],,,
FBXW11 (Q9UKB1),IFNAR1 (P17181),hsa04710 Circadian rhythm[scr:19],,,,,
RACK1 (P63244),IFNAR2 (P48551),,,,,,
CREBBP (Q92793),IFNAR2 (P48551),hsa04630 JAK-STAT signaling pathway[scr:224]; hsa04919 Thyroid hormone signaling pathway[scr:19],HP:0008107 Plantar crease between first and second toes[scr:176]; HP:0001042 High axial triradius[scr:176]; HP:0000756 Agoraphobia[scr:118]; HP:0005895 Radial deviation of thumb terminal phalanx[scr:118],Orphanet:353277 Rubinstein-Taybi syndrome due to CREBBP mutations (EFO)[scr:300]; Orphanet:783 Rubinstein-Taybi syndrome (EFO)[scr:150]; EFO:0010252 Menke-Hennekam syndrome 1 (EFO)[scr:0]; H00504 Rubinstein-Taybi syndrome (KEGG)[scr:153]; H01613 Follicular lymphoma (KEGG)[scr:44],,,CHEMBL554670 [scr:43.5]; CHEMBL550901 [scr:43.5]; CHEMBL375620 [scr:43.5]; CHEMBL344526 [scr:43.5]; CHEMBL553276 [scr:21.75]; CHEMBL556693 [scr:21.75]; CHEMBL377482 [scr:21.75]; CHEMBL378964 [scr:21.75]; CHEMBL555218 [scr:21.75]; CHEMBL377125 [scr:21.75]
