{"options":{"search_start":1613056267,"tax_ids":[9606],"num_of_fn_nodes":10,"num_of_pathways":10,"num_of_phenotypes":10,"num_of_drugs":10,"num_of_diseases":10,"num_of_compounds":10,"chembl_compounds":0,"predictions":1,"reviewed_filter":1,"fn":1,"chembl":1,"search_finish":1613056295,"search_runtime":28},"search":[{"Drug":[{"DB03449":"N-(4-{2-[(3-chlorobenzyl)amino]ethyl}phenyl)thiophene-2-carboximidamide"}]}],"nodes":[{"data":{"id":"P29475","display_name":"NOS1","Node_Type":"Protein"}},{"data":{"id":"P35228","display_name":"NOS2","Node_Type":"Protein"}},{"data":{"id":"P04406","display_name":"GAPDH","Node_Type":"Protein_N"}},{"data":{"id":"Q08AM6","display_name":"VAC14","Node_Type":"Protein_N"}},{"data":{"id":"EFO:0009157","display_name":"susceptibility to malaria","Node_Type":"Disease","enrichScore":69.25}},{"data":{"id":"MONDO:0021024","display_name":"malaria, susceptibility to","Node_Type":"Disease","enrichScore":69.25}},{"data":{"id":"MONDO:0014889","display_name":"striatonigral degeneration, childhood-onset","Node_Type":"Disease","enrichScore":0}},{"data":{"id":"DB03449","display_name":"N-(4-{2-[(3-chlorobenzyl)amino]ethyl}phenyl)thiophene-2-carboximidamide","Node_Type":"Drug","enrichScore":9999999}},{"data":{"id":"DB02644","display_name":"N-omega-propyl-L-arginine","Node_Type":"Drug","enrichScore":2384.5}},{"data":{"id":"DB01997","display_name":"3-Bromo-7-Nitroindazole","Node_Type":"Drug","enrichScore":1589.667}},{"data":{"id":"DB02044","display_name":"N-[3-(aminomethyl)benzyl]acetamidine","Node_Type":"Drug","enrichScore":1589.667}},{"data":{"id":"DB03893","display_name":"Thionicotinamide-Adenine-Dinucleotide","Node_Type":"Drug","enrichScore":1192.25}},{"data":{"id":"DB02143","display_name":"1-hydroxy-2-isopropylguanidine","Node_Type":"Drug","enrichScore":1192.25}},{"data":{"id":"DB03953","display_name":"Thiocitrulline","Node_Type":"Drug","enrichScore":1192.25}},{"data":{"id":"DB07405","display_name":"1-(6-CYANO-3-PYRIDYLCARBONYL)-5',8'-DIFLUOROSPIRO[PIPERIDINE-4,2'(1'H)-QUINAZOLINE]-4'-AMINE","Node_Type":"Drug","enrichScore":1192.25}},{"data":{"id":"DB07389","display_name":"N-[2-(6-AMINO-4-METHYLPYRIDIN-2-YL)ETHYL]-4-CYANOBENZAMIDE","Node_Type":"Drug","enrichScore":1192.25}},{"data":{"id":"DB08214","display_name":"4-(1H-IMIDAZOL-1-YL)PHENOL","Node_Type":"Drug","enrichScore":1192.25}},{"data":{"id":"R-HSA-392154","display_name":"Nitric oxide stimulates guanylate cyclase","Node_Type":"Pathway","enrichScore":9182.143}},{"data":{"id":"R-HSA-1222556","display_name":"ROS and RNS production in phagocytes","Node_Type":"Pathway","enrichScore":1890.441}},{"data":{"id":"R-HSA-1660517","display_name":"Synthesis of PIPs at the late endosome membrane","Node_Type":"Pathway","enrichScore":1460.795}},{"data":{"id":"R-HSA-1660516","display_name":"Synthesis of PIPs at the early endosome membrane","Node_Type":"Pathway","enrichScore":1004.297}},{"data":{"id":"R-HSA-1660514","display_name":"Synthesis of PIPs at the Golgi membrane","Node_Type":"Pathway","enrichScore":892.708}},{"data":{"id":"R-HSA-70263","display_name":"Gluconeogenesis","Node_Type":"Pathway","enrichScore":472.61}},{"data":{"id":"R-HSA-70171","display_name":"Glycolysis","Node_Type":"Pathway","enrichScore":391.921}},{"data":{"id":"R-HSA-5578775","display_name":"Ion homeostasis","Node_Type":"Pathway","enrichScore":297.569}},{"data":{"id":"R-HSA-9033241","display_name":"Peroxisomal protein import","Node_Type":"Pathway","enrichScore":255.06}},{"data":{"id":"R-HSA-6785807","display_name":"Interleukin-4 and Interleukin-13 signaling","Node_Type":"Pathway","enrichScore":144.764}},{"data":{"id":"HP:0010110","display_name":"Aplasia of the phalanges of the hallux","Node_Type":"HPO","enrichScore":528.875}},{"data":{"id":"HP:0009881","display_name":"Aplasia of the distal phalanges of the hand","Node_Type":"HPO","enrichScore":528.875}},{"data":{"id":"HP:0012294","display_name":"Abnormality of the occipital bone","Node_Type":"HPO","enrichScore":528.875}},{"data":{"id":"HP:0040111","display_name":"Bilateral external ear deformity","Node_Type":"HPO","enrichScore":528.875}},{"data":{"id":"HP:0010102","display_name":"Aplasia of the distal phalanx of the hallux","Node_Type":"HPO","enrichScore":528.875}},{"data":{"id":"HP:0012809","display_name":"Narrow nasal base","Node_Type":"HPO","enrichScore":528.875}},{"data":{"id":"HP:0010645","display_name":"Aplasia of the distal phalanges of the toes","Node_Type":"HPO","enrichScore":528.875}},{"data":{"id":"HP:0010085","display_name":"Aplasia\/Hypoplasia of the proximal phalanx of the hallux","Node_Type":"HPO","enrichScore":352.583}},{"data":{"id":"HP:0010107","display_name":"Short proximal phalanx of hallux","Node_Type":"HPO","enrichScore":352.583}},{"data":{"id":"HP:0004993","display_name":"Slender long bones with narrow diaphyses","Node_Type":"HPO","enrichScore":352.583}},{"data":{"id":"CHEMBL556769","display_name":"CHEMBL556769","Node_Type":"Prediction","enrichScore":130.5}},{"data":{"id":"CHEMBL545103","display_name":"CHEMBL545103","Node_Type":"Prediction","enrichScore":130.5}},{"data":{"id":"CHEMBL556044","display_name":"CHEMBL556044","Node_Type":"Prediction","enrichScore":130.5}},{"data":{"id":"CHEMBL554125","display_name":"CHEMBL554125","Node_Type":"Prediction","enrichScore":130.5}},{"data":{"id":"CHEMBL555749","display_name":"CHEMBL555749","Node_Type":"Prediction","enrichScore":130.5}},{"data":{"id":"CHEMBL535802","display_name":"CHEMBL535802","Node_Type":"Prediction","enrichScore":65.25}},{"data":{"id":"CHEMBL3347389","display_name":"CHEMBL3347389","Node_Type":"Prediction","enrichScore":65.25}},{"data":{"id":"CHEMBL529918","display_name":"CHEMBL529918","Node_Type":"Prediction","enrichScore":65.25}},{"data":{"id":"CHEMBL554459","display_name":"CHEMBL554459","Node_Type":"Prediction","enrichScore":65.25}},{"data":{"id":"CHEMBL373693","display_name":"CHEMBL373693","Node_Type":"Prediction","enrichScore":65.25}},{"data":{"id":"hsa00220","display_name":"Arginine biosynthesis","Node_Type":"kegg_Pathway","enrichScore":341.9}},{"data":{"id":"hsa00330","display_name":"Arginine and proline metabolism","Node_Type":"kegg_Pathway","enrichScore":139.551}},{"data":{"id":"hsa04066","display_name":"HIF-1 signaling pathway","Node_Type":"kegg_Pathway","enrichScore":62.734}},{"data":{"id":"hsa04926","display_name":"Relaxin signaling pathway","Node_Type":"kegg_Pathway","enrichScore":52.6}},{"data":{"id":"hsa04371","display_name":"Apelin signaling pathway","Node_Type":"kegg_Pathway","enrichScore":47.818}},{"data":{"id":"hsa04020","display_name":"Calcium signaling pathway","Node_Type":"kegg_Pathway","enrichScore":34.362}},{"data":{"id":"hsa04730","display_name":"Long-term depression","Node_Type":"kegg_Pathway","enrichScore":28.025}},{"data":{"id":"hsa00010","display_name":"Glycolysis \/ Gluconeogenesis","Node_Type":"kegg_Pathway","enrichScore":25.515}},{"data":{"id":"hsa01230","display_name":"Biosynthesis of amino acids","Node_Type":"kegg_Pathway","enrichScore":22.493}},{"data":{"id":"hsa04146","display_name":"Peroxisome","Node_Type":"kegg_Pathway","enrichScore":21.105}},{"data":{"id":"H00017","display_name":"Esophageal cancer","Node_Type":"kegg_Disease","enrichScore":101.861}}],"edges":[{"data":{"source":"P04406","target":"P35228","Edge_Type":"PPI","label":"interacts w\/"}},{"data":{"source":"P04406","target":"P04406","Edge_Type":"PPI","label":"interacts w\/"}},{"data":{"source":"Q08AM6","target":"P29475","Edge_Type":"PPI","label":"interacts w\/"}},{"data":{"source":"Q08AM6","target":"Q08AM6","Edge_Type":"PPI","label":"interacts w\/"}},{"data":{"source":"P35228","target":"EFO:0009157","Edge_Type":"Disease","label":"is related to"}},{"data":{"source":"P35228","target":"MONDO:0021024","Edge_Type":"Disease","label":"is related to"}},{"data":{"source":"Q08AM6","target":"MONDO:0014889","Edge_Type":"Disease","label":"is related to"}},{"data":{"source":"P35228","target":"DB03449","Edge_Type":"Drug","label":"targets"}},{"data":{"source":"P29475","target":"DB03449","Edge_Type":"Drug","label":"targets"}},{"data":{"source":"P35228","target":"DB02644","Edge_Type":"Drug","label":"targets"}},{"data":{"source":"P29475","target":"DB02644","Edge_Type":"Drug","label":"targets"}},{"data":{"source":"P29475","target":"DB01997","Edge_Type":"Drug","label":"targets"}},{"data":{"source":"P35228","target":"DB01997","Edge_Type":"Drug","label":"targets"}},{"data":{"source":"P35228","target":"DB02044","Edge_Type":"Drug","label":"targets"}},{"data":{"source":"P29475","target":"DB02044","Edge_Type":"Drug","label":"targets"}},{"data":{"source":"P04406","target":"DB03893","Edge_Type":"Drug","label":"targets"}},{"data":{"source":"P29475","target":"DB02143","Edge_Type":"Drug","label":"targets"}},{"data":{"source":"P35228","target":"DB03953","Edge_Type":"Drug","label":"targets"}},{"data":{"source":"P35228","target":"DB07405","Edge_Type":"Drug","label":"targets"}},{"data":{"source":"P35228","target":"DB07389","Edge_Type":"Drug","label":"targets"}},{"data":{"source":"P35228","target":"DB08214","Edge_Type":"Drug","label":"targets"}},{"data":{"source":"P29475","target":"R-HSA-392154","Edge_Type":"Pathway","label":"is involved in"}},{"data":{"source":"P35228","target":"R-HSA-392154","Edge_Type":"Pathway","label":"is involved in"}},{"data":{"source":"P29475","target":"R-HSA-1222556","Edge_Type":"Pathway","label":"is involved in"}},{"data":{"source":"P35228","target":"R-HSA-1222556","Edge_Type":"Pathway","label":"is involved in"}},{"data":{"source":"Q08AM6","target":"R-HSA-1660517","Edge_Type":"Pathway","label":"is involved in"}},{"data":{"source":"Q08AM6","target":"R-HSA-1660516","Edge_Type":"Pathway","label":"is involved in"}},{"data":{"source":"Q08AM6","target":"R-HSA-1660514","Edge_Type":"Pathway","label":"is involved in"}},{"data":{"source":"P04406","target":"R-HSA-70263","Edge_Type":"Pathway","label":"is involved in"}},{"data":{"source":"P04406","target":"R-HSA-70171","Edge_Type":"Pathway","label":"is involved in"}},{"data":{"source":"P29475","target":"R-HSA-5578775","Edge_Type":"Pathway","label":"is involved in"}},{"data":{"source":"P35228","target":"R-HSA-9033241","Edge_Type":"Pathway","label":"is involved in"}},{"data":{"source":"P35228","target":"R-HSA-6785807","Edge_Type":"Pathway","label":"is involved in"}},{"data":{"source":"Q08AM6","target":"HP:0010110","Edge_Type":"HPO","label":"is associated w\/"}},{"data":{"source":"Q08AM6","target":"HP:0009881","Edge_Type":"HPO","label":"is associated w\/"}},{"data":{"source":"Q08AM6","target":"HP:0012294","Edge_Type":"HPO","label":"is associated w\/"}},{"data":{"source":"Q08AM6","target":"HP:0040111","Edge_Type":"HPO","label":"is associated w\/"}},{"data":{"source":"Q08AM6","target":"HP:0010102","Edge_Type":"HPO","label":"is associated w\/"}},{"data":{"source":"Q08AM6","target":"HP:0012809","Edge_Type":"HPO","label":"is associated w\/"}},{"data":{"source":"Q08AM6","target":"HP:0010645","Edge_Type":"HPO","label":"is associated w\/"}},{"data":{"source":"Q08AM6","target":"HP:0010085","Edge_Type":"HPO","label":"is associated w\/"}},{"data":{"source":"Q08AM6","target":"HP:0010107","Edge_Type":"HPO","label":"is associated w\/"}},{"data":{"source":"Q08AM6","target":"HP:0004993","Edge_Type":"HPO","label":"is associated w\/"}},{"data":{"source":"P29475","target":"CHEMBL556769","Edge_Type":"Prediction","label":"targets"}},{"data":{"source":"P29475","target":"CHEMBL545103","Edge_Type":"Prediction","label":"targets"}},{"data":{"source":"P29475","target":"CHEMBL556044","Edge_Type":"Prediction","label":"targets"}},{"data":{"source":"P29475","target":"CHEMBL554125","Edge_Type":"Prediction","label":"targets"}},{"data":{"source":"P29475","target":"CHEMBL555749","Edge_Type":"Prediction","label":"targets"}},{"data":{"source":"P29475","target":"CHEMBL535802","Edge_Type":"Prediction","label":"targets"}},{"data":{"source":"P29475","target":"CHEMBL3347389","Edge_Type":"Prediction","label":"targets"}},{"data":{"source":"P29475","target":"CHEMBL529918","Edge_Type":"Prediction","label":"targets"}},{"data":{"source":"P29475","target":"CHEMBL554459","Edge_Type":"Prediction","label":"targets"}},{"data":{"source":"P29475","target":"CHEMBL373693","Edge_Type":"Prediction","label":"targets"}},{"data":{"source":"P29475","target":"hsa00220","Edge_Type":"kegg_path_prot","label":"is involved in"}},{"data":{"source":"P35228","target":"hsa00220","Edge_Type":"kegg_path_prot","label":"is involved in"}},{"data":{"source":"P29475","target":"hsa00330","Edge_Type":"kegg_path_prot","label":"is involved in"}},{"data":{"source":"P35228","target":"hsa00330","Edge_Type":"kegg_path_prot","label":"is involved in"}},{"data":{"source":"P35228","target":"hsa04066","Edge_Type":"kegg_path_prot","label":"is involved in"}},{"data":{"source":"P04406","target":"hsa04066","Edge_Type":"kegg_path_prot","label":"is involved in"}},{"data":{"source":"P29475","target":"hsa04926","Edge_Type":"kegg_path_prot","label":"is involved in"}},{"data":{"source":"P35228","target":"hsa04926","Edge_Type":"kegg_path_prot","label":"is involved in"}},{"data":{"source":"P29475","target":"hsa04371","Edge_Type":"kegg_path_prot","label":"is involved in"}},{"data":{"source":"P35228","target":"hsa04371","Edge_Type":"kegg_path_prot","label":"is involved in"}},{"data":{"source":"P29475","target":"hsa04020","Edge_Type":"kegg_path_prot","label":"is involved in"}},{"data":{"source":"P35228","target":"hsa04020","Edge_Type":"kegg_path_prot","label":"is involved in"}},{"data":{"source":"P29475","target":"hsa04730","Edge_Type":"kegg_path_prot","label":"is involved in"}},{"data":{"source":"P04406","target":"hsa00010","Edge_Type":"kegg_path_prot","label":"is involved in"}},{"data":{"source":"P04406","target":"hsa01230","Edge_Type":"kegg_path_prot","label":"is involved in"}},{"data":{"source":"P35228","target":"hsa04146","Edge_Type":"kegg_path_prot","label":"is involved in"}},{"data":{"source":"P35228","target":"H00017","Edge_Type":"kegg_dis_prot","label":"is related to"}}]}