{"options":{"search_start":1613057585,"tax_ids":[9606],"num_of_fn_nodes":10,"num_of_pathways":10,"num_of_phenotypes":10,"num_of_drugs":10,"num_of_diseases":10,"num_of_compounds":10,"chembl_compounds":0,"predictions":1,"reviewed_filter":1,"fn":1,"chembl":1,"search_finish":1613057618,"search_runtime":33},"search":[{"Drug":[{"DB06594":"Agomelatine"}]}],"nodes":[{"data":{"id":"P28335","display_name":"HTR2C","Node_Type":"Protein"}},{"data":{"id":"P48039","display_name":"MTNR1A","Node_Type":"Protein"}},{"data":{"id":"P49286","display_name":"MTNR1B","Node_Type":"Protein"}},{"data":{"id":"P57088","display_name":"TMEM33","Node_Type":"Protein_N"}},{"data":{"id":"P28223","display_name":"HTR2A","Node_Type":"Protein_N"}},{"data":{"id":"Q9BVK8","display_name":"TMEM147","Node_Type":"Protein_N"}},{"data":{"id":"Q14669","display_name":"TRIP12","Node_Type":"Protein_N"}},{"data":{"id":"P54849","display_name":"EMP1","Node_Type":"Protein_N"}},{"data":{"id":"P27797","display_name":"CALR","Node_Type":"Protein_N"}},{"data":{"id":"O76081","display_name":"RGS20","Node_Type":"Protein_N"}},{"data":{"id":"P07550","display_name":"ADRB2","Node_Type":"Protein_N"}},{"data":{"id":"A8MQ03","display_name":"CYSRT1","Node_Type":"Protein_N"}},{"data":{"id":"P08173","display_name":"CHRM4","Node_Type":"Protein_N"}},{"data":{"id":"MONDO:0030914","display_name":"intellectual disability, autosomal dominant 49","Node_Type":"Disease","enrichScore":0}},{"data":{"id":"DB06594","display_name":"Agomelatine","Node_Type":"Drug","enrichScore":9999999}},{"data":{"id":"DB00924","display_name":"Cyclobenzaprine","Node_Type":"Drug","enrichScore":1467.385}},{"data":{"id":"DB00715","display_name":"Paroxetine","Node_Type":"Drug","enrichScore":1146.394}},{"data":{"id":"DB12163","display_name":"Sarpogrelate","Node_Type":"Drug","enrichScore":733.692}},{"data":{"id":"DB06512","display_name":"Deramciclane","Node_Type":"Drug","enrichScore":733.692}},{"data":{"id":"DB13940","display_name":"2,5-Dimethoxy-4-ethylthioamphetamine","Node_Type":"Drug","enrichScore":733.692}},{"data":{"id":"DB00980","display_name":"Ramelteon","Node_Type":"Drug","enrichScore":733.692}},{"data":{"id":"DB01537","display_name":"4-Bromo-2,5-dimethoxyphenethylamine","Node_Type":"Drug","enrichScore":733.692}},{"data":{"id":"DB09071","display_name":"Tasimelteon","Node_Type":"Drug","enrichScore":733.692}},{"data":{"id":"DB12177","display_name":"Eplivanserin","Node_Type":"Drug","enrichScore":733.692}},{"data":{"id":"R-HSA-168316","display_name":"Assembly of Viral Components at the Budding Site","Node_Type":"Pathway","enrichScore":2472.115}},{"data":{"id":"R-HSA-390666","display_name":"Serotonin receptors","Node_Type":"Pathway","enrichScore":1648.077}},{"data":{"id":"R-HSA-373076","display_name":"Class A\/1 (Rhodopsin-like receptors)","Node_Type":"Pathway","enrichScore":1040.891}},{"data":{"id":"R-HSA-901042","display_name":"Calnexin\/calreticulin cycle","Node_Type":"Pathway","enrichScore":988.846}},{"data":{"id":"R-HSA-390648","display_name":"Muscarinic acetylcholine receptors","Node_Type":"Pathway","enrichScore":988.846}},{"data":{"id":"R-HSA-3000484","display_name":"Scavenging by Class F Receptors","Node_Type":"Pathway","enrichScore":824.038}},{"data":{"id":"R-HSA-390696","display_name":"Adrenoceptors","Node_Type":"Pathway","enrichScore":549.359}},{"data":{"id":"R-HSA-381183","display_name":"ATF6 (ATF6-alpha) activates chaperone genes","Node_Type":"Pathway","enrichScore":494.423}},{"data":{"id":"R-HSA-418594","display_name":"G alpha (i) signalling events","Node_Type":"Pathway","enrichScore":299.65}},{"data":{"id":"R-HSA-3000480","display_name":"Scavenging by Class A Receptors","Node_Type":"Pathway","enrichScore":260.223}},{"data":{"id":"HP:0012166","display_name":"Skin-picking","Node_Type":"HPO","enrichScore":162.731}},{"data":{"id":"HP:0011134","display_name":"Low-grade fever","Node_Type":"HPO","enrichScore":81.365}},{"data":{"id":"HP:0030157","display_name":"Flank pain","Node_Type":"HPO","enrichScore":65.092}},{"data":{"id":"HP:0005513","display_name":"Increased megakaryocyte count","Node_Type":"HPO","enrichScore":46.495}},{"data":{"id":"HP:0031818","display_name":"Abnormal waist to hip ratio","Node_Type":"HPO","enrichScore":35.185}},{"data":{"id":"HP:0031819","display_name":"Increased waist to hip ratio","Node_Type":"HPO","enrichScore":29.587}},{"data":{"id":"HP:0030212","display_name":"Collectionism","Node_Type":"HPO","enrichScore":29.587}},{"data":{"id":"HP:0011974","display_name":"Myelofibrosis","Node_Type":"HPO","enrichScore":29.587}},{"data":{"id":"HP:0012340","display_name":"Decreased resting energy expenditure","Node_Type":"HPO","enrichScore":27.122}},{"data":{"id":"HP:0410291","display_name":"Negativism","Node_Type":"HPO","enrichScore":27.122}},{"data":{"id":"CHEMBL3192183","display_name":"CHEMBL3192183","Node_Type":"Prediction","enrichScore":120.462}},{"data":{"id":"CHEMBL3207616","display_name":"CHEMBL3207616","Node_Type":"Prediction","enrichScore":120.462}},{"data":{"id":"CHEMBL1518686","display_name":"CHEMBL1518686","Node_Type":"Prediction","enrichScore":90.346}},{"data":{"id":"CHEMBL3213185","display_name":"CHEMBL3213185","Node_Type":"Prediction","enrichScore":90.346}},{"data":{"id":"CHEMBL3657752","display_name":"CHEMBL3657752","Node_Type":"Prediction","enrichScore":90.346}},{"data":{"id":"CHEMBL1401769","display_name":"CHEMBL1401769","Node_Type":"Prediction","enrichScore":90.346}},{"data":{"id":"CHEMBL1520010","display_name":"CHEMBL1520010","Node_Type":"Prediction","enrichScore":80.308}},{"data":{"id":"CHEMBL1569716","display_name":"CHEMBL1569716","Node_Type":"Prediction","enrichScore":80.308}},{"data":{"id":"CHEMBL3099222","display_name":"CHEMBL3099222","Node_Type":"Prediction","enrichScore":80.308}},{"data":{"id":"CHEMBL3401645","display_name":"CHEMBL3401645","Node_Type":"Prediction","enrichScore":80.308}},{"data":{"id":"hsa04080","display_name":"Neuroactive ligand-receptor interaction","Node_Type":"kegg_Pathway","enrichScore":55.368}},{"data":{"id":"hsa04020","display_name":"Calcium signaling pathway","Node_Type":"kegg_Pathway","enrichScore":23.789}},{"data":{"id":"hsa04540","display_name":"Gap junction","Node_Type":"kegg_Pathway","enrichScore":23.121}},{"data":{"id":"hsa04713","display_name":"Circadian entrainment","Node_Type":"kegg_Pathway","enrichScore":20.231}},{"data":{"id":"hsa04750","display_name":"Inflammatory mediator regulation of TRP channels","Node_Type":"kegg_Pathway","enrichScore":19.664}},{"data":{"id":"hsa04726","display_name":"Serotonergic synapse","Node_Type":"kegg_Pathway","enrichScore":18.456}},{"data":{"id":"hsa04923","display_name":"Regulation of lipolysis in adipocytes","Node_Type":"kegg_Pathway","enrichScore":9.393}},{"data":{"id":"hsa04924","display_name":"Renin secretion","Node_Type":"kegg_Pathway","enrichScore":6.921}},{"data":{"id":"hsa04612","display_name":"Antigen processing and presentation","Node_Type":"kegg_Pathway","enrichScore":6.831}},{"data":{"id":"hsa04970","display_name":"Salivary secretion","Node_Type":"kegg_Pathway","enrichScore":5.479}},{"data":{"id":"H01605","display_name":"Myelofibrosis","Node_Type":"kegg_Disease","enrichScore":94.026}},{"data":{"id":"H01646","display_name":"Major depressive disorder","Node_Type":"kegg_Disease","enrichScore":94.026}},{"data":{"id":"H01612","display_name":"Essential thrombocytosis","Node_Type":"kegg_Disease","enrichScore":94.026}},{"data":{"id":"H01450","display_name":"Obsessive-compulsive disorder","Node_Type":"kegg_Disease","enrichScore":40.297}},{"data":{"id":"H01611","display_name":"Alcohol dependence","Node_Type":"kegg_Disease","enrichScore":35.26}},{"data":{"id":"H00079","display_name":"Asthma","Node_Type":"kegg_Disease","enrichScore":28.208}},{"data":{"id":"H01649","display_name":"Schizophrenia","Node_Type":"kegg_Disease","enrichScore":23.506}},{"data":{"id":"H00409","display_name":"Type 2 diabetes mellitus","Node_Type":"kegg_Disease","enrichScore":14.846}},{"data":{"id":"H02106","display_name":"Genetic obesity","Node_Type":"kegg_Disease","enrichScore":11.753}},{"data":{"id":"H00773","display_name":"Autosomal dominant mental retardation","Node_Type":"kegg_Disease","enrichScore":5.322}}],"edges":[{"data":{"source":"P28335","target":"P28335","Edge_Type":"PPI","label":"interacts w\/"}},{"data":{"source":"P48039","target":"P28335","Edge_Type":"PPI","label":"interacts w\/"}},{"data":{"source":"P49286","target":"P28335","Edge_Type":"PPI","label":"interacts w\/"}},{"data":{"source":"P49286","target":"P48039","Edge_Type":"PPI","label":"interacts w\/"}},{"data":{"source":"P57088","target":"P48039","Edge_Type":"PPI","label":"interacts w\/"}},{"data":{"source":"P28223","target":"P28335","Edge_Type":"PPI","label":"interacts w\/"}},{"data":{"source":"P28223","target":"P28223","Edge_Type":"PPI","label":"interacts w\/"}},{"data":{"source":"Q9BVK8","target":"P28335","Edge_Type":"PPI","label":"interacts w\/"}},{"data":{"source":"Q14669","target":"P49286","Edge_Type":"PPI","label":"interacts w\/"}},{"data":{"source":"P54849","target":"P28335","Edge_Type":"PPI","label":"interacts w\/"}},{"data":{"source":"P27797","target":"P48039","Edge_Type":"PPI","label":"interacts w\/"}},{"data":{"source":"O76081","target":"P48039","Edge_Type":"PPI","label":"interacts w\/"}},{"data":{"source":"O76081","target":"P49286","Edge_Type":"PPI","label":"interacts w\/"}},{"data":{"source":"P07550","target":"P28335","Edge_Type":"PPI","label":"interacts w\/"}},{"data":{"source":"P07550","target":"P07550","Edge_Type":"PPI","label":"interacts w\/"}},{"data":{"source":"A8MQ03","target":"P48039","Edge_Type":"PPI","label":"interacts w\/"}},{"data":{"source":"A8MQ03","target":"A8MQ03","Edge_Type":"PPI","label":"interacts w\/"}},{"data":{"source":"P08173","target":"P28335","Edge_Type":"PPI","label":"interacts w\/"}},{"data":{"source":"Q14669","target":"MONDO:0030914","Edge_Type":"Disease","label":"is related to"}},{"data":{"source":"P28335","target":"DB06594","Edge_Type":"Drug","label":"targets"}},{"data":{"source":"P48039","target":"DB06594","Edge_Type":"Drug","label":"targets"}},{"data":{"source":"P49286","target":"DB06594","Edge_Type":"Drug","label":"targets"}},{"data":{"source":"P28223","target":"DB00924","Edge_Type":"Drug","label":"targets"}},{"data":{"source":"P28335","target":"DB00924","Edge_Type":"Drug","label":"targets"}},{"data":{"source":"P28223","target":"DB00715","Edge_Type":"Drug","label":"targets"}},{"data":{"source":"P07550","target":"DB00715","Edge_Type":"Drug","label":"targets"}},{"data":{"source":"P28335","target":"DB00715","Edge_Type":"Drug","label":"targets"}},{"data":{"source":"P08173","target":"DB00715","Edge_Type":"Drug","label":"targets"}},{"data":{"source":"P28335","target":"DB12163","Edge_Type":"Drug","label":"targets"}},{"data":{"source":"P28223","target":"DB12163","Edge_Type":"Drug","label":"targets"}},{"data":{"source":"P28223","target":"DB06512","Edge_Type":"Drug","label":"targets"}},{"data":{"source":"P28335","target":"DB06512","Edge_Type":"Drug","label":"targets"}},{"data":{"source":"P28223","target":"DB13940","Edge_Type":"Drug","label":"targets"}},{"data":{"source":"P28335","target":"DB13940","Edge_Type":"Drug","label":"targets"}},{"data":{"source":"P48039","target":"DB00980","Edge_Type":"Drug","label":"targets"}},{"data":{"source":"P49286","target":"DB00980","Edge_Type":"Drug","label":"targets"}},{"data":{"source":"P28335","target":"DB01537","Edge_Type":"Drug","label":"targets"}},{"data":{"source":"P28223","target":"DB01537","Edge_Type":"Drug","label":"targets"}},{"data":{"source":"P48039","target":"DB09071","Edge_Type":"Drug","label":"targets"}},{"data":{"source":"P49286","target":"DB09071","Edge_Type":"Drug","label":"targets"}},{"data":{"source":"P28223","target":"DB12177","Edge_Type":"Drug","label":"targets"}},{"data":{"source":"P28335","target":"DB12177","Edge_Type":"Drug","label":"targets"}},{"data":{"source":"P27797","target":"R-HSA-168316","Edge_Type":"Pathway","label":"is involved in"}},{"data":{"source":"P28335","target":"R-HSA-390666","Edge_Type":"Pathway","label":"is involved in"}},{"data":{"source":"P28223","target":"R-HSA-390666","Edge_Type":"Pathway","label":"is involved in"}},{"data":{"source":"P48039","target":"R-HSA-373076","Edge_Type":"Pathway","label":"is involved in"}},{"data":{"source":"P49286","target":"R-HSA-373076","Edge_Type":"Pathway","label":"is involved in"}},{"data":{"source":"P27797","target":"R-HSA-901042","Edge_Type":"Pathway","label":"is involved in"}},{"data":{"source":"P08173","target":"R-HSA-390648","Edge_Type":"Pathway","label":"is involved in"}},{"data":{"source":"P27797","target":"R-HSA-3000484","Edge_Type":"Pathway","label":"is involved in"}},{"data":{"source":"P07550","target":"R-HSA-390696","Edge_Type":"Pathway","label":"is involved in"}},{"data":{"source":"P27797","target":"R-HSA-381183","Edge_Type":"Pathway","label":"is involved in"}},{"data":{"source":"P48039","target":"R-HSA-418594","Edge_Type":"Pathway","label":"is involved in"}},{"data":{"source":"P49286","target":"R-HSA-418594","Edge_Type":"Pathway","label":"is involved in"}},{"data":{"source":"O76081","target":"R-HSA-418594","Edge_Type":"Pathway","label":"is involved in"}},{"data":{"source":"P08173","target":"R-HSA-418594","Edge_Type":"Pathway","label":"is involved in"}},{"data":{"source":"P27797","target":"R-HSA-3000480","Edge_Type":"Pathway","label":"is involved in"}},{"data":{"source":"P28223","target":"HP:0012166","Edge_Type":"HPO","label":"is associated w\/"}},{"data":{"source":"P27797","target":"HP:0011134","Edge_Type":"HPO","label":"is associated w\/"}},{"data":{"source":"P27797","target":"HP:0030157","Edge_Type":"HPO","label":"is associated w\/"}},{"data":{"source":"P27797","target":"HP:0005513","Edge_Type":"HPO","label":"is associated w\/"}},{"data":{"source":"P49286","target":"HP:0031818","Edge_Type":"HPO","label":"is associated w\/"}},{"data":{"source":"P07550","target":"HP:0031818","Edge_Type":"HPO","label":"is associated w\/"}},{"data":{"source":"P07550","target":"HP:0031819","Edge_Type":"HPO","label":"is associated w\/"}},{"data":{"source":"P28223","target":"HP:0030212","Edge_Type":"HPO","label":"is associated w\/"}},{"data":{"source":"P27797","target":"HP:0011974","Edge_Type":"HPO","label":"is associated w\/"}},{"data":{"source":"P07550","target":"HP:0012340","Edge_Type":"HPO","label":"is associated w\/"}},{"data":{"source":"P28223","target":"HP:0410291","Edge_Type":"HPO","label":"is associated w\/"}},{"data":{"source":"P28335","target":"CHEMBL3192183","Edge_Type":"Prediction","label":"targets"}},{"data":{"source":"P07550","target":"CHEMBL3192183","Edge_Type":"Prediction","label":"targets"}},{"data":{"source":"P08173","target":"CHEMBL3192183","Edge_Type":"Prediction","label":"targets"}},{"data":{"source":"P28335","target":"CHEMBL3207616","Edge_Type":"Prediction","label":"targets"}},{"data":{"source":"P07550","target":"CHEMBL3207616","Edge_Type":"Prediction","label":"targets"}},{"data":{"source":"P08173","target":"CHEMBL3207616","Edge_Type":"Prediction","label":"targets"}},{"data":{"source":"P28335","target":"CHEMBL1518686","Edge_Type":"Prediction","label":"targets"}},{"data":{"source":"P07550","target":"CHEMBL1518686","Edge_Type":"Prediction","label":"targets"}},{"data":{"source":"P08173","target":"CHEMBL1518686","Edge_Type":"Prediction","label":"targets"}},{"data":{"source":"P28335","target":"CHEMBL3213185","Edge_Type":"Prediction","label":"targets"}},{"data":{"source":"P07550","target":"CHEMBL3213185","Edge_Type":"Prediction","label":"targets"}},{"data":{"source":"P08173","target":"CHEMBL3213185","Edge_Type":"Prediction","label":"targets"}},{"data":{"source":"P28335","target":"CHEMBL3657752","Edge_Type":"Prediction","label":"targets"}},{"data":{"source":"P07550","target":"CHEMBL3657752","Edge_Type":"Prediction","label":"targets"}},{"data":{"source":"P08173","target":"CHEMBL3657752","Edge_Type":"Prediction","label":"targets"}},{"data":{"source":"P28335","target":"CHEMBL1401769","Edge_Type":"Prediction","label":"targets"}},{"data":{"source":"P07550","target":"CHEMBL1401769","Edge_Type":"Prediction","label":"targets"}},{"data":{"source":"P08173","target":"CHEMBL1401769","Edge_Type":"Prediction","label":"targets"}},{"data":{"source":"P07550","target":"CHEMBL1520010","Edge_Type":"Prediction","label":"targets"}},{"data":{"source":"P08173","target":"CHEMBL1520010","Edge_Type":"Prediction","label":"targets"}},{"data":{"source":"P28335","target":"CHEMBL1569716","Edge_Type":"Prediction","label":"targets"}},{"data":{"source":"P07550","target":"CHEMBL1569716","Edge_Type":"Prediction","label":"targets"}},{"data":{"source":"P28335","target":"CHEMBL3099222","Edge_Type":"Prediction","label":"targets"}},{"data":{"source":"P08173","target":"CHEMBL3099222","Edge_Type":"Prediction","label":"targets"}},{"data":{"source":"P28335","target":"CHEMBL3401645","Edge_Type":"Prediction","label":"targets"}},{"data":{"source":"P08173","target":"CHEMBL3401645","Edge_Type":"Prediction","label":"targets"}},{"data":{"source":"H01646","target":"hsa04726","Edge_Type":"kegg_dis_path","label":"modulates"}},{"data":{"source":"H01646","target":"DB00715","Edge_Type":"kegg_dis_drug","label":"indicates"}},{"data":{"source":"H01450","target":"hsa04726","Edge_Type":"kegg_dis_path","label":"modulates"}},{"data":{"source":"H01450","target":"DB00715","Edge_Type":"kegg_dis_drug","label":"indicates"}},{"data":{"source":"H01611","target":"hsa04080","Edge_Type":"kegg_dis_path","label":"modulates"}},{"data":{"source":"H01649","target":"hsa04080","Edge_Type":"kegg_dis_path","label":"modulates"}},{"data":{"source":"H02106","target":"hsa04080","Edge_Type":"kegg_dis_path","label":"modulates"}},{"data":{"source":"H02106","target":"hsa04923","Edge_Type":"kegg_dis_path","label":"modulates"}},{"data":{"source":"P28335","target":"hsa04080","Edge_Type":"kegg_path_prot","label":"is involved in"}},{"data":{"source":"P48039","target":"hsa04080","Edge_Type":"kegg_path_prot","label":"is involved in"}},{"data":{"source":"P49286","target":"hsa04080","Edge_Type":"kegg_path_prot","label":"is involved in"}},{"data":{"source":"P28223","target":"hsa04080","Edge_Type":"kegg_path_prot","label":"is involved in"}},{"data":{"source":"P07550","target":"hsa04080","Edge_Type":"kegg_path_prot","label":"is involved in"}},{"data":{"source":"P08173","target":"hsa04080","Edge_Type":"kegg_path_prot","label":"is involved in"}},{"data":{"source":"P28335","target":"hsa04020","Edge_Type":"kegg_path_prot","label":"is involved in"}},{"data":{"source":"P28223","target":"hsa04020","Edge_Type":"kegg_path_prot","label":"is involved in"}},{"data":{"source":"P07550","target":"hsa04020","Edge_Type":"kegg_path_prot","label":"is involved in"}},{"data":{"source":"P28335","target":"hsa04540","Edge_Type":"kegg_path_prot","label":"is involved in"}},{"data":{"source":"P28223","target":"hsa04540","Edge_Type":"kegg_path_prot","label":"is involved in"}},{"data":{"source":"P48039","target":"hsa04713","Edge_Type":"kegg_path_prot","label":"is involved in"}},{"data":{"source":"P49286","target":"hsa04713","Edge_Type":"kegg_path_prot","label":"is involved in"}},{"data":{"source":"P28335","target":"hsa04750","Edge_Type":"kegg_path_prot","label":"is involved in"}},{"data":{"source":"P28223","target":"hsa04750","Edge_Type":"kegg_path_prot","label":"is involved in"}},{"data":{"source":"P28335","target":"hsa04726","Edge_Type":"kegg_path_prot","label":"is involved in"}},{"data":{"source":"P28223","target":"hsa04726","Edge_Type":"kegg_path_prot","label":"is involved in"}},{"data":{"source":"P07550","target":"hsa04923","Edge_Type":"kegg_path_prot","label":"is involved in"}},{"data":{"source":"P07550","target":"hsa04924","Edge_Type":"kegg_path_prot","label":"is involved in"}},{"data":{"source":"P27797","target":"hsa04612","Edge_Type":"kegg_path_prot","label":"is involved in"}},{"data":{"source":"P07550","target":"hsa04970","Edge_Type":"kegg_path_prot","label":"is involved in"}},{"data":{"source":"P27797","target":"H01605","Edge_Type":"kegg_dis_prot","label":"is related to"}},{"data":{"source":"P28223","target":"H01646","Edge_Type":"kegg_dis_prot","label":"is related to"}},{"data":{"source":"P27797","target":"H01612","Edge_Type":"kegg_dis_prot","label":"is related to"}},{"data":{"source":"P28223","target":"H01450","Edge_Type":"kegg_dis_prot","label":"is related to"}},{"data":{"source":"P28223","target":"H01611","Edge_Type":"kegg_dis_prot","label":"is related to"}},{"data":{"source":"P07550","target":"H00079","Edge_Type":"kegg_dis_prot","label":"is related to"}},{"data":{"source":"P28223","target":"H01649","Edge_Type":"kegg_dis_prot","label":"is related to"}},{"data":{"source":"P49286","target":"H00409","Edge_Type":"kegg_dis_prot","label":"is related to"}},{"data":{"source":"P07550","target":"H02106","Edge_Type":"kegg_dis_prot","label":"is related to"}},{"data":{"source":"Q14669","target":"H00773","Edge_Type":"kegg_dis_prot","label":"is related to"}}]}