Core Proteins,Interacting Proteins,Pathways,HPO terms,Diseases,Targeting Drugs,Experimental Bioactive Compounds (pChEMBL),Predicted interacting Compounds
SULT2B1 (O00204),SULT1A1 (P50225); ACYP2 (P14621); ZNF497 (Q6ZNH5); PRICKLE3 (O43900); SULT1B1 (O43704); DDIT4L (Q96D03); FLACC1 (Q96Q35); FLACC1 (Q96Q35); REL (Q04864); KLHL8 (Q9P2G9); SRP72 (O76094),R-HSA-156584 Cytosolic sulfonation of small molecules[scr:2678]; hsa00140 Steroid hormone biosynthesis[scr:9],HP:0025080 Orthokeratotic hyperkeratosis[scr:118]; HP:0040189 Scaling skin[scr:16]; HP:0100679 Lack of skin elasticity[scr:9]; HP:0001019 Erythroderma[scr:9]; HP:0100758 Gangrene[scr:7]; HP:0000656 Ectropion[scr:6]; HP:0011124 Abnormality of epidermal morphology[scr:6]; HP:0001006 HP:0001006[scr:6],Orphanet:313 Lamellar ichthyosis (EFO)[scr:43]; H00734 Autosomal recessive congenital ichthyosis (KEGG)[scr:24],DB03309 N-cyclohexyltaurine[scr:9999999]; DB01812 Adenosine 3'-5'-diphosphate[scr:298]; DB02789 Pregnenolone[scr:199],,
EN2 (P19622),,,,,DB03309 N-cyclohexyltaurine[scr:9999999],,
SULT1A1 (P50225),SULT2B1 (O00204),R-HSA-156584 Cytosolic sulfonation of small molecules[scr:2678],,,DB01812 Adenosine 3'-5'-diphosphate[scr:298]; DB04417 P-Nitrophenol[scr:199],,
ACYP2 (P14621),SULT2B1 (O00204); ACYP2 (P14621),hsa00620 Pyruvate metabolism[scr:15]; hsa01100 Metabolic pathways[scr:0],,,DB01942 Formic acid[scr:10],,
ZNF497 (Q6ZNH5),SULT2B1 (O00204),,,,,,
PRICKLE3 (O43900),SULT2B1 (O00204),hsa04310 Wnt signaling pathway[scr:4],,,,,
SULT1B1 (O43704),SULT2B1 (O00204),R-HSA-156584 Cytosolic sulfonation of small molecules[scr:2678],,,DB01812 Adenosine 3'-5'-diphosphate[scr:298],,
DDIT4L (Q96D03),SULT2B1 (O00204),,,,,,
FLACC1 (Q96Q35),SULT2B1 (O00204),,,,,,
REL (Q04864),SULT2B1 (O00204),R-HSA-1169091 Activation of NF-kappaB in B cells[scr:80]; hsa04014 Ras signaling pathway[scr:2],,H00007 Hodgkin lymphoma (KEGG)[scr:76],,,
KLHL8 (Q9P2G9),SULT2B1 (O00204),,,,,,
SRP72 (O76094),SULT2B1 (O00204),R-HSA-1799339 SRP-dependent cotranslational protein targeting to membrane[scr:47]; hsa03060 Protein export[scr:25],HP:0001915 Aplastic anemia[scr:15]; HP:0005528 Bone marrow hypocellularity[scr:7],Orphanet:314399 Autosomal dominant aplasia and myelodysplasia (EFO)[scr:300],,,
