{"options":{"search_start":1613056504,"tax_ids":[9606],"num_of_fn_nodes":10,"num_of_pathways":10,"num_of_phenotypes":10,"num_of_drugs":10,"num_of_diseases":10,"num_of_compounds":10,"chembl_compounds":0,"predictions":1,"reviewed_filter":1,"fn":1,"chembl":1,"search_finish":1613056517,"search_runtime":13},"search":[{"Drug":[{"DB00125":"Arginine"}]}],"nodes":[{"data":{"id":"O43246","display_name":"SLC7A4","Node_Type":"Protein"}},{"data":{"id":"P00966","display_name":"ASS1","Node_Type":"Protein"}},{"data":{"id":"P04424","display_name":"ASL","Node_Type":"Protein"}},{"data":{"id":"P19838","display_name":"NFKB1","Node_Type":"Protein"}},{"data":{"id":"P29474","display_name":"NOS3","Node_Type":"Protein"}},{"data":{"id":"P30825","display_name":"SLC7A1","Node_Type":"Protein"}},{"data":{"id":"P35228","display_name":"NOS2","Node_Type":"Protein"}},{"data":{"id":"P78540","display_name":"ARG2","Node_Type":"Protein"}},{"data":{"id":"Q8WY07","display_name":"SLC7A3","Node_Type":"Protein"}},{"data":{"id":"Q96A70","display_name":"AZIN2","Node_Type":"Protein"}},{"data":{"id":"Q96Q45","display_name":"TMEM237","Node_Type":"Protein_N"}},{"data":{"id":"Q8NHW4","display_name":"CCL4L1","Node_Type":"Protein_N"}},{"data":{"id":"Q9NTJ5","display_name":"SACM1L","Node_Type":"Protein_N"}},{"data":{"id":"P02652","display_name":"APOA2","Node_Type":"Protein_N"}},{"data":{"id":"Q9HBL8","display_name":"NMRAL1","Node_Type":"Protein_N"}},{"data":{"id":"Q96D05","display_name":"FAM241B","Node_Type":"Protein_N"}},{"data":{"id":"Q8TDT2","display_name":"GPR152","Node_Type":"Protein_N"}},{"data":{"id":"O95214","display_name":"LEPROTL1","Node_Type":"Protein_N"}},{"data":{"id":"Q8IV08","display_name":"PLD3","Node_Type":"Protein_N"}},{"data":{"id":"Q8N138","display_name":"ORMDL3","Node_Type":"Protein_N"}},{"data":{"id":"Orphanet:23","display_name":"Argininosuccinic aciduria","Node_Type":"Disease","enrichScore":180.05}},{"data":{"id":"Orphanet:247525","display_name":"Citrullinemia type I","Node_Type":"Disease","enrichScore":180.05}},{"data":{"id":"Orphanet:94145","display_name":"Autosomal dominant cerebellar ataxia type 1","Node_Type":"Disease","enrichScore":90.025}},{"data":{"id":"Orphanet:220497","display_name":"Joubert syndrome with renal defect","Node_Type":"Disease","enrichScore":60.017}},{"data":{"id":"MONDO:0010940","display_name":"inherited susceptibility to asthma","Node_Type":"Disease","enrichScore":30.008}},{"data":{"id":"Orphanet:220493","display_name":"Joubert syndrome with ocular defect","Node_Type":"Disease","enrichScore":30.008}},{"data":{"id":"Orphanet:2318","display_name":"Joubert syndrome with oculorenal defect","Node_Type":"Disease","enrichScore":30.008}},{"data":{"id":"EFO:0000270","display_name":"asthma","Node_Type":"Disease","enrichScore":18.005}},{"data":{"id":"Orphanet:1572","display_name":"Common variable immunodeficiency","Node_Type":"Disease","enrichScore":15.004}},{"data":{"id":"EFO:0009157","display_name":"susceptibility to malaria","Node_Type":"Disease","enrichScore":13.85}},{"data":{"id":"DB00125","display_name":"Arginine","Node_Type":"Drug","enrichScore":9999999}},{"data":{"id":"DB01686","display_name":"N,N-dimethylarginine","Node_Type":"Drug","enrichScore":476.9}},{"data":{"id":"DB04534","display_name":"5-Nitroindazole","Node_Type":"Drug","enrichScore":476.9}},{"data":{"id":"DB02207","display_name":"7-Nitroindazole","Node_Type":"Drug","enrichScore":476.9}},{"data":{"id":"DB07388","display_name":"ETHYL 4-[(4-METHYLPYRIDIN-2-YL)AMINO]PIPERIDINE-1-CARBOXYLATE","Node_Type":"Drug","enrichScore":476.9}},{"data":{"id":"DB03100","display_name":"6-Nitroindazole","Node_Type":"Drug","enrichScore":476.9}},{"data":{"id":"DB00123","display_name":"L-Lysine","Node_Type":"Drug","enrichScore":429.21}},{"data":{"id":"DB01997","display_name":"3-Bromo-7-Nitroindazole","Node_Type":"Drug","enrichScore":317.933}},{"data":{"id":"DB02044","display_name":"N-[3-(aminomethyl)benzyl]acetamidine","Node_Type":"Drug","enrichScore":317.933}},{"data":{"id":"DB09237","display_name":"Levamlodipine","Node_Type":"Drug","enrichScore":317.933}},{"data":{"id":"R-HSA-70635","display_name":"Urea cycle","Node_Type":"Pathway","enrichScore":5142}},{"data":{"id":"R-HSA-392154","display_name":"Nitric oxide stimulates guanylate cyclase","Node_Type":"Pathway","enrichScore":1836.429}},{"data":{"id":"R-HSA-351143","display_name":"Agmatine biosynthesis","Node_Type":"Pathway","enrichScore":1606.875}},{"data":{"id":"R-HSA-203754","display_name":"NOSIP mediated eNOS trafficking","Node_Type":"Pathway","enrichScore":1606.875}},{"data":{"id":"R-HSA-1483248","display_name":"Synthesis of PIPs at the ER membrane","Node_Type":"Pathway","enrichScore":642.75}},{"data":{"id":"R-HSA-203641","display_name":"NOSTRIN mediated eNOS trafficking","Node_Type":"Pathway","enrichScore":642.75}},{"data":{"id":"R-HSA-5660668","display_name":"CLEC7A\/inflammasome pathway","Node_Type":"Pathway","enrichScore":535.625}},{"data":{"id":"R-HSA-448706","display_name":"Interleukin-1 processing","Node_Type":"Pathway","enrichScore":459.107}},{"data":{"id":"R-HSA-3134963","display_name":"DEx\/H-box helicases activate type I IFN and inflammatory cytokines production","Node_Type":"Pathway","enrichScore":459.107}},{"data":{"id":"R-HSA-5603029","display_name":"IkBA variant leads to EDA-ID","Node_Type":"Pathway","enrichScore":459.107}},{"data":{"id":"HP:0005961","display_name":"Hypoargininemia","Node_Type":"HPO","enrichScore":211.55}},{"data":{"id":"HP:0010909","display_name":"Abnormal circulating arginine concentration","Node_Type":"HPO","enrichScore":211.55}},{"data":{"id":"HP:0001951","display_name":"Episodic ammonia intoxication","Node_Type":"HPO","enrichScore":211.55}},{"data":{"id":"HP:0002038","display_name":"Protein avoidance","Node_Type":"HPO","enrichScore":169.24}},{"data":{"id":"HP:0003217","display_name":"Hyperglutaminemia","Node_Type":"HPO","enrichScore":169.24}},{"data":{"id":"HP:0001950","display_name":"Respiratory alkalosis","Node_Type":"HPO","enrichScore":141.033}},{"data":{"id":"HP:0010903","display_name":"Abnormal circulating glutamine concentration","Node_Type":"HPO","enrichScore":141.033}},{"data":{"id":"HP:0003218","display_name":"Oroticaciduria","Node_Type":"HPO","enrichScore":141.033}},{"data":{"id":"HP:0004972","display_name":"Elevated mean arterial pressure","Node_Type":"HPO","enrichScore":94.022}},{"data":{"id":"HP:0004421","display_name":"Elevated systolic blood pressure","Node_Type":"HPO","enrichScore":84.62}},{"data":{"id":"hsa00220","display_name":"Arginine biosynthesis","Node_Type":"kegg_Pathway","enrichScore":427.375}},{"data":{"id":"hsa00330","display_name":"Arginine and proline metabolism","Node_Type":"kegg_Pathway","enrichScore":111.641}},{"data":{"id":"hsa04623","display_name":"Cytosolic DNA-sensing pathway","Node_Type":"kegg_Pathway","enrichScore":48.08}},{"data":{"id":"hsa01230","display_name":"Biosynthesis of amino acids","Node_Type":"kegg_Pathway","enrichScore":40.488}},{"data":{"id":"hsa00250","display_name":"Alanine, aspartate and glutamate metabolism","Node_Type":"kegg_Pathway","enrichScore":37.989}},{"data":{"id":"hsa04064","display_name":"NF-kappa B signaling pathway","Node_Type":"kegg_Pathway","enrichScore":29.588}},{"data":{"id":"hsa04620","display_name":"Toll-like receptor signaling pathway","Node_Type":"kegg_Pathway","enrichScore":29.306}},{"data":{"id":"hsa04066","display_name":"HIF-1 signaling pathway","Node_Type":"kegg_Pathway","enrichScore":28.23}},{"data":{"id":"hsa04926","display_name":"Relaxin signaling pathway","Node_Type":"kegg_Pathway","enrichScore":23.67}},{"data":{"id":"hsa04062","display_name":"Chemokine signaling pathway","Node_Type":"kegg_Pathway","enrichScore":16.195}},{"data":{"id":"H01028","display_name":"Argininosuccinic aciduria","Node_Type":"kegg_Disease","enrichScore":183.35}},{"data":{"id":"H00185","display_name":"Citrullinemia","Node_Type":"kegg_Disease","enrichScore":91.675}},{"data":{"id":"H01398","display_name":"Primary hyperammonemic disorders (Urea cycle disorders)","Node_Type":"kegg_Disease","enrichScore":91.675}},{"data":{"id":"H01529","display_name":"Avascular necrosis of femoral head","Node_Type":"kegg_Disease","enrichScore":36.67}},{"data":{"id":"H00017","display_name":"Esophageal cancer","Node_Type":"kegg_Disease","enrichScore":20.372}},{"data":{"id":"H00088","display_name":"Common variable immunodeficiency","Node_Type":"kegg_Disease","enrichScore":14.104}},{"data":{"id":"H00063","display_name":"Spinocerebellar ataxia (SCA)","Node_Type":"kegg_Disease","enrichScore":5.73}},{"data":{"id":"H00530","display_name":"Joubert syndrome","Node_Type":"kegg_Disease","enrichScore":5.556}}],"edges":[{"data":{"source":"P00966","target":"P00966","Edge_Type":"PPI","label":"interacts w\/"}},{"data":{"source":"P04424","target":"P04424","Edge_Type":"PPI","label":"interacts w\/"}},{"data":{"source":"P19838","target":"P19838","Edge_Type":"PPI","label":"interacts w\/"}},{"data":{"source":"Q96Q45","target":"P30825","Edge_Type":"PPI","label":"interacts w\/"}},{"data":{"source":"Q96Q45","target":"Q8WY07","Edge_Type":"PPI","label":"interacts w\/"}},{"data":{"source":"Q96Q45","target":"Q8TDT2","Edge_Type":"PPI","label":"interacts w\/"}},{"data":{"source":"Q96Q45","target":"O95214","Edge_Type":"PPI","label":"interacts w\/"}},{"data":{"source":"Q96Q45","target":"Q8N138","Edge_Type":"PPI","label":"interacts w\/"}},{"data":{"source":"Q8NHW4","target":"P30825","Edge_Type":"PPI","label":"interacts w\/"}},{"data":{"source":"Q9NTJ5","target":"P30825","Edge_Type":"PPI","label":"interacts w\/"}},{"data":{"source":"P02652","target":"P30825","Edge_Type":"PPI","label":"interacts w\/"}},{"data":{"source":"Q9HBL8","target":"P00966","Edge_Type":"PPI","label":"interacts w\/"}},{"data":{"source":"Q9HBL8","target":"Q9HBL8","Edge_Type":"PPI","label":"interacts w\/"}},{"data":{"source":"Q96D05","target":"P30825","Edge_Type":"PPI","label":"interacts w\/"}},{"data":{"source":"Q8TDT2","target":"P30825","Edge_Type":"PPI","label":"interacts w\/"}},{"data":{"source":"Q8TDT2","target":"Q8TDT2","Edge_Type":"PPI","label":"interacts w\/"}},{"data":{"source":"Q8TDT2","target":"Q8NHW4","Edge_Type":"PPI","label":"interacts w\/"}},{"data":{"source":"Q8TDT2","target":"Q9NTJ5","Edge_Type":"PPI","label":"interacts w\/"}},{"data":{"source":"O95214","target":"P30825","Edge_Type":"PPI","label":"interacts w\/"}},{"data":{"source":"O95214","target":"O95214","Edge_Type":"PPI","label":"interacts w\/"}},{"data":{"source":"O95214","target":"Q8TDT2","Edge_Type":"PPI","label":"interacts w\/"}},{"data":{"source":"Q8IV08","target":"P19838","Edge_Type":"PPI","label":"interacts w\/"}},{"data":{"source":"Q8N138","target":"P30825","Edge_Type":"PPI","label":"interacts w\/"}},{"data":{"source":"Q8N138","target":"Q8TDT2","Edge_Type":"PPI","label":"interacts w\/"}},{"data":{"source":"Q8N138","target":"O95214","Edge_Type":"PPI","label":"interacts w\/"}},{"data":{"source":"HP:0005961","target":"Orphanet:23","Edge_Type":"hpodis","label":"is associated w\/"}},{"data":{"source":"HP:0005961","target":"Orphanet:23","Edge_Type":"hpodis","label":"is associated w\/"}},{"data":{"source":"HP:0005961","target":"Orphanet:247525","Edge_Type":"hpodis","label":"is associated w\/"}},{"data":{"source":"HP:0010909","target":"Orphanet:23","Edge_Type":"hpodis","label":"is associated w\/"}},{"data":{"source":"HP:0010909","target":"Orphanet:247525","Edge_Type":"hpodis","label":"is associated w\/"}},{"data":{"source":"HP:0010909","target":"Orphanet:23","Edge_Type":"hpodis","label":"is associated w\/"}},{"data":{"source":"HP:0001951","target":"Orphanet:23","Edge_Type":"hpodis","label":"is associated w\/"}},{"data":{"source":"HP:0001951","target":"Orphanet:247525","Edge_Type":"hpodis","label":"is associated w\/"}},{"data":{"source":"HP:0002038","target":"Orphanet:23","Edge_Type":"hpodis","label":"is associated w\/"}},{"data":{"source":"HP:0002038","target":"Orphanet:247525","Edge_Type":"hpodis","label":"is associated w\/"}},{"data":{"source":"HP:0003217","target":"Orphanet:23","Edge_Type":"hpodis","label":"is associated w\/"}},{"data":{"source":"HP:0003217","target":"Orphanet:23","Edge_Type":"hpodis","label":"is associated w\/"}},{"data":{"source":"HP:0003217","target":"Orphanet:247525","Edge_Type":"hpodis","label":"is associated w\/"}},{"data":{"source":"HP:0001950","target":"Orphanet:23","Edge_Type":"hpodis","label":"is associated w\/"}},{"data":{"source":"HP:0001950","target":"Orphanet:247525","Edge_Type":"hpodis","label":"is associated w\/"}},{"data":{"source":"HP:0010903","target":"Orphanet:23","Edge_Type":"hpodis","label":"is associated w\/"}},{"data":{"source":"HP:0010903","target":"Orphanet:247525","Edge_Type":"hpodis","label":"is associated w\/"}},{"data":{"source":"HP:0010903","target":"Orphanet:23","Edge_Type":"hpodis","label":"is associated w\/"}},{"data":{"source":"HP:0003218","target":"Orphanet:23","Edge_Type":"hpodis","label":"is associated w\/"}},{"data":{"source":"HP:0003218","target":"Orphanet:247525","Edge_Type":"hpodis","label":"is associated w\/"}},{"data":{"source":"HP:0003218","target":"Orphanet:23","Edge_Type":"hpodis","label":"is associated w\/"}},{"data":{"source":"P04424","target":"Orphanet:23","Edge_Type":"Disease","label":"is related to"}},{"data":{"source":"P00966","target":"Orphanet:247525","Edge_Type":"Disease","label":"is related to"}},{"data":{"source":"Q8IV08","target":"Orphanet:94145","Edge_Type":"Disease","label":"is related to"}},{"data":{"source":"Q96Q45","target":"Orphanet:220497","Edge_Type":"Disease","label":"is related to"}},{"data":{"source":"Q8N138","target":"MONDO:0010940","Edge_Type":"Disease","label":"is related to"}},{"data":{"source":"Q96Q45","target":"Orphanet:220493","Edge_Type":"Disease","label":"is related to"}},{"data":{"source":"Q96Q45","target":"Orphanet:2318","Edge_Type":"Disease","label":"is related to"}},{"data":{"source":"Q8N138","target":"EFO:0000270","Edge_Type":"Disease","label":"is related to"}},{"data":{"source":"P19838","target":"Orphanet:1572","Edge_Type":"Disease","label":"is related to"}},{"data":{"source":"P35228","target":"EFO:0009157","Edge_Type":"Disease","label":"is related to"}},{"data":{"source":"P29474","target":"DB00125","Edge_Type":"Drug","label":"targets"}},{"data":{"source":"Q8WY07","target":"DB00125","Edge_Type":"Drug","label":"targets"}},{"data":{"source":"Q96A70","target":"DB00125","Edge_Type":"Drug","label":"targets"}},{"data":{"source":"P04424","target":"DB00125","Edge_Type":"Drug","label":"targets"}},{"data":{"source":"P35228","target":"DB00125","Edge_Type":"Drug","label":"targets"}},{"data":{"source":"P30825","target":"DB00125","Edge_Type":"Drug","label":"targets"}},{"data":{"source":"P78540","target":"DB00125","Edge_Type":"Drug","label":"targets"}},{"data":{"source":"O43246","target":"DB00125","Edge_Type":"Drug","label":"targets"}},{"data":{"source":"P00966","target":"DB00125","Edge_Type":"Drug","label":"targets"}},{"data":{"source":"P19838","target":"DB00125","Edge_Type":"Chembl","label":"targets","pchembl_value":6.6}},{"data":{"source":"P35228","target":"DB01686","Edge_Type":"Drug","label":"targets"}},{"data":{"source":"P29474","target":"DB01686","Edge_Type":"Drug","label":"targets"}},{"data":{"source":"P35228","target":"DB04534","Edge_Type":"Drug","label":"targets"}},{"data":{"source":"P29474","target":"DB04534","Edge_Type":"Drug","label":"targets"}},{"data":{"source":"P29474","target":"DB02207","Edge_Type":"Drug","label":"targets"}},{"data":{"source":"P35228","target":"DB02207","Edge_Type":"Drug","label":"targets"}},{"data":{"source":"P35228","target":"DB07388","Edge_Type":"Drug","label":"targets"}},{"data":{"source":"P29474","target":"DB07388","Edge_Type":"Drug","label":"targets"}},{"data":{"source":"P35228","target":"DB03100","Edge_Type":"Drug","label":"targets"}},{"data":{"source":"P29474","target":"DB03100","Edge_Type":"Drug","label":"targets"}},{"data":{"source":"P30825","target":"DB00123","Edge_Type":"Drug","label":"targets"}},{"data":{"source":"O43246","target":"DB00123","Edge_Type":"Drug","label":"targets"}},{"data":{"source":"Q8WY07","target":"DB00123","Edge_Type":"Drug","label":"targets"}},{"data":{"source":"P29474","target":"DB01997","Edge_Type":"Drug","label":"targets"}},{"data":{"source":"P35228","target":"DB01997","Edge_Type":"Drug","label":"targets"}},{"data":{"source":"P29474","target":"DB02044","Edge_Type":"Drug","label":"targets"}},{"data":{"source":"P35228","target":"DB02044","Edge_Type":"Drug","label":"targets"}},{"data":{"source":"P29474","target":"DB09237","Edge_Type":"Drug","label":"targets"}},{"data":{"source":"P35228","target":"DB09237","Edge_Type":"Drug","label":"targets"}},{"data":{"source":"P00966","target":"R-HSA-70635","Edge_Type":"Pathway","label":"is involved in"}},{"data":{"source":"P04424","target":"R-HSA-70635","Edge_Type":"Pathway","label":"is involved in"}},{"data":{"source":"P78540","target":"R-HSA-70635","Edge_Type":"Pathway","label":"is involved in"}},{"data":{"source":"Q9HBL8","target":"R-HSA-70635","Edge_Type":"Pathway","label":"is involved in"}},{"data":{"source":"P29474","target":"R-HSA-392154","Edge_Type":"Pathway","label":"is involved in"}},{"data":{"source":"P35228","target":"R-HSA-392154","Edge_Type":"Pathway","label":"is involved in"}},{"data":{"source":"Q96A70","target":"R-HSA-351143","Edge_Type":"Pathway","label":"is involved in"}},{"data":{"source":"P29474","target":"R-HSA-203754","Edge_Type":"Pathway","label":"is involved in"}},{"data":{"source":"Q9NTJ5","target":"R-HSA-1483248","Edge_Type":"Pathway","label":"is involved in"}},{"data":{"source":"P29474","target":"R-HSA-203641","Edge_Type":"Pathway","label":"is involved in"}},{"data":{"source":"P19838","target":"R-HSA-5660668","Edge_Type":"Pathway","label":"is involved in"}},{"data":{"source":"P19838","target":"R-HSA-448706","Edge_Type":"Pathway","label":"is involved in"}},{"data":{"source":"P19838","target":"R-HSA-3134963","Edge_Type":"Pathway","label":"is involved in"}},{"data":{"source":"P19838","target":"R-HSA-5603029","Edge_Type":"Pathway","label":"is involved in"}},{"data":{"source":"P00966","target":"HP:0005961","Edge_Type":"HPO","label":"is associated w\/"}},{"data":{"source":"P04424","target":"HP:0005961","Edge_Type":"HPO","label":"is associated w\/"}},{"data":{"source":"P00966","target":"HP:0010909","Edge_Type":"HPO","label":"is associated w\/"}},{"data":{"source":"P04424","target":"HP:0010909","Edge_Type":"HPO","label":"is associated w\/"}},{"data":{"source":"P00966","target":"HP:0001951","Edge_Type":"HPO","label":"is associated w\/"}},{"data":{"source":"P04424","target":"HP:0001951","Edge_Type":"HPO","label":"is associated w\/"}},{"data":{"source":"P00966","target":"HP:0002038","Edge_Type":"HPO","label":"is associated w\/"}},{"data":{"source":"P04424","target":"HP:0002038","Edge_Type":"HPO","label":"is associated w\/"}},{"data":{"source":"P00966","target":"HP:0003217","Edge_Type":"HPO","label":"is associated w\/"}},{"data":{"source":"P04424","target":"HP:0003217","Edge_Type":"HPO","label":"is associated w\/"}},{"data":{"source":"P00966","target":"HP:0001950","Edge_Type":"HPO","label":"is associated w\/"}},{"data":{"source":"P04424","target":"HP:0001950","Edge_Type":"HPO","label":"is associated w\/"}},{"data":{"source":"P00966","target":"HP:0010903","Edge_Type":"HPO","label":"is associated w\/"}},{"data":{"source":"P04424","target":"HP:0010903","Edge_Type":"HPO","label":"is associated w\/"}},{"data":{"source":"P00966","target":"HP:0003218","Edge_Type":"HPO","label":"is associated w\/"}},{"data":{"source":"P04424","target":"HP:0003218","Edge_Type":"HPO","label":"is associated w\/"}},{"data":{"source":"P29474","target":"HP:0004972","Edge_Type":"HPO","label":"is associated w\/"}},{"data":{"source":"P35228","target":"HP:0004972","Edge_Type":"HPO","label":"is associated w\/"}},{"data":{"source":"P29474","target":"HP:0004421","Edge_Type":"HPO","label":"is associated w\/"}},{"data":{"source":"P35228","target":"HP:0004421","Edge_Type":"HPO","label":"is associated w\/"}},{"data":{"source":"H01028","target":"hsa00220","Edge_Type":"kegg_dis_path","label":"modulates"}},{"data":{"source":"H01028","target":"hsa00250","Edge_Type":"kegg_dis_path","label":"modulates"}},{"data":{"source":"H00185","target":"hsa00220","Edge_Type":"kegg_dis_path","label":"modulates"}},{"data":{"source":"H00185","target":"hsa00250","Edge_Type":"kegg_dis_path","label":"modulates"}},{"data":{"source":"H01398","target":"hsa00220","Edge_Type":"kegg_dis_path","label":"modulates"}},{"data":{"source":"H01529","target":"hsa04066","Edge_Type":"kegg_dis_path","label":"modulates"}},{"data":{"source":"P00966","target":"hsa00220","Edge_Type":"kegg_path_prot","label":"is involved in"}},{"data":{"source":"P04424","target":"hsa00220","Edge_Type":"kegg_path_prot","label":"is involved in"}},{"data":{"source":"P29474","target":"hsa00220","Edge_Type":"kegg_path_prot","label":"is involved in"}},{"data":{"source":"P35228","target":"hsa00220","Edge_Type":"kegg_path_prot","label":"is involved in"}},{"data":{"source":"P78540","target":"hsa00220","Edge_Type":"kegg_path_prot","label":"is involved in"}},{"data":{"source":"P29474","target":"hsa00330","Edge_Type":"kegg_path_prot","label":"is involved in"}},{"data":{"source":"P35228","target":"hsa00330","Edge_Type":"kegg_path_prot","label":"is involved in"}},{"data":{"source":"P78540","target":"hsa00330","Edge_Type":"kegg_path_prot","label":"is involved in"}},{"data":{"source":"Q96A70","target":"hsa00330","Edge_Type":"kegg_path_prot","label":"is involved in"}},{"data":{"source":"P19838","target":"hsa04623","Edge_Type":"kegg_path_prot","label":"is involved in"}},{"data":{"source":"Q8NHW4","target":"hsa04623","Edge_Type":"kegg_path_prot","label":"is involved in"}},{"data":{"source":"Q8NHW4","target":"hsa04623","Edge_Type":"kegg_path_prot","label":"is involved in"}},{"data":{"source":"P00966","target":"hsa01230","Edge_Type":"kegg_path_prot","label":"is involved in"}},{"data":{"source":"P04424","target":"hsa01230","Edge_Type":"kegg_path_prot","label":"is involved in"}},{"data":{"source":"P78540","target":"hsa01230","Edge_Type":"kegg_path_prot","label":"is involved in"}},{"data":{"source":"P00966","target":"hsa00250","Edge_Type":"kegg_path_prot","label":"is involved in"}},{"data":{"source":"P04424","target":"hsa00250","Edge_Type":"kegg_path_prot","label":"is involved in"}},{"data":{"source":"P19838","target":"hsa04064","Edge_Type":"kegg_path_prot","label":"is involved in"}},{"data":{"source":"Q8NHW4","target":"hsa04064","Edge_Type":"kegg_path_prot","label":"is involved in"}},{"data":{"source":"Q8NHW4","target":"hsa04064","Edge_Type":"kegg_path_prot","label":"is involved in"}},{"data":{"source":"P19838","target":"hsa04620","Edge_Type":"kegg_path_prot","label":"is involved in"}},{"data":{"source":"Q8NHW4","target":"hsa04620","Edge_Type":"kegg_path_prot","label":"is involved in"}},{"data":{"source":"Q8NHW4","target":"hsa04620","Edge_Type":"kegg_path_prot","label":"is involved in"}},{"data":{"source":"P19838","target":"hsa04066","Edge_Type":"kegg_path_prot","label":"is involved in"}},{"data":{"source":"P29474","target":"hsa04066","Edge_Type":"kegg_path_prot","label":"is involved in"}},{"data":{"source":"P35228","target":"hsa04066","Edge_Type":"kegg_path_prot","label":"is involved in"}},{"data":{"source":"P19838","target":"hsa04926","Edge_Type":"kegg_path_prot","label":"is involved in"}},{"data":{"source":"P29474","target":"hsa04926","Edge_Type":"kegg_path_prot","label":"is involved in"}},{"data":{"source":"P35228","target":"hsa04926","Edge_Type":"kegg_path_prot","label":"is involved in"}},{"data":{"source":"P19838","target":"hsa04062","Edge_Type":"kegg_path_prot","label":"is involved in"}},{"data":{"source":"Q8NHW4","target":"hsa04062","Edge_Type":"kegg_path_prot","label":"is involved in"}},{"data":{"source":"Q8NHW4","target":"hsa04062","Edge_Type":"kegg_path_prot","label":"is involved in"}},{"data":{"source":"P04424","target":"H01028","Edge_Type":"kegg_dis_prot","label":"is related to"}},{"data":{"source":"P00966","target":"H00185","Edge_Type":"kegg_dis_prot","label":"is related to"}},{"data":{"source":"P00966","target":"H01398","Edge_Type":"kegg_dis_prot","label":"is related to"}},{"data":{"source":"P04424","target":"H01398","Edge_Type":"kegg_dis_prot","label":"is related to"}},{"data":{"source":"P29474","target":"H01529","Edge_Type":"kegg_dis_prot","label":"is related to"}},{"data":{"source":"P35228","target":"H00017","Edge_Type":"kegg_dis_prot","label":"is related to"}},{"data":{"source":"P19838","target":"H00088","Edge_Type":"kegg_dis_prot","label":"is related to"}},{"data":{"source":"Q8IV08","target":"H00063","Edge_Type":"kegg_dis_prot","label":"is related to"}},{"data":{"source":"Q96Q45","target":"H00530","Edge_Type":"kegg_dis_prot","label":"is related to"}}]}