{"options":{"search_start":1613060183,"tax_ids":[9606],"num_of_fn_nodes":10,"num_of_pathways":10,"num_of_phenotypes":10,"num_of_drugs":10,"num_of_diseases":10,"num_of_compounds":10,"chembl_compounds":0,"predictions":1,"reviewed_filter":1,"fn":1,"chembl":1,"search_finish":1613060189,"search_runtime":6},"search":[{"Drug":[{"DB02402":"5-(4-Methoxyphenoxy)-2,4-Quinazolinediamine"}]}],"nodes":[{"data":{"id":"Q86XF0","display_name":"DHFR2","Node_Type":"Protein"}},{"data":{"id":"DB02402","display_name":"5-(4-Methoxyphenoxy)-2,4-Quinazolinediamine","Node_Type":"Drug","enrichScore":9999999}},{"data":{"id":"DB07862","display_name":"7-(1-ETHYL-PROPYL)-7H-PYRROLO-[3,2-F]QUINAZOLINE-1,3-DIAMINE","Node_Type":"Drug","enrichScore":4769}},{"data":{"id":"DB08203","display_name":"7-[2-METHOXY-1-(METHOXYMETHYL)ETHYL]-7H-PYRROLO[3,2-F] QUINAZOLINE-1,3-DIAMINE","Node_Type":"Drug","enrichScore":4769}},{"data":{"id":"DB01929","display_name":"5-Chloryl-2,4,6-Quinazolinetriamine","Node_Type":"Drug","enrichScore":2384.5}},{"data":{"id":"DB01958","display_name":"5-[4-Tert-Butylphenylsulfanyl]-2,4-Quinazolinediamine","Node_Type":"Drug","enrichScore":2384.5}},{"data":{"id":"DB02001","display_name":"5-(4-Morpholin-4-Yl-Phenylsulfanyl)-2,4-Quinazolinediamine","Node_Type":"Drug","enrichScore":2384.5}},{"data":{"id":"DB04163","display_name":"5-Phenylsulfanyl-2,4-Quinazolinediamine","Node_Type":"Drug","enrichScore":2384.5}},{"data":{"id":"DB04306","display_name":"5-[(4-Methylphenyl)Sulfanyl]-2,4-Quinazolinediamine","Node_Type":"Drug","enrichScore":2384.5}},{"data":{"id":"DB12116","display_name":"Epigallocatechin gallate","Node_Type":"Drug","enrichScore":1589.667}},{"data":{"id":"R-HSA-196757","display_name":"Metabolism of folate and pterines","Node_Type":"Pathway","enrichScore":3780.882}},{"data":{"id":"hsa00670","display_name":"One carbon pool by folate","Node_Type":"kegg_Pathway","enrichScore":359.895}},{"data":{"id":"hsa00790","display_name":"Folate biosynthesis","Node_Type":"kegg_Pathway","enrichScore":263}},{"data":{"id":"hsa01100","display_name":"Metabolic pathways","Node_Type":"kegg_Pathway","enrichScore":4.623}}],"edges":[{"data":{"source":"Q86XF0","target":"DB02402","Edge_Type":"Drug","label":"targets"}},{"data":{"source":"Q86XF0","target":"DB07862","Edge_Type":"Drug","label":"targets"}},{"data":{"source":"Q86XF0","target":"DB08203","Edge_Type":"Drug","label":"targets"}},{"data":{"source":"Q86XF0","target":"DB01929","Edge_Type":"Drug","label":"targets"}},{"data":{"source":"Q86XF0","target":"DB01958","Edge_Type":"Drug","label":"targets"}},{"data":{"source":"Q86XF0","target":"DB02001","Edge_Type":"Drug","label":"targets"}},{"data":{"source":"Q86XF0","target":"DB04163","Edge_Type":"Drug","label":"targets"}},{"data":{"source":"Q86XF0","target":"DB04306","Edge_Type":"Drug","label":"targets"}},{"data":{"source":"Q86XF0","target":"DB12116","Edge_Type":"Drug","label":"targets"}},{"data":{"source":"Q86XF0","target":"R-HSA-196757","Edge_Type":"Pathway","label":"is involved in"}},{"data":{"source":"Q86XF0","target":"hsa00670","Edge_Type":"kegg_path_prot","label":"is involved in"}},{"data":{"source":"Q86XF0","target":"hsa00790","Edge_Type":"kegg_path_prot","label":"is involved in"}},{"data":{"source":"Q86XF0","target":"hsa01100","Edge_Type":"kegg_path_prot","label":"is involved in"}}]}