{"options":{"search_start":1613058848,"tax_ids":[9606],"num_of_fn_nodes":10,"num_of_pathways":10,"num_of_phenotypes":10,"num_of_drugs":10,"num_of_diseases":10,"num_of_compounds":10,"chembl_compounds":0,"predictions":1,"reviewed_filter":1,"fn":1,"chembl":1,"search_finish":1613058883,"search_runtime":35},"search":[{"Drug":[{"DB01558":"Bromazepam"}]}],"nodes":[{"data":{"id":"A8MPY1","display_name":"GABRR3","Node_Type":"Protein"}},{"data":{"id":"O00591","display_name":"GABRP","Node_Type":"Protein"}},{"data":{"id":"O14764","display_name":"GABRD","Node_Type":"Protein"}},{"data":{"id":"P14867","display_name":"GABRA1","Node_Type":"Protein"}},{"data":{"id":"P18505","display_name":"GABRB1","Node_Type":"Protein"}},{"data":{"id":"P18507","display_name":"GABRG2","Node_Type":"Protein"}},{"data":{"id":"P24046","display_name":"GABRR1","Node_Type":"Protein"}},{"data":{"id":"P28472","display_name":"GABRB3","Node_Type":"Protein"}},{"data":{"id":"P28476","display_name":"GABRR2","Node_Type":"Protein"}},{"data":{"id":"P31644","display_name":"GABRA5","Node_Type":"Protein"}},{"data":{"id":"P34903","display_name":"GABRA3","Node_Type":"Protein"}},{"data":{"id":"P47869","display_name":"GABRA2","Node_Type":"Protein"}},{"data":{"id":"P47870","display_name":"GABRB2","Node_Type":"Protein"}},{"data":{"id":"P48169","display_name":"GABRA4","Node_Type":"Protein"}},{"data":{"id":"P78334","display_name":"GABRE","Node_Type":"Protein"}},{"data":{"id":"Q16445","display_name":"GABRA6","Node_Type":"Protein"}},{"data":{"id":"Q8N1C3","display_name":"GABRG1","Node_Type":"Protein"}},{"data":{"id":"Q99928","display_name":"GABRG3","Node_Type":"Protein"}},{"data":{"id":"Q9UN88","display_name":"GABRQ","Node_Type":"Protein"}},{"data":{"id":"P51513","display_name":"NOVA1","Node_Type":"Protein_N"}},{"data":{"id":"Q14749","display_name":"GNMT","Node_Type":"Protein_N"}},{"data":{"id":"O95166","display_name":"GABARAP","Node_Type":"Protein_N"}},{"data":{"id":"Q9UMX0","display_name":"UBQLN1","Node_Type":"Protein_N"}},{"data":{"id":"Q99750","display_name":"MDFI","Node_Type":"Protein_N"}},{"data":{"id":"Q7Z3S9","display_name":"NOTCH2NLA","Node_Type":"Protein_N"}},{"data":{"id":"Orphanet:64280","display_name":"Childhood absence epilepsy","Node_Type":"Disease","enrichScore":324.09}},{"data":{"id":"Orphanet:289891","display_name":"Hypermethioninemia due to glycine N-methyltransferase deficiency","Node_Type":"Disease","enrichScore":144.04}},{"data":{"id":"Orphanet:1934","display_name":"Early infantile epileptic encephalopathy","Node_Type":"Disease","enrichScore":103.709}},{"data":{"id":"Orphanet:307","display_name":"Juvenile myoclonic epilepsy","Node_Type":"Disease","enrichScore":96.027}},{"data":{"id":"Orphanet:36387","display_name":"Generalized epilepsy with febrile seizures-plus","Node_Type":"Disease","enrichScore":96.027}},{"data":{"id":"Orphanet:33069","display_name":"Dravet syndrome","Node_Type":"Disease","enrichScore":48.013}},{"data":{"id":"EFO:0003829","display_name":"alcohol dependence","Node_Type":"Disease","enrichScore":28.808}},{"data":{"id":"DB01558","display_name":"Bromazepam","Node_Type":"Drug","enrichScore":9999999}},{"data":{"id":"DB00603","display_name":"Medroxyprogesterone acetate","Node_Type":"Drug","enrichScore":24417.28}},{"data":{"id":"DB00842","display_name":"Oxazepam","Node_Type":"Drug","enrichScore":12299}},{"data":{"id":"DB00231","display_name":"Temazepam","Node_Type":"Drug","enrichScore":11684.05}},{"data":{"id":"DB00897","display_name":"Triazolam","Node_Type":"Drug","enrichScore":11684.05}},{"data":{"id":"DB00829","display_name":"Diazepam","Node_Type":"Drug","enrichScore":10386.882}},{"data":{"id":"DB01215","display_name":"Estazolam","Node_Type":"Drug","enrichScore":10280.96}},{"data":{"id":"DB01588","display_name":"Prazepam","Node_Type":"Drug","enrichScore":10280.96}},{"data":{"id":"DB00801","display_name":"Halazepam","Node_Type":"Drug","enrichScore":10280.96}},{"data":{"id":"DB00252","display_name":"Phenytoin","Node_Type":"Drug","enrichScore":9766.912}},{"data":{"id":"R-HSA-977443","display_name":"GABA receptor activation","Node_Type":"Pathway","enrichScore":41319.643}},{"data":{"id":"R-HSA-1236394","display_name":"Signaling by ERBB4","Node_Type":"Pathway","enrichScore":11452.636}},{"data":{"id":"R-HSA-2408508","display_name":"Metabolism of ingested SeMet, Sec, MeSec into H2Se","Node_Type":"Pathway","enrichScore":321.375}},{"data":{"id":"R-HSA-389661","display_name":"Glyoxylate metabolism and glycine degradation","Node_Type":"Pathway","enrichScore":88.655}},{"data":{"id":"R-HSA-8854214","display_name":"TBC\/RABGAPs","Node_Type":"Pathway","enrichScore":58.432}},{"data":{"id":"R-HSA-1632852","display_name":"Macroautophagy","Node_Type":"Pathway","enrichScore":37.809}},{"data":{"id":"R-HSA-8856825","display_name":"Cargo recognition for clathrin-mediated endocytosis","Node_Type":"Pathway","enrichScore":24.486}},{"data":{"id":"HP:0011147","display_name":"Typical absence seizure","Node_Type":"HPO","enrichScore":253.86}},{"data":{"id":"HP:0030218","display_name":"Punding","Node_Type":"HPO","enrichScore":253.86}},{"data":{"id":"HP:0010848","display_name":"EEG with spike-wave complexes (2.5-3.5 Hz)","Node_Type":"HPO","enrichScore":253.86}},{"data":{"id":"HP:0007738","display_name":"Uncontrolled eye movements","Node_Type":"HPO","enrichScore":217.594}},{"data":{"id":"HP:0011150","display_name":"Myoclonic absence seizure","Node_Type":"HPO","enrichScore":217.594}},{"data":{"id":"HP:0006961","display_name":"Jerky head movements","Node_Type":"HPO","enrichScore":152.316}},{"data":{"id":"HP:0031469","display_name":"Low self esteem","Node_Type":"HPO","enrichScore":152.316}},{"data":{"id":"HP:0007270","display_name":"Atypical absence seizure","Node_Type":"HPO","enrichScore":142.518}},{"data":{"id":"HP:0031475","display_name":"Status epilepticus without prominent motor symptoms","Node_Type":"HPO","enrichScore":138.469}},{"data":{"id":"HP:0011151","display_name":"Atypical absence status epilepticus","Node_Type":"HPO","enrichScore":138.469}},{"data":{"id":"CHEMBL1808464","display_name":"CHEMBL1808464","Node_Type":"Prediction","enrichScore":7.593}},{"data":{"id":"CHEMBL1795619","display_name":"CHEMBL1795619","Node_Type":"Prediction","enrichScore":6.96}},{"data":{"id":"CHEMBL529217","display_name":"CHEMBL529217","Node_Type":"Prediction","enrichScore":5.966}},{"data":{"id":"CHEMBL166390","display_name":"CHEMBL166390","Node_Type":"Prediction","enrichScore":5.568}},{"data":{"id":"CHEMBL1807964","display_name":"CHEMBL1807964","Node_Type":"Prediction","enrichScore":5.22}},{"data":{"id":"CHEMBL1808620","display_name":"CHEMBL1808620","Node_Type":"Prediction","enrichScore":5.22}},{"data":{"id":"CHEMBL60142","display_name":"CHEMBL60142","Node_Type":"Prediction","enrichScore":4.913}},{"data":{"id":"CHEMBL429680","display_name":"CHEMBL429680","Node_Type":"Prediction","enrichScore":4.396}},{"data":{"id":"CHEMBL1808413","display_name":"CHEMBL1808413","Node_Type":"Prediction","enrichScore":4.176}},{"data":{"id":"CHEMBL522866","display_name":"CHEMBL522866","Node_Type":"Prediction","enrichScore":3.977}},{"data":{"id":"hsa04727","display_name":"GABAergic synapse","Node_Type":"kegg_Pathway","enrichScore":1229.303}},{"data":{"id":"hsa04723","display_name":"Retrograde endocannabinoid signaling","Node_Type":"kegg_Pathway","enrichScore":667.167}},{"data":{"id":"hsa04080","display_name":"Neuroactive ligand-receptor interaction","Node_Type":"kegg_Pathway","enrichScore":288.716}},{"data":{"id":"hsa04742","display_name":"Taste transduction","Node_Type":"kegg_Pathway","enrichScore":121.564}},{"data":{"id":"hsa04726","display_name":"Serotonergic synapse","Node_Type":"kegg_Pathway","enrichScore":21.594}},{"data":{"id":"hsa04136","display_name":"Autophagy","Node_Type":"kegg_Pathway","enrichScore":8.548}},{"data":{"id":"hsa00260","display_name":"Glycine, serine and threonine metabolism","Node_Type":"kegg_Pathway","enrichScore":6.512}},{"data":{"id":"hsa04137","display_name":"Mitophagy","Node_Type":"kegg_Pathway","enrichScore":4.208}},{"data":{"id":"hsa04068","display_name":"FoxO signaling pathway","Node_Type":"kegg_Pathway","enrichScore":2.104}},{"data":{"id":"hsa04140","display_name":"Autophagy","Node_Type":"kegg_Pathway","enrichScore":1.996}},{"data":{"id":"H01662","display_name":"Generalized anxiety disorder","Node_Type":"kegg_Disease","enrichScore":1000000}},{"data":{"id":"H01646","display_name":"Major depressive disorder","Node_Type":"kegg_Disease","enrichScore":1000000}},{"data":{"id":"H02215","display_name":"Childhood absence epilepsy","Node_Type":"kegg_Disease","enrichScore":330.03}},{"data":{"id":"H02217","display_name":"Juvenile myoclonic epilepsy","Node_Type":"kegg_Disease","enrichScore":97.787}},{"data":{"id":"H00808","display_name":"Idiopathic generalized epilepsies","Node_Type":"kegg_Disease","enrichScore":73.34}},{"data":{"id":"H00783","display_name":"Febrile seizures","Node_Type":"kegg_Disease","enrichScore":73.34}},{"data":{"id":"H02150","display_name":"Infantile or early childhood epileptic encephalopathy","Node_Type":"kegg_Disease","enrichScore":48.893}},{"data":{"id":"H00184","display_name":"Hypermethioninemia","Node_Type":"kegg_Disease","enrichScore":36.67}},{"data":{"id":"H00606","display_name":"Early infantile epileptic encephalopathy","Node_Type":"kegg_Disease","enrichScore":22.375}},{"data":{"id":"H01611","display_name":"Alcohol dependence","Node_Type":"kegg_Disease","enrichScore":18.335}}],"edges":[{"data":{"source":"P28472","target":"P28472","Edge_Type":"PPI","label":"interacts w\/"}},{"data":{"source":"P51513","target":"P18507","Edge_Type":"PPI","label":"interacts w\/"}},{"data":{"source":"Q14749","target":"Q9UN88","Edge_Type":"PPI","label":"interacts w\/"}},{"data":{"source":"Q14749","target":"Q14749","Edge_Type":"PPI","label":"interacts w\/"}},{"data":{"source":"O95166","target":"P18507","Edge_Type":"PPI","label":"interacts w\/"}},{"data":{"source":"Q9UMX0","target":"O14764","Edge_Type":"PPI","label":"interacts w\/"}},{"data":{"source":"Q9UMX0","target":"Q9UMX0","Edge_Type":"PPI","label":"interacts w\/"}},{"data":{"source":"Q99750","target":"O14764","Edge_Type":"PPI","label":"interacts w\/"}},{"data":{"source":"Q99750","target":"Q99750","Edge_Type":"PPI","label":"interacts w\/"}},{"data":{"source":"Q7Z3S9","target":"O14764","Edge_Type":"PPI","label":"interacts w\/"}},{"data":{"source":"HP:0011147","target":"Orphanet:64280","Edge_Type":"hpodis","label":"is associated w\/"}},{"data":{"source":"HP:0030218","target":"Orphanet:64280","Edge_Type":"hpodis","label":"is associated w\/"}},{"data":{"source":"HP:0010848","target":"Orphanet:64280","Edge_Type":"hpodis","label":"is associated w\/"}},{"data":{"source":"HP:0007738","target":"Orphanet:64280","Edge_Type":"hpodis","label":"is associated w\/"}},{"data":{"source":"HP:0011150","target":"Orphanet:64280","Edge_Type":"hpodis","label":"is associated w\/"}},{"data":{"source":"HP:0006961","target":"Orphanet:64280","Edge_Type":"hpodis","label":"is associated w\/"}},{"data":{"source":"HP:0031469","target":"Orphanet:64280","Edge_Type":"hpodis","label":"is associated w\/"}},{"data":{"source":"HP:0007270","target":"Orphanet:1934","Edge_Type":"hpodis","label":"is associated w\/"}},{"data":{"source":"HP:0007270","target":"Orphanet:33069","Edge_Type":"hpodis","label":"is associated w\/"}},{"data":{"source":"HP:0007270","target":"Orphanet:1934","Edge_Type":"hpodis","label":"is associated w\/"}},{"data":{"source":"HP:0031475","target":"Orphanet:36387","Edge_Type":"hpodis","label":"is associated w\/"}},{"data":{"source":"HP:0031475","target":"Orphanet:33069","Edge_Type":"hpodis","label":"is associated w\/"}},{"data":{"source":"HP:0011151","target":"Orphanet:36387","Edge_Type":"hpodis","label":"is associated w\/"}},{"data":{"source":"P14867","target":"Orphanet:64280","Edge_Type":"Disease","label":"is related to"}},{"data":{"source":"P28472","target":"Orphanet:64280","Edge_Type":"Disease","label":"is related to"}},{"data":{"source":"P18507","target":"Orphanet:64280","Edge_Type":"Disease","label":"is related to"}},{"data":{"source":"Q14749","target":"Orphanet:289891","Edge_Type":"Disease","label":"is related to"}},{"data":{"source":"P18507","target":"Orphanet:1934","Edge_Type":"Disease","label":"is related to"}},{"data":{"source":"P31644","target":"Orphanet:1934","Edge_Type":"Disease","label":"is related to"}},{"data":{"source":"P47869","target":"Orphanet:1934","Edge_Type":"Disease","label":"is related to"}},{"data":{"source":"P47870","target":"Orphanet:1934","Edge_Type":"Disease","label":"is related to"}},{"data":{"source":"P18505","target":"Orphanet:1934","Edge_Type":"Disease","label":"is related to"}},{"data":{"source":"P28472","target":"Orphanet:1934","Edge_Type":"Disease","label":"is related to"}},{"data":{"source":"O14764","target":"Orphanet:307","Edge_Type":"Disease","label":"is related to"}},{"data":{"source":"P14867","target":"Orphanet:307","Edge_Type":"Disease","label":"is related to"}},{"data":{"source":"P18507","target":"Orphanet:36387","Edge_Type":"Disease","label":"is related to"}},{"data":{"source":"O14764","target":"Orphanet:36387","Edge_Type":"Disease","label":"is related to"}},{"data":{"source":"P14867","target":"Orphanet:33069","Edge_Type":"Disease","label":"is related to"}},{"data":{"source":"P47869","target":"EFO:0003829","Edge_Type":"Disease","label":"is related to"}},{"data":{"source":"P14867","target":"DB01558","Edge_Type":"Drug","label":"targets"}},{"data":{"source":"P47869","target":"DB01558","Edge_Type":"Drug","label":"targets"}},{"data":{"source":"P34903","target":"DB01558","Edge_Type":"Drug","label":"targets"}},{"data":{"source":"P48169","target":"DB01558","Edge_Type":"Drug","label":"targets"}},{"data":{"source":"P31644","target":"DB01558","Edge_Type":"Drug","label":"targets"}},{"data":{"source":"Q16445","target":"DB01558","Edge_Type":"Drug","label":"targets"}},{"data":{"source":"P18505","target":"DB01558","Edge_Type":"Drug","label":"targets"}},{"data":{"source":"P47870","target":"DB01558","Edge_Type":"Drug","label":"targets"}},{"data":{"source":"P28472","target":"DB01558","Edge_Type":"Drug","label":"targets"}},{"data":{"source":"Q8N1C3","target":"DB01558","Edge_Type":"Drug","label":"targets"}},{"data":{"source":"P18507","target":"DB01558","Edge_Type":"Drug","label":"targets"}},{"data":{"source":"Q99928","target":"DB01558","Edge_Type":"Drug","label":"targets"}},{"data":{"source":"O14764","target":"DB01558","Edge_Type":"Drug","label":"targets"}},{"data":{"source":"P78334","target":"DB01558","Edge_Type":"Drug","label":"targets"}},{"data":{"source":"O00591","target":"DB01558","Edge_Type":"Drug","label":"targets"}},{"data":{"source":"P24046","target":"DB01558","Edge_Type":"Drug","label":"targets"}},{"data":{"source":"P28476","target":"DB01558","Edge_Type":"Drug","label":"targets"}},{"data":{"source":"A8MPY1","target":"DB01558","Edge_Type":"Drug","label":"targets"}},{"data":{"source":"Q9UN88","target":"DB01558","Edge_Type":"Drug","label":"targets"}},{"data":{"source":"P14867","target":"DB00603","Edge_Type":"Drug","label":"targets"}},{"data":{"source":"P47869","target":"DB00603","Edge_Type":"Drug","label":"targets"}},{"data":{"source":"P34903","target":"DB00603","Edge_Type":"Drug","label":"targets"}},{"data":{"source":"P48169","target":"DB00603","Edge_Type":"Drug","label":"targets"}},{"data":{"source":"P31644","target":"DB00603","Edge_Type":"Drug","label":"targets"}},{"data":{"source":"Q16445","target":"DB00603","Edge_Type":"Drug","label":"targets"}},{"data":{"source":"P18505","target":"DB00603","Edge_Type":"Drug","label":"targets"}},{"data":{"source":"P47870","target":"DB00603","Edge_Type":"Drug","label":"targets"}},{"data":{"source":"P28472","target":"DB00603","Edge_Type":"Drug","label":"targets"}},{"data":{"source":"O14764","target":"DB00603","Edge_Type":"Drug","label":"targets"}},{"data":{"source":"P78334","target":"DB00603","Edge_Type":"Drug","label":"targets"}},{"data":{"source":"Q8N1C3","target":"DB00603","Edge_Type":"Drug","label":"targets"}},{"data":{"source":"P18507","target":"DB00603","Edge_Type":"Drug","label":"targets"}},{"data":{"source":"Q99928","target":"DB00603","Edge_Type":"Drug","label":"targets"}},{"data":{"source":"O00591","target":"DB00603","Edge_Type":"Drug","label":"targets"}},{"data":{"source":"Q9UN88","target":"DB00603","Edge_Type":"Drug","label":"targets"}},{"data":{"source":"P14867","target":"DB00842","Edge_Type":"Drug","label":"targets"}},{"data":{"source":"P47869","target":"DB00842","Edge_Type":"Drug","label":"targets"}},{"data":{"source":"P34903","target":"DB00842","Edge_Type":"Drug","label":"targets"}},{"data":{"source":"P48169","target":"DB00842","Edge_Type":"Drug","label":"targets"}},{"data":{"source":"P31644","target":"DB00842","Edge_Type":"Drug","label":"targets"}},{"data":{"source":"Q16445","target":"DB00842","Edge_Type":"Drug","label":"targets"}},{"data":{"source":"P18505","target":"DB00842","Edge_Type":"Drug","label":"targets"}},{"data":{"source":"P47870","target":"DB00842","Edge_Type":"Drug","label":"targets"}},{"data":{"source":"P28472","target":"DB00842","Edge_Type":"Drug","label":"targets"}},{"data":{"source":"Q8N1C3","target":"DB00842","Edge_Type":"Drug","label":"targets"}},{"data":{"source":"P18507","target":"DB00842","Edge_Type":"Drug","label":"targets"}},{"data":{"source":"Q99928","target":"DB00842","Edge_Type":"Drug","label":"targets"}},{"data":{"source":"O14764","target":"DB00842","Edge_Type":"Drug","label":"targets"}},{"data":{"source":"P78334","target":"DB00842","Edge_Type":"Drug","label":"targets"}},{"data":{"source":"O00591","target":"DB00842","Edge_Type":"Drug","label":"targets"}},{"data":{"source":"P24046","target":"DB00842","Edge_Type":"Drug","label":"targets"}},{"data":{"source":"P28476","target":"DB00842","Edge_Type":"Drug","label":"targets"}},{"data":{"source":"A8MPY1","target":"DB00842","Edge_Type":"Drug","label":"targets"}},{"data":{"source":"Q9UN88","target":"DB00842","Edge_Type":"Drug","label":"targets"}},{"data":{"source":"P14867","target":"DB00231","Edge_Type":"Drug","label":"targets"}},{"data":{"source":"P47869","target":"DB00231","Edge_Type":"Drug","label":"targets"}},{"data":{"source":"P34903","target":"DB00231","Edge_Type":"Drug","label":"targets"}},{"data":{"source":"P48169","target":"DB00231","Edge_Type":"Drug","label":"targets"}},{"data":{"source":"P31644","target":"DB00231","Edge_Type":"Drug","label":"targets"}},{"data":{"source":"Q16445","target":"DB00231","Edge_Type":"Drug","label":"targets"}},{"data":{"source":"P18505","target":"DB00231","Edge_Type":"Drug","label":"targets"}},{"data":{"source":"P47870","target":"DB00231","Edge_Type":"Drug","label":"targets"}},{"data":{"source":"P28472","target":"DB00231","Edge_Type":"Drug","label":"targets"}},{"data":{"source":"Q8N1C3","target":"DB00231","Edge_Type":"Drug","label":"targets"}},{"data":{"source":"P18507","target":"DB00231","Edge_Type":"Drug","label":"targets"}},{"data":{"source":"Q99928","target":"DB00231","Edge_Type":"Drug","label":"targets"}},{"data":{"source":"O14764","target":"DB00231","Edge_Type":"Drug","label":"targets"}},{"data":{"source":"P78334","target":"DB00231","Edge_Type":"Drug","label":"targets"}},{"data":{"source":"O00591","target":"DB00231","Edge_Type":"Drug","label":"targets"}},{"data":{"source":"P24046","target":"DB00231","Edge_Type":"Drug","label":"targets"}},{"data":{"source":"P28476","target":"DB00231","Edge_Type":"Drug","label":"targets"}},{"data":{"source":"A8MPY1","target":"DB00231","Edge_Type":"Drug","label":"targets"}},{"data":{"source":"Q9UN88","target":"DB00231","Edge_Type":"Drug","label":"targets"}},{"data":{"source":"P14867","target":"DB00897","Edge_Type":"Drug","label":"targets"}},{"data":{"source":"P47869","target":"DB00897","Edge_Type":"Drug","label":"targets"}},{"data":{"source":"P34903","target":"DB00897","Edge_Type":"Drug","label":"targets"}},{"data":{"source":"P48169","target":"DB00897","Edge_Type":"Drug","label":"targets"}},{"data":{"source":"P31644","target":"DB00897","Edge_Type":"Drug","label":"targets"}},{"data":{"source":"Q16445","target":"DB00897","Edge_Type":"Drug","label":"targets"}},{"data":{"source":"P18505","target":"DB00897","Edge_Type":"Drug","label":"targets"}},{"data":{"source":"P47870","target":"DB00897","Edge_Type":"Drug","label":"targets"}},{"data":{"source":"P28472","target":"DB00897","Edge_Type":"Drug","label":"targets"}},{"data":{"source":"Q8N1C3","target":"DB00897","Edge_Type":"Drug","label":"targets"}},{"data":{"source":"P18507","target":"DB00897","Edge_Type":"Drug","label":"targets"}},{"data":{"source":"Q99928","target":"DB00897","Edge_Type":"Drug","label":"targets"}},{"data":{"source":"O14764","target":"DB00897","Edge_Type":"Drug","label":"targets"}},{"data":{"source":"P78334","target":"DB00897","Edge_Type":"Drug","label":"targets"}},{"data":{"source":"O00591","target":"DB00897","Edge_Type":"Drug","label":"targets"}},{"data":{"source":"P24046","target":"DB00897","Edge_Type":"Drug","label":"targets"}},{"data":{"source":"P28476","target":"DB00897","Edge_Type":"Drug","label":"targets"}},{"data":{"source":"A8MPY1","target":"DB00897","Edge_Type":"Drug","label":"targets"}},{"data":{"source":"Q9UN88","target":"DB00897","Edge_Type":"Drug","label":"targets"}},{"data":{"source":"P14867","target":"DB00829","Edge_Type":"Drug","label":"targets"}},{"data":{"source":"P47869","target":"DB00829","Edge_Type":"Drug","label":"targets"}},{"data":{"source":"P34903","target":"DB00829","Edge_Type":"Drug","label":"targets"}},{"data":{"source":"P31644","target":"DB00829","Edge_Type":"Drug","label":"targets"}},{"data":{"source":"P18505","target":"DB00829","Edge_Type":"Drug","label":"targets"}},{"data":{"source":"P47870","target":"DB00829","Edge_Type":"Drug","label":"targets"}},{"data":{"source":"P28472","target":"DB00829","Edge_Type":"Drug","label":"targets"}},{"data":{"source":"Q8N1C3","target":"DB00829","Edge_Type":"Drug","label":"targets"}},{"data":{"source":"P18507","target":"DB00829","Edge_Type":"Drug","label":"targets"}},{"data":{"source":"Q99928","target":"DB00829","Edge_Type":"Drug","label":"targets"}},{"data":{"source":"O14764","target":"DB00829","Edge_Type":"Drug","label":"targets"}},{"data":{"source":"P78334","target":"DB00829","Edge_Type":"Drug","label":"targets"}},{"data":{"source":"O00591","target":"DB00829","Edge_Type":"Drug","label":"targets"}},{"data":{"source":"P24046","target":"DB00829","Edge_Type":"Drug","label":"targets"}},{"data":{"source":"P28476","target":"DB00829","Edge_Type":"Drug","label":"targets"}},{"data":{"source":"A8MPY1","target":"DB00829","Edge_Type":"Drug","label":"targets"}},{"data":{"source":"Q9UN88","target":"DB00829","Edge_Type":"Drug","label":"targets"}},{"data":{"source":"P48169","target":"DB00829","Edge_Type":"Drug","label":"targets"}},{"data":{"source":"Q16445","target":"DB00829","Edge_Type":"Drug","label":"targets"}},{"data":{"source":"P14867","target":"DB01215","Edge_Type":"Drug","label":"targets"}},{"data":{"source":"P47869","target":"DB01215","Edge_Type":"Drug","label":"targets"}},{"data":{"source":"P34903","target":"DB01215","Edge_Type":"Drug","label":"targets"}},{"data":{"source":"P31644","target":"DB01215","Edge_Type":"Drug","label":"targets"}},{"data":{"source":"Q8N1C3","target":"DB01215","Edge_Type":"Drug","label":"targets"}},{"data":{"source":"P18507","target":"DB01215","Edge_Type":"Drug","label":"targets"}},{"data":{"source":"Q99928","target":"DB01215","Edge_Type":"Drug","label":"targets"}},{"data":{"source":"P18505","target":"DB01215","Edge_Type":"Drug","label":"targets"}},{"data":{"source":"P47870","target":"DB01215","Edge_Type":"Drug","label":"targets"}},{"data":{"source":"P28472","target":"DB01215","Edge_Type":"Drug","label":"targets"}},{"data":{"source":"O14764","target":"DB01215","Edge_Type":"Drug","label":"targets"}},{"data":{"source":"P78334","target":"DB01215","Edge_Type":"Drug","label":"targets"}},{"data":{"source":"O00591","target":"DB01215","Edge_Type":"Drug","label":"targets"}},{"data":{"source":"P24046","target":"DB01215","Edge_Type":"Drug","label":"targets"}},{"data":{"source":"P28476","target":"DB01215","Edge_Type":"Drug","label":"targets"}},{"data":{"source":"A8MPY1","target":"DB01215","Edge_Type":"Drug","label":"targets"}},{"data":{"source":"P48169","target":"DB01215","Edge_Type":"Drug","label":"targets"}},{"data":{"source":"Q16445","target":"DB01215","Edge_Type":"Drug","label":"targets"}},{"data":{"source":"Q9UN88","target":"DB01215","Edge_Type":"Drug","label":"targets"}},{"data":{"source":"P14867","target":"DB01588","Edge_Type":"Drug","label":"targets"}},{"data":{"source":"P47869","target":"DB01588","Edge_Type":"Drug","label":"targets"}},{"data":{"source":"P34903","target":"DB01588","Edge_Type":"Drug","label":"targets"}},{"data":{"source":"P31644","target":"DB01588","Edge_Type":"Drug","label":"targets"}},{"data":{"source":"Q8N1C3","target":"DB01588","Edge_Type":"Drug","label":"targets"}},{"data":{"source":"P18507","target":"DB01588","Edge_Type":"Drug","label":"targets"}},{"data":{"source":"Q99928","target":"DB01588","Edge_Type":"Drug","label":"targets"}},{"data":{"source":"P18505","target":"DB01588","Edge_Type":"Drug","label":"targets"}},{"data":{"source":"P47870","target":"DB01588","Edge_Type":"Drug","label":"targets"}},{"data":{"source":"P28472","target":"DB01588","Edge_Type":"Drug","label":"targets"}},{"data":{"source":"O14764","target":"DB01588","Edge_Type":"Drug","label":"targets"}},{"data":{"source":"P78334","target":"DB01588","Edge_Type":"Drug","label":"targets"}},{"data":{"source":"O00591","target":"DB01588","Edge_Type":"Drug","label":"targets"}},{"data":{"source":"P24046","target":"DB01588","Edge_Type":"Drug","label":"targets"}},{"data":{"source":"P28476","target":"DB01588","Edge_Type":"Drug","label":"targets"}},{"data":{"source":"A8MPY1","target":"DB01588","Edge_Type":"Drug","label":"targets"}},{"data":{"source":"P48169","target":"DB01588","Edge_Type":"Drug","label":"targets"}},{"data":{"source":"Q16445","target":"DB01588","Edge_Type":"Drug","label":"targets"}},{"data":{"source":"Q9UN88","target":"DB01588","Edge_Type":"Drug","label":"targets"}},{"data":{"source":"P14867","target":"DB00801","Edge_Type":"Drug","label":"targets"}},{"data":{"source":"P47869","target":"DB00801","Edge_Type":"Drug","label":"targets"}},{"data":{"source":"P34903","target":"DB00801","Edge_Type":"Drug","label":"targets"}},{"data":{"source":"P31644","target":"DB00801","Edge_Type":"Drug","label":"targets"}},{"data":{"source":"Q8N1C3","target":"DB00801","Edge_Type":"Drug","label":"targets"}},{"data":{"source":"P18507","target":"DB00801","Edge_Type":"Drug","label":"targets"}},{"data":{"source":"Q99928","target":"DB00801","Edge_Type":"Drug","label":"targets"}},{"data":{"source":"P18505","target":"DB00801","Edge_Type":"Drug","label":"targets"}},{"data":{"source":"P47870","target":"DB00801","Edge_Type":"Drug","label":"targets"}},{"data":{"source":"P28472","target":"DB00801","Edge_Type":"Drug","label":"targets"}},{"data":{"source":"O14764","target":"DB00801","Edge_Type":"Drug","label":"targets"}},{"data":{"source":"P78334","target":"DB00801","Edge_Type":"Drug","label":"targets"}},{"data":{"source":"O00591","target":"DB00801","Edge_Type":"Drug","label":"targets"}},{"data":{"source":"P24046","target":"DB00801","Edge_Type":"Drug","label":"targets"}},{"data":{"source":"P28476","target":"DB00801","Edge_Type":"Drug","label":"targets"}},{"data":{"source":"A8MPY1","target":"DB00801","Edge_Type":"Drug","label":"targets"}},{"data":{"source":"P48169","target":"DB00801","Edge_Type":"Drug","label":"targets"}},{"data":{"source":"Q16445","target":"DB00801","Edge_Type":"Drug","label":"targets"}},{"data":{"source":"Q9UN88","target":"DB00801","Edge_Type":"Drug","label":"targets"}},{"data":{"source":"P14867","target":"DB00252","Edge_Type":"Drug","label":"targets"}},{"data":{"source":"P47869","target":"DB00252","Edge_Type":"Drug","label":"targets"}},{"data":{"source":"P34903","target":"DB00252","Edge_Type":"Drug","label":"targets"}},{"data":{"source":"P48169","target":"DB00252","Edge_Type":"Drug","label":"targets"}},{"data":{"source":"P31644","target":"DB00252","Edge_Type":"Drug","label":"targets"}},{"data":{"source":"Q16445","target":"DB00252","Edge_Type":"Drug","label":"targets"}},{"data":{"source":"P18505","target":"DB00252","Edge_Type":"Drug","label":"targets"}},{"data":{"source":"P47870","target":"DB00252","Edge_Type":"Drug","label":"targets"}},{"data":{"source":"P28472","target":"DB00252","Edge_Type":"Drug","label":"targets"}},{"data":{"source":"O14764","target":"DB00252","Edge_Type":"Drug","label":"targets"}},{"data":{"source":"P78334","target":"DB00252","Edge_Type":"Drug","label":"targets"}},{"data":{"source":"Q8N1C3","target":"DB00252","Edge_Type":"Drug","label":"targets"}},{"data":{"source":"P18507","target":"DB00252","Edge_Type":"Drug","label":"targets"}},{"data":{"source":"Q99928","target":"DB00252","Edge_Type":"Drug","label":"targets"}},{"data":{"source":"O00591","target":"DB00252","Edge_Type":"Drug","label":"targets"}},{"data":{"source":"Q9UN88","target":"DB00252","Edge_Type":"Drug","label":"targets"}},{"data":{"source":"A8MPY1","target":"R-HSA-977443","Edge_Type":"Pathway","label":"is involved in"}},{"data":{"source":"P14867","target":"R-HSA-977443","Edge_Type":"Pathway","label":"is involved in"}},{"data":{"source":"P18505","target":"R-HSA-977443","Edge_Type":"Pathway","label":"is involved in"}},{"data":{"source":"P18507","target":"R-HSA-977443","Edge_Type":"Pathway","label":"is involved in"}},{"data":{"source":"P24046","target":"R-HSA-977443","Edge_Type":"Pathway","label":"is involved in"}},{"data":{"source":"P28472","target":"R-HSA-977443","Edge_Type":"Pathway","label":"is involved in"}},{"data":{"source":"P28476","target":"R-HSA-977443","Edge_Type":"Pathway","label":"is involved in"}},{"data":{"source":"P31644","target":"R-HSA-977443","Edge_Type":"Pathway","label":"is involved in"}},{"data":{"source":"P34903","target":"R-HSA-977443","Edge_Type":"Pathway","label":"is involved in"}},{"data":{"source":"P47869","target":"R-HSA-977443","Edge_Type":"Pathway","label":"is involved in"}},{"data":{"source":"P47870","target":"R-HSA-977443","Edge_Type":"Pathway","label":"is involved in"}},{"data":{"source":"P48169","target":"R-HSA-977443","Edge_Type":"Pathway","label":"is involved in"}},{"data":{"source":"Q16445","target":"R-HSA-977443","Edge_Type":"Pathway","label":"is involved in"}},{"data":{"source":"Q99928","target":"R-HSA-977443","Edge_Type":"Pathway","label":"is involved in"}},{"data":{"source":"Q9UN88","target":"R-HSA-977443","Edge_Type":"Pathway","label":"is involved in"}},{"data":{"source":"P14867","target":"R-HSA-1236394","Edge_Type":"Pathway","label":"is involved in"}},{"data":{"source":"P18505","target":"R-HSA-1236394","Edge_Type":"Pathway","label":"is involved in"}},{"data":{"source":"P18507","target":"R-HSA-1236394","Edge_Type":"Pathway","label":"is involved in"}},{"data":{"source":"P28472","target":"R-HSA-1236394","Edge_Type":"Pathway","label":"is involved in"}},{"data":{"source":"P47870","target":"R-HSA-1236394","Edge_Type":"Pathway","label":"is involved in"}},{"data":{"source":"Q99928","target":"R-HSA-1236394","Edge_Type":"Pathway","label":"is involved in"}},{"data":{"source":"Q9UN88","target":"R-HSA-1236394","Edge_Type":"Pathway","label":"is involved in"}},{"data":{"source":"Q14749","target":"R-HSA-2408508","Edge_Type":"Pathway","label":"is involved in"}},{"data":{"source":"Q14749","target":"R-HSA-389661","Edge_Type":"Pathway","label":"is involved in"}},{"data":{"source":"O95166","target":"R-HSA-8854214","Edge_Type":"Pathway","label":"is involved in"}},{"data":{"source":"O95166","target":"R-HSA-1632852","Edge_Type":"Pathway","label":"is involved in"}},{"data":{"source":"Q9UMX0","target":"R-HSA-8856825","Edge_Type":"Pathway","label":"is involved in"}},{"data":{"source":"P14867","target":"HP:0011147","Edge_Type":"HPO","label":"is associated w\/"}},{"data":{"source":"P18507","target":"HP:0011147","Edge_Type":"HPO","label":"is associated w\/"}},{"data":{"source":"P28472","target":"HP:0011147","Edge_Type":"HPO","label":"is associated w\/"}},{"data":{"source":"P14867","target":"HP:0030218","Edge_Type":"HPO","label":"is associated w\/"}},{"data":{"source":"P18507","target":"HP:0030218","Edge_Type":"HPO","label":"is associated w\/"}},{"data":{"source":"P28472","target":"HP:0030218","Edge_Type":"HPO","label":"is associated w\/"}},{"data":{"source":"P14867","target":"HP:0010848","Edge_Type":"HPO","label":"is associated w\/"}},{"data":{"source":"P18507","target":"HP:0010848","Edge_Type":"HPO","label":"is associated w\/"}},{"data":{"source":"P28472","target":"HP:0010848","Edge_Type":"HPO","label":"is associated w\/"}},{"data":{"source":"P14867","target":"HP:0007738","Edge_Type":"HPO","label":"is associated w\/"}},{"data":{"source":"P18507","target":"HP:0007738","Edge_Type":"HPO","label":"is associated w\/"}},{"data":{"source":"P28472","target":"HP:0007738","Edge_Type":"HPO","label":"is associated w\/"}},{"data":{"source":"P14867","target":"HP:0011150","Edge_Type":"HPO","label":"is associated w\/"}},{"data":{"source":"P18507","target":"HP:0011150","Edge_Type":"HPO","label":"is associated w\/"}},{"data":{"source":"P28472","target":"HP:0011150","Edge_Type":"HPO","label":"is associated w\/"}},{"data":{"source":"P14867","target":"HP:0006961","Edge_Type":"HPO","label":"is associated w\/"}},{"data":{"source":"P18507","target":"HP:0006961","Edge_Type":"HPO","label":"is associated w\/"}},{"data":{"source":"P28472","target":"HP:0006961","Edge_Type":"HPO","label":"is associated w\/"}},{"data":{"source":"P14867","target":"HP:0031469","Edge_Type":"HPO","label":"is associated w\/"}},{"data":{"source":"P18507","target":"HP:0031469","Edge_Type":"HPO","label":"is associated w\/"}},{"data":{"source":"P28472","target":"HP:0031469","Edge_Type":"HPO","label":"is associated w\/"}},{"data":{"source":"O14764","target":"HP:0007270","Edge_Type":"HPO","label":"is associated w\/"}},{"data":{"source":"P14867","target":"HP:0007270","Edge_Type":"HPO","label":"is associated w\/"}},{"data":{"source":"P18507","target":"HP:0007270","Edge_Type":"HPO","label":"is associated w\/"}},{"data":{"source":"P28472","target":"HP:0007270","Edge_Type":"HPO","label":"is associated w\/"}},{"data":{"source":"O14764","target":"HP:0031475","Edge_Type":"HPO","label":"is associated w\/"}},{"data":{"source":"P14867","target":"HP:0031475","Edge_Type":"HPO","label":"is associated w\/"}},{"data":{"source":"P18507","target":"HP:0031475","Edge_Type":"HPO","label":"is associated w\/"}},{"data":{"source":"O14764","target":"HP:0011151","Edge_Type":"HPO","label":"is associated w\/"}},{"data":{"source":"P14867","target":"HP:0011151","Edge_Type":"HPO","label":"is associated w\/"}},{"data":{"source":"P18507","target":"HP:0011151","Edge_Type":"HPO","label":"is associated w\/"}},{"data":{"source":"P31644","target":"CHEMBL1808464","Edge_Type":"Prediction","label":"targets"}},{"data":{"source":"P47869","target":"CHEMBL1808464","Edge_Type":"Prediction","label":"targets"}},{"data":{"source":"P31644","target":"CHEMBL1795619","Edge_Type":"Prediction","label":"targets"}},{"data":{"source":"P31644","target":"CHEMBL529217","Edge_Type":"Prediction","label":"targets"}},{"data":{"source":"P47869","target":"CHEMBL529217","Edge_Type":"Prediction","label":"targets"}},{"data":{"source":"P31644","target":"CHEMBL166390","Edge_Type":"Prediction","label":"targets"}},{"data":{"source":"P47869","target":"CHEMBL166390","Edge_Type":"Prediction","label":"targets"}},{"data":{"source":"P31644","target":"CHEMBL1807964","Edge_Type":"Prediction","label":"targets"}},{"data":{"source":"P31644","target":"CHEMBL1808620","Edge_Type":"Prediction","label":"targets"}},{"data":{"source":"P31644","target":"CHEMBL60142","Edge_Type":"Prediction","label":"targets"}},{"data":{"source":"P47869","target":"CHEMBL60142","Edge_Type":"Prediction","label":"targets"}},{"data":{"source":"P31644","target":"CHEMBL429680","Edge_Type":"Prediction","label":"targets"}},{"data":{"source":"P47869","target":"CHEMBL429680","Edge_Type":"Prediction","label":"targets"}},{"data":{"source":"P47869","target":"CHEMBL1808413","Edge_Type":"Prediction","label":"targets"}},{"data":{"source":"P31644","target":"CHEMBL522866","Edge_Type":"Prediction","label":"targets"}},{"data":{"source":"P47869","target":"CHEMBL522866","Edge_Type":"Prediction","label":"targets"}},{"data":{"source":"H01662","target":"DB01558","Edge_Type":"kegg_dis_drug","label":"indicates"}},{"data":{"source":"H01662","target":"DB00829","Edge_Type":"kegg_dis_drug","label":"indicates"}},{"data":{"source":"H01646","target":"hsa04726","Edge_Type":"kegg_dis_path","label":"modulates"}},{"data":{"source":"H01646","target":"DB00829","Edge_Type":"kegg_dis_drug","label":"indicates"}},{"data":{"source":"H01646","target":"DB01558","Edge_Type":"kegg_dis_drug","label":"indicates"}},{"data":{"source":"H02215","target":"hsa04727","Edge_Type":"kegg_dis_path","label":"modulates"}},{"data":{"source":"H00808","target":"hsa04727","Edge_Type":"kegg_dis_path","label":"modulates"}},{"data":{"source":"H00783","target":"hsa04080","Edge_Type":"kegg_dis_path","label":"modulates"}},{"data":{"source":"H00783","target":"hsa04727","Edge_Type":"kegg_dis_path","label":"modulates"}},{"data":{"source":"H00783","target":"DB00829","Edge_Type":"kegg_dis_drug","label":"indicates"}},{"data":{"source":"H00184","target":"hsa00260","Edge_Type":"kegg_dis_path","label":"modulates"}},{"data":{"source":"H00606","target":"hsa04723","Edge_Type":"kegg_dis_path","label":"modulates"}},{"data":{"source":"H00606","target":"hsa04726","Edge_Type":"kegg_dis_path","label":"modulates"}},{"data":{"source":"H00606","target":"hsa04727","Edge_Type":"kegg_dis_path","label":"modulates"}},{"data":{"source":"H01611","target":"hsa04080","Edge_Type":"kegg_dis_path","label":"modulates"}},{"data":{"source":"A8MPY1","target":"hsa04727","Edge_Type":"kegg_path_prot","label":"is involved in"}},{"data":{"source":"O00591","target":"hsa04727","Edge_Type":"kegg_path_prot","label":"is involved in"}},{"data":{"source":"O14764","target":"hsa04727","Edge_Type":"kegg_path_prot","label":"is involved in"}},{"data":{"source":"P14867","target":"hsa04727","Edge_Type":"kegg_path_prot","label":"is involved in"}},{"data":{"source":"P18505","target":"hsa04727","Edge_Type":"kegg_path_prot","label":"is involved in"}},{"data":{"source":"P18507","target":"hsa04727","Edge_Type":"kegg_path_prot","label":"is involved in"}},{"data":{"source":"P24046","target":"hsa04727","Edge_Type":"kegg_path_prot","label":"is involved in"}},{"data":{"source":"P28472","target":"hsa04727","Edge_Type":"kegg_path_prot","label":"is involved in"}},{"data":{"source":"P28476","target":"hsa04727","Edge_Type":"kegg_path_prot","label":"is involved in"}},{"data":{"source":"P31644","target":"hsa04727","Edge_Type":"kegg_path_prot","label":"is involved in"}},{"data":{"source":"P34903","target":"hsa04727","Edge_Type":"kegg_path_prot","label":"is involved in"}},{"data":{"source":"P47869","target":"hsa04727","Edge_Type":"kegg_path_prot","label":"is involved in"}},{"data":{"source":"P47870","target":"hsa04727","Edge_Type":"kegg_path_prot","label":"is involved in"}},{"data":{"source":"P48169","target":"hsa04727","Edge_Type":"kegg_path_prot","label":"is involved in"}},{"data":{"source":"P78334","target":"hsa04727","Edge_Type":"kegg_path_prot","label":"is involved in"}},{"data":{"source":"Q16445","target":"hsa04727","Edge_Type":"kegg_path_prot","label":"is involved in"}},{"data":{"source":"Q8N1C3","target":"hsa04727","Edge_Type":"kegg_path_prot","label":"is involved in"}},{"data":{"source":"Q99928","target":"hsa04727","Edge_Type":"kegg_path_prot","label":"is involved in"}},{"data":{"source":"Q9UN88","target":"hsa04727","Edge_Type":"kegg_path_prot","label":"is involved in"}},{"data":{"source":"O95166","target":"hsa04727","Edge_Type":"kegg_path_prot","label":"is involved in"}},{"data":{"source":"A8MPY1","target":"hsa04723","Edge_Type":"kegg_path_prot","label":"is involved in"}},{"data":{"source":"O00591","target":"hsa04723","Edge_Type":"kegg_path_prot","label":"is involved in"}},{"data":{"source":"O14764","target":"hsa04723","Edge_Type":"kegg_path_prot","label":"is involved in"}},{"data":{"source":"P14867","target":"hsa04723","Edge_Type":"kegg_path_prot","label":"is involved in"}},{"data":{"source":"P18505","target":"hsa04723","Edge_Type":"kegg_path_prot","label":"is involved in"}},{"data":{"source":"P18507","target":"hsa04723","Edge_Type":"kegg_path_prot","label":"is involved in"}},{"data":{"source":"P24046","target":"hsa04723","Edge_Type":"kegg_path_prot","label":"is involved in"}},{"data":{"source":"P28472","target":"hsa04723","Edge_Type":"kegg_path_prot","label":"is involved in"}},{"data":{"source":"P28476","target":"hsa04723","Edge_Type":"kegg_path_prot","label":"is involved in"}},{"data":{"source":"P31644","target":"hsa04723","Edge_Type":"kegg_path_prot","label":"is involved in"}},{"data":{"source":"P34903","target":"hsa04723","Edge_Type":"kegg_path_prot","label":"is involved in"}},{"data":{"source":"P47869","target":"hsa04723","Edge_Type":"kegg_path_prot","label":"is involved in"}},{"data":{"source":"P47870","target":"hsa04723","Edge_Type":"kegg_path_prot","label":"is involved in"}},{"data":{"source":"P48169","target":"hsa04723","Edge_Type":"kegg_path_prot","label":"is involved in"}},{"data":{"source":"P78334","target":"hsa04723","Edge_Type":"kegg_path_prot","label":"is involved in"}},{"data":{"source":"Q16445","target":"hsa04723","Edge_Type":"kegg_path_prot","label":"is involved in"}},{"data":{"source":"Q8N1C3","target":"hsa04723","Edge_Type":"kegg_path_prot","label":"is involved in"}},{"data":{"source":"Q99928","target":"hsa04723","Edge_Type":"kegg_path_prot","label":"is involved in"}},{"data":{"source":"Q9UN88","target":"hsa04723","Edge_Type":"kegg_path_prot","label":"is involved in"}},{"data":{"source":"A8MPY1","target":"hsa04080","Edge_Type":"kegg_path_prot","label":"is involved in"}},{"data":{"source":"O00591","target":"hsa04080","Edge_Type":"kegg_path_prot","label":"is involved in"}},{"data":{"source":"O14764","target":"hsa04080","Edge_Type":"kegg_path_prot","label":"is involved in"}},{"data":{"source":"P14867","target":"hsa04080","Edge_Type":"kegg_path_prot","label":"is involved in"}},{"data":{"source":"P18505","target":"hsa04080","Edge_Type":"kegg_path_prot","label":"is involved in"}},{"data":{"source":"P18507","target":"hsa04080","Edge_Type":"kegg_path_prot","label":"is involved in"}},{"data":{"source":"P24046","target":"hsa04080","Edge_Type":"kegg_path_prot","label":"is involved in"}},{"data":{"source":"P28472","target":"hsa04080","Edge_Type":"kegg_path_prot","label":"is involved in"}},{"data":{"source":"P28476","target":"hsa04080","Edge_Type":"kegg_path_prot","label":"is involved in"}},{"data":{"source":"P31644","target":"hsa04080","Edge_Type":"kegg_path_prot","label":"is involved in"}},{"data":{"source":"P34903","target":"hsa04080","Edge_Type":"kegg_path_prot","label":"is involved in"}},{"data":{"source":"P47869","target":"hsa04080","Edge_Type":"kegg_path_prot","label":"is involved in"}},{"data":{"source":"P47870","target":"hsa04080","Edge_Type":"kegg_path_prot","label":"is involved in"}},{"data":{"source":"P48169","target":"hsa04080","Edge_Type":"kegg_path_prot","label":"is involved in"}},{"data":{"source":"P78334","target":"hsa04080","Edge_Type":"kegg_path_prot","label":"is involved in"}},{"data":{"source":"Q16445","target":"hsa04080","Edge_Type":"kegg_path_prot","label":"is involved in"}},{"data":{"source":"Q8N1C3","target":"hsa04080","Edge_Type":"kegg_path_prot","label":"is involved in"}},{"data":{"source":"Q99928","target":"hsa04080","Edge_Type":"kegg_path_prot","label":"is involved in"}},{"data":{"source":"Q9UN88","target":"hsa04080","Edge_Type":"kegg_path_prot","label":"is involved in"}},{"data":{"source":"P14867","target":"hsa04742","Edge_Type":"kegg_path_prot","label":"is involved in"}},{"data":{"source":"P31644","target":"hsa04742","Edge_Type":"kegg_path_prot","label":"is involved in"}},{"data":{"source":"P34903","target":"hsa04742","Edge_Type":"kegg_path_prot","label":"is involved in"}},{"data":{"source":"P47869","target":"hsa04742","Edge_Type":"kegg_path_prot","label":"is involved in"}},{"data":{"source":"P48169","target":"hsa04742","Edge_Type":"kegg_path_prot","label":"is involved in"}},{"data":{"source":"Q16445","target":"hsa04742","Edge_Type":"kegg_path_prot","label":"is involved in"}},{"data":{"source":"P18505","target":"hsa04726","Edge_Type":"kegg_path_prot","label":"is involved in"}},{"data":{"source":"P28472","target":"hsa04726","Edge_Type":"kegg_path_prot","label":"is involved in"}},{"data":{"source":"P47870","target":"hsa04726","Edge_Type":"kegg_path_prot","label":"is involved in"}},{"data":{"source":"O95166","target":"hsa04136","Edge_Type":"kegg_path_prot","label":"is involved in"}},{"data":{"source":"Q14749","target":"hsa00260","Edge_Type":"kegg_path_prot","label":"is involved in"}},{"data":{"source":"O95166","target":"hsa04137","Edge_Type":"kegg_path_prot","label":"is involved in"}},{"data":{"source":"O95166","target":"hsa04068","Edge_Type":"kegg_path_prot","label":"is involved in"}},{"data":{"source":"O95166","target":"hsa04140","Edge_Type":"kegg_path_prot","label":"is involved in"}},{"data":{"source":"P14867","target":"H02215","Edge_Type":"kegg_dis_prot","label":"is related to"}},{"data":{"source":"P18507","target":"H02215","Edge_Type":"kegg_dis_prot","label":"is related to"}},{"data":{"source":"P28472","target":"H02215","Edge_Type":"kegg_dis_prot","label":"is related to"}},{"data":{"source":"O14764","target":"H02217","Edge_Type":"kegg_dis_prot","label":"is related to"}},{"data":{"source":"P14867","target":"H02217","Edge_Type":"kegg_dis_prot","label":"is related to"}},{"data":{"source":"O14764","target":"H00808","Edge_Type":"kegg_dis_prot","label":"is related to"}},{"data":{"source":"P14867","target":"H00808","Edge_Type":"kegg_dis_prot","label":"is related to"}},{"data":{"source":"O14764","target":"H00783","Edge_Type":"kegg_dis_prot","label":"is related to"}},{"data":{"source":"P18507","target":"H00783","Edge_Type":"kegg_dis_prot","label":"is related to"}},{"data":{"source":"P47870","target":"H02150","Edge_Type":"kegg_dis_prot","label":"is related to"}},{"data":{"source":"Q14749","target":"H00184","Edge_Type":"kegg_dis_prot","label":"is related to"}},{"data":{"source":"P14867","target":"H00606","Edge_Type":"kegg_dis_prot","label":"is related to"}},{"data":{"source":"P18505","target":"H00606","Edge_Type":"kegg_dis_prot","label":"is related to"}},{"data":{"source":"P28472","target":"H00606","Edge_Type":"kegg_dis_prot","label":"is related to"}},{"data":{"source":"P47869","target":"H01611","Edge_Type":"kegg_dis_prot","label":"is related to"}}]}