Core Proteins,Interacting Proteins,Pathways,HPO terms,Diseases,Targeting Drugs,Experimental Bioactive Compounds (pChEMBL),Predicted interacting Compounds
AURKA (O14965),PTPRD (P23468); INCENP (Q9NQS7); INCENP (Q9NQS7); AURKAIP1 (Q9NWT8); BIRC5 (O15392); TPX2 (Q9ULW0); NPM1 (P06748); MYCN (P04198),R-HSA-4615885 SUMOylation of DNA replication proteins[scr:2911]; R-HSA-8854521 Interaction between PHLDA1 and AURKA[scr:2678]; R-HSA-6804756 Regulation of TP53 Activity through Phosphorylation[scr:524]; hsa04914 Progesterone-mediated oocyte maturation[scr:6]; hsa04114 Oocyte meiosis[scr:4],,,DB05169 AT9283[scr:9999999]; DB13061 MLN8054[scr:397]; DB07360 1-{5-[2-(thieno[3-2-d]pyrimidin-4-ylamino)ethyl]-1-3-thiazol-2-yl}-3-[3-(trifluoromethyl)phenyl]urea[scr:397]; DB08065 2-(1H-pyrazol-3-yl)-1H-benzimidazole[scr:397]; DB05220 Alisertib[scr:397]; DB07801 N-butyl-3-{[6-(9H-purin-6-ylamino)hexanoyl]amino}benzamide[scr:397]; DB06347 Cenisertib[scr:397],,
AURKB (Q96GD4),INCENP (Q9NQS7); INCENP (Q9NQS7); BIRC5 (O15392); BIRC5 (O15392); BIRC5 (O15392); GAS2L3 (Q86XJ1); CDCA8 (Q53HL2); NPM1 (P06748); SEPTIN1 (Q8WYJ6),R-HSA-4615885 SUMOylation of DNA replication proteins[scr:2911]; R-HSA-141444 Amplification of signal from unattached kinetochores via a MAD2 inhibitory signal[scr:912]; R-HSA-68877 Mitotic Prometaphase[scr:758]; R-HSA-2500257 Resolution of Sister Chromatid Cohesion[scr:680]; R-HSA-5663220 RHO GTPases Activate Formins[scr:612]; R-HSA-6804756 Regulation of TP53 Activity through Phosphorylation[scr:524]; R-HSA-2467813 Separation of Sister Chromatids[scr:451],,,DB05169 AT9283[scr:9999999]; DB07340 Reversine[scr:795]; DB04703 Hesperidin[scr:397],,CHEMBL3912889 [scr:43.5]; CHEMBL3642937 [scr:43.5]; CHEMBL3290477 [scr:43.5]; CHEMBL3911115 [scr:43.5]; CHEMBL3642969 [scr:43.5]; CHEMBL3704304 [scr:43.5]; CHEMBL3980814 [scr:43.5]; CHEMBL3980887 [scr:43.5]; CHEMBL2335423 [scr:43.5]; CHEMBL1603034 [scr:43.5]
PTPRD (P23468),AURKA (O14965),,,,,,
INCENP (Q9NQS7),AURKA (O14965); AURKB (Q96GD4); BIRC5 (O15392); CDCA8 (Q53HL2),R-HSA-4615885 SUMOylation of DNA replication proteins[scr:2911]; R-HSA-141444 Amplification of signal from unattached kinetochores via a MAD2 inhibitory signal[scr:912]; R-HSA-68877 Mitotic Prometaphase[scr:758]; R-HSA-2500257 Resolution of Sister Chromatid Cohesion[scr:680]; R-HSA-5663220 RHO GTPases Activate Formins[scr:612]; R-HSA-2467813 Separation of Sister Chromatids[scr:451],,,DB07340 Reversine[scr:795],,
AURKAIP1 (Q9NWT8),AURKA (O14965),,,,,,
BIRC5 (O15392),AURKA (O14965); AURKB (Q96GD4); BIRC5 (O15392); CDCA8 (Q53HL2); GAS2L3 (Q86XJ1); INCENP (Q9NQS7),R-HSA-4615885 SUMOylation of DNA replication proteins[scr:2911]; R-HSA-141444 Amplification of signal from unattached kinetochores via a MAD2 inhibitory signal[scr:912]; R-HSA-68877 Mitotic Prometaphase[scr:758]; R-HSA-2500257 Resolution of Sister Chromatid Cohesion[scr:680]; R-HSA-5663220 RHO GTPases Activate Formins[scr:612]; R-HSA-2467813 Separation of Sister Chromatids[scr:451]; R-HSA-6803205 TP53 regulates transcription of several additional cell death genes whose specific roles in p53-dependent apoptosis remain uncertain[scr:383]; hsa04215 Apoptosis[scr:17]; hsa04210 Apoptosis[scr:4]; hsa04390 Hippo signaling pathway[scr:4],,,DB05141 LY2181308[scr:397],,
GAS2L3 (Q86XJ1),AURKB (Q96GD4); BIRC5 (O15392); CDCA8 (Q53HL2),,,,,,
TPX2 (Q9ULW0),AURKA (O14965),R-HSA-6804756 Regulation of TP53 Activity through Phosphorylation[scr:524],,,,,
CDCA8 (Q53HL2),AURKB (Q96GD4); BIRC5 (O15392); GAS2L3 (Q86XJ1); INCENP (Q9NQS7),R-HSA-4615885 SUMOylation of DNA replication proteins[scr:2911]; R-HSA-141444 Amplification of signal from unattached kinetochores via a MAD2 inhibitory signal[scr:912]; R-HSA-68877 Mitotic Prometaphase[scr:758]; R-HSA-2500257 Resolution of Sister Chromatid Cohesion[scr:680]; R-HSA-5663220 RHO GTPases Activate Formins[scr:612]; R-HSA-2467813 Separation of Sister Chromatids[scr:451],,,,,
NPM1 (P06748),AURKA (O14965); AURKB (Q96GD4),R-HSA-8869496 TFAP2A acts as a transcriptional repressor during retinoic acid induced cell differentiation[scr:1071],HP:0025420 Diffuse alveolar hemorrhage[scr:27]; HP:0100608 Metrorrhagia[scr:22],H02411 Chronic myelomonocytic leukemia (KEGG)[scr:19],,,
SEPTIN1 (Q8WYJ6),AURKB (Q96GD4); SEPTIN1 (Q8WYJ6),,,,,,
MYCN (P04198),AURKA (O14965),,HP:0004692 4-5 toe syndactyly[scr:88]; HP:0000237 Small anterior fontanelle[scr:50]; HP:0009568 Aplasia/Hypoplasia of the middle phalanx of the 2nd finger[scr:44]; HP:0009543 Abnormality of the middle phalanx of the 2nd finger[scr:44]; HP:0009552 Aplasia/Hypoplasia of the phalanges of the 2nd finger[scr:39]; HP:0009541 Abnormality of the phalanges of the 2nd finger[scr:32]; HP:0001748 Polysplenia[scr:25]; HP:0001734 Annular pancreas[scr:25],Orphanet:391641 Feingold syndrome type 1 (EFO)[scr:300]; Orphanet:1305 Feingold syndrome (EFO)[scr:150]; H00510 Feingold syndrome (KEGG)[scr:306]; H00043 Neuroblastoma (KEGG)[scr:76],,,
