{"options":{"search_start":1613057121,"tax_ids":[9606],"num_of_fn_nodes":10,"num_of_pathways":10,"num_of_phenotypes":10,"num_of_drugs":10,"num_of_diseases":10,"num_of_compounds":10,"chembl_compounds":0,"predictions":1,"reviewed_filter":1,"fn":1,"chembl":1,"search_finish":1613057153,"search_runtime":32},"search":[{"Drug":[{"DB11691":"Naldemedine"}]}],"nodes":[{"data":{"id":"P35372","display_name":"OPRM1","Node_Type":"Protein"}},{"data":{"id":"P41143","display_name":"OPRD1","Node_Type":"Protein"}},{"data":{"id":"P41145","display_name":"OPRK1","Node_Type":"Protein"}},{"data":{"id":"Q0VAQ4","display_name":"SMAGP","Node_Type":"Protein_N"}},{"data":{"id":"Q9NS64","display_name":"RPRM","Node_Type":"Protein_N"}},{"data":{"id":"Q9Y6I9","display_name":"TEX264","Node_Type":"Protein_N"}},{"data":{"id":"P35212","display_name":"GJA4","Node_Type":"Protein_N"}},{"data":{"id":"P54852","display_name":"EMP3","Node_Type":"Protein_N"}},{"data":{"id":"P01210","display_name":"PENK","Node_Type":"Protein_N"}},{"data":{"id":"Q8IV08","display_name":"PLD3","Node_Type":"Protein_N"}},{"data":{"id":"Q8N6R1","display_name":"SERP2","Node_Type":"Protein_N"}},{"data":{"id":"Q9NVC3","display_name":"SLC38A7","Node_Type":"Protein_N"}},{"data":{"id":"Q8N386","display_name":"LRRC25","Node_Type":"Protein_N"}},{"data":{"id":"Orphanet:94145","display_name":"Autosomal dominant cerebellar ataxia type 1","Node_Type":"Disease","enrichScore":138.5}},{"data":{"id":"DB11691","display_name":"Naldemedine","Node_Type":"Drug","enrichScore":9999999}},{"data":{"id":"DB14146","display_name":"Loxicodegol","Node_Type":"Drug","enrichScore":1100.538}},{"data":{"id":"DB06274","display_name":"Alvimopan","Node_Type":"Drug","enrichScore":1100.538}},{"data":{"id":"DB01439","display_name":"3-Methylthiofentanyl","Node_Type":"Drug","enrichScore":1100.538}},{"data":{"id":"DB01571","display_name":"3-Methylfentanyl","Node_Type":"Drug","enrichScore":1100.538}},{"data":{"id":"DB00899","display_name":"Remifentanil","Node_Type":"Drug","enrichScore":1100.538}},{"data":{"id":"DB00854","display_name":"Levorphanol","Node_Type":"Drug","enrichScore":1100.538}},{"data":{"id":"DB00844","display_name":"Nalbuphine","Node_Type":"Drug","enrichScore":1100.538}},{"data":{"id":"DB06230","display_name":"Nalmefene","Node_Type":"Drug","enrichScore":1100.538}},{"data":{"id":"DB00708","display_name":"Sufentanil","Node_Type":"Drug","enrichScore":1100.538}},{"data":{"id":"R-HSA-111885","display_name":"Opioid Signalling","Node_Type":"Pathway","enrichScore":1648.077}},{"data":{"id":"R-HSA-9022699","display_name":"MECP2 regulates neuronal receptors and channels","Node_Type":"Pathway","enrichScore":1163.348}},{"data":{"id":"R-HSA-375276","display_name":"Peptide ligand-binding receptors","Node_Type":"Pathway","enrichScore":746.299}},{"data":{"id":"R-HSA-1483148","display_name":"Synthesis of PG","Node_Type":"Pathway","enrichScore":618.029}},{"data":{"id":"R-HSA-418594","display_name":"G alpha (i) signalling events","Node_Type":"Pathway","enrichScore":299.65}},{"data":{"id":"R-HSA-6785807","display_name":"Interleukin-4 and Interleukin-13 signaling","Node_Type":"Pathway","enrichScore":178.17}},{"data":{"id":"R-HSA-202040","display_name":"G-protein activation","Node_Type":"Pathway","enrichScore":176.58}},{"data":{"id":"R-HSA-190861","display_name":"Gap junction assembly","Node_Type":"Pathway","enrichScore":130.111}},{"data":{"id":"R-HSA-2029485","display_name":"Role of phospholipids in phagocytosis","Node_Type":"Pathway","enrichScore":55.553}},{"data":{"id":"R-HSA-8957275","display_name":"Post-translational protein phosphorylation","Node_Type":"Pathway","enrichScore":46.208}},{"data":{"id":"HP:0002403","display_name":"Positive Romberg sign","Node_Type":"HPO","enrichScore":29.587}},{"data":{"id":"HP:0000514","display_name":"Slow saccadic eye movements","Node_Type":"HPO","enrichScore":13.018}},{"data":{"id":"HP:0003390","display_name":"Sensory axonal neuropathy","Node_Type":"HPO","enrichScore":13.018}},{"data":{"id":"HP:0010831","display_name":"Impaired proprioception","Node_Type":"HPO","enrichScore":9.572}},{"data":{"id":"HP:0002070","display_name":"Limb ataxia","Node_Type":"HPO","enrichScore":4.931}},{"data":{"id":"HP:0000570","display_name":"Abnormal saccadic eye movements","Node_Type":"HPO","enrichScore":4.584}},{"data":{"id":"HP:0003477","display_name":"Peripheral axonal neuropathy","Node_Type":"HPO","enrichScore":2.806}},{"data":{"id":"HP:0001310","display_name":"Dysmetria","Node_Type":"HPO","enrichScore":2.604}},{"data":{"id":"HP:0000764","display_name":"Peripheral axonal degeneration","Node_Type":"HPO","enrichScore":2.214}},{"data":{"id":"HP:0002066","display_name":"Gait ataxia","Node_Type":"HPO","enrichScore":2.073}},{"data":{"id":"CHEMBL236057","display_name":"CHEMBL236057","Node_Type":"Prediction","enrichScore":25.813}},{"data":{"id":"CHEMBL67010","display_name":"CHEMBL67010","Node_Type":"Prediction","enrichScore":24.092}},{"data":{"id":"CHEMBL24291","display_name":"CHEMBL24291","Node_Type":"Prediction","enrichScore":20.077}},{"data":{"id":"CHEMBL94168","display_name":"CHEMBL94168","Node_Type":"Prediction","enrichScore":20.077}},{"data":{"id":"CHEMBL256163","display_name":"CHEMBL256163","Node_Type":"Prediction","enrichScore":19.02}},{"data":{"id":"CHEMBL140101","display_name":"CHEMBL140101","Node_Type":"Prediction","enrichScore":19.02}},{"data":{"id":"CHEMBL496295","display_name":"CHEMBL496295","Node_Type":"Prediction","enrichScore":19.02}},{"data":{"id":"CHEMBL398854","display_name":"CHEMBL398854","Node_Type":"Prediction","enrichScore":19.02}},{"data":{"id":"CHEMBL3349165","display_name":"CHEMBL3349165","Node_Type":"Prediction","enrichScore":18.069}},{"data":{"id":"CHEMBL134169","display_name":"CHEMBL134169","Node_Type":"Prediction","enrichScore":18.069}},{"data":{"id":"hsa04080","display_name":"Neuroactive ligand-receptor interaction","Node_Type":"kegg_Pathway","enrichScore":24.608}},{"data":{"id":"hsa00565","display_name":"Ether lipid metabolism","Node_Type":"kegg_Pathway","enrichScore":11.435}},{"data":{"id":"hsa04115","display_name":"p53 signaling pathway","Node_Type":"kegg_Pathway","enrichScore":7.205}},{"data":{"id":"hsa00564","display_name":"Glycerophospholipid metabolism","Node_Type":"kegg_Pathway","enrichScore":5.423}},{"data":{"id":"hsa04071","display_name":"Sphingolipid signaling pathway","Node_Type":"kegg_Pathway","enrichScore":4.42}},{"data":{"id":"hsa04915","display_name":"Estrogen signaling pathway","Node_Type":"kegg_Pathway","enrichScore":3.578}},{"data":{"id":"hsa04022","display_name":"cGMP-PKG signaling pathway","Node_Type":"kegg_Pathway","enrichScore":3.04}},{"data":{"id":"hsa01100","display_name":"Metabolic pathways","Node_Type":"kegg_Pathway","enrichScore":0.356}},{"data":{"id":"H01703","display_name":"Eating Disorders","Node_Type":"kegg_Disease","enrichScore":56.415}},{"data":{"id":"H01611","display_name":"Alcohol dependence","Node_Type":"kegg_Disease","enrichScore":35.26}},{"data":{"id":"H00063","display_name":"Spinocerebellar ataxia (SCA)","Node_Type":"kegg_Disease","enrichScore":8.815}}],"edges":[{"data":{"source":"Q0VAQ4","target":"P35372","Edge_Type":"PPI","label":"interacts w\/"}},{"data":{"source":"Q0VAQ4","target":"P41143","Edge_Type":"PPI","label":"interacts w\/"}},{"data":{"source":"Q9NS64","target":"P35372","Edge_Type":"PPI","label":"interacts w\/"}},{"data":{"source":"Q9NS64","target":"P41143","Edge_Type":"PPI","label":"interacts w\/"}},{"data":{"source":"Q9Y6I9","target":"P35372","Edge_Type":"PPI","label":"interacts w\/"}},{"data":{"source":"P35212","target":"P35372","Edge_Type":"PPI","label":"interacts w\/"}},{"data":{"source":"P54852","target":"P35372","Edge_Type":"PPI","label":"interacts w\/"}},{"data":{"source":"P01210","target":"P35372","Edge_Type":"PPI","label":"interacts w\/"}},{"data":{"source":"Q8IV08","target":"P35372","Edge_Type":"PPI","label":"interacts w\/"}},{"data":{"source":"Q8N6R1","target":"P35372","Edge_Type":"PPI","label":"interacts w\/"}},{"data":{"source":"Q9NVC3","target":"P35372","Edge_Type":"PPI","label":"interacts w\/"}},{"data":{"source":"Q9NVC3","target":"Q8N6R1","Edge_Type":"PPI","label":"interacts w\/"}},{"data":{"source":"Q8N386","target":"P35372","Edge_Type":"PPI","label":"interacts w\/"}},{"data":{"source":"HP:0002403","target":"Orphanet:94145","Edge_Type":"hpodis","label":"is associated w\/"}},{"data":{"source":"HP:0000514","target":"Orphanet:94145","Edge_Type":"hpodis","label":"is associated w\/"}},{"data":{"source":"HP:0003390","target":"Orphanet:94145","Edge_Type":"hpodis","label":"is associated w\/"}},{"data":{"source":"HP:0010831","target":"Orphanet:94145","Edge_Type":"hpodis","label":"is associated w\/"}},{"data":{"source":"HP:0002070","target":"Orphanet:94145","Edge_Type":"hpodis","label":"is associated w\/"}},{"data":{"source":"HP:0002070","target":"Orphanet:94145","Edge_Type":"hpodis","label":"is associated w\/"}},{"data":{"source":"HP:0000570","target":"Orphanet:94145","Edge_Type":"hpodis","label":"is associated w\/"}},{"data":{"source":"HP:0003477","target":"Orphanet:94145","Edge_Type":"hpodis","label":"is associated w\/"}},{"data":{"source":"HP:0001310","target":"Orphanet:94145","Edge_Type":"hpodis","label":"is associated w\/"}},{"data":{"source":"HP:0000764","target":"Orphanet:94145","Edge_Type":"hpodis","label":"is associated w\/"}},{"data":{"source":"HP:0002066","target":"Orphanet:94145","Edge_Type":"hpodis","label":"is associated w\/"}},{"data":{"source":"HP:0002066","target":"Orphanet:94145","Edge_Type":"hpodis","label":"is associated w\/"}},{"data":{"source":"Q8IV08","target":"Orphanet:94145","Edge_Type":"Disease","label":"is related to"}},{"data":{"source":"P35372","target":"DB11691","Edge_Type":"Drug","label":"targets"}},{"data":{"source":"P41143","target":"DB11691","Edge_Type":"Drug","label":"targets"}},{"data":{"source":"P41145","target":"DB11691","Edge_Type":"Drug","label":"targets"}},{"data":{"source":"P35372","target":"DB14146","Edge_Type":"Drug","label":"targets"}},{"data":{"source":"P41143","target":"DB14146","Edge_Type":"Drug","label":"targets"}},{"data":{"source":"P41145","target":"DB14146","Edge_Type":"Drug","label":"targets"}},{"data":{"source":"P35372","target":"DB06274","Edge_Type":"Drug","label":"targets"}},{"data":{"source":"P41145","target":"DB06274","Edge_Type":"Drug","label":"targets"}},{"data":{"source":"P41143","target":"DB06274","Edge_Type":"Drug","label":"targets"}},{"data":{"source":"P35372","target":"DB01439","Edge_Type":"Drug","label":"targets"}},{"data":{"source":"P41143","target":"DB01439","Edge_Type":"Drug","label":"targets"}},{"data":{"source":"P41145","target":"DB01439","Edge_Type":"Drug","label":"targets"}},{"data":{"source":"P35372","target":"DB01571","Edge_Type":"Drug","label":"targets"}},{"data":{"source":"P41143","target":"DB01571","Edge_Type":"Drug","label":"targets"}},{"data":{"source":"P41145","target":"DB01571","Edge_Type":"Drug","label":"targets"}},{"data":{"source":"P35372","target":"DB00899","Edge_Type":"Drug","label":"targets"}},{"data":{"source":"P41143","target":"DB00899","Edge_Type":"Drug","label":"targets"}},{"data":{"source":"P41145","target":"DB00899","Edge_Type":"Drug","label":"targets"}},{"data":{"source":"P35372","target":"DB00854","Edge_Type":"Drug","label":"targets"}},{"data":{"source":"P41143","target":"DB00854","Edge_Type":"Drug","label":"targets"}},{"data":{"source":"P41145","target":"DB00854","Edge_Type":"Drug","label":"targets"}},{"data":{"source":"P41145","target":"DB00844","Edge_Type":"Drug","label":"targets"}},{"data":{"source":"P35372","target":"DB00844","Edge_Type":"Drug","label":"targets"}},{"data":{"source":"P41143","target":"DB00844","Edge_Type":"Drug","label":"targets"}},{"data":{"source":"P35372","target":"DB06230","Edge_Type":"Drug","label":"targets"}},{"data":{"source":"P41145","target":"DB06230","Edge_Type":"Drug","label":"targets"}},{"data":{"source":"P41143","target":"DB06230","Edge_Type":"Drug","label":"targets"}},{"data":{"source":"P35372","target":"DB00708","Edge_Type":"Drug","label":"targets"}},{"data":{"source":"P41143","target":"DB00708","Edge_Type":"Drug","label":"targets"}},{"data":{"source":"P41145","target":"DB00708","Edge_Type":"Drug","label":"targets"}},{"data":{"source":"P35372","target":"R-HSA-111885","Edge_Type":"Pathway","label":"is involved in"}},{"data":{"source":"P35372","target":"R-HSA-9022699","Edge_Type":"Pathway","label":"is involved in"}},{"data":{"source":"P41145","target":"R-HSA-9022699","Edge_Type":"Pathway","label":"is involved in"}},{"data":{"source":"P35372","target":"R-HSA-375276","Edge_Type":"Pathway","label":"is involved in"}},{"data":{"source":"P41143","target":"R-HSA-375276","Edge_Type":"Pathway","label":"is involved in"}},{"data":{"source":"P41145","target":"R-HSA-375276","Edge_Type":"Pathway","label":"is involved in"}},{"data":{"source":"P01210","target":"R-HSA-375276","Edge_Type":"Pathway","label":"is involved in"}},{"data":{"source":"Q8IV08","target":"R-HSA-1483148","Edge_Type":"Pathway","label":"is involved in"}},{"data":{"source":"P35372","target":"R-HSA-418594","Edge_Type":"Pathway","label":"is involved in"}},{"data":{"source":"P41143","target":"R-HSA-418594","Edge_Type":"Pathway","label":"is involved in"}},{"data":{"source":"P41145","target":"R-HSA-418594","Edge_Type":"Pathway","label":"is involved in"}},{"data":{"source":"P01210","target":"R-HSA-418594","Edge_Type":"Pathway","label":"is involved in"}},{"data":{"source":"P35372","target":"R-HSA-6785807","Edge_Type":"Pathway","label":"is involved in"}},{"data":{"source":"P41143","target":"R-HSA-6785807","Edge_Type":"Pathway","label":"is involved in"}},{"data":{"source":"P35372","target":"R-HSA-202040","Edge_Type":"Pathway","label":"is involved in"}},{"data":{"source":"P35212","target":"R-HSA-190861","Edge_Type":"Pathway","label":"is involved in"}},{"data":{"source":"Q8IV08","target":"R-HSA-2029485","Edge_Type":"Pathway","label":"is involved in"}},{"data":{"source":"P01210","target":"R-HSA-8957275","Edge_Type":"Pathway","label":"is involved in"}},{"data":{"source":"Q8IV08","target":"HP:0002403","Edge_Type":"HPO","label":"is associated w\/"}},{"data":{"source":"Q8IV08","target":"HP:0000514","Edge_Type":"HPO","label":"is associated w\/"}},{"data":{"source":"Q8IV08","target":"HP:0003390","Edge_Type":"HPO","label":"is associated w\/"}},{"data":{"source":"Q8IV08","target":"HP:0010831","Edge_Type":"HPO","label":"is associated w\/"}},{"data":{"source":"Q8IV08","target":"HP:0002070","Edge_Type":"HPO","label":"is associated w\/"}},{"data":{"source":"Q8IV08","target":"HP:0000570","Edge_Type":"HPO","label":"is associated w\/"}},{"data":{"source":"Q8IV08","target":"HP:0003477","Edge_Type":"HPO","label":"is associated w\/"}},{"data":{"source":"Q8IV08","target":"HP:0001310","Edge_Type":"HPO","label":"is associated w\/"}},{"data":{"source":"Q8IV08","target":"HP:0000764","Edge_Type":"HPO","label":"is associated w\/"}},{"data":{"source":"Q8IV08","target":"HP:0002066","Edge_Type":"HPO","label":"is associated w\/"}},{"data":{"source":"P35372","target":"CHEMBL236057","Edge_Type":"Prediction","label":"targets"}},{"data":{"source":"P41143","target":"CHEMBL236057","Edge_Type":"Prediction","label":"targets"}},{"data":{"source":"P41145","target":"CHEMBL236057","Edge_Type":"Prediction","label":"targets"}},{"data":{"source":"P35372","target":"CHEMBL67010","Edge_Type":"Prediction","label":"targets"}},{"data":{"source":"P41143","target":"CHEMBL67010","Edge_Type":"Prediction","label":"targets"}},{"data":{"source":"P41145","target":"CHEMBL67010","Edge_Type":"Prediction","label":"targets"}},{"data":{"source":"P35372","target":"CHEMBL24291","Edge_Type":"Prediction","label":"targets"}},{"data":{"source":"P41143","target":"CHEMBL24291","Edge_Type":"Prediction","label":"targets"}},{"data":{"source":"P41145","target":"CHEMBL24291","Edge_Type":"Prediction","label":"targets"}},{"data":{"source":"P35372","target":"CHEMBL94168","Edge_Type":"Prediction","label":"targets"}},{"data":{"source":"P41143","target":"CHEMBL94168","Edge_Type":"Prediction","label":"targets"}},{"data":{"source":"P41145","target":"CHEMBL94168","Edge_Type":"Prediction","label":"targets"}},{"data":{"source":"P35372","target":"CHEMBL256163","Edge_Type":"Prediction","label":"targets"}},{"data":{"source":"P41143","target":"CHEMBL256163","Edge_Type":"Prediction","label":"targets"}},{"data":{"source":"P41145","target":"CHEMBL256163","Edge_Type":"Prediction","label":"targets"}},{"data":{"source":"P35372","target":"CHEMBL140101","Edge_Type":"Prediction","label":"targets"}},{"data":{"source":"P41143","target":"CHEMBL140101","Edge_Type":"Prediction","label":"targets"}},{"data":{"source":"P41145","target":"CHEMBL140101","Edge_Type":"Prediction","label":"targets"}},{"data":{"source":"P35372","target":"CHEMBL496295","Edge_Type":"Prediction","label":"targets"}},{"data":{"source":"P41143","target":"CHEMBL496295","Edge_Type":"Prediction","label":"targets"}},{"data":{"source":"P41145","target":"CHEMBL496295","Edge_Type":"Prediction","label":"targets"}},{"data":{"source":"P35372","target":"CHEMBL398854","Edge_Type":"Prediction","label":"targets"}},{"data":{"source":"P41143","target":"CHEMBL398854","Edge_Type":"Prediction","label":"targets"}},{"data":{"source":"P41145","target":"CHEMBL398854","Edge_Type":"Prediction","label":"targets"}},{"data":{"source":"P35372","target":"CHEMBL3349165","Edge_Type":"Prediction","label":"targets"}},{"data":{"source":"P41143","target":"CHEMBL3349165","Edge_Type":"Prediction","label":"targets"}},{"data":{"source":"P41145","target":"CHEMBL3349165","Edge_Type":"Prediction","label":"targets"}},{"data":{"source":"P35372","target":"CHEMBL134169","Edge_Type":"Prediction","label":"targets"}},{"data":{"source":"P41143","target":"CHEMBL134169","Edge_Type":"Prediction","label":"targets"}},{"data":{"source":"P41145","target":"CHEMBL134169","Edge_Type":"Prediction","label":"targets"}},{"data":{"source":"H01611","target":"hsa04080","Edge_Type":"kegg_dis_path","label":"modulates"}},{"data":{"source":"P35372","target":"hsa04080","Edge_Type":"kegg_path_prot","label":"is involved in"}},{"data":{"source":"P41143","target":"hsa04080","Edge_Type":"kegg_path_prot","label":"is involved in"}},{"data":{"source":"P41145","target":"hsa04080","Edge_Type":"kegg_path_prot","label":"is involved in"}},{"data":{"source":"P01210","target":"hsa04080","Edge_Type":"kegg_path_prot","label":"is involved in"}},{"data":{"source":"Q8IV08","target":"hsa00565","Edge_Type":"kegg_path_prot","label":"is involved in"}},{"data":{"source":"Q9NS64","target":"hsa04115","Edge_Type":"kegg_path_prot","label":"is involved in"}},{"data":{"source":"Q8IV08","target":"hsa00564","Edge_Type":"kegg_path_prot","label":"is involved in"}},{"data":{"source":"P41143","target":"hsa04071","Edge_Type":"kegg_path_prot","label":"is involved in"}},{"data":{"source":"P35372","target":"hsa04915","Edge_Type":"kegg_path_prot","label":"is involved in"}},{"data":{"source":"P41143","target":"hsa04022","Edge_Type":"kegg_path_prot","label":"is involved in"}},{"data":{"source":"Q8IV08","target":"hsa01100","Edge_Type":"kegg_path_prot","label":"is involved in"}},{"data":{"source":"P41143","target":"H01703","Edge_Type":"kegg_dis_prot","label":"is related to"}},{"data":{"source":"P35372","target":"H01611","Edge_Type":"kegg_dis_prot","label":"is related to"}},{"data":{"source":"Q8IV08","target":"H00063","Edge_Type":"kegg_dis_prot","label":"is related to"}}]}