{"options":{"search_start":1613058633,"tax_ids":[9606],"num_of_fn_nodes":10,"num_of_pathways":10,"num_of_phenotypes":10,"num_of_drugs":10,"num_of_diseases":10,"num_of_compounds":10,"chembl_compounds":0,"predictions":1,"reviewed_filter":1,"fn":1,"chembl":1,"search_finish":1613058662,"search_runtime":29},"search":[{"Drug":[{"DB07857":"(2R)-2-(4-chlorophenyl)-2-[4-(1H-pyrazol-4-yl)phenyl]ethanamine"}]}],"nodes":[{"data":{"id":"P17612","display_name":"PRKACA","Node_Type":"Protein"}},{"data":{"id":"P61925","display_name":"PKIA","Node_Type":"Protein"}},{"data":{"id":"O43663","display_name":"PRC1","Node_Type":"Protein_N"}},{"data":{"id":"Q9NQ31","display_name":"AKIP1","Node_Type":"Protein_N"}},{"data":{"id":"P31321","display_name":"PRKAR1B","Node_Type":"Protein_N"}},{"data":{"id":"Q9HC16","display_name":"APOBEC3G","Node_Type":"Protein_N"}},{"data":{"id":"P55212","display_name":"CASP6","Node_Type":"Protein_N"}},{"data":{"id":"P31323","display_name":"PRKAR2B","Node_Type":"Protein_N"}},{"data":{"id":"P22694","display_name":"PRKACB","Node_Type":"Protein_N"}},{"data":{"id":"Q5T686","display_name":"AVPI1","Node_Type":"Protein_N"}},{"data":{"id":"O14980","display_name":"XPO1","Node_Type":"Protein_N"}},{"data":{"id":"P10644","display_name":"PRKAR1A","Node_Type":"Protein_N"}},{"data":{"id":"Orphanet:1359","display_name":"Carney complex","Node_Type":"Disease","enrichScore":300.083}},{"data":{"id":"Orphanet:189439","display_name":"Primary pigmented nodular adrenocortical disease","Node_Type":"Disease","enrichScore":300.083}},{"data":{"id":"Orphanet:615","display_name":"Familial atrial myxoma","Node_Type":"Disease","enrichScore":300.083}},{"data":{"id":"Orphanet:280651","display_name":"Acrodysostosis with multiple hormone resistance","Node_Type":"Disease","enrichScore":150.042}},{"data":{"id":"Orphanet:950","display_name":"Acrodysostosis","Node_Type":"Disease","enrichScore":150.042}},{"data":{"id":"DB07857","display_name":"(2R)-2-(4-chlorophenyl)-2-[4-(1H-pyrazol-4-yl)phenyl]ethanamine","Node_Type":"Drug","enrichScore":9999999}},{"data":{"id":"DB07856","display_name":"6-{4-[4-(4-CHLOROPHENYL)PIPERIDIN-4-YL]PHENYL}-9H-PURINE","Node_Type":"Drug","enrichScore":794.833}},{"data":{"id":"DB07860","display_name":"(2R)-2-(4-CHLOROPHENYL)-2-PHENYLETHANAMINE","Node_Type":"Drug","enrichScore":794.833}},{"data":{"id":"DB07855","display_name":"(S)-1-PHENYL-1-[4-(9H-PURIN-6-YL)PHENYL]METHANAMINE","Node_Type":"Drug","enrichScore":794.833}},{"data":{"id":"DB07854","display_name":"N-METHYL-1-[4-(9H-PURIN-6-YL)PHENYL]METHANAMINE","Node_Type":"Drug","enrichScore":794.833}},{"data":{"id":"DB07583","display_name":"(4R,2S)-5'-(4-(4-CHLOROBENZYLOXY)PYRROLIDIN-2-YLMETHANESULFONYL)ISOQUINOLINE","Node_Type":"Drug","enrichScore":794.833}},{"data":{"id":"DB07204","display_name":"(1S)-1-(1H-INDOL-3-YLMETHYL)-2-(2-PYRIDIN-4-YL-[1,7]NAPHTYRIDIN-5-YLOXY)-EHYLAMINE","Node_Type":"Drug","enrichScore":794.833}},{"data":{"id":"DB07996","display_name":"5-(2-methylpiperazine-1-sulfonyl)isoquinoline","Node_Type":"Drug","enrichScore":794.833}},{"data":{"id":"DB07107","display_name":"(1S)-2-(1H-INDOL-3-YL)-1-[({5-[(E)-2-PYRIDIN-4-YLVINYL]PYRIDIN-3-YL}OXY)METHYL]ETHYLAMINE","Node_Type":"Drug","enrichScore":794.833}},{"data":{"id":"DB07997","display_name":"N-[2-(METHYLAMINO)ETHYL]-5-ISOQUINOLINESULFONAMIDE","Node_Type":"Drug","enrichScore":794.833}},{"data":{"id":"R-HSA-442720","display_name":"CREB1 phosphorylation through the activation of Adenylate Cyclase","Node_Type":"Pathway","enrichScore":11158.854}},{"data":{"id":"R-HSA-163615","display_name":"PKA activation","Node_Type":"Pathway","enrichScore":7876.838}},{"data":{"id":"R-HSA-164378","display_name":"PKA activation in glucagon signalling","Node_Type":"Pathway","enrichScore":7439.236}},{"data":{"id":"R-HSA-180024","display_name":"DARPP-32 events","Node_Type":"Pathway","enrichScore":5579.427}},{"data":{"id":"R-HSA-111931","display_name":"PKA-mediated phosphorylation of CREB","Node_Type":"Pathway","enrichScore":4285}},{"data":{"id":"R-HSA-163358","display_name":"PKA-mediated phosphorylation of key metabolic factors","Node_Type":"Pathway","enrichScore":4285}},{"data":{"id":"R-HSA-381676","display_name":"Glucagon-like Peptide-1 (GLP1) regulates insulin secretion","Node_Type":"Pathway","enrichScore":3114.099}},{"data":{"id":"R-HSA-432040","display_name":"Vasopressin regulates renal water homeostasis via Aquaporins","Node_Type":"Pathway","enrichScore":3043.324}},{"data":{"id":"R-HSA-8963896","display_name":"HDL assembly","Node_Type":"Pathway","enrichScore":2678.125}},{"data":{"id":"R-HSA-9010642","display_name":"ROBO receptors bind AKAP5","Node_Type":"Pathway","enrichScore":2380.556}},{"data":{"id":"HP:0500011","display_name":"Moon facies","Node_Type":"HPO","enrichScore":352.583}},{"data":{"id":"HP:0005756","display_name":"Neonatal epiphyseal stippling","Node_Type":"HPO","enrichScore":352.583}},{"data":{"id":"HP:0006769","display_name":"Myxoid subcutaneous tumors","Node_Type":"HPO","enrichScore":352.583}},{"data":{"id":"HP:0006691","display_name":"Pulmonic valve myxoma","Node_Type":"HPO","enrichScore":352.583}},{"data":{"id":"HP:0001579","display_name":"Primary hypercortisolism","Node_Type":"HPO","enrichScore":352.583}},{"data":{"id":"HP:0008225","display_name":"Thyroid follicular hyperplasia","Node_Type":"HPO","enrichScore":352.583}},{"data":{"id":"HP:0001580","display_name":"Pigmented micronodular adrenocortical disease","Node_Type":"HPO","enrichScore":352.583}},{"data":{"id":"HP:0000849","display_name":"Adrenocortical abnormality","Node_Type":"HPO","enrichScore":282.067}},{"data":{"id":"HP:0009593","display_name":"Peripheral Schwannoma","Node_Type":"HPO","enrichScore":176.292}},{"data":{"id":"HP:0100814","display_name":"Blue nevus","Node_Type":"HPO","enrichScore":176.292}},{"data":{"id":"DB12348","display_name":"5-amino-1,3,4-thiadiazole-2-thiol","Node_Type":"Drug","enrichScore":1000000}},{"data":{"id":"CHEMBL543745","display_name":"CHEMBL543745","Node_Type":"Prediction","enrichScore":21.75}},{"data":{"id":"CHEMBL543886","display_name":"CHEMBL543886","Node_Type":"Prediction","enrichScore":21.75}},{"data":{"id":"CHEMBL362062","display_name":"CHEMBL362062","Node_Type":"Prediction","enrichScore":21.75}},{"data":{"id":"CHEMBL371119","display_name":"CHEMBL371119","Node_Type":"Prediction","enrichScore":21.75}},{"data":{"id":"CHEMBL387480","display_name":"CHEMBL387480","Node_Type":"Prediction","enrichScore":21.75}},{"data":{"id":"CHEMBL357404","display_name":"CHEMBL357404","Node_Type":"Prediction","enrichScore":21.75}},{"data":{"id":"CHEMBL351626","display_name":"CHEMBL351626","Node_Type":"Prediction","enrichScore":21.75}},{"data":{"id":"CHEMBL1824858","display_name":"CHEMBL1824858","Node_Type":"Prediction","enrichScore":21.75}},{"data":{"id":"CHEMBL1824360","display_name":"CHEMBL1824360","Node_Type":"Prediction","enrichScore":21.75}},{"data":{"id":"hsa04910","display_name":"Insulin signaling pathway","Node_Type":"kegg_Pathway","enrichScore":98.247}},{"data":{"id":"hsa04962","display_name":"Vasopressin-regulated water reabsorption","Node_Type":"kegg_Pathway","enrichScore":50.652}},{"data":{"id":"hsa04340","display_name":"Hedgehog signaling pathway","Node_Type":"kegg_Pathway","enrichScore":45.587}},{"data":{"id":"hsa04913","display_name":"Ovarian steroidogenesis","Node_Type":"kegg_Pathway","enrichScore":43.833}},{"data":{"id":"hsa04961","display_name":"Endocrine and other factor-regulated calcium reabsorption","Node_Type":"kegg_Pathway","enrichScore":42.21}},{"data":{"id":"hsa04923","display_name":"Regulation of lipolysis in adipocytes","Node_Type":"kegg_Pathway","enrichScore":40.702}},{"data":{"id":"hsa04213","display_name":"Longevity regulating pathway","Node_Type":"kegg_Pathway","enrichScore":35.615}},{"data":{"id":"hsa04927","display_name":"Cortisol synthesis and secretion","Node_Type":"kegg_Pathway","enrichScore":34.535}},{"data":{"id":"hsa04976","display_name":"Bile secretion","Node_Type":"kegg_Pathway","enrichScore":31.224}},{"data":{"id":"hsa04720","display_name":"Long-term potentiation","Node_Type":"kegg_Pathway","enrichScore":31.224}},{"data":{"id":"H01820","display_name":"Carney complex","Node_Type":"kegg_Disease","enrichScore":305.583}},{"data":{"id":"H02211","display_name":"Acrodysostosis","Node_Type":"kegg_Disease","enrichScore":152.792}},{"data":{"id":"H00260","display_name":"Pigmented micronodular adrenocortical disease","Node_Type":"kegg_Disease","enrichScore":101.861}},{"data":{"id":"H01431","display_name":"Cushing syndrome","Node_Type":"kegg_Disease","enrichScore":67.907}},{"data":{"id":"H02049","display_name":"Bilateral macronodular adrenal hyperplasia","Node_Type":"kegg_Disease","enrichScore":33.954}},{"data":{"id":"H01102","display_name":"Pituitary adenomas","Node_Type":"kegg_Disease","enrichScore":27.78}}],"edges":[{"data":{"source":"O43663","target":"P61925","Edge_Type":"PPI","label":"interacts w\/"}},{"data":{"source":"Q9NQ31","target":"P17612","Edge_Type":"PPI","label":"interacts w\/"}},{"data":{"source":"P31321","target":"P17612","Edge_Type":"PPI","label":"interacts w\/"}},{"data":{"source":"Q9HC16","target":"P17612","Edge_Type":"PPI","label":"interacts w\/"}},{"data":{"source":"Q9HC16","target":"Q9HC16","Edge_Type":"PPI","label":"interacts w\/"}},{"data":{"source":"P55212","target":"P61925","Edge_Type":"PPI","label":"interacts w\/"}},{"data":{"source":"P55212","target":"P55212","Edge_Type":"PPI","label":"interacts w\/"}},{"data":{"source":"P31323","target":"P17612","Edge_Type":"PPI","label":"interacts w\/"}},{"data":{"source":"P22694","target":"P61925","Edge_Type":"PPI","label":"interacts w\/"}},{"data":{"source":"Q5T686","target":"P17612","Edge_Type":"PPI","label":"interacts w\/"}},{"data":{"source":"Q5T686","target":"P22694","Edge_Type":"PPI","label":"interacts w\/"}},{"data":{"source":"O14980","target":"P61925","Edge_Type":"PPI","label":"interacts w\/"}},{"data":{"source":"P10644","target":"P17612","Edge_Type":"PPI","label":"interacts w\/"}},{"data":{"source":"P10644","target":"P31321","Edge_Type":"PPI","label":"interacts w\/"}},{"data":{"source":"HP:0500011","target":"Orphanet:189439","Edge_Type":"hpodis","label":"is associated w\/"}},{"data":{"source":"HP:0005756","target":"Orphanet:280651","Edge_Type":"hpodis","label":"is associated w\/"}},{"data":{"source":"HP:0006769","target":"Orphanet:1359","Edge_Type":"hpodis","label":"is associated w\/"}},{"data":{"source":"HP:0006691","target":"Orphanet:615","Edge_Type":"hpodis","label":"is associated w\/"}},{"data":{"source":"HP:0006691","target":"Orphanet:615","Edge_Type":"hpodis","label":"is associated w\/"}},{"data":{"source":"HP:0001579","target":"Orphanet:189439","Edge_Type":"hpodis","label":"is associated w\/"}},{"data":{"source":"HP:0001579","target":"Orphanet:189439","Edge_Type":"hpodis","label":"is associated w\/"}},{"data":{"source":"HP:0001579","target":"Orphanet:189439","Edge_Type":"hpodis","label":"is associated w\/"}},{"data":{"source":"HP:0008225","target":"Orphanet:1359","Edge_Type":"hpodis","label":"is associated w\/"}},{"data":{"source":"HP:0008225","target":"Orphanet:1359","Edge_Type":"hpodis","label":"is associated w\/"}},{"data":{"source":"HP:0001580","target":"Orphanet:189439","Edge_Type":"hpodis","label":"is associated w\/"}},{"data":{"source":"HP:0001580","target":"Orphanet:189439","Edge_Type":"hpodis","label":"is associated w\/"}},{"data":{"source":"HP:0001580","target":"Orphanet:1359","Edge_Type":"hpodis","label":"is associated w\/"}},{"data":{"source":"HP:0001580","target":"Orphanet:189439","Edge_Type":"hpodis","label":"is associated w\/"}},{"data":{"source":"HP:0000849","target":"Orphanet:189439","Edge_Type":"hpodis","label":"is associated w\/"}},{"data":{"source":"HP:0000849","target":"Orphanet:189439","Edge_Type":"hpodis","label":"is associated w\/"}},{"data":{"source":"HP:0000849","target":"Orphanet:1359","Edge_Type":"hpodis","label":"is associated w\/"}},{"data":{"source":"HP:0000849","target":"Orphanet:189439","Edge_Type":"hpodis","label":"is associated w\/"}},{"data":{"source":"HP:0009593","target":"Orphanet:1359","Edge_Type":"hpodis","label":"is associated w\/"}},{"data":{"source":"HP:0100814","target":"Orphanet:1359","Edge_Type":"hpodis","label":"is associated w\/"}},{"data":{"source":"P10644","target":"Orphanet:1359","Edge_Type":"Disease","label":"is related to"}},{"data":{"source":"P17612","target":"Orphanet:189439","Edge_Type":"Disease","label":"is related to"}},{"data":{"source":"P10644","target":"Orphanet:189439","Edge_Type":"Disease","label":"is related to"}},{"data":{"source":"P10644","target":"Orphanet:615","Edge_Type":"Disease","label":"is related to"}},{"data":{"source":"P10644","target":"Orphanet:280651","Edge_Type":"Disease","label":"is related to"}},{"data":{"source":"P10644","target":"Orphanet:950","Edge_Type":"Disease","label":"is related to"}},{"data":{"source":"P17612","target":"DB07857","Edge_Type":"Drug","label":"targets"}},{"data":{"source":"P61925","target":"DB07857","Edge_Type":"Drug","label":"targets"}},{"data":{"source":"P17612","target":"DB07856","Edge_Type":"Drug","label":"targets"}},{"data":{"source":"P61925","target":"DB07856","Edge_Type":"Drug","label":"targets"}},{"data":{"source":"P17612","target":"DB07860","Edge_Type":"Drug","label":"targets"}},{"data":{"source":"P61925","target":"DB07860","Edge_Type":"Drug","label":"targets"}},{"data":{"source":"P17612","target":"DB07855","Edge_Type":"Drug","label":"targets"}},{"data":{"source":"P61925","target":"DB07855","Edge_Type":"Drug","label":"targets"}},{"data":{"source":"P17612","target":"DB07854","Edge_Type":"Drug","label":"targets"}},{"data":{"source":"P61925","target":"DB07854","Edge_Type":"Drug","label":"targets"}},{"data":{"source":"P17612","target":"DB07583","Edge_Type":"Drug","label":"targets"}},{"data":{"source":"P61925","target":"DB07583","Edge_Type":"Drug","label":"targets"}},{"data":{"source":"P61925","target":"DB07204","Edge_Type":"Drug","label":"targets"}},{"data":{"source":"P17612","target":"DB07204","Edge_Type":"Drug","label":"targets"}},{"data":{"source":"P17612","target":"DB07996","Edge_Type":"Drug","label":"targets"}},{"data":{"source":"P61925","target":"DB07996","Edge_Type":"Drug","label":"targets"}},{"data":{"source":"P17612","target":"DB07107","Edge_Type":"Drug","label":"targets"}},{"data":{"source":"P61925","target":"DB07107","Edge_Type":"Drug","label":"targets"}},{"data":{"source":"P17612","target":"DB07997","Edge_Type":"Drug","label":"targets"}},{"data":{"source":"P61925","target":"DB07997","Edge_Type":"Drug","label":"targets"}},{"data":{"source":"P17612","target":"R-HSA-442720","Edge_Type":"Pathway","label":"is involved in"}},{"data":{"source":"P31321","target":"R-HSA-442720","Edge_Type":"Pathway","label":"is involved in"}},{"data":{"source":"P31323","target":"R-HSA-442720","Edge_Type":"Pathway","label":"is involved in"}},{"data":{"source":"P22694","target":"R-HSA-442720","Edge_Type":"Pathway","label":"is involved in"}},{"data":{"source":"P10644","target":"R-HSA-442720","Edge_Type":"Pathway","label":"is involved in"}},{"data":{"source":"P17612","target":"R-HSA-163615","Edge_Type":"Pathway","label":"is involved in"}},{"data":{"source":"P31321","target":"R-HSA-163615","Edge_Type":"Pathway","label":"is involved in"}},{"data":{"source":"P31323","target":"R-HSA-163615","Edge_Type":"Pathway","label":"is involved in"}},{"data":{"source":"P22694","target":"R-HSA-163615","Edge_Type":"Pathway","label":"is involved in"}},{"data":{"source":"P10644","target":"R-HSA-163615","Edge_Type":"Pathway","label":"is involved in"}},{"data":{"source":"P17612","target":"R-HSA-164378","Edge_Type":"Pathway","label":"is involved in"}},{"data":{"source":"P31321","target":"R-HSA-164378","Edge_Type":"Pathway","label":"is involved in"}},{"data":{"source":"P31323","target":"R-HSA-164378","Edge_Type":"Pathway","label":"is involved in"}},{"data":{"source":"P22694","target":"R-HSA-164378","Edge_Type":"Pathway","label":"is involved in"}},{"data":{"source":"P10644","target":"R-HSA-164378","Edge_Type":"Pathway","label":"is involved in"}},{"data":{"source":"P17612","target":"R-HSA-180024","Edge_Type":"Pathway","label":"is involved in"}},{"data":{"source":"P31321","target":"R-HSA-180024","Edge_Type":"Pathway","label":"is involved in"}},{"data":{"source":"P31323","target":"R-HSA-180024","Edge_Type":"Pathway","label":"is involved in"}},{"data":{"source":"P22694","target":"R-HSA-180024","Edge_Type":"Pathway","label":"is involved in"}},{"data":{"source":"P10644","target":"R-HSA-180024","Edge_Type":"Pathway","label":"is involved in"}},{"data":{"source":"P17612","target":"R-HSA-111931","Edge_Type":"Pathway","label":"is involved in"}},{"data":{"source":"P22694","target":"R-HSA-111931","Edge_Type":"Pathway","label":"is involved in"}},{"data":{"source":"P17612","target":"R-HSA-163358","Edge_Type":"Pathway","label":"is involved in"}},{"data":{"source":"P22694","target":"R-HSA-163358","Edge_Type":"Pathway","label":"is involved in"}},{"data":{"source":"P17612","target":"R-HSA-381676","Edge_Type":"Pathway","label":"is involved in"}},{"data":{"source":"P31321","target":"R-HSA-381676","Edge_Type":"Pathway","label":"is involved in"}},{"data":{"source":"P31323","target":"R-HSA-381676","Edge_Type":"Pathway","label":"is involved in"}},{"data":{"source":"P22694","target":"R-HSA-381676","Edge_Type":"Pathway","label":"is involved in"}},{"data":{"source":"P10644","target":"R-HSA-381676","Edge_Type":"Pathway","label":"is involved in"}},{"data":{"source":"P17612","target":"R-HSA-432040","Edge_Type":"Pathway","label":"is involved in"}},{"data":{"source":"P31321","target":"R-HSA-432040","Edge_Type":"Pathway","label":"is involved in"}},{"data":{"source":"P31323","target":"R-HSA-432040","Edge_Type":"Pathway","label":"is involved in"}},{"data":{"source":"P22694","target":"R-HSA-432040","Edge_Type":"Pathway","label":"is involved in"}},{"data":{"source":"P10644","target":"R-HSA-432040","Edge_Type":"Pathway","label":"is involved in"}},{"data":{"source":"P17612","target":"R-HSA-8963896","Edge_Type":"Pathway","label":"is involved in"}},{"data":{"source":"P22694","target":"R-HSA-8963896","Edge_Type":"Pathway","label":"is involved in"}},{"data":{"source":"P17612","target":"R-HSA-9010642","Edge_Type":"Pathway","label":"is involved in"}},{"data":{"source":"P22694","target":"R-HSA-9010642","Edge_Type":"Pathway","label":"is involved in"}},{"data":{"source":"P17612","target":"HP:0500011","Edge_Type":"HPO","label":"is associated w\/"}},{"data":{"source":"P10644","target":"HP:0005756","Edge_Type":"HPO","label":"is associated w\/"}},{"data":{"source":"P10644","target":"HP:0006769","Edge_Type":"HPO","label":"is associated w\/"}},{"data":{"source":"P10644","target":"HP:0006691","Edge_Type":"HPO","label":"is associated w\/"}},{"data":{"source":"P17612","target":"HP:0001579","Edge_Type":"HPO","label":"is associated w\/"}},{"data":{"source":"P10644","target":"HP:0001579","Edge_Type":"HPO","label":"is associated w\/"}},{"data":{"source":"P10644","target":"HP:0008225","Edge_Type":"HPO","label":"is associated w\/"}},{"data":{"source":"P17612","target":"HP:0001580","Edge_Type":"HPO","label":"is associated w\/"}},{"data":{"source":"P10644","target":"HP:0001580","Edge_Type":"HPO","label":"is associated w\/"}},{"data":{"source":"P17612","target":"HP:0000849","Edge_Type":"HPO","label":"is associated w\/"}},{"data":{"source":"P10644","target":"HP:0000849","Edge_Type":"HPO","label":"is associated w\/"}},{"data":{"source":"P10644","target":"HP:0009593","Edge_Type":"HPO","label":"is associated w\/"}},{"data":{"source":"P10644","target":"HP:0100814","Edge_Type":"HPO","label":"is associated w\/"}},{"data":{"source":"P17612","target":"DB12348","Edge_Type":"Prediction","label":"targets"}},{"data":{"source":"P17612","target":"CHEMBL543745","Edge_Type":"Prediction","label":"targets"}},{"data":{"source":"P17612","target":"CHEMBL543886","Edge_Type":"Prediction","label":"targets"}},{"data":{"source":"P17612","target":"CHEMBL362062","Edge_Type":"Prediction","label":"targets"}},{"data":{"source":"P17612","target":"CHEMBL371119","Edge_Type":"Prediction","label":"targets"}},{"data":{"source":"P17612","target":"CHEMBL387480","Edge_Type":"Prediction","label":"targets"}},{"data":{"source":"P17612","target":"CHEMBL357404","Edge_Type":"Prediction","label":"targets"}},{"data":{"source":"P17612","target":"CHEMBL351626","Edge_Type":"Prediction","label":"targets"}},{"data":{"source":"P17612","target":"CHEMBL1824858","Edge_Type":"Prediction","label":"targets"}},{"data":{"source":"P17612","target":"CHEMBL1824360","Edge_Type":"Prediction","label":"targets"}},{"data":{"source":"H01102","target":"hsa04910","Edge_Type":"kegg_dis_path","label":"modulates"}},{"data":{"source":"P17612","target":"hsa04910","Edge_Type":"kegg_path_prot","label":"is involved in"}},{"data":{"source":"P31321","target":"hsa04910","Edge_Type":"kegg_path_prot","label":"is involved in"}},{"data":{"source":"P31323","target":"hsa04910","Edge_Type":"kegg_path_prot","label":"is involved in"}},{"data":{"source":"P22694","target":"hsa04910","Edge_Type":"kegg_path_prot","label":"is involved in"}},{"data":{"source":"P10644","target":"hsa04910","Edge_Type":"kegg_path_prot","label":"is involved in"}},{"data":{"source":"P17612","target":"hsa04962","Edge_Type":"kegg_path_prot","label":"is involved in"}},{"data":{"source":"P22694","target":"hsa04962","Edge_Type":"kegg_path_prot","label":"is involved in"}},{"data":{"source":"P17612","target":"hsa04340","Edge_Type":"kegg_path_prot","label":"is involved in"}},{"data":{"source":"P22694","target":"hsa04340","Edge_Type":"kegg_path_prot","label":"is involved in"}},{"data":{"source":"P17612","target":"hsa04913","Edge_Type":"kegg_path_prot","label":"is involved in"}},{"data":{"source":"P22694","target":"hsa04913","Edge_Type":"kegg_path_prot","label":"is involved in"}},{"data":{"source":"P17612","target":"hsa04961","Edge_Type":"kegg_path_prot","label":"is involved in"}},{"data":{"source":"P22694","target":"hsa04961","Edge_Type":"kegg_path_prot","label":"is involved in"}},{"data":{"source":"P17612","target":"hsa04923","Edge_Type":"kegg_path_prot","label":"is involved in"}},{"data":{"source":"P22694","target":"hsa04923","Edge_Type":"kegg_path_prot","label":"is involved in"}},{"data":{"source":"P17612","target":"hsa04213","Edge_Type":"kegg_path_prot","label":"is involved in"}},{"data":{"source":"P22694","target":"hsa04213","Edge_Type":"kegg_path_prot","label":"is involved in"}},{"data":{"source":"P17612","target":"hsa04927","Edge_Type":"kegg_path_prot","label":"is involved in"}},{"data":{"source":"P22694","target":"hsa04927","Edge_Type":"kegg_path_prot","label":"is involved in"}},{"data":{"source":"P17612","target":"hsa04976","Edge_Type":"kegg_path_prot","label":"is involved in"}},{"data":{"source":"P22694","target":"hsa04976","Edge_Type":"kegg_path_prot","label":"is involved in"}},{"data":{"source":"P17612","target":"hsa04720","Edge_Type":"kegg_path_prot","label":"is involved in"}},{"data":{"source":"P22694","target":"hsa04720","Edge_Type":"kegg_path_prot","label":"is involved in"}},{"data":{"source":"P10644","target":"H01820","Edge_Type":"kegg_dis_prot","label":"is related to"}},{"data":{"source":"P10644","target":"H02211","Edge_Type":"kegg_dis_prot","label":"is related to"}},{"data":{"source":"P10644","target":"H00260","Edge_Type":"kegg_dis_prot","label":"is related to"}},{"data":{"source":"P17612","target":"H01431","Edge_Type":"kegg_dis_prot","label":"is related to"}},{"data":{"source":"P10644","target":"H01431","Edge_Type":"kegg_dis_prot","label":"is related to"}},{"data":{"source":"P17612","target":"H02049","Edge_Type":"kegg_dis_prot","label":"is related to"}},{"data":{"source":"P10644","target":"H01102","Edge_Type":"kegg_dis_prot","label":"is related to"}}]}