Core Proteins,Interacting Proteins,Pathways,HPO terms,Diseases,Targeting Drugs,Experimental Bioactive Compounds (pChEMBL),Predicted interacting Compounds
TF (P02787),GOLM1 (Q8NBJ4); GAST (P01350); PGRMC2 (O15173); RMDN3 (Q96TC7); TFRC (P02786); SORT1 (Q99523); GPR42 (O15529),R-HSA-917977 Transferrin endocytosis and recycling[scr:638]; R-HSA-8856825 Cargo recognition for clathrin-mediated endocytosis[scr:188]; R-HSA-8957275 Post-translational protein phosphorylation[scr:185]; R-HSA-917937 Iron uptake and transport[scr:177]; hsa04216 Ferroptosis[scr:53]; hsa04066 HIF-1 signaling pathway[scr:43]; hsa04978 Mineral absorption[scr:9],HP:0012239 Atransferrinemia[scr:325]; HP:0032385 Abnormal circulating transferrin level[scr:325]; HP:0025465 Abnormal circulating beta globulin level[scr:65]; HP:0032179 Abnormal circulating globulin level[scr:54],Orphanet:1195 Congenital atransferrinemia (EFO)[scr:277]; H01145 Atransferrinemia (KEGG)[scr:282],DB00677 Isoflurophate[scr:9999999]; DB11397 Dichlorvos[scr:734],,
BCHE (P06276),BCHE (P06276),R-HSA-112311 Neurotransmitter clearance[scr:4944]; R-HSA-422085 Synthesis- secretion- and deacylation of Ghrelin[scr:1041]; R-HSA-1483191 Synthesis of PC[scr:706],,Orphanet:132 Butyrylcholinesterase deficiency (EFO)[scr:277],DB00677 Isoflurophate[scr:9999999]; DB01010 Edrophonium[scr:734]; DB00989 Rivastigmine[scr:734]; DB00944 Demecarium[scr:734]; DB11397 Dichlorvos[scr:734]; DB00843 Donepezil[scr:734]; DB00733 Pralidoxime[scr:734]; DB00382 Tacrine[scr:489]; DB04892 Phenserine[scr:489]; DB00545 Pyridostigmine[scr:489],,
ACHE (P22303),COLQ (Q9Y215); ENO1 (P06733); RACK1 (P63244),R-HSA-112311 Neurotransmitter clearance[scr:4944]; R-HSA-422085 Synthesis- secretion- and deacylation of Ghrelin[scr:1041]; R-HSA-1483191 Synthesis of PC[scr:706]; hsa00564 Glycerophospholipid metabolism[scr:5],,,DB00677 Isoflurophate[scr:9999999]; DB01010 Edrophonium[scr:734]; DB00989 Rivastigmine[scr:734]; DB00944 Demecarium[scr:734]; DB00843 Donepezil[scr:734]; DB00733 Pralidoxime[scr:734]; DB00382 Tacrine[scr:489]; DB04892 Phenserine[scr:489]; DB00545 Pyridostigmine[scr:489],,
GOLM1 (Q8NBJ4),TF (P02787); GAST (P01350),R-HSA-8957275 Post-translational protein phosphorylation[scr:185],,,,,
COLQ (Q9Y215),ACHE (P22303),,HP:0030203 Unfavorable response of muscle weakness to acetylcholine esterase inhibitors[scr:163]; HP:0003436 Prolonged miniature endplate currents[scr:108]; HP:0030211 Slow pupillary light response[scr:81]; HP:0006251 Limited wrist extension[scr:65]; HP:0007695 Abnormal pupillary light reflex[scr:65],Orphanet:98915 Synaptic congenital myasthenic syndromes (EFO)[scr:277]; Orphanet:590 Congenital myasthenic syndromes (EFO)[scr:14]; H00770 Congenital myasthenic syndrome (KEGG)[scr:11],,,
GAST (P01350),TF (P02787); GOLM1 (Q8NBJ4),R-HSA-881907 Gastrin-CREB signalling pathway via PKC and MAPK[scr:549]; hsa04971 Gastric acid secretion[scr:6],,,,,
PGRMC2 (O15173),TF (P02787),,,,,,
RMDN3 (Q96TC7),TF (P02787); TFRC (P02786),,,,,,
ENO1 (P06733),ACHE (P22303),hsa04066 HIF-1 signaling pathway[scr:43]; hsa00010 Glycolysis / Gluconeogenesis[scr:8]; hsa01230 Biosynthesis of amino acids[scr:7]; hsa03018 RNA degradation[scr:7],,,,,
TFRC (P02786),TF (P02787); TFRC (P02786); RMDN3 (Q96TC7),R-HSA-917977 Transferrin endocytosis and recycling[scr:638]; R-HSA-432722 Golgi Associated Vesicle Biogenesis[scr:353]; R-HSA-8856825 Cargo recognition for clathrin-mediated endocytosis[scr:188]; hsa04216 Ferroptosis[scr:53]; hsa04066 HIF-1 signaling pathway[scr:43]; hsa04640 Hematopoietic cell lineage[scr:5],HP:0004854 Intermittent thrombocytopenia[scr:108],Orphanet:101997 Primary immunodeficiency (EFO)[scr:40],,,
SORT1 (Q99523),TF (P02787),R-HSA-432722 Golgi Associated Vesicle Biogenesis[scr:353]; hsa04979 Cholesterol metabolism[scr:11],,,,,
RACK1 (P63244),ACHE (P22303),R-HSA-5626978 TNFR1-mediated ceramide production[scr:824],,,,,
GPR42 (O15529),TF (P02787),,,,,,
