Core Proteins,Interacting Proteins,Pathways,HPO terms,Diseases,Targeting Drugs,Experimental Bioactive Compounds (pChEMBL),Predicted interacting Compounds
PLG (P00747),MARVELD2 (Q8N4S9),R-HSA-75205 Dissolution of Fibrin Clot[scr:8476]; R-HSA-114608 Platelet degranulation[scr:598]; hsa04610 Complement and coagulation cascades[scr:136],HP:0032312 Decreased circulating globulin level[scr:201]; HP:0030160 Cervicitis[scr:201]; HP:0040228 Decreased level of plasminogen[scr:201]; HP:0030683 HP:0030683[scr:201]; HP:0007717 Chronic irritative conjunctivitis[scr:101]; HP:0002588 Duodenal ulcer[scr:101],Orphanet:97231 Ligneous conjunctivitis (EFO)[scr:171]; Orphanet:722 Hypoplasminogenemia (EFO)[scr:171]; H01206 Plasminogen deficiency (KEGG)[scr:175]; H00223 Inherited thrombophilia (KEGG)[scr:112],DB00031 Tenecteplase[scr:9999999]; DB00029 Anistreplase[scr:908]; DB00009 Alteplase[scr:908]; DB00015 Reteplase[scr:908]; DB00013 Urokinase[scr:363],,
FGA (P02671),STX1B (P61266),R-HSA-114608 Platelet degranulation[scr:598]; hsa04610 Complement and coagulation cascades[scr:136],HP:0012223 Splenic rupture[scr:67],Orphanet:98880 Familial afibrinogenemia (EFO)[scr:57]; Orphanet:98881 Familial dysfibrinogenemia (EFO)[scr:57]; H00223 Inherited thrombophilia (KEGG)[scr:112]; H00222 Afibrinogenemia (KEGG)[scr:58]; H00845 Familial amyloidosis (KEGG)[scr:35],DB00031 Tenecteplase[scr:9999999]; DB06245 Lanoteplase[scr:1082]; DB00029 Anistreplase[scr:908]; DB00009 Alteplase[scr:908]; DB00015 Reteplase[scr:908],,
SERPINB2 (P05120),,R-HSA-75205 Dissolution of Fibrin Clot[scr:8476]; R-HSA-8950505 Gene and protein expression by JAK-STAT signaling after Interleukin-12 stimulation[scr:331]; hsa04610 Complement and coagulation cascades[scr:136],,,DB00031 Tenecteplase[scr:9999999]; DB06245 Lanoteplase[scr:1082]; DB00013 Urokinase[scr:363],,
SERPINE1 (P05121),ORM1 (P02763); TMEM237 (Q96Q45); TLX3 (O43711),R-HSA-75205 Dissolution of Fibrin Clot[scr:8476]; R-HSA-114608 Platelet degranulation[scr:598]; hsa04610 Complement and coagulation cascades[scr:136]; hsa04115 p53 signaling pathway[scr:4],,Orphanet:465 Congenital plasminogen activator inhibitor type 1 deficiency (EFO)[scr:171]; H01106 Plasminogen activator inhibitor type 1 deficiency (KEGG)[scr:175]; H00223 Inherited thrombophilia (KEGG)[scr:112]; H01529 Avascular necrosis of femoral head (KEGG)[scr:35]; H01709 Glucocorticoid-induced osteonecrosis (KEGG)[scr:29],DB00031 Tenecteplase[scr:9999999]; DB00029 Anistreplase[scr:908]; DB00009 Alteplase[scr:908]; DB00015 Reteplase[scr:908]; DB05254 Fibrinolysin[scr:454]; DB00013 Urokinase[scr:363],,
CLEC3B (P05452),,R-HSA-114608 Platelet degranulation[scr:598],,,DB00031 Tenecteplase[scr:9999999]; DB06245 Lanoteplase[scr:1082],,
KRT8 (P05787),,,HP:0410069 Increased level of propylene glycol in blood[scr:101],EFO:0001422 cirrhosis of liver (EFO)[scr:86]; MONDO:0007329 cirrhosis- familial (EFO)[scr:86]; H02225 Familial cirrhosis (KEGG)[scr:87],DB00031 Tenecteplase[scr:9999999]; DB06245 Lanoteplase[scr:1082],,
ANXA2 (P07355),ANXA2 (P07355); ANG (P03950); CCR10 (P46092),R-HSA-75205 Dissolution of Fibrin Clot[scr:8476]; R-HSA-8950505 Gene and protein expression by JAK-STAT signaling after Interleukin-12 stimulation[scr:331],,,DB00031 Tenecteplase[scr:9999999]; DB06245 Lanoteplase[scr:1082],,
CALR (P27797),TAF1B (Q53T94),R-HSA-168316 Assembly of Viral Components at the Budding Site[scr:6121]; R-HSA-901042 Calnexin/calreticulin cycle[scr:2449]; R-HSA-3000484 Scavenging by Class F Receptors[scr:510]; R-HSA-983170 Antigen Presentation: Folding- assembly and peptide loading of class I MHC[scr:471]; R-HSA-381183 ATF6 (ATF6-alpha) activates chaperone genes[scr:306]; hsa04612 Antigen processing and presentation[scr:17]; hsa04145 Phagosome[scr:9]; hsa04141 Protein processing in endoplasmic reticulum[scr:8],,H01605 Myelofibrosis (KEGG)[scr:58]; H01612 Essential thrombocytosis (KEGG)[scr:58],DB00031 Tenecteplase[scr:9999999]; DB06245 Lanoteplase[scr:1082],,
CANX (P27824),RPL12 (P30050),R-HSA-168316 Assembly of Viral Components at the Budding Site[scr:6121]; R-HSA-901042 Calnexin/calreticulin cycle[scr:2449]; R-HSA-983170 Antigen Presentation: Folding- assembly and peptide loading of class I MHC[scr:471]; hsa04612 Antigen processing and presentation[scr:17]; hsa04145 Phagosome[scr:9]; hsa04141 Protein processing in endoplasmic reticulum[scr:8]; hsa04918 Thyroid hormone synthesis[scr:4],,,DB00031 Tenecteplase[scr:9999999]; DB06245 Lanoteplase[scr:1082],,
PLAUR (Q03405),PLAU (P00749); ANG (P03950),R-HSA-75205 Dissolution of Fibrin Clot[scr:8476]; R-HSA-162791 Attachment of GPI anchor to uPAR[scr:437]; hsa04610 Complement and coagulation cascades[scr:136],,,DB00031 Tenecteplase[scr:9999999]; DB06245 Lanoteplase[scr:1082]; DB00029 Anistreplase[scr:908]; DB00009 Alteplase[scr:908]; DB00015 Reteplase[scr:908]; DB00013 Urokinase[scr:363],,
LRP1 (Q07954),,hsa04979 Cholesterol metabolism[scr:7],HP:0009938 Sunken cheeks[scr:67],Orphanet:3406 Ulerythema ophryogenesis (EFO)[scr:171]; Orphanet:498 Keratosis pilaris atrophicans (EFO)[scr:171],DB00031 Tenecteplase[scr:9999999]; DB06245 Lanoteplase[scr:1082],,
ORM1 (P02763),SERPINE1 (P05121),R-HSA-114608 Platelet degranulation[scr:598],,,,,
MARVELD2 (Q8N4S9),PLG (P00747),,,,,,
STX1B (P61266),FGA (P02671),R-HSA-5250971 Toxicity of botulinum toxin type C (BoNT/C)[scr:1020]; hsa04130 SNARE interactions in vesicular transport[scr:10]; hsa04721 Synaptic vesicle cycle[scr:4],,,,,
RPL12 (P30050),CANX (P27824),,,,,,
TMEM237 (Q96Q45),SERPINE1 (P05121),,,,,,
TLX3 (O43711),SERPINE1 (P05121),,,,,,
PLAU (P00749),PLAUR (Q03405),R-HSA-75205 Dissolution of Fibrin Clot[scr:8476]; hsa04610 Complement and coagulation cascades[scr:136],HP:0008148 Impaired epinephrine-induced platelet aggregation[scr:201],Orphanet:220436 Quebec platelet disorder (EFO)[scr:171],DB05254 Fibrinolysin[scr:454]; DB08697 4-(2-aminoethoxy)-N-(3-chloro-5-piperidin-1-ylphenyl)-3-5-dimethylbenzamide[scr:227]; DB03046 7-Methoxy-8-[1-(Methylsulfonyl)-1h-Pyrazol-4-Yl]Naphthalene-2-Carboximidamide[scr:227]; DB03082 6-[(Z)-Amino(Imino)Methyl]-N-[4-(Aminomethyl)Phenyl]-4-(Pyrimidin-2-Ylamino)-2-Naphthamide[scr:227],,
ANG (P03950),ANXA2 (P07355); PLAUR (Q03405),,,,,,
CCR10 (P46092),ANXA2 (P07355),hsa04672 Intestinal immune network for IgA production[scr:7],,,,,
TAF1B (Q53T94),CALR (P27797),,,,,,
