{"options":{"search_start":1613060623,"tax_ids":[9606],"num_of_fn_nodes":10,"num_of_pathways":10,"num_of_phenotypes":10,"num_of_drugs":10,"num_of_diseases":10,"num_of_compounds":10,"chembl_compounds":0,"predictions":1,"reviewed_filter":1,"fn":1,"chembl":1,"search_finish":1613060650,"search_runtime":27},"search":[{"Drug":[{"DB03136":"4-Iodobenzo[B]Thiophene-2-Carboxamidine"}]}],"nodes":[{"data":{"id":"P00734","display_name":"F2","Node_Type":"Protein"}},{"data":{"id":"P00749","display_name":"PLAU","Node_Type":"Protein"}},{"data":{"id":"P07477","display_name":"PRSS1","Node_Type":"Protein"}},{"data":{"id":"P07204","display_name":"THBD","Node_Type":"Protein_N"}},{"data":{"id":"Q03405","display_name":"PLAUR","Node_Type":"Protein_N"}},{"data":{"id":"Q9UKQ2","display_name":"ADAM28","Node_Type":"Protein_N"}},{"data":{"id":"Orphanet:220436","display_name":"Quebec platelet disorder","Node_Type":"Disease","enrichScore":600.167}},{"data":{"id":"Orphanet:217023","display_name":"Atypical hemolytic-uremic syndrome with thrombomodulin anomaly","Node_Type":"Disease","enrichScore":600.167}},{"data":{"id":"Orphanet:325","display_name":"Congenital factor II deficiency","Node_Type":"Disease","enrichScore":600.167}},{"data":{"id":"HP:0004936","display_name":"Venous thrombosis","Node_Type":"Disease","enrichScore":480.133}},{"data":{"id":"EFO:0000342","display_name":"chronic pancreatitis","Node_Type":"Disease","enrichScore":200.056}},{"data":{"id":"Orphanet:676","display_name":"Hereditary chronic pancreatitis","Node_Type":"Disease","enrichScore":200.056}},{"data":{"id":"EFO:1000954","display_name":"habitual abortion","Node_Type":"Disease","enrichScore":150.042}},{"data":{"id":"EFO:0000712","display_name":"stroke","Node_Type":"Disease","enrichScore":75.021}},{"data":{"id":"Orphanet:2134","display_name":"Atypical hemolytic-uremic syndrome","Node_Type":"Disease","enrichScore":66.685}},{"data":{"id":"DB03136","display_name":"4-Iodobenzo[B]Thiophene-2-Carboxamidine","Node_Type":"Drug","enrichScore":9999999}},{"data":{"id":"DB01725","display_name":"2-{2-hydroxy-[1,1'-biphenyl]-3-yl}-1H-1,3-benzodiazole-5-carboximidamide","Node_Type":"Drug","enrichScore":2384.5}},{"data":{"id":"DB03159","display_name":"CRA_8696","Node_Type":"Drug","enrichScore":2384.5}},{"data":{"id":"DB02287","display_name":"2-(2-hydroxy-phenyl)-3H-benzoimidazole-5-carboxamidine","Node_Type":"Drug","enrichScore":2384.5}},{"data":{"id":"DB03865","display_name":"6-Chloro-2-(2-Hydroxy-Biphenyl-3-Yl)-1h-Indole-5-Carboxamidine","Node_Type":"Drug","enrichScore":1788.375}},{"data":{"id":"DB03876","display_name":"Thieno[2,3-B]Pyridine-2-Carboxamidine","Node_Type":"Drug","enrichScore":1589.667}},{"data":{"id":"DB06855","display_name":"6-fluoro-2-(2-hydroxy-3-isobutoxy-phenyl)-1H-benzoimidazole-5-carboxamidine","Node_Type":"Drug","enrichScore":1589.667}},{"data":{"id":"DB06853","display_name":"N-cycloheptylglycyl-N-(4-carbamimidoylbenzyl)-L-prolinamide","Node_Type":"Drug","enrichScore":1589.667}},{"data":{"id":"DB01905","display_name":"2-(2-Hydroxy-5-Methoxy-Phenyl)-1h-Benzoimidazole-5-Carboxamidine","Node_Type":"Drug","enrichScore":1589.667}},{"data":{"id":"DB06850","display_name":"(S)-N-(4-carbamimidoylbenzyl)-1-(2-(cyclohexylamino)ethanoyl)pyrrolidine-2-carboxamide","Node_Type":"Drug","enrichScore":1589.667}},{"data":{"id":"R-HSA-75205","display_name":"Dissolution of Fibrin Clot","Node_Type":"Pathway","enrichScore":3296.154}},{"data":{"id":"R-HSA-140875","display_name":"Common Pathway of Fibrin Clot Formation","Node_Type":"Pathway","enrichScore":1947.727}},{"data":{"id":"R-HSA-162791","display_name":"Attachment of GPI anchor to uPAR","Node_Type":"Pathway","enrichScore":1530.357}},{"data":{"id":"R-HSA-159763","display_name":"Transport of gamma-carboxylated protein precursors from the endoplasmic reticulum to the Golgi apparatus","Node_Type":"Pathway","enrichScore":1190.278}},{"data":{"id":"R-HSA-159740","display_name":"Gamma-carboxylation of protein precursors","Node_Type":"Pathway","enrichScore":1071.25}},{"data":{"id":"R-HSA-159782","display_name":"Removal of aminoterminal propeptides from gamma-carboxylated proteins","Node_Type":"Pathway","enrichScore":1071.25}},{"data":{"id":"R-HSA-76009","display_name":"Platelet Aggregation (Plug Formation)","Node_Type":"Pathway","enrichScore":1071.25}},{"data":{"id":"R-HSA-196741","display_name":"Cobalamin (Cbl, vitamin B12) transport and metabolism","Node_Type":"Pathway","enrichScore":510.119}},{"data":{"id":"R-HSA-140837","display_name":"Intrinsic Pathway of Fibrin Clot Formation","Node_Type":"Pathway","enrichScore":486.932}},{"data":{"id":"R-HSA-456926","display_name":"Thrombin signalling through proteinase activated receptors (PARs)","Node_Type":"Pathway","enrichScore":334.766}},{"data":{"id":"HP:0030138","display_name":"Excessive bleeding from superficial cuts","Node_Type":"HPO","enrichScore":705.167}},{"data":{"id":"HP:0008148","display_name":"Impaired epinephrine-induced platelet aggregation","Node_Type":"HPO","enrichScore":705.167}},{"data":{"id":"HP:0040250","display_name":"Reduced prothrombin antigen","Node_Type":"HPO","enrichScore":352.583}},{"data":{"id":"HP:0005261","display_name":"Joint hemorrhage","Node_Type":"HPO","enrichScore":216.974}},{"data":{"id":"HP:0002625","display_name":"Deep venous thrombosis","Node_Type":"HPO","enrichScore":188.044}},{"data":{"id":"HP:0005206","display_name":"Pancreatic pseudocyst","Node_Type":"HPO","enrichScore":141.033}},{"data":{"id":"HP:0030137","display_name":"Prolonged bleeding following circumcision","Node_Type":"HPO","enrichScore":141.033}},{"data":{"id":"HP:0004419","display_name":"Recurrent thrombophlebitis","Node_Type":"HPO","enrichScore":141.033}},{"data":{"id":"HP:0011884","display_name":"Abnormal umbilical stump bleeding","Node_Type":"HPO","enrichScore":141.033}},{"data":{"id":"HP:0011891","display_name":"Post-partum hemorrhage","Node_Type":"HPO","enrichScore":117.528}},{"data":{"id":"CHEMBL2181549","display_name":"CHEMBL2181549","Node_Type":"Prediction","enrichScore":87}},{"data":{"id":"CHEMBL3780897","display_name":"CHEMBL3780897","Node_Type":"Prediction","enrichScore":87}},{"data":{"id":"CHEMBL3685286","display_name":"CHEMBL3685286","Node_Type":"Prediction","enrichScore":87}},{"data":{"id":"CHEMBL2315578","display_name":"CHEMBL2315578","Node_Type":"Prediction","enrichScore":87}},{"data":{"id":"CHEMBL1601190","display_name":"CHEMBL1601190","Node_Type":"Prediction","enrichScore":87}},{"data":{"id":"CHEMBL1564057","display_name":"CHEMBL1564057","Node_Type":"Prediction","enrichScore":87}},{"data":{"id":"CHEMBL3799221","display_name":"CHEMBL3799221","Node_Type":"Prediction","enrichScore":87}},{"data":{"id":"CHEMBL3753503","display_name":"CHEMBL3753503","Node_Type":"Prediction","enrichScore":87}},{"data":{"id":"CHEMBL3952712","display_name":"CHEMBL3952712","Node_Type":"Prediction","enrichScore":87}},{"data":{"id":"CHEMBL3652716","display_name":"CHEMBL3652716","Node_Type":"Prediction","enrichScore":87}},{"data":{"id":"hsa04610","display_name":"Complement and coagulation cascades","Node_Type":"kegg_Pathway","enrichScore":212.031}},{"data":{"id":"hsa04080","display_name":"Neuroactive ligand-receptor interaction","Node_Type":"kegg_Pathway","enrichScore":13.329}},{"data":{"id":"hsa04974","display_name":"Protein digestion and absorption","Node_Type":"kegg_Pathway","enrichScore":11.996}},{"data":{"id":"hsa04972","display_name":"Pancreatic secretion","Node_Type":"kegg_Pathway","enrichScore":11.284}},{"data":{"id":"hsa04064","display_name":"NF-kappa B signaling pathway","Node_Type":"kegg_Pathway","enrichScore":10.958}},{"data":{"id":"hsa04611","display_name":"Platelet activation","Node_Type":"kegg_Pathway","enrichScore":9.117}},{"data":{"id":"hsa04072","display_name":"Phospholipase D signaling pathway","Node_Type":"kegg_Pathway","enrichScore":7.7}},{"data":{"id":"hsa04810","display_name":"Regulation of actin cytoskeleton","Node_Type":"kegg_Pathway","enrichScore":5.351}},{"data":{"id":"H01254","display_name":"Congenital prothrombin deficiency","Node_Type":"kegg_Disease","enrichScore":611.167}},{"data":{"id":"H00223","display_name":"Inherited thrombophilia","Node_Type":"kegg_Disease","enrichScore":174.619}},{"data":{"id":"H00933","display_name":"Hereditary pancreatitis","Node_Type":"kegg_Disease","enrichScore":122.233}},{"data":{"id":"H01434","display_name":"Atypical hemolytic uremic syndrome","Node_Type":"kegg_Disease","enrichScore":76.396}}],"edges":[{"data":{"source":"P07204","target":"P00734","Edge_Type":"PPI","label":"interacts w\/"}},{"data":{"source":"Q03405","target":"P00749","Edge_Type":"PPI","label":"interacts w\/"}},{"data":{"source":"Q9UKQ2","target":"P00749","Edge_Type":"PPI","label":"interacts w\/"}},{"data":{"source":"HP:0030138","target":"Orphanet:325","Edge_Type":"hpodis","label":"is associated w\/"}},{"data":{"source":"HP:0008148","target":"Orphanet:220436","Edge_Type":"hpodis","label":"is associated w\/"}},{"data":{"source":"HP:0040250","target":"Orphanet:325","Edge_Type":"hpodis","label":"is associated w\/"}},{"data":{"source":"HP:0005261","target":"Orphanet:220436","Edge_Type":"hpodis","label":"is associated w\/"}},{"data":{"source":"HP:0005261","target":"Orphanet:325","Edge_Type":"hpodis","label":"is associated w\/"}},{"data":{"source":"HP:0005261","target":"Orphanet:325","Edge_Type":"hpodis","label":"is associated w\/"}},{"data":{"source":"HP:0002625","target":"HP:0004936","Edge_Type":"hpodis","label":"is associated w\/"}},{"data":{"source":"HP:0002625","target":"HP:0004936","Edge_Type":"hpodis","label":"is associated w\/"}},{"data":{"source":"HP:0002625","target":"HP:0004936","Edge_Type":"hpodis","label":"is associated w\/"}},{"data":{"source":"HP:0002625","target":"HP:0004936","Edge_Type":"hpodis","label":"is associated w\/"}},{"data":{"source":"HP:0002625","target":"HP:0004936","Edge_Type":"hpodis","label":"is associated w\/"}},{"data":{"source":"HP:0005206","target":"EFO:0000342","Edge_Type":"hpodis","label":"is associated w\/"}},{"data":{"source":"HP:0030137","target":"Orphanet:325","Edge_Type":"hpodis","label":"is associated w\/"}},{"data":{"source":"HP:0004419","target":"HP:0004936","Edge_Type":"hpodis","label":"is associated w\/"}},{"data":{"source":"HP:0011884","target":"Orphanet:325","Edge_Type":"hpodis","label":"is associated w\/"}},{"data":{"source":"HP:0011891","target":"Orphanet:325","Edge_Type":"hpodis","label":"is associated w\/"}},{"data":{"source":"P00749","target":"Orphanet:220436","Edge_Type":"Disease","label":"is related to"}},{"data":{"source":"P07204","target":"Orphanet:217023","Edge_Type":"Disease","label":"is related to"}},{"data":{"source":"P00734","target":"Orphanet:325","Edge_Type":"Disease","label":"is related to"}},{"data":{"source":"P07204","target":"HP:0004936","Edge_Type":"Disease","label":"is related to"}},{"data":{"source":"P00734","target":"HP:0004936","Edge_Type":"Disease","label":"is related to"}},{"data":{"source":"P07477","target":"EFO:0000342","Edge_Type":"Disease","label":"is related to"}},{"data":{"source":"P07477","target":"Orphanet:676","Edge_Type":"Disease","label":"is related to"}},{"data":{"source":"P00734","target":"EFO:1000954","Edge_Type":"Disease","label":"is related to"}},{"data":{"source":"P00734","target":"EFO:0000712","Edge_Type":"Disease","label":"is related to"}},{"data":{"source":"P07204","target":"Orphanet:2134","Edge_Type":"Disease","label":"is related to"}},{"data":{"source":"P00734","target":"DB03136","Edge_Type":"Drug","label":"targets"}},{"data":{"source":"P07477","target":"DB03136","Edge_Type":"Drug","label":"targets"}},{"data":{"source":"P00749","target":"DB03136","Edge_Type":"Drug","label":"targets"}},{"data":{"source":"P07477","target":"DB01725","Edge_Type":"Drug","label":"targets"}},{"data":{"source":"P00734","target":"DB01725","Edge_Type":"Drug","label":"targets"}},{"data":{"source":"P00749","target":"DB01725","Edge_Type":"Drug","label":"targets"}},{"data":{"source":"P00734","target":"DB03159","Edge_Type":"Drug","label":"targets"}},{"data":{"source":"P07477","target":"DB03159","Edge_Type":"Drug","label":"targets"}},{"data":{"source":"P00749","target":"DB03159","Edge_Type":"Drug","label":"targets"}},{"data":{"source":"P00734","target":"DB02287","Edge_Type":"Drug","label":"targets"}},{"data":{"source":"P07477","target":"DB02287","Edge_Type":"Drug","label":"targets"}},{"data":{"source":"P00749","target":"DB02287","Edge_Type":"Drug","label":"targets"}},{"data":{"source":"P00734","target":"DB03865","Edge_Type":"Drug","label":"targets"}},{"data":{"source":"P07477","target":"DB03865","Edge_Type":"Drug","label":"targets"}},{"data":{"source":"P00749","target":"DB03865","Edge_Type":"Drug","label":"targets"}},{"data":{"source":"P07477","target":"DB03876","Edge_Type":"Drug","label":"targets"}},{"data":{"source":"P00749","target":"DB03876","Edge_Type":"Drug","label":"targets"}},{"data":{"source":"P00749","target":"DB06855","Edge_Type":"Drug","label":"targets"}},{"data":{"source":"P07477","target":"DB06855","Edge_Type":"Drug","label":"targets"}},{"data":{"source":"P07477","target":"DB06853","Edge_Type":"Drug","label":"targets"}},{"data":{"source":"P00734","target":"DB06853","Edge_Type":"Drug","label":"targets"}},{"data":{"source":"P07477","target":"DB01905","Edge_Type":"Drug","label":"targets"}},{"data":{"source":"P00749","target":"DB01905","Edge_Type":"Drug","label":"targets"}},{"data":{"source":"P07477","target":"DB06850","Edge_Type":"Drug","label":"targets"}},{"data":{"source":"P00734","target":"DB06850","Edge_Type":"Drug","label":"targets"}},{"data":{"source":"P00749","target":"R-HSA-75205","Edge_Type":"Pathway","label":"is involved in"}},{"data":{"source":"Q03405","target":"R-HSA-75205","Edge_Type":"Pathway","label":"is involved in"}},{"data":{"source":"P00734","target":"R-HSA-140875","Edge_Type":"Pathway","label":"is involved in"}},{"data":{"source":"P07204","target":"R-HSA-140875","Edge_Type":"Pathway","label":"is involved in"}},{"data":{"source":"Q03405","target":"R-HSA-162791","Edge_Type":"Pathway","label":"is involved in"}},{"data":{"source":"P00734","target":"R-HSA-159763","Edge_Type":"Pathway","label":"is involved in"}},{"data":{"source":"P00734","target":"R-HSA-159740","Edge_Type":"Pathway","label":"is involved in"}},{"data":{"source":"P00734","target":"R-HSA-159782","Edge_Type":"Pathway","label":"is involved in"}},{"data":{"source":"P00734","target":"R-HSA-76009","Edge_Type":"Pathway","label":"is involved in"}},{"data":{"source":"P07477","target":"R-HSA-196741","Edge_Type":"Pathway","label":"is involved in"}},{"data":{"source":"P00734","target":"R-HSA-140837","Edge_Type":"Pathway","label":"is involved in"}},{"data":{"source":"P00734","target":"R-HSA-456926","Edge_Type":"Pathway","label":"is involved in"}},{"data":{"source":"P00734","target":"HP:0030138","Edge_Type":"HPO","label":"is associated w\/"}},{"data":{"source":"P00749","target":"HP:0008148","Edge_Type":"HPO","label":"is associated w\/"}},{"data":{"source":"P00734","target":"HP:0040250","Edge_Type":"HPO","label":"is associated w\/"}},{"data":{"source":"P00734","target":"HP:0005261","Edge_Type":"HPO","label":"is associated w\/"}},{"data":{"source":"P00749","target":"HP:0005261","Edge_Type":"HPO","label":"is associated w\/"}},{"data":{"source":"P00734","target":"HP:0002625","Edge_Type":"HPO","label":"is associated w\/"}},{"data":{"source":"P07204","target":"HP:0002625","Edge_Type":"HPO","label":"is associated w\/"}},{"data":{"source":"P07477","target":"HP:0005206","Edge_Type":"HPO","label":"is associated w\/"}},{"data":{"source":"P00734","target":"HP:0030137","Edge_Type":"HPO","label":"is associated w\/"}},{"data":{"source":"P00734","target":"HP:0004419","Edge_Type":"HPO","label":"is associated w\/"}},{"data":{"source":"P00734","target":"HP:0011884","Edge_Type":"HPO","label":"is associated w\/"}},{"data":{"source":"P00734","target":"HP:0011891","Edge_Type":"HPO","label":"is associated w\/"}},{"data":{"source":"P07477","target":"CHEMBL2181549","Edge_Type":"Prediction","label":"targets"}},{"data":{"source":"P07477","target":"CHEMBL3780897","Edge_Type":"Prediction","label":"targets"}},{"data":{"source":"P07477","target":"CHEMBL3685286","Edge_Type":"Prediction","label":"targets"}},{"data":{"source":"P07477","target":"CHEMBL2315578","Edge_Type":"Prediction","label":"targets"}},{"data":{"source":"P07477","target":"CHEMBL1601190","Edge_Type":"Prediction","label":"targets"}},{"data":{"source":"P07477","target":"CHEMBL1564057","Edge_Type":"Prediction","label":"targets"}},{"data":{"source":"P07477","target":"CHEMBL3799221","Edge_Type":"Prediction","label":"targets"}},{"data":{"source":"P07477","target":"CHEMBL3753503","Edge_Type":"Prediction","label":"targets"}},{"data":{"source":"P07477","target":"CHEMBL3952712","Edge_Type":"Prediction","label":"targets"}},{"data":{"source":"P07477","target":"CHEMBL3652716","Edge_Type":"Prediction","label":"targets"}},{"data":{"source":"H01254","target":"hsa04610","Edge_Type":"kegg_dis_path","label":"modulates"}},{"data":{"source":"H00223","target":"hsa04610","Edge_Type":"kegg_dis_path","label":"modulates"}},{"data":{"source":"H00933","target":"hsa04972","Edge_Type":"kegg_dis_path","label":"modulates"}},{"data":{"source":"H00933","target":"hsa04974","Edge_Type":"kegg_dis_path","label":"modulates"}},{"data":{"source":"H01434","target":"hsa04610","Edge_Type":"kegg_dis_path","label":"modulates"}},{"data":{"source":"P00734","target":"hsa04610","Edge_Type":"kegg_path_prot","label":"is involved in"}},{"data":{"source":"P00749","target":"hsa04610","Edge_Type":"kegg_path_prot","label":"is involved in"}},{"data":{"source":"P07204","target":"hsa04610","Edge_Type":"kegg_path_prot","label":"is involved in"}},{"data":{"source":"Q03405","target":"hsa04610","Edge_Type":"kegg_path_prot","label":"is involved in"}},{"data":{"source":"P00734","target":"hsa04080","Edge_Type":"kegg_path_prot","label":"is involved in"}},{"data":{"source":"P07477","target":"hsa04080","Edge_Type":"kegg_path_prot","label":"is involved in"}},{"data":{"source":"P07477","target":"hsa04974","Edge_Type":"kegg_path_prot","label":"is involved in"}},{"data":{"source":"P07477","target":"hsa04972","Edge_Type":"kegg_path_prot","label":"is involved in"}},{"data":{"source":"P00749","target":"hsa04064","Edge_Type":"kegg_path_prot","label":"is involved in"}},{"data":{"source":"P00734","target":"hsa04611","Edge_Type":"kegg_path_prot","label":"is involved in"}},{"data":{"source":"P00734","target":"hsa04072","Edge_Type":"kegg_path_prot","label":"is involved in"}},{"data":{"source":"P00734","target":"hsa04810","Edge_Type":"kegg_path_prot","label":"is involved in"}},{"data":{"source":"P00734","target":"H01254","Edge_Type":"kegg_dis_prot","label":"is related to"}},{"data":{"source":"P00734","target":"H00223","Edge_Type":"kegg_dis_prot","label":"is related to"}},{"data":{"source":"P07204","target":"H00223","Edge_Type":"kegg_dis_prot","label":"is related to"}},{"data":{"source":"P07477","target":"H00933","Edge_Type":"kegg_dis_prot","label":"is related to"}},{"data":{"source":"P07204","target":"H01434","Edge_Type":"kegg_dis_prot","label":"is related to"}}]}