Core Proteins,Interacting Proteins,Pathways,HPO terms,Diseases,Targeting Drugs,Experimental Bioactive Compounds (pChEMBL),Predicted interacting Compounds
CYP1A1 (P04798),,R-HSA-2142670 Synthesis of epoxy (EET) and dihydroxyeicosatrienoic acids (DHET)[scr:1339]; R-HSA-2142816 Synthesis of (16-20)-hydroxyeicosatetraenoic acids (HETE)[scr:1190]; hsa00380 Tryptophan metabolism[scr:27]; hsa04913 Ovarian steroidogenesis[scr:22]; hsa00140 Steroid hormone biosynthesis[scr:19]; hsa00980 Metabolism of xenobiotics by cytochrome P450[scr:16],,,DB02375 Myricetin[scr:9999999],,
POLB (P06746),TAF1D (Q9H5J8); TPP2 (P29144),R-HSA-73930 Abasic sugar-phosphate removal via the single-nucleotide replacement pathway[scr:5356]; R-HSA-110373 Resolution of AP sites via the multiple-nucleotide patch replacement pathway[scr:5356]; R-HSA-110362 POLB-Dependent Long Patch Base Excision Repair[scr:1339]; hsa03410 Base excision repair[scr:35],,,DB02375 Myricetin[scr:9999999],,
TOP2A (P11388),,,,,DB02375 Myricetin[scr:9999999]; DB04967 Lucanthone[scr:265]; DB04978 SP1049C[scr:199]; DB04975 Banoxantrone[scr:199],,
ACHE (P22303),COLQ (Q9Y215),hsa04725 Cholinergic synapse[scr:10],,,DB02375 Myricetin[scr:9999999]; DB02404 1-Deoxy-1-Thio-Heptaethylene Glycol[scr:199]; DB02226 3-8-Diamino-6-Phenyl-5-[6-[1-[2-[(1-2-3-4-Tetrahydro-9-Acridinyl)Amino]Ethyl]-1h-1-2-3-Triazol-4-Yl]Hexyl]-Phenanthridinium[scr:199]; DB02166 Propidium[scr:199],,
JAK1 (P23458),,,,,DB02375 Myricetin[scr:9999999],,CHEMBL326295 [scr:7.25]; CHEMBL330727 [scr:4.35]; CHEMBL3330118 [scr:4.14]; CHEMBL327578 [scr:3.63]; CHEMBL194704 [scr:3.63]; CHEMBL74114 [scr:3.63]; CHEMBL327195 [scr:3.63]; CHEMBL210305 [scr:3.48]; CHEMBL141244 [scr:3.35]; CHEMBL325716 [scr:3.11]
APEX1 (P27695),,R-HSA-73930 Abasic sugar-phosphate removal via the single-nucleotide replacement pathway[scr:5356]; R-HSA-110373 Resolution of AP sites via the multiple-nucleotide patch replacement pathway[scr:5356]; R-HSA-73933 Resolution of Abasic Sites (AP sites)[scr:2678]; R-HSA-110362 POLB-Dependent Long Patch Base Excision Repair[scr:1339]; hsa03410 Base excision repair[scr:35],,,DB02375 Myricetin[scr:9999999]; DB04967 Lucanthone[scr:265],,
RECQL (P46063),,,,,DB02375 Myricetin[scr:9999999],,
PIK3CG (P48736),PIK3CG (P48736); PDE3B (Q13370),hsa04725 Cholinergic synapse[scr:10]; hsa04371 Apelin signaling pathway[scr:8]; hsa04921 Oxytocin signaling pathway[scr:7]; hsa04022 cGMP-PKG signaling pathway[scr:7],,,DB02375 Myricetin[scr:9999999]; DB08300 1-methyl-3-naphthalen-2-yl-1H-pyrazolo[3-4-d]pyrimidin-4-amine[scr:199],,
CASP6 (P55212),CASP6 (P55212); PKIA (P61925),,,,DB02375 Myricetin[scr:9999999],,
GLO1 (Q04760),PUS10 (Q3MIT2),hsa00620 Pyruvate metabolism[scr:7],,,DB02375 Myricetin[scr:9999999],,
CYP1B1 (Q16678),,R-HSA-5579000 Defective CYP1B1 causes Glaucoma[scr:2678]; R-HSA-2142670 Synthesis of epoxy (EET) and dihydroxyeicosatrienoic acids (DHET)[scr:1339]; R-HSA-2142816 Synthesis of (16-20)-hydroxyeicosatetraenoic acids (HETE)[scr:1190]; hsa00380 Tryptophan metabolism[scr:27]; hsa04913 Ovarian steroidogenesis[scr:22]; hsa00140 Steroid hormone biosynthesis[scr:19]; hsa00980 Metabolism of xenobiotics by cytochrome P450[scr:16],HP:0008041 Late onset congenital glaucoma[scr:176]; HP:0025326 Retinal arterial occlusion[scr:88]; HP:0007854 Glaucomatous visual field defect[scr:59]; HP:0012796 Increased cup-to-disc ratio[scr:59]; HP:0011484 Posterior synechiae of the anterior chamber[scr:44]; HP:0012636 Retinal vein occlusion[scr:44],Orphanet:708 Peters anomaly (EFO)[scr:75]; Orphanet:98977 Juvenile glaucoma (EFO)[scr:75]; Orphanet:98976 Congenital glaucoma (EFO)[scr:38]; H01203 Primary congenital glaucoma (KEGG)[scr:76]; H01159 Anterior segment dysgenesis (KEGG)[scr:22],DB02375 Myricetin[scr:9999999],,
HSD17B10 (Q99714),TRMT10C (Q7L0Y3); TRAP1 (Q12931); EEF2 (P13639),R-HSA-8868766 rRNA processing in the mitochondrion[scr:2678]; R-HSA-6785470 tRNA processing in the mitochondrion[scr:2143],,Orphanet:391417 HSD10 disease (EFO)[scr:150]; H00925 2-Methyl-3-hydroxybutyryl-CoA dehydrogenase (MHBD) deficiency (KEGG)[scr:153],DB02375 Myricetin[scr:9999999]; DB02820 1-Azepan-1-Yl-2-Phenyl-2-(4-Thioxo-1-4-Dihydro-Pyrazolo[3-4-D]Pyrimidin-5-Yl)Ethanone Adduct[scr:199],,
TDP1 (Q9NUW8),,,,Orphanet:94124 Spinocerebellar ataxia type 1 with axonal neuropathy (EFO)[scr:150]; H01891 Autosomal recessive spinocerebellar ataxias (KEGG)[scr:6],DB02375 Myricetin[scr:9999999],,
L3MBTL1 (Q9Y468),H1-4 (P10412),,,,DB02375 Myricetin[scr:9999999],,
TRMT10C (Q7L0Y3),HSD17B10 (Q99714); TRMT10C (Q7L0Y3),R-HSA-8868766 rRNA processing in the mitochondrion[scr:2678]; R-HSA-6785470 tRNA processing in the mitochondrion[scr:2143],,EFO:0009038 Combined oxidative phosphorylation defect type 30 (EFO)[scr:150]; H00891 Combined oxidative phosphorylation deficiency (KEGG)[scr:5],,,
PUS10 (Q3MIT2),GLO1 (Q04760),,,,,,
COLQ (Q9Y215),ACHE (P22303),,HP:0030203 Unfavorable response of muscle weakness to acetylcholine esterase inhibitors[scr:88]; HP:0003436 Prolonged miniature endplate currents[scr:59]; HP:0030211 Slow pupillary light response[scr:44]; HP:0006251 Limited wrist extension[scr:35],Orphanet:98915 Synaptic congenital myasthenic syndromes (EFO)[scr:150]; Orphanet:590 Congenital myasthenic syndromes (EFO)[scr:8]; H00770 Congenital myasthenic syndrome (KEGG)[scr:6],,,
TRAP1 (Q12931),HSD17B10 (Q99714),,,,,,
H1-4 (P10412),L3MBTL1 (Q9Y468),,,Orphanet:404443 Tall stature-intellectual disability-facial dysmorphism syndrome (EFO)[scr:50],,,
EEF2 (P13639),HSD17B10 (Q99714),hsa04921 Oxytocin signaling pathway[scr:7],,Orphanet:101112 Spinocerebellar ataxia type 26 (EFO)[scr:150]; H00063 Spinocerebellar ataxia (SCA) (KEGG)[scr:5],,,
TAF1D (Q9H5J8),POLB (P06746); TAF1D (Q9H5J8),,,,,,
PDE3B (Q13370),PIK3CG (P48736),R-HSA-165160 PDE3B signalling[scr:1339]; hsa04371 Apelin signaling pathway[scr:8]; hsa04022 cGMP-PKG signaling pathway[scr:7],,,DB01970 Hg9a-9- Nonanoyl-N-Hydroxyethylglucamide[scr:199],,CHEMBL3330118 [scr:4.14]; CHEMBL194704 [scr:3.63]; CHEMBL210305 [scr:3.48]; CHEMBL141244 [scr:3.35]
PKIA (P61925),CASP6 (P55212),,,,,,
TPP2 (P29144),POLB (P06746); TPP2 (P29144),,,,,,
