{"options":{"search_start":1613060705,"tax_ids":[9606],"num_of_fn_nodes":10,"num_of_pathways":10,"num_of_phenotypes":10,"num_of_drugs":10,"num_of_diseases":10,"num_of_compounds":10,"chembl_compounds":0,"predictions":1,"reviewed_filter":1,"fn":1,"chembl":1,"search_finish":1613060737,"search_runtime":32},"search":[{"Drug":[{"DB07662":"PD-168393"}]}],"nodes":[{"data":{"id":"P00533","display_name":"EGFR","Node_Type":"Protein"}},{"data":{"id":"P04626","display_name":"ERBB2","Node_Type":"Protein"}},{"data":{"id":"P12931","display_name":"SRC","Node_Type":"Protein"}},{"data":{"id":"P51813","display_name":"BMX","Node_Type":"Protein"}},{"data":{"id":"Q15303","display_name":"ERBB4","Node_Type":"Protein"}},{"data":{"id":"Q7Z7G1","display_name":"CLNK","Node_Type":"Protein_N"}},{"data":{"id":"Q92625","display_name":"ANKS1A","Node_Type":"Protein_N"}},{"data":{"id":"Q9NSE2","display_name":"CISH","Node_Type":"Protein_N"}},{"data":{"id":"Q16825","display_name":"PTPN21","Node_Type":"Protein_N"}},{"data":{"id":"Q01973","display_name":"ROR1","Node_Type":"Protein_N"}},{"data":{"id":"Q8NBJ4","display_name":"GOLM1","Node_Type":"Protein_N"}},{"data":{"id":"Q9Y490","display_name":"TLN1","Node_Type":"Protein_N"}},{"data":{"id":"Q9Y6Q6","display_name":"TNFRSF11A","Node_Type":"Protein_N"}},{"data":{"id":"Q68CZ2","display_name":"TNS3","Node_Type":"Protein_N"}},{"data":{"id":"Q9BZP6","display_name":"CHIA","Node_Type":"Protein_N"}},{"data":{"id":"Orphanet:178389","display_name":"Osteopetrosis - hypogammaglobulinemia","Node_Type":"Disease","enrichScore":240.067}},{"data":{"id":"Orphanet:85195","display_name":"Familial expansile osteolysis","Node_Type":"Disease","enrichScore":240.067}},{"data":{"id":"MONDO:0008903","display_name":"lung cancer","Node_Type":"Disease","enrichScore":120.033}},{"data":{"id":"EFO:0001071","display_name":"lung carcinoma","Node_Type":"Disease","enrichScore":120.033}},{"data":{"id":"EFO:0003060","display_name":"non-small cell lung carcinoma","Node_Type":"Disease","enrichScore":120.033}},{"data":{"id":"Orphanet:294023","display_name":"Neonatal inflammatory skin and bowel disease","Node_Type":"Disease","enrichScore":120.033}},{"data":{"id":"EFO:0000571","display_name":"lung adenocarcinoma","Node_Type":"Disease","enrichScore":120.033}},{"data":{"id":"Orphanet:71202","display_name":"Rare hemorrhagic disorder due to a constitutional platelet anomaly","Node_Type":"Disease","enrichScore":80.022}},{"data":{"id":"EFO:0004261","display_name":"osteitis deformans","Node_Type":"Disease","enrichScore":80.022}},{"data":{"id":"Orphanet:3389","display_name":"Tuberculosis","Node_Type":"Disease","enrichScore":40.011}},{"data":{"id":"DB07662","display_name":"PD-168393","Node_Type":"Drug","enrichScore":9999999}},{"data":{"id":"DB08916","display_name":"Afatinib","Node_Type":"Drug","enrichScore":953.8}},{"data":{"id":"DB06021","display_name":"AV-412","Node_Type":"Drug","enrichScore":635.867}},{"data":{"id":"DB05944","display_name":"Varlitinib","Node_Type":"Drug","enrichScore":635.867}},{"data":{"id":"DB04988","display_name":"IGN311","Node_Type":"Drug","enrichScore":635.867}},{"data":{"id":"DB01259","display_name":"Lapatinib","Node_Type":"Drug","enrichScore":635.867}},{"data":{"id":"DB11737","display_name":"Icotinib","Node_Type":"Drug","enrichScore":317.933}},{"data":{"id":"DB05524","display_name":"Pelitinib","Node_Type":"Drug","enrichScore":317.933}},{"data":{"id":"DB05773","display_name":"Trastuzumab emtansine","Node_Type":"Drug","enrichScore":317.933}},{"data":{"id":"DB05101","display_name":"Matuzumab","Node_Type":"Drug","enrichScore":317.933}},{"data":{"id":"R-HSA-1251932","display_name":"PLCG1 events in ERBB2 signaling","Node_Type":"Pathway","enrichScore":4285}},{"data":{"id":"R-HSA-1227986","display_name":"Signaling by ERBB2","Node_Type":"Pathway","enrichScore":3808.889}},{"data":{"id":"R-HSA-8847993","display_name":"ERBB2 Activates PTK6 Signaling","Node_Type":"Pathway","enrichScore":2966.538}},{"data":{"id":"R-HSA-6785631","display_name":"ERBB2 Regulates Cell Motility","Node_Type":"Pathway","enrichScore":2571}},{"data":{"id":"R-HSA-1963640","display_name":"GRB2 events in ERBB2 signaling","Node_Type":"Pathway","enrichScore":2410.313}},{"data":{"id":"R-HSA-1963642","display_name":"PI3K events in ERBB2 signaling","Node_Type":"Pathway","enrichScore":2410.313}},{"data":{"id":"R-HSA-1253288","display_name":"Downregulation of ERBB4 signaling","Node_Type":"Pathway","enrichScore":2142.5}},{"data":{"id":"R-HSA-1250196","display_name":"SHC1 events in ERBB2 signaling","Node_Type":"Pathway","enrichScore":1752.955}},{"data":{"id":"R-HSA-8863795","display_name":"Downregulation of ERBB2 signaling","Node_Type":"Pathway","enrichScore":1606.875}},{"data":{"id":"R-HSA-1236394","display_name":"Signaling by ERBB4","Node_Type":"Pathway","enrichScore":1558.182}},{"data":{"id":"HP:0031846","display_name":"Femur fracture","Node_Type":"HPO","enrichScore":282.067}},{"data":{"id":"HP:0100501","display_name":"Recurrent bronchiolitis","Node_Type":"HPO","enrichScore":282.067}},{"data":{"id":"HP:0025124","display_name":"Fragile teeth","Node_Type":"HPO","enrichScore":282.067}},{"data":{"id":"HP:0008513","display_name":"Bilateral conductive hearing impairment","Node_Type":"HPO","enrichScore":94.022}},{"data":{"id":"HP:0006640","display_name":"Multiple rib fractures","Node_Type":"HPO","enrichScore":70.517}},{"data":{"id":"HP:0006519","display_name":"Alveolar cell carcinoma","Node_Type":"HPO","enrichScore":62.681}},{"data":{"id":"HP:0100552","display_name":"Neoplasm of the tracheobronchial system","Node_Type":"HPO","enrichScore":56.413}},{"data":{"id":"HP:0003084","display_name":"Fractures of the long bones","Node_Type":"HPO","enrichScore":47.011}},{"data":{"id":"HP:0002512","display_name":"Brain stem compression","Node_Type":"HPO","enrichScore":40.295}},{"data":{"id":"HP:0007807","display_name":"Optic nerve compression","Node_Type":"HPO","enrichScore":40.295}},{"data":{"id":"CHEMBL363746","display_name":"CHEMBL363746","Node_Type":"Prediction","enrichScore":46.4}},{"data":{"id":"CHEMBL350937","display_name":"CHEMBL350937","Node_Type":"Prediction","enrichScore":44.743}},{"data":{"id":"CHEMBL334074","display_name":"CHEMBL334074","Node_Type":"Prediction","enrichScore":39.15}},{"data":{"id":"CHEMBL326397","display_name":"CHEMBL326397","Node_Type":"Prediction","enrichScore":39.15}},{"data":{"id":"CHEMBL536083","display_name":"CHEMBL536083","Node_Type":"Prediction","enrichScore":39.15}},{"data":{"id":"CHEMBL367263","display_name":"CHEMBL367263","Node_Type":"Prediction","enrichScore":39.15}},{"data":{"id":"CHEMBL1651354","display_name":"CHEMBL1651354","Node_Type":"Prediction","enrichScore":34.8}},{"data":{"id":"CHEMBL3913496","display_name":"CHEMBL3913496","Node_Type":"Prediction","enrichScore":34.8}},{"data":{"id":"CHEMBL3781424","display_name":"CHEMBL3781424","Node_Type":"Prediction","enrichScore":34.8}},{"data":{"id":"CHEMBL3913144","display_name":"CHEMBL3913144","Node_Type":"Prediction","enrichScore":34.8}},{"data":{"id":"hsa04012","display_name":"ErbB signaling pathway","Node_Type":"kegg_Pathway","enrichScore":85.81}},{"data":{"id":"hsa04917","display_name":"Prolactin signaling pathway","Node_Type":"kegg_Pathway","enrichScore":58.611}},{"data":{"id":"hsa04520","display_name":"Adherens junction","Node_Type":"kegg_Pathway","enrichScore":57.786}},{"data":{"id":"hsa04510","display_name":"Focal adhesion","Node_Type":"kegg_Pathway","enrichScore":36.653}},{"data":{"id":"hsa04020","display_name":"Calcium signaling pathway","Node_Type":"kegg_Pathway","enrichScore":20.617}},{"data":{"id":"hsa04540","display_name":"Gap junction","Node_Type":"kegg_Pathway","enrichScore":20.038}},{"data":{"id":"hsa04015","display_name":"Rap1 signaling pathway","Node_Type":"kegg_Pathway","enrichScore":18.907}},{"data":{"id":"hsa04912","display_name":"GnRH signaling pathway","Node_Type":"kegg_Pathway","enrichScore":18.235}},{"data":{"id":"hsa04066","display_name":"HIF-1 signaling pathway","Node_Type":"kegg_Pathway","enrichScore":16.729}},{"data":{"id":"hsa04611","display_name":"Platelet activation","Node_Type":"kegg_Pathway","enrichScore":14.588}},{"data":{"id":"H02042","display_name":"Familial expansile osteolysis","Node_Type":"kegg_Disease","enrichScore":244.467}},{"data":{"id":"H00030","display_name":"Cervical cancer","Node_Type":"kegg_Disease","enrichScore":139.695}},{"data":{"id":"H01508","display_name":"Salivary gland cancer","Node_Type":"kegg_Disease","enrichScore":139.695}},{"data":{"id":"H01559","display_name":"Oropharyngeal cancer","Node_Type":"kegg_Disease","enrichScore":122.233}},{"data":{"id":"H00028","display_name":"Choriocarcinoma","Node_Type":"kegg_Disease","enrichScore":108.652}},{"data":{"id":"H00022","display_name":"Bladder cancer","Node_Type":"kegg_Disease","enrichScore":108.652}},{"data":{"id":"H00031","display_name":"Breast cancer","Node_Type":"kegg_Disease","enrichScore":65.191}},{"data":{"id":"H00437","display_name":"Paget disease of bone","Node_Type":"kegg_Disease","enrichScore":61.117}},{"data":{"id":"H01554","display_name":"Fallopian tube cancer","Node_Type":"kegg_Disease","enrichScore":48.893}},{"data":{"id":"H00026","display_name":"Endometrial cancer","Node_Type":"kegg_Disease","enrichScore":40.744}}],"edges":[{"data":{"source":"P00533","target":"P00533","Edge_Type":"PPI","label":"interacts w\/"}},{"data":{"source":"P04626","target":"P04626","Edge_Type":"PPI","label":"interacts w\/"}},{"data":{"source":"P04626","target":"P00533","Edge_Type":"PPI","label":"interacts w\/"}},{"data":{"source":"P12931","target":"P00533","Edge_Type":"PPI","label":"interacts w\/"}},{"data":{"source":"P12931","target":"P04626","Edge_Type":"PPI","label":"interacts w\/"}},{"data":{"source":"Q15303","target":"P00533","Edge_Type":"PPI","label":"interacts w\/"}},{"data":{"source":"Q15303","target":"P04626","Edge_Type":"PPI","label":"interacts w\/"}},{"data":{"source":"Q7Z7G1","target":"P00533","Edge_Type":"PPI","label":"interacts w\/"}},{"data":{"source":"Q7Z7G1","target":"P04626","Edge_Type":"PPI","label":"interacts w\/"}},{"data":{"source":"Q92625","target":"P00533","Edge_Type":"PPI","label":"interacts w\/"}},{"data":{"source":"Q92625","target":"P04626","Edge_Type":"PPI","label":"interacts w\/"}},{"data":{"source":"Q9NSE2","target":"P00533","Edge_Type":"PPI","label":"interacts w\/"}},{"data":{"source":"Q9NSE2","target":"P04626","Edge_Type":"PPI","label":"interacts w\/"}},{"data":{"source":"Q16825","target":"P12931","Edge_Type":"PPI","label":"interacts w\/"}},{"data":{"source":"Q16825","target":"P51813","Edge_Type":"PPI","label":"interacts w\/"}},{"data":{"source":"Q01973","target":"P00533","Edge_Type":"PPI","label":"interacts w\/"}},{"data":{"source":"Q01973","target":"P12931","Edge_Type":"PPI","label":"interacts w\/"}},{"data":{"source":"Q8NBJ4","target":"P00533","Edge_Type":"PPI","label":"interacts w\/"}},{"data":{"source":"Q9Y490","target":"P00533","Edge_Type":"PPI","label":"interacts w\/"}},{"data":{"source":"Q9Y490","target":"P04626","Edge_Type":"PPI","label":"interacts w\/"}},{"data":{"source":"Q9Y6Q6","target":"P00533","Edge_Type":"PPI","label":"interacts w\/"}},{"data":{"source":"Q68CZ2","target":"P00533","Edge_Type":"PPI","label":"interacts w\/"}},{"data":{"source":"Q68CZ2","target":"P04626","Edge_Type":"PPI","label":"interacts w\/"}},{"data":{"source":"Q68CZ2","target":"P12931","Edge_Type":"PPI","label":"interacts w\/"}},{"data":{"source":"Q9BZP6","target":"P00533","Edge_Type":"PPI","label":"interacts w\/"}},{"data":{"source":"HP:0031846","target":"Orphanet:178389","Edge_Type":"hpodis","label":"is associated w\/"}},{"data":{"source":"HP:0100501","target":"Orphanet:294023","Edge_Type":"hpodis","label":"is associated w\/"}},{"data":{"source":"HP:0025124","target":"Orphanet:85195","Edge_Type":"hpodis","label":"is associated w\/"}},{"data":{"source":"HP:0008513","target":"EFO:0004261","Edge_Type":"hpodis","label":"is associated w\/"}},{"data":{"source":"HP:0006640","target":"Orphanet:178389","Edge_Type":"hpodis","label":"is associated w\/"}},{"data":{"source":"HP:0006519","target":"MONDO:0008903","Edge_Type":"hpodis","label":"is associated w\/"}},{"data":{"source":"HP:0100552","target":"MONDO:0008903","Edge_Type":"hpodis","label":"is associated w\/"}},{"data":{"source":"HP:0003084","target":"EFO:0004261","Edge_Type":"hpodis","label":"is associated w\/"}},{"data":{"source":"HP:0003084","target":"EFO:0004261","Edge_Type":"hpodis","label":"is associated w\/"}},{"data":{"source":"HP:0002512","target":"EFO:0004261","Edge_Type":"hpodis","label":"is associated w\/"}},{"data":{"source":"HP:0007807","target":"Orphanet:178389","Edge_Type":"hpodis","label":"is associated w\/"}},{"data":{"source":"Q9Y6Q6","target":"Orphanet:178389","Edge_Type":"Disease","label":"is related to"}},{"data":{"source":"Q9Y6Q6","target":"Orphanet:85195","Edge_Type":"Disease","label":"is related to"}},{"data":{"source":"P00533","target":"MONDO:0008903","Edge_Type":"Disease","label":"is related to"}},{"data":{"source":"P04626","target":"MONDO:0008903","Edge_Type":"Disease","label":"is related to"}},{"data":{"source":"P00533","target":"EFO:0001071","Edge_Type":"Disease","label":"is related to"}},{"data":{"source":"P04626","target":"EFO:0001071","Edge_Type":"Disease","label":"is related to"}},{"data":{"source":"P00533","target":"EFO:0003060","Edge_Type":"Disease","label":"is related to"}},{"data":{"source":"P04626","target":"EFO:0003060","Edge_Type":"Disease","label":"is related to"}},{"data":{"source":"P00533","target":"Orphanet:294023","Edge_Type":"Disease","label":"is related to"}},{"data":{"source":"P00533","target":"EFO:0000571","Edge_Type":"Disease","label":"is related to"}},{"data":{"source":"P04626","target":"EFO:0000571","Edge_Type":"Disease","label":"is related to"}},{"data":{"source":"P12931","target":"Orphanet:71202","Edge_Type":"Disease","label":"is related to"}},{"data":{"source":"Q9Y6Q6","target":"EFO:0004261","Edge_Type":"Disease","label":"is related to"}},{"data":{"source":"Q9NSE2","target":"Orphanet:3389","Edge_Type":"Disease","label":"is related to"}},{"data":{"source":"P12931","target":"DB07662","Edge_Type":"Drug","label":"targets"}},{"data":{"source":"P00533","target":"DB07662","Edge_Type":"Drug","label":"targets"}},{"data":{"source":"P04626","target":"DB07662","Edge_Type":"Chembl","label":"targets","pchembl_value":6.94}},{"data":{"source":"P51813","target":"DB07662","Edge_Type":"Chembl","label":"targets","pchembl_value":6.49}},{"data":{"source":"Q15303","target":"DB07662","Edge_Type":"Chembl","label":"targets","pchembl_value":7.92}},{"data":{"source":"P00533","target":"DB08916","Edge_Type":"Drug","label":"targets"}},{"data":{"source":"P04626","target":"DB08916","Edge_Type":"Drug","label":"targets"}},{"data":{"source":"Q15303","target":"DB08916","Edge_Type":"Drug","label":"targets"}},{"data":{"source":"P00533","target":"DB06021","Edge_Type":"Drug","label":"targets"}},{"data":{"source":"P04626","target":"DB06021","Edge_Type":"Drug","label":"targets"}},{"data":{"source":"P04626","target":"DB05944","Edge_Type":"Drug","label":"targets"}},{"data":{"source":"P00533","target":"DB05944","Edge_Type":"Drug","label":"targets"}},{"data":{"source":"P00533","target":"DB04988","Edge_Type":"Drug","label":"targets"}},{"data":{"source":"P04626","target":"DB04988","Edge_Type":"Drug","label":"targets"}},{"data":{"source":"P00533","target":"DB01259","Edge_Type":"Drug","label":"targets"}},{"data":{"source":"P04626","target":"DB01259","Edge_Type":"Drug","label":"targets"}},{"data":{"source":"P00533","target":"DB11737","Edge_Type":"Drug","label":"targets"}},{"data":{"source":"P00533","target":"DB05524","Edge_Type":"Drug","label":"targets"}},{"data":{"source":"P04626","target":"DB05773","Edge_Type":"Drug","label":"targets"}},{"data":{"source":"P00533","target":"DB05101","Edge_Type":"Drug","label":"targets"}},{"data":{"source":"P00533","target":"R-HSA-1251932","Edge_Type":"Pathway","label":"is involved in"}},{"data":{"source":"P04626","target":"R-HSA-1251932","Edge_Type":"Pathway","label":"is involved in"}},{"data":{"source":"P00533","target":"R-HSA-1227986","Edge_Type":"Pathway","label":"is involved in"}},{"data":{"source":"P04626","target":"R-HSA-1227986","Edge_Type":"Pathway","label":"is involved in"}},{"data":{"source":"P12931","target":"R-HSA-1227986","Edge_Type":"Pathway","label":"is involved in"}},{"data":{"source":"Q15303","target":"R-HSA-1227986","Edge_Type":"Pathway","label":"is involved in"}},{"data":{"source":"P00533","target":"R-HSA-8847993","Edge_Type":"Pathway","label":"is involved in"}},{"data":{"source":"P04626","target":"R-HSA-8847993","Edge_Type":"Pathway","label":"is involved in"}},{"data":{"source":"Q15303","target":"R-HSA-8847993","Edge_Type":"Pathway","label":"is involved in"}},{"data":{"source":"P00533","target":"R-HSA-6785631","Edge_Type":"Pathway","label":"is involved in"}},{"data":{"source":"P04626","target":"R-HSA-6785631","Edge_Type":"Pathway","label":"is involved in"}},{"data":{"source":"Q15303","target":"R-HSA-6785631","Edge_Type":"Pathway","label":"is involved in"}},{"data":{"source":"P00533","target":"R-HSA-1963640","Edge_Type":"Pathway","label":"is involved in"}},{"data":{"source":"P04626","target":"R-HSA-1963640","Edge_Type":"Pathway","label":"is involved in"}},{"data":{"source":"Q15303","target":"R-HSA-1963640","Edge_Type":"Pathway","label":"is involved in"}},{"data":{"source":"P00533","target":"R-HSA-1963642","Edge_Type":"Pathway","label":"is involved in"}},{"data":{"source":"P04626","target":"R-HSA-1963642","Edge_Type":"Pathway","label":"is involved in"}},{"data":{"source":"Q15303","target":"R-HSA-1963642","Edge_Type":"Pathway","label":"is involved in"}},{"data":{"source":"P12931","target":"R-HSA-1253288","Edge_Type":"Pathway","label":"is involved in"}},{"data":{"source":"Q15303","target":"R-HSA-1253288","Edge_Type":"Pathway","label":"is involved in"}},{"data":{"source":"P00533","target":"R-HSA-1250196","Edge_Type":"Pathway","label":"is involved in"}},{"data":{"source":"P04626","target":"R-HSA-1250196","Edge_Type":"Pathway","label":"is involved in"}},{"data":{"source":"Q15303","target":"R-HSA-1250196","Edge_Type":"Pathway","label":"is involved in"}},{"data":{"source":"P00533","target":"R-HSA-8863795","Edge_Type":"Pathway","label":"is involved in"}},{"data":{"source":"P04626","target":"R-HSA-8863795","Edge_Type":"Pathway","label":"is involved in"}},{"data":{"source":"Q15303","target":"R-HSA-8863795","Edge_Type":"Pathway","label":"is involved in"}},{"data":{"source":"P00533","target":"R-HSA-1236394","Edge_Type":"Pathway","label":"is involved in"}},{"data":{"source":"Q15303","target":"R-HSA-1236394","Edge_Type":"Pathway","label":"is involved in"}},{"data":{"source":"Q9Y6Q6","target":"HP:0031846","Edge_Type":"HPO","label":"is associated w\/"}},{"data":{"source":"P00533","target":"HP:0100501","Edge_Type":"HPO","label":"is associated w\/"}},{"data":{"source":"Q9Y6Q6","target":"HP:0025124","Edge_Type":"HPO","label":"is associated w\/"}},{"data":{"source":"Q9Y6Q6","target":"HP:0008513","Edge_Type":"HPO","label":"is associated w\/"}},{"data":{"source":"Q9Y6Q6","target":"HP:0006640","Edge_Type":"HPO","label":"is associated w\/"}},{"data":{"source":"P00533","target":"HP:0006519","Edge_Type":"HPO","label":"is associated w\/"}},{"data":{"source":"P04626","target":"HP:0006519","Edge_Type":"HPO","label":"is associated w\/"}},{"data":{"source":"P00533","target":"HP:0100552","Edge_Type":"HPO","label":"is associated w\/"}},{"data":{"source":"P04626","target":"HP:0100552","Edge_Type":"HPO","label":"is associated w\/"}},{"data":{"source":"Q9Y6Q6","target":"HP:0003084","Edge_Type":"HPO","label":"is associated w\/"}},{"data":{"source":"Q9Y6Q6","target":"HP:0002512","Edge_Type":"HPO","label":"is associated w\/"}},{"data":{"source":"Q9Y6Q6","target":"HP:0007807","Edge_Type":"HPO","label":"is associated w\/"}},{"data":{"source":"P00533","target":"CHEMBL363746","Edge_Type":"Prediction","label":"targets"}},{"data":{"source":"P04626","target":"CHEMBL363746","Edge_Type":"Prediction","label":"targets"}},{"data":{"source":"P00533","target":"CHEMBL350937","Edge_Type":"Prediction","label":"targets"}},{"data":{"source":"P04626","target":"CHEMBL350937","Edge_Type":"Prediction","label":"targets"}},{"data":{"source":"P12931","target":"CHEMBL350937","Edge_Type":"Prediction","label":"targets"}},{"data":{"source":"P00533","target":"CHEMBL334074","Edge_Type":"Prediction","label":"targets"}},{"data":{"source":"P04626","target":"CHEMBL334074","Edge_Type":"Prediction","label":"targets"}},{"data":{"source":"P12931","target":"CHEMBL334074","Edge_Type":"Prediction","label":"targets"}},{"data":{"source":"P00533","target":"CHEMBL326397","Edge_Type":"Prediction","label":"targets"}},{"data":{"source":"P04626","target":"CHEMBL326397","Edge_Type":"Prediction","label":"targets"}},{"data":{"source":"P12931","target":"CHEMBL326397","Edge_Type":"Prediction","label":"targets"}},{"data":{"source":"P00533","target":"CHEMBL536083","Edge_Type":"Prediction","label":"targets"}},{"data":{"source":"P04626","target":"CHEMBL536083","Edge_Type":"Prediction","label":"targets"}},{"data":{"source":"P12931","target":"CHEMBL536083","Edge_Type":"Prediction","label":"targets"}},{"data":{"source":"P00533","target":"CHEMBL367263","Edge_Type":"Prediction","label":"targets"}},{"data":{"source":"P04626","target":"CHEMBL367263","Edge_Type":"Prediction","label":"targets"}},{"data":{"source":"P12931","target":"CHEMBL367263","Edge_Type":"Prediction","label":"targets"}},{"data":{"source":"P00533","target":"CHEMBL1651354","Edge_Type":"Prediction","label":"targets"}},{"data":{"source":"P00533","target":"CHEMBL3913496","Edge_Type":"Prediction","label":"targets"}},{"data":{"source":"P00533","target":"CHEMBL3781424","Edge_Type":"Prediction","label":"targets"}},{"data":{"source":"P00533","target":"CHEMBL3913144","Edge_Type":"Prediction","label":"targets"}},{"data":{"source":"H00031","target":"DB01259","Edge_Type":"kegg_dis_drug","label":"indicates"}},{"data":{"source":"H00031","target":"DB05773","Edge_Type":"kegg_dis_drug","label":"indicates"}},{"data":{"source":"P00533","target":"hsa04012","Edge_Type":"kegg_path_prot","label":"is involved in"}},{"data":{"source":"P04626","target":"hsa04012","Edge_Type":"kegg_path_prot","label":"is involved in"}},{"data":{"source":"P12931","target":"hsa04012","Edge_Type":"kegg_path_prot","label":"is involved in"}},{"data":{"source":"Q15303","target":"hsa04012","Edge_Type":"kegg_path_prot","label":"is involved in"}},{"data":{"source":"P12931","target":"hsa04917","Edge_Type":"kegg_path_prot","label":"is involved in"}},{"data":{"source":"Q9NSE2","target":"hsa04917","Edge_Type":"kegg_path_prot","label":"is involved in"}},{"data":{"source":"Q9Y6Q6","target":"hsa04917","Edge_Type":"kegg_path_prot","label":"is involved in"}},{"data":{"source":"P00533","target":"hsa04520","Edge_Type":"kegg_path_prot","label":"is involved in"}},{"data":{"source":"P04626","target":"hsa04520","Edge_Type":"kegg_path_prot","label":"is involved in"}},{"data":{"source":"P12931","target":"hsa04520","Edge_Type":"kegg_path_prot","label":"is involved in"}},{"data":{"source":"P00533","target":"hsa04510","Edge_Type":"kegg_path_prot","label":"is involved in"}},{"data":{"source":"P04626","target":"hsa04510","Edge_Type":"kegg_path_prot","label":"is involved in"}},{"data":{"source":"P12931","target":"hsa04510","Edge_Type":"kegg_path_prot","label":"is involved in"}},{"data":{"source":"Q9Y490","target":"hsa04510","Edge_Type":"kegg_path_prot","label":"is involved in"}},{"data":{"source":"P00533","target":"hsa04020","Edge_Type":"kegg_path_prot","label":"is involved in"}},{"data":{"source":"P04626","target":"hsa04020","Edge_Type":"kegg_path_prot","label":"is involved in"}},{"data":{"source":"Q15303","target":"hsa04020","Edge_Type":"kegg_path_prot","label":"is involved in"}},{"data":{"source":"P00533","target":"hsa04540","Edge_Type":"kegg_path_prot","label":"is involved in"}},{"data":{"source":"P12931","target":"hsa04540","Edge_Type":"kegg_path_prot","label":"is involved in"}},{"data":{"source":"P00533","target":"hsa04015","Edge_Type":"kegg_path_prot","label":"is involved in"}},{"data":{"source":"P12931","target":"hsa04015","Edge_Type":"kegg_path_prot","label":"is involved in"}},{"data":{"source":"Q9Y490","target":"hsa04015","Edge_Type":"kegg_path_prot","label":"is involved in"}},{"data":{"source":"P00533","target":"hsa04912","Edge_Type":"kegg_path_prot","label":"is involved in"}},{"data":{"source":"P12931","target":"hsa04912","Edge_Type":"kegg_path_prot","label":"is involved in"}},{"data":{"source":"P00533","target":"hsa04066","Edge_Type":"kegg_path_prot","label":"is involved in"}},{"data":{"source":"P04626","target":"hsa04066","Edge_Type":"kegg_path_prot","label":"is involved in"}},{"data":{"source":"P12931","target":"hsa04611","Edge_Type":"kegg_path_prot","label":"is involved in"}},{"data":{"source":"Q9Y490","target":"hsa04611","Edge_Type":"kegg_path_prot","label":"is involved in"}},{"data":{"source":"Q9Y6Q6","target":"H02042","Edge_Type":"kegg_dis_prot","label":"is related to"}},{"data":{"source":"P00533","target":"H00030","Edge_Type":"kegg_dis_prot","label":"is related to"}},{"data":{"source":"P04626","target":"H00030","Edge_Type":"kegg_dis_prot","label":"is related to"}},{"data":{"source":"P00533","target":"H01508","Edge_Type":"kegg_dis_prot","label":"is related to"}},{"data":{"source":"P04626","target":"H01508","Edge_Type":"kegg_dis_prot","label":"is related to"}},{"data":{"source":"P00533","target":"H01559","Edge_Type":"kegg_dis_prot","label":"is related to"}},{"data":{"source":"P00533","target":"H00028","Edge_Type":"kegg_dis_prot","label":"is related to"}},{"data":{"source":"P04626","target":"H00028","Edge_Type":"kegg_dis_prot","label":"is related to"}},{"data":{"source":"P00533","target":"H00022","Edge_Type":"kegg_dis_prot","label":"is related to"}},{"data":{"source":"P04626","target":"H00022","Edge_Type":"kegg_dis_prot","label":"is related to"}},{"data":{"source":"P00533","target":"H00031","Edge_Type":"kegg_dis_prot","label":"is related to"}},{"data":{"source":"P04626","target":"H00031","Edge_Type":"kegg_dis_prot","label":"is related to"}},{"data":{"source":"Q9Y6Q6","target":"H00437","Edge_Type":"kegg_dis_prot","label":"is related to"}},{"data":{"source":"P04626","target":"H01554","Edge_Type":"kegg_dis_prot","label":"is related to"}},{"data":{"source":"P04626","target":"H00026","Edge_Type":"kegg_dis_prot","label":"is related to"}}]}