Core Proteins,Interacting Proteins,Pathways,HPO terms,Diseases,Targeting Drugs,Experimental Bioactive Compounds (pChEMBL),Predicted interacting Compounds
HTR1A (P08908),GALR1 (P47211); HTR2A (P28223); FGFR1 (P11362); GPR39 (O43194),R-HSA-390666 Serotonin receptors[scr:2381]; hsa04726 Serotonergic synapse[scr:107]; hsa04080 Neuroactive ligand-receptor interaction[scr:56],,,DB09244 Pirlindole[scr:9999999]; DB00715 Paroxetine[scr:1656]; DB01175 Escitalopram[scr:1413]; DB08815 Lurasidone[scr:1413]; DB00502 Haloperidol[scr:1211]; DB14010 5-methoxy-N-N-dimethyltryptamine[scr:1060],,CHEMBL3656215 [scr:58]; CHEMBL2159793 [scr:58]; CHEMBL3697962 [scr:58]; CHEMBL3651814 [scr:58]; CHEMBL3695380 [scr:58]; CHEMBL2163979 [scr:58]; CHEMBL1576586 [scr:58]; CHEMBL3590109 [scr:58]; CHEMBL2159806 [scr:58]; CHEMBL3891169 [scr:58]
ADRA2A (P08913),ADRA2A (P08913); ADRA2C (P18825),R-HSA-392023 Adrenaline signalling through Alpha-2 adrenergic receptor[scr:9522]; R-HSA-390696 Adrenoceptors[scr:3174]; hsa04080 Neuroactive ligand-receptor interaction[scr:56],,,DB09244 Pirlindole[scr:9999999]; DB00433 Prochlorperazine[scr:2120]; DB00715 Paroxetine[scr:1656]; DB01175 Escitalopram[scr:1413]; DB08815 Lurasidone[scr:1413]; DB00502 Haloperidol[scr:1211],,
MAOA (P21397),MAOB (P27338),R-HSA-141333 Biogenic amines are oxidatively deaminated to aldehydes by MAOA and MAOB[scr:14283]; R-HSA-5579012 Defective MAOA causes Brunner syndrome (BRUNS)[scr:7142]; R-HSA-379398 Enzymatic degradation of Dopamine by monoamine oxidase[scr:3571]; R-HSA-380612 Metabolism of serotonin[scr:3571]; hsa00360 Phenylalanine metabolism[scr:190]; hsa00340 Histidine metabolism[scr:138]; hsa04726 Serotonergic synapse[scr:107]; hsa00350 Tyrosine metabolism[scr:87]; hsa00260 Glycine- serine and threonine metabolism[scr:72]; hsa00380 Tryptophan metabolism[scr:72]; hsa00330 Arginine and proline metabolism[scr:62]; hsa00982 Drug metabolism[scr:44]; hsa04728 Dopaminergic synapse[scr:22],,Orphanet:3057 Monoamine oxidase A deficiency (EFO)[scr:400]; H00548 Brunner syndrome (KEGG)[scr:407]; H01450 Obsessive-compulsive disorder (KEGG)[scr:233],DB09244 Pirlindole[scr:9999999]; DB01171 Moclobemide[scr:4239]; DB00752 Tranylcypromine[scr:1060]; DB01168 Procarbazine[scr:1060],,
GALR1 (P47211),HTR1A (P08908),hsa04080 Neuroactive ligand-receptor interaction[scr:56],,,,,
HTR2A (P28223),HTR1A (P08908); HTR2A (P28223),R-HSA-390666 Serotonin receptors[scr:2381]; hsa04726 Serotonergic synapse[scr:107]; hsa04080 Neuroactive ligand-receptor interaction[scr:56],HP:0012166 Skin-picking[scr:235],H01450 Obsessive-compulsive disorder (KEGG)[scr:233]; H01646 Major depressive disorder (KEGG)[scr:136]; H01611 Alcohol dependence (KEGG)[scr:51],DB00715 Paroxetine[scr:1656]; DB01175 Escitalopram[scr:1413]; DB08815 Lurasidone[scr:1413]; DB00502 Haloperidol[scr:1211]; DB14010 5-methoxy-N-N-dimethyltryptamine[scr:1060],,
FGFR1 (P11362),HTR1A (P08908); FGFR1 (P11362),R-HSA-1839120 Signaling by FGFR1 amplification mutants[scr:7142]; R-HSA-8853336 Signaling by plasma membrane FGFR1 fusions[scr:2381]; R-HSA-190374 FGFR1c and Klotho ligand binding and activation[scr:2381],HP:0008439 Lumbar hemivertebrae[scr:470]; HP:0007546 Linear hyperpigmentation[scr:235]; HP:0006283 Multiple unerupted teeth[scr:235]; HP:0005466 Hypoplasia of the frontal bone[scr:235]; HP:0005347 Cartilaginous trachea[scr:235]; HP:0008122 Calcaneonavicular fusion[scr:235]; HP:0011318 Bicoronal synostosis[scr:118]; HP:0008080 Hallux varus[scr:118]; HP:0100251 Multiple central nervous system lipomas[scr:118],Orphanet:2117 Hartsfield-Bixler-Demyer syndrome (EFO)[scr:400]; Orphanet:2396 Encephalocraniocutaneous lipomatosis (EFO)[scr:400]; Orphanet:2645 Osteoglophonic dwarfism (EFO)[scr:400]; Orphanet:1540 Jackson-Weiss syndrome (EFO)[scr:200]; Orphanet:3366 Isolated trigonocephaly (EFO)[scr:200]; Orphanet:710 Pfeiffer syndrome (EFO)[scr:200]; EFO:0004123 obsolete_acrocephalosyndactylia (EFO)[scr:133]; Orphanet:478 Kallmann syndrome (EFO)[scr:22]; Orphanet:432 Normosmic congenital hypogonadotropic hypogonadism (EFO)[scr:21]; H00443 Osteoglophonic dysplasia (KEGG)[scr:407]; H01850 Hartsfield syndrome (KEGG)[scr:407]; H01207 Trigonocephaly (KEGG)[scr:204]; H01756 Pfeiffer syndrome (KEGG)[scr:204]; H01988 Jackson-Weiss syndrome (KEGG)[scr:204]; H00458 Syndromic craniosynostoses (KEGG)[scr:45],,,
GPR39 (O43194),HTR1A (P08908),,,,,,
ADRA2C (P18825),ADRA2A (P08913); ADRA2C (P18825),R-HSA-392023 Adrenaline signalling through Alpha-2 adrenergic receptor[scr:9522]; R-HSA-390696 Adrenoceptors[scr:3174]; hsa04080 Neuroactive ligand-receptor interaction[scr:56],,,DB00433 Prochlorperazine[scr:2120]; DB00715 Paroxetine[scr:1656]; DB01175 Escitalopram[scr:1413]; DB08815 Lurasidone[scr:1413]; DB00502 Haloperidol[scr:1211],,
MAOB (P27338),MAOA (P21397),R-HSA-141333 Biogenic amines are oxidatively deaminated to aldehydes by MAOA and MAOB[scr:14283]; hsa00360 Phenylalanine metabolism[scr:190]; hsa00340 Histidine metabolism[scr:138]; hsa04726 Serotonergic synapse[scr:107]; hsa00350 Tyrosine metabolism[scr:87]; hsa00260 Glycine- serine and threonine metabolism[scr:72]; hsa00380 Tryptophan metabolism[scr:72]; hsa00330 Arginine and proline metabolism[scr:62]; hsa00982 Drug metabolism[scr:44]; hsa04728 Dopaminergic synapse[scr:22],,,DB01171 Moclobemide[scr:4239]; DB00752 Tranylcypromine[scr:1060]; DB01168 Procarbazine[scr:1060],,
