{"options":{"search_start":1613056183,"tax_ids":[9606],"num_of_fn_nodes":10,"num_of_pathways":10,"num_of_phenotypes":10,"num_of_drugs":10,"num_of_diseases":10,"num_of_compounds":10,"chembl_compounds":0,"predictions":1,"reviewed_filter":1,"fn":1,"chembl":1,"search_finish":1613056199,"search_runtime":16},"search":[{"Drug":[{"DB00129":"Ornithine"}]}],"nodes":[{"data":{"id":"O43246","display_name":"SLC7A4","Node_Type":"Protein"}},{"data":{"id":"O95190","display_name":"OAZ2","Node_Type":"Protein"}},{"data":{"id":"P00480","display_name":"OTC","Node_Type":"Protein"}},{"data":{"id":"P04181","display_name":"OAT","Node_Type":"Protein"}},{"data":{"id":"P05089","display_name":"ARG1","Node_Type":"Protein"}},{"data":{"id":"P30825","display_name":"SLC7A1","Node_Type":"Protein"}},{"data":{"id":"P50440","display_name":"GATM","Node_Type":"Protein"}},{"data":{"id":"P52569","display_name":"SLC7A2","Node_Type":"Protein"}},{"data":{"id":"P54368","display_name":"OAZ1","Node_Type":"Protein"}},{"data":{"id":"P78540","display_name":"ARG2","Node_Type":"Protein"}},{"data":{"id":"Q8WY07","display_name":"SLC7A3","Node_Type":"Protein"}},{"data":{"id":"Q9BXI2","display_name":"SLC25A2","Node_Type":"Protein"}},{"data":{"id":"Q9UMX2","display_name":"OAZ3","Node_Type":"Protein"}},{"data":{"id":"Q9Y619","display_name":"SLC25A15","Node_Type":"Protein"}},{"data":{"id":"Q96Q45","display_name":"TMEM237","Node_Type":"Protein_N"}},{"data":{"id":"Q9NTJ5","display_name":"SACM1L","Node_Type":"Protein_N"}},{"data":{"id":"Q96D05","display_name":"FAM241B","Node_Type":"Protein_N"}},{"data":{"id":"Q9Y6G1","display_name":"TMEM14A","Node_Type":"Protein_N"}},{"data":{"id":"Q96HH6","display_name":"TMEM19","Node_Type":"Protein_N"}},{"data":{"id":"P50876","display_name":"RNF144A","Node_Type":"Protein_N"}},{"data":{"id":"Q9BQ51","display_name":"PDCD1LG2","Node_Type":"Protein_N"}},{"data":{"id":"Q8N138","display_name":"ORMDL3","Node_Type":"Protein_N"}},{"data":{"id":"Q5TGU0","display_name":"TSPO2","Node_Type":"Protein_N"}},{"data":{"id":"O95214","display_name":"LEPROTL1","Node_Type":"Protein_N"}},{"data":{"id":"Orphanet:35704","display_name":"Arginine:glycine amidinotransferase deficiency","Node_Type":"Disease","enrichScore":150.042}},{"data":{"id":"EFO:0007409","display_name":"ornithine carbamoyltransferase deficiency","Node_Type":"Disease","enrichScore":150.042}},{"data":{"id":"Orphanet:414","display_name":"Gyrate atrophy of choroid and retina","Node_Type":"Disease","enrichScore":150.042}},{"data":{"id":"Orphanet:415","display_name":"Hyperornithinemia-hyperammonemia-homocitrullinuria","Node_Type":"Disease","enrichScore":150.042}},{"data":{"id":"Orphanet:664","display_name":"Ornithine transcarbamylase deficiency","Node_Type":"Disease","enrichScore":150.042}},{"data":{"id":"Orphanet:90","display_name":"Argininemia","Node_Type":"Disease","enrichScore":150.042}},{"data":{"id":"Orphanet:220497","display_name":"Joubert syndrome with renal defect","Node_Type":"Disease","enrichScore":50.014}},{"data":{"id":"MONDO:0010940","display_name":"inherited susceptibility to asthma","Node_Type":"Disease","enrichScore":25.007}},{"data":{"id":"Orphanet:220493","display_name":"Joubert syndrome with ocular defect","Node_Type":"Disease","enrichScore":25.007}},{"data":{"id":"Orphanet:2318","display_name":"Joubert syndrome with oculorenal defect","Node_Type":"Disease","enrichScore":25.007}},{"data":{"id":"DB00129","display_name":"Ornithine","Node_Type":"Drug","enrichScore":9999999}},{"data":{"id":"DB00123","display_name":"L-Lysine","Node_Type":"Drug","enrichScore":635.867}},{"data":{"id":"DB04185","display_name":"Norvaline","Node_Type":"Drug","enrichScore":397.417}},{"data":{"id":"DB03731","display_name":"S-2-(Boronoethyl)-L-Cysteine","Node_Type":"Drug","enrichScore":397.417}},{"data":{"id":"DB00125","display_name":"Arginine","Node_Type":"Drug","enrichScore":353.259}},{"data":{"id":"DB02689","display_name":"S-{2-[Amino(Dihydroxy)-Lambda~4~-Sulfanyl]Ethyl}-D-Cysteine","Node_Type":"Drug","enrichScore":198.708}},{"data":{"id":"DB04585","display_name":"DEHYDRO-2(S)-AMINO-6-BORONOHEXANOIC ACID","Node_Type":"Drug","enrichScore":198.708}},{"data":{"id":"DB04197","display_name":"Descarboxy-nor-N(Omega)-Hydroxy-L-Arginine","Node_Type":"Drug","enrichScore":198.708}},{"data":{"id":"DB02821","display_name":"Canaline","Node_Type":"Drug","enrichScore":198.708}},{"data":{"id":"DB02499","display_name":"Dinor-N(Omega)-Hydroxy-L-Arginine","Node_Type":"Drug","enrichScore":198.708}},{"data":{"id":"R-HSA-70635","display_name":"Urea cycle","Node_Type":"Pathway","enrichScore":6695.313}},{"data":{"id":"R-HSA-352230","display_name":"Amino acid transport across the plasma membrane","Node_Type":"Pathway","enrichScore":730.398}},{"data":{"id":"R-HSA-1483248","display_name":"Synthesis of PIPs at the ER membrane","Node_Type":"Pathway","enrichScore":535.625}},{"data":{"id":"R-HSA-350562","display_name":"Regulation of ornithine decarboxylase (ODC)","Node_Type":"Pathway","enrichScore":472.61}},{"data":{"id":"R-HSA-71288","display_name":"Creatine metabolism","Node_Type":"Pathway","enrichScore":267.813}},{"data":{"id":"R-HSA-1660514","display_name":"Synthesis of PIPs at the Golgi membrane","Node_Type":"Pathway","enrichScore":148.785}},{"data":{"id":"R-HSA-389948","display_name":"PD-1 signaling","Node_Type":"Pathway","enrichScore":89.271}},{"data":{"id":"R-HSA-1660661","display_name":"Sphingolipid de novo biosynthesis","Node_Type":"Pathway","enrichScore":60.866}},{"data":{"id":"R-HSA-8866654","display_name":"E3 ubiquitin ligases ubiquitinate target proteins","Node_Type":"Pathway","enrichScore":48.693}},{"data":{"id":"R-HSA-1268020","display_name":"Mitochondrial protein import","Node_Type":"Pathway","enrichScore":41.202}},{"data":{"id":"HP:0012025","display_name":"Abnormal circulating ornithine concentration","Node_Type":"HPO","enrichScore":176.292}},{"data":{"id":"HP:0040030","display_name":"Chorioretinal hypopigmentation","Node_Type":"HPO","enrichScore":176.292}},{"data":{"id":"HP:0012026","display_name":"Hyperornithinemia","Node_Type":"HPO","enrichScore":176.292}},{"data":{"id":"HP:0008339","display_name":"Diaminoaciduria","Node_Type":"HPO","enrichScore":176.292}},{"data":{"id":"HP:0002038","display_name":"Protein avoidance","Node_Type":"HPO","enrichScore":141.033}},{"data":{"id":"HP:0003218","display_name":"Oroticaciduria","Node_Type":"HPO","enrichScore":117.528}},{"data":{"id":"HP:0001950","display_name":"Respiratory alkalosis","Node_Type":"HPO","enrichScore":117.528}},{"data":{"id":"HP:0007661","display_name":"Abnormality of chorioretinal pigmentation","Node_Type":"HPO","enrichScore":88.146}},{"data":{"id":"HP:0200119","display_name":"Acute hepatitis","Node_Type":"HPO","enrichScore":88.146}},{"data":{"id":"HP:0025051","display_name":"Reduced brain creatine level by MRS","Node_Type":"HPO","enrichScore":58.764}},{"data":{"id":"hsa00220","display_name":"Arginine biosynthesis","Node_Type":"kegg_Pathway","enrichScore":128.213}},{"data":{"id":"hsa00330","display_name":"Arginine and proline metabolism","Node_Type":"kegg_Pathway","enrichScore":93.034}},{"data":{"id":"hsa01230","display_name":"Biosynthesis of amino acids","Node_Type":"kegg_Pathway","enrichScore":33.74}},{"data":{"id":"hsa01100","display_name":"Metabolic pathways","Node_Type":"kegg_Pathway","enrichScore":6.935}},{"data":{"id":"hsa00260","display_name":"Glycine, serine and threonine metabolism","Node_Type":"kegg_Pathway","enrichScore":6.784}},{"data":{"id":"hsa00562","display_name":"Inositol phosphate metabolism","Node_Type":"kegg_Pathway","enrichScore":3.85}},{"data":{"id":"hsa04070","display_name":"Phosphatidylinositol signaling system","Node_Type":"kegg_Pathway","enrichScore":2.713}},{"data":{"id":"hsa04514","display_name":"Cell adhesion molecules (CAMs)","Node_Type":"kegg_Pathway","enrichScore":1.979}},{"data":{"id":"H01398","display_name":"Primary hyperammonemic disorders (Urea cycle disorders)","Node_Type":"kegg_Disease","enrichScore":171.891}},{"data":{"id":"H00187","display_name":"Ornithine transcarbamylase deficiency","Node_Type":"kegg_Disease","enrichScore":152.792}},{"data":{"id":"H00189","display_name":"Ornithinaemia","Node_Type":"kegg_Disease","enrichScore":152.792}},{"data":{"id":"H00186","display_name":"Hyperargininemia","Node_Type":"kegg_Disease","enrichScore":152.792}},{"data":{"id":"H01268","display_name":"Hyperornithinemia-hyperammonemia-homocitrullinuria syndrome","Node_Type":"kegg_Disease","enrichScore":152.792}},{"data":{"id":"H00849","display_name":"Cerebral creatine deficiency syndrome","Node_Type":"kegg_Disease","enrichScore":50.931}},{"data":{"id":"H01400","display_name":"Secondary hyperammonemia","Node_Type":"kegg_Disease","enrichScore":8.488}},{"data":{"id":"H00530","display_name":"Joubert syndrome","Node_Type":"kegg_Disease","enrichScore":4.63}}],"edges":[{"data":{"source":"Q96Q45","target":"P30825","Edge_Type":"PPI","label":"interacts w\/"}},{"data":{"source":"Q96Q45","target":"Q8WY07","Edge_Type":"PPI","label":"interacts w\/"}},{"data":{"source":"Q96Q45","target":"O95214","Edge_Type":"PPI","label":"interacts w\/"}},{"data":{"source":"Q96Q45","target":"Q8N138","Edge_Type":"PPI","label":"interacts w\/"}},{"data":{"source":"Q9NTJ5","target":"P30825","Edge_Type":"PPI","label":"interacts w\/"}},{"data":{"source":"Q96D05","target":"P30825","Edge_Type":"PPI","label":"interacts w\/"}},{"data":{"source":"Q9Y6G1","target":"P30825","Edge_Type":"PPI","label":"interacts w\/"}},{"data":{"source":"Q96HH6","target":"P30825","Edge_Type":"PPI","label":"interacts w\/"}},{"data":{"source":"P50876","target":"P30825","Edge_Type":"PPI","label":"interacts w\/"}},{"data":{"source":"Q9BQ51","target":"P30825","Edge_Type":"PPI","label":"interacts w\/"}},{"data":{"source":"Q8N138","target":"P30825","Edge_Type":"PPI","label":"interacts w\/"}},{"data":{"source":"Q5TGU0","target":"P30825","Edge_Type":"PPI","label":"interacts w\/"}},{"data":{"source":"O95214","target":"P30825","Edge_Type":"PPI","label":"interacts w\/"}},{"data":{"source":"O95214","target":"O95214","Edge_Type":"PPI","label":"interacts w\/"}},{"data":{"source":"O95214","target":"Q8N138","Edge_Type":"PPI","label":"interacts w\/"}},{"data":{"source":"O95214","target":"Q96HH6","Edge_Type":"PPI","label":"interacts w\/"}},{"data":{"source":"HP:0012025","target":"Orphanet:415","Edge_Type":"hpodis","label":"is associated w\/"}},{"data":{"source":"HP:0012025","target":"Orphanet:415","Edge_Type":"hpodis","label":"is associated w\/"}},{"data":{"source":"HP:0012025","target":"Orphanet:414","Edge_Type":"hpodis","label":"is associated w\/"}},{"data":{"source":"HP:0040030","target":"Orphanet:415","Edge_Type":"hpodis","label":"is associated w\/"}},{"data":{"source":"HP:0012026","target":"Orphanet:415","Edge_Type":"hpodis","label":"is associated w\/"}},{"data":{"source":"HP:0012026","target":"Orphanet:415","Edge_Type":"hpodis","label":"is associated w\/"}},{"data":{"source":"HP:0012026","target":"Orphanet:414","Edge_Type":"hpodis","label":"is associated w\/"}},{"data":{"source":"HP:0008339","target":"Orphanet:90","Edge_Type":"hpodis","label":"is associated w\/"}},{"data":{"source":"HP:0008339","target":"Orphanet:90","Edge_Type":"hpodis","label":"is associated w\/"}},{"data":{"source":"HP:0002038","target":"EFO:0007409","Edge_Type":"hpodis","label":"is associated w\/"}},{"data":{"source":"HP:0002038","target":"Orphanet:415","Edge_Type":"hpodis","label":"is associated w\/"}},{"data":{"source":"HP:0002038","target":"Orphanet:415","Edge_Type":"hpodis","label":"is associated w\/"}},{"data":{"source":"HP:0003218","target":"Orphanet:90","Edge_Type":"hpodis","label":"is associated w\/"}},{"data":{"source":"HP:0003218","target":"Orphanet:415","Edge_Type":"hpodis","label":"is associated w\/"}},{"data":{"source":"HP:0001950","target":"EFO:0007409","Edge_Type":"hpodis","label":"is associated w\/"}},{"data":{"source":"HP:0001950","target":"Orphanet:415","Edge_Type":"hpodis","label":"is associated w\/"}},{"data":{"source":"HP:0007661","target":"Orphanet:415","Edge_Type":"hpodis","label":"is associated w\/"}},{"data":{"source":"HP:0007661","target":"Orphanet:414","Edge_Type":"hpodis","label":"is associated w\/"}},{"data":{"source":"HP:0200119","target":"Orphanet:415","Edge_Type":"hpodis","label":"is associated w\/"}},{"data":{"source":"HP:0025051","target":"Orphanet:35704","Edge_Type":"hpodis","label":"is associated w\/"}},{"data":{"source":"P50440","target":"Orphanet:35704","Edge_Type":"Disease","label":"is related to"}},{"data":{"source":"P00480","target":"EFO:0007409","Edge_Type":"Disease","label":"is related to"}},{"data":{"source":"P04181","target":"Orphanet:414","Edge_Type":"Disease","label":"is related to"}},{"data":{"source":"Q9Y619","target":"Orphanet:415","Edge_Type":"Disease","label":"is related to"}},{"data":{"source":"P00480","target":"Orphanet:664","Edge_Type":"Disease","label":"is related to"}},{"data":{"source":"P05089","target":"Orphanet:90","Edge_Type":"Disease","label":"is related to"}},{"data":{"source":"Q96Q45","target":"Orphanet:220497","Edge_Type":"Disease","label":"is related to"}},{"data":{"source":"Q8N138","target":"MONDO:0010940","Edge_Type":"Disease","label":"is related to"}},{"data":{"source":"Q96Q45","target":"Orphanet:220493","Edge_Type":"Disease","label":"is related to"}},{"data":{"source":"Q96Q45","target":"Orphanet:2318","Edge_Type":"Disease","label":"is related to"}},{"data":{"source":"P04181","target":"DB00129","Edge_Type":"Drug","label":"targets"}},{"data":{"source":"P00480","target":"DB00129","Edge_Type":"Drug","label":"targets"}},{"data":{"source":"P05089","target":"DB00129","Edge_Type":"Drug","label":"targets"}},{"data":{"source":"P54368","target":"DB00129","Edge_Type":"Drug","label":"targets"}},{"data":{"source":"P52569","target":"DB00129","Edge_Type":"Drug","label":"targets"}},{"data":{"source":"Q9BXI2","target":"DB00129","Edge_Type":"Drug","label":"targets"}},{"data":{"source":"O43246","target":"DB00129","Edge_Type":"Drug","label":"targets"}},{"data":{"source":"P30825","target":"DB00129","Edge_Type":"Drug","label":"targets"}},{"data":{"source":"P78540","target":"DB00129","Edge_Type":"Drug","label":"targets"}},{"data":{"source":"Q9Y619","target":"DB00129","Edge_Type":"Drug","label":"targets"}},{"data":{"source":"Q8WY07","target":"DB00129","Edge_Type":"Drug","label":"targets"}},{"data":{"source":"O95190","target":"DB00129","Edge_Type":"Drug","label":"targets"}},{"data":{"source":"P50440","target":"DB00129","Edge_Type":"Drug","label":"targets"}},{"data":{"source":"Q9UMX2","target":"DB00129","Edge_Type":"Drug","label":"targets"}},{"data":{"source":"P30825","target":"DB00123","Edge_Type":"Drug","label":"targets"}},{"data":{"source":"O43246","target":"DB00123","Edge_Type":"Drug","label":"targets"}},{"data":{"source":"Q8WY07","target":"DB00123","Edge_Type":"Drug","label":"targets"}},{"data":{"source":"P52569","target":"DB00123","Edge_Type":"Drug","label":"targets"}},{"data":{"source":"P00480","target":"DB04185","Edge_Type":"Drug","label":"targets"}},{"data":{"source":"P50440","target":"DB04185","Edge_Type":"Drug","label":"targets"}},{"data":{"source":"P05089","target":"DB03731","Edge_Type":"Drug","label":"targets"}},{"data":{"source":"P78540","target":"DB03731","Edge_Type":"Drug","label":"targets"}},{"data":{"source":"Q8WY07","target":"DB00125","Edge_Type":"Drug","label":"targets"}},{"data":{"source":"P30825","target":"DB00125","Edge_Type":"Drug","label":"targets"}},{"data":{"source":"P78540","target":"DB00125","Edge_Type":"Drug","label":"targets"}},{"data":{"source":"O43246","target":"DB00125","Edge_Type":"Drug","label":"targets"}},{"data":{"source":"P05089","target":"DB02689","Edge_Type":"Drug","label":"targets"}},{"data":{"source":"P05089","target":"DB04585","Edge_Type":"Drug","label":"targets"}},{"data":{"source":"P05089","target":"DB04197","Edge_Type":"Drug","label":"targets"}},{"data":{"source":"P04181","target":"DB02821","Edge_Type":"Drug","label":"targets"}},{"data":{"source":"P05089","target":"DB02499","Edge_Type":"Drug","label":"targets"}},{"data":{"source":"P00480","target":"R-HSA-70635","Edge_Type":"Pathway","label":"is involved in"}},{"data":{"source":"P05089","target":"R-HSA-70635","Edge_Type":"Pathway","label":"is involved in"}},{"data":{"source":"P78540","target":"R-HSA-70635","Edge_Type":"Pathway","label":"is involved in"}},{"data":{"source":"Q9BXI2","target":"R-HSA-70635","Edge_Type":"Pathway","label":"is involved in"}},{"data":{"source":"Q9Y619","target":"R-HSA-70635","Edge_Type":"Pathway","label":"is involved in"}},{"data":{"source":"P30825","target":"R-HSA-352230","Edge_Type":"Pathway","label":"is involved in"}},{"data":{"source":"P52569","target":"R-HSA-352230","Edge_Type":"Pathway","label":"is involved in"}},{"data":{"source":"Q8WY07","target":"R-HSA-352230","Edge_Type":"Pathway","label":"is involved in"}},{"data":{"source":"Q9NTJ5","target":"R-HSA-1483248","Edge_Type":"Pathway","label":"is involved in"}},{"data":{"source":"O95190","target":"R-HSA-350562","Edge_Type":"Pathway","label":"is involved in"}},{"data":{"source":"P54368","target":"R-HSA-350562","Edge_Type":"Pathway","label":"is involved in"}},{"data":{"source":"Q9UMX2","target":"R-HSA-350562","Edge_Type":"Pathway","label":"is involved in"}},{"data":{"source":"P50440","target":"R-HSA-71288","Edge_Type":"Pathway","label":"is involved in"}},{"data":{"source":"Q9NTJ5","target":"R-HSA-1660514","Edge_Type":"Pathway","label":"is involved in"}},{"data":{"source":"Q9BQ51","target":"R-HSA-389948","Edge_Type":"Pathway","label":"is involved in"}},{"data":{"source":"Q8N138","target":"R-HSA-1660661","Edge_Type":"Pathway","label":"is involved in"}},{"data":{"source":"P50876","target":"R-HSA-8866654","Edge_Type":"Pathway","label":"is involved in"}},{"data":{"source":"P00480","target":"R-HSA-1268020","Edge_Type":"Pathway","label":"is involved in"}},{"data":{"source":"Q9Y619","target":"HP:0012025","Edge_Type":"HPO","label":"is associated w\/"}},{"data":{"source":"Q9Y619","target":"HP:0040030","Edge_Type":"HPO","label":"is associated w\/"}},{"data":{"source":"Q9Y619","target":"HP:0012026","Edge_Type":"HPO","label":"is associated w\/"}},{"data":{"source":"P05089","target":"HP:0008339","Edge_Type":"HPO","label":"is associated w\/"}},{"data":{"source":"P00480","target":"HP:0002038","Edge_Type":"HPO","label":"is associated w\/"}},{"data":{"source":"Q9Y619","target":"HP:0002038","Edge_Type":"HPO","label":"is associated w\/"}},{"data":{"source":"P05089","target":"HP:0003218","Edge_Type":"HPO","label":"is associated w\/"}},{"data":{"source":"Q9Y619","target":"HP:0003218","Edge_Type":"HPO","label":"is associated w\/"}},{"data":{"source":"P00480","target":"HP:0001950","Edge_Type":"HPO","label":"is associated w\/"}},{"data":{"source":"Q9Y619","target":"HP:0001950","Edge_Type":"HPO","label":"is associated w\/"}},{"data":{"source":"Q9Y619","target":"HP:0007661","Edge_Type":"HPO","label":"is associated w\/"}},{"data":{"source":"Q9Y619","target":"HP:0200119","Edge_Type":"HPO","label":"is associated w\/"}},{"data":{"source":"P50440","target":"HP:0025051","Edge_Type":"HPO","label":"is associated w\/"}},{"data":{"source":"H01398","target":"hsa00220","Edge_Type":"kegg_dis_path","label":"modulates"}},{"data":{"source":"H00187","target":"hsa00220","Edge_Type":"kegg_dis_path","label":"modulates"}},{"data":{"source":"H00189","target":"hsa00330","Edge_Type":"kegg_dis_path","label":"modulates"}},{"data":{"source":"H00186","target":"hsa00220","Edge_Type":"kegg_dis_path","label":"modulates"}},{"data":{"source":"H00186","target":"hsa00330","Edge_Type":"kegg_dis_path","label":"modulates"}},{"data":{"source":"H00849","target":"hsa00260","Edge_Type":"kegg_dis_path","label":"modulates"}},{"data":{"source":"H00849","target":"hsa00330","Edge_Type":"kegg_dis_path","label":"modulates"}},{"data":{"source":"H00530","target":"hsa00562","Edge_Type":"kegg_dis_path","label":"modulates"}},{"data":{"source":"H00530","target":"hsa04070","Edge_Type":"kegg_dis_path","label":"modulates"}},{"data":{"source":"P00480","target":"hsa00220","Edge_Type":"kegg_path_prot","label":"is involved in"}},{"data":{"source":"P05089","target":"hsa00220","Edge_Type":"kegg_path_prot","label":"is involved in"}},{"data":{"source":"P78540","target":"hsa00220","Edge_Type":"kegg_path_prot","label":"is involved in"}},{"data":{"source":"P04181","target":"hsa00330","Edge_Type":"kegg_path_prot","label":"is involved in"}},{"data":{"source":"P05089","target":"hsa00330","Edge_Type":"kegg_path_prot","label":"is involved in"}},{"data":{"source":"P50440","target":"hsa00330","Edge_Type":"kegg_path_prot","label":"is involved in"}},{"data":{"source":"P78540","target":"hsa00330","Edge_Type":"kegg_path_prot","label":"is involved in"}},{"data":{"source":"P00480","target":"hsa01230","Edge_Type":"kegg_path_prot","label":"is involved in"}},{"data":{"source":"P05089","target":"hsa01230","Edge_Type":"kegg_path_prot","label":"is involved in"}},{"data":{"source":"P78540","target":"hsa01230","Edge_Type":"kegg_path_prot","label":"is involved in"}},{"data":{"source":"P00480","target":"hsa01100","Edge_Type":"kegg_path_prot","label":"is involved in"}},{"data":{"source":"P04181","target":"hsa01100","Edge_Type":"kegg_path_prot","label":"is involved in"}},{"data":{"source":"P05089","target":"hsa01100","Edge_Type":"kegg_path_prot","label":"is involved in"}},{"data":{"source":"P50440","target":"hsa01100","Edge_Type":"kegg_path_prot","label":"is involved in"}},{"data":{"source":"P78540","target":"hsa01100","Edge_Type":"kegg_path_prot","label":"is involved in"}},{"data":{"source":"Q9NTJ5","target":"hsa01100","Edge_Type":"kegg_path_prot","label":"is involved in"}},{"data":{"source":"P50440","target":"hsa00260","Edge_Type":"kegg_path_prot","label":"is involved in"}},{"data":{"source":"Q9NTJ5","target":"hsa00562","Edge_Type":"kegg_path_prot","label":"is involved in"}},{"data":{"source":"Q9NTJ5","target":"hsa04070","Edge_Type":"kegg_path_prot","label":"is involved in"}},{"data":{"source":"Q9BQ51","target":"hsa04514","Edge_Type":"kegg_path_prot","label":"is involved in"}},{"data":{"source":"P00480","target":"H01398","Edge_Type":"kegg_dis_prot","label":"is related to"}},{"data":{"source":"P05089","target":"H01398","Edge_Type":"kegg_dis_prot","label":"is related to"}},{"data":{"source":"Q9Y619","target":"H01398","Edge_Type":"kegg_dis_prot","label":"is related to"}},{"data":{"source":"P00480","target":"H00187","Edge_Type":"kegg_dis_prot","label":"is related to"}},{"data":{"source":"P04181","target":"H00189","Edge_Type":"kegg_dis_prot","label":"is related to"}},{"data":{"source":"P05089","target":"H00186","Edge_Type":"kegg_dis_prot","label":"is related to"}},{"data":{"source":"Q9Y619","target":"H01268","Edge_Type":"kegg_dis_prot","label":"is related to"}},{"data":{"source":"P50440","target":"H00849","Edge_Type":"kegg_dis_prot","label":"is related to"}},{"data":{"source":"P04181","target":"H01400","Edge_Type":"kegg_dis_prot","label":"is related to"}},{"data":{"source":"Q96Q45","target":"H00530","Edge_Type":"kegg_dis_prot","label":"is related to"}}]}