{"options":{"search_start":1613058977,"tax_ids":[9606],"num_of_fn_nodes":10,"num_of_pathways":10,"num_of_phenotypes":10,"num_of_drugs":10,"num_of_diseases":10,"num_of_compounds":10,"chembl_compounds":0,"predictions":1,"reviewed_filter":1,"fn":1,"chembl":1,"search_finish":1613058991,"search_runtime":14},"search":[{"Drug":[{"DB00048":"Collagenase clostridium histolyticum"}]}],"nodes":[{"data":{"id":"P02452","display_name":"COL1A1","Node_Type":"Protein"}},{"data":{"id":"P02458","display_name":"COL2A1","Node_Type":"Protein"}},{"data":{"id":"P02461","display_name":"COL3A1","Node_Type":"Protein"}},{"data":{"id":"P08123","display_name":"COL1A2","Node_Type":"Protein"}},{"data":{"id":"Q6PIL6","display_name":"KCNIP4","Node_Type":"Protein_N"}},{"data":{"id":"P09486","display_name":"SPARC","Node_Type":"Protein_N"}},{"data":{"id":"Q14145","display_name":"KEAP1","Node_Type":"Protein_N"}},{"data":{"id":"O00303","display_name":"EIF3F","Node_Type":"Protein_N"}},{"data":{"id":"Q96GM5","display_name":"SMARCD1","Node_Type":"Protein_N"}},{"data":{"id":"Q96EQ0","display_name":"SGTB","Node_Type":"Protein_N"}},{"data":{"id":"P63010","display_name":"AP2B1","Node_Type":"Protein_N"}},{"data":{"id":"P02751","display_name":"FN1","Node_Type":"Protein_N"}},{"data":{"id":"Q9UHD9","display_name":"UBQLN2","Node_Type":"Protein_N"}},{"data":{"id":"Q53G59","display_name":"KLHL12","Node_Type":"Protein_N"}},{"data":{"id":"Orphanet:216796","display_name":"Osteogenesis imperfecta type 1","Node_Type":"Disease","enrichScore":514.429}},{"data":{"id":"Orphanet:1899","display_name":"Ehlers-Danlos syndrome, arthrochalasic type","Node_Type":"Disease","enrichScore":514.429}},{"data":{"id":"Orphanet:99876","display_name":"Ehlers-Danlos syndrome type 7B","Node_Type":"Disease","enrichScore":257.214}},{"data":{"id":"Orphanet:230851","display_name":"Ehlers-Danlos syndrome, cardiac valvular type","Node_Type":"Disease","enrichScore":257.214}},{"data":{"id":"Orphanet:85166","display_name":"Platyspondylic dysplasia, Torrance type","Node_Type":"Disease","enrichScore":257.214}},{"data":{"id":"Orphanet:84090","display_name":"Fibronectin glomerulopathy","Node_Type":"Disease","enrichScore":257.214}},{"data":{"id":"Orphanet:93279","display_name":"Mild spondyloepiphyseal dysplasia due to COL2A1 mutation with early-onset osteoarthritis","Node_Type":"Disease","enrichScore":257.214}},{"data":{"id":"Orphanet:485","display_name":"Kniest dysplasia","Node_Type":"Disease","enrichScore":257.214}},{"data":{"id":"Orphanet:93296","display_name":"Achondrogenesis type 2","Node_Type":"Disease","enrichScore":257.214}},{"data":{"id":"Orphanet:93297","display_name":"Hypochondrogenesis","Node_Type":"Disease","enrichScore":257.214}},{"data":{"id":"DB00048","display_name":"Collagenase clostridium histolyticum","Node_Type":"Drug","enrichScore":9999999}},{"data":{"id":"DB04866","display_name":"Halofuginone","Node_Type":"Drug","enrichScore":170.321}},{"data":{"id":"DB08908","display_name":"Dimethyl fumarate","Node_Type":"Drug","enrichScore":170.321}},{"data":{"id":"DB12872","display_name":"Vonicog Alfa","Node_Type":"Drug","enrichScore":170.321}},{"data":{"id":"DB13133","display_name":"Von Willebrand Factor Human","Node_Type":"Drug","enrichScore":170.321}},{"data":{"id":"DB08888","display_name":"Ocriplasmin","Node_Type":"Drug","enrichScore":113.548}},{"data":{"id":"DB11338","display_name":"Clove oil","Node_Type":"Drug","enrichScore":85.161}},{"data":{"id":"DB06245","display_name":"Lanoteplase","Node_Type":"Drug","enrichScore":20.038}},{"data":{"id":"DB04216","display_name":"Quercetin","Node_Type":"Drug","enrichScore":12.166}},{"data":{"id":"DB11093","display_name":"Calcium citrate","Node_Type":"Drug","enrichScore":10.323}},{"data":{"id":"R-HSA-1474244","display_name":"Extracellular matrix organization","Node_Type":"Pathway","enrichScore":7651.786}},{"data":{"id":"R-HSA-8874081","display_name":"MET activates PTK2 signaling","Node_Type":"Pathway","enrichScore":3825.893}},{"data":{"id":"R-HSA-3000171","display_name":"Non-integrin membrane-ECM interactions","Node_Type":"Pathway","enrichScore":2869.42}},{"data":{"id":"R-HSA-3000170","display_name":"Syndecan interactions","Node_Type":"Pathway","enrichScore":2720.635}},{"data":{"id":"R-HSA-3000480","display_name":"Scavenging by Class A Receptors","Node_Type":"Pathway","enrichScore":2174.718}},{"data":{"id":"R-HSA-3000178","display_name":"ECM proteoglycans","Node_Type":"Pathway","enrichScore":2174.718}},{"data":{"id":"R-HSA-76009","display_name":"Platelet Aggregation (Plug Formation)","Node_Type":"Pathway","enrichScore":1836.429}},{"data":{"id":"R-HSA-8948216","display_name":"Collagen chain trimerization","Node_Type":"Pathway","enrichScore":1669.481}},{"data":{"id":"R-HSA-430116","display_name":"GP1b-IX-V activation signalling","Node_Type":"Pathway","enrichScore":1530.357}},{"data":{"id":"R-HSA-2022090","display_name":"Assembly of collagen fibrils and other multimeric structures","Node_Type":"Pathway","enrichScore":1440.336}},{"data":{"id":"HP:0005005","display_name":"Femoral bowing present at birth, straightening with time","Node_Type":"HPO","enrichScore":604.429}},{"data":{"id":"HP:0003321","display_name":"Biconcave flattened vertebrae","Node_Type":"HPO","enrichScore":604.429}},{"data":{"id":"HP:0005897","display_name":"Severe generalized osteoporosis","Node_Type":"HPO","enrichScore":604.429}},{"data":{"id":"HP:0005623","display_name":"Absent ossification of calvaria","Node_Type":"HPO","enrichScore":604.429}},{"data":{"id":"HP:0031157","display_name":"Carotid cavernous fistula","Node_Type":"HPO","enrichScore":302.214}},{"data":{"id":"HP:0011860","display_name":"Metaphyseal dappling","Node_Type":"HPO","enrichScore":302.214}},{"data":{"id":"HP:0005451","display_name":"Decreased cranial base ossification","Node_Type":"HPO","enrichScore":302.214}},{"data":{"id":"HP:0004605","display_name":"Absent vertebral body mineralization","Node_Type":"HPO","enrichScore":302.214}},{"data":{"id":"HP:0004619","display_name":"Lumbar kyphoscoliosis","Node_Type":"HPO","enrichScore":302.214}},{"data":{"id":"HP:0032463","display_name":"HP:0032463","Node_Type":"HPO","enrichScore":302.214}},{"data":{"id":"hsa04512","display_name":"ECM-receptor interaction","Node_Type":"kegg_Pathway","enrichScore":88.805}},{"data":{"id":"hsa04974","display_name":"Protein digestion and absorption","Node_Type":"kegg_Pathway","enrichScore":82.262}},{"data":{"id":"hsa04510","display_name":"Focal adhesion","Node_Type":"kegg_Pathway","enrichScore":39.271}},{"data":{"id":"hsa04611","display_name":"Platelet activation","Node_Type":"kegg_Pathway","enrichScore":35.167}},{"data":{"id":"hsa04926","display_name":"Relaxin signaling pathway","Node_Type":"kegg_Pathway","enrichScore":33.814}},{"data":{"id":"hsa04151","display_name":"PI3K-Akt signaling pathway","Node_Type":"kegg_Pathway","enrichScore":22.076}},{"data":{"id":"hsa04961","display_name":"Endocrine and other factor-regulated calcium reabsorption","Node_Type":"kegg_Pathway","enrichScore":9.045}},{"data":{"id":"hsa04721","display_name":"Synaptic vesicle cycle","Node_Type":"kegg_Pathway","enrichScore":6.262}},{"data":{"id":"hsa04120","display_name":"Ubiquitin mediated proteolysis","Node_Type":"kegg_Pathway","enrichScore":3.591}},{"data":{"id":"hsa03013","display_name":"RNA transport","Node_Type":"kegg_Pathway","enrichScore":3.111}},{"data":{"id":"H02243","display_name":"Ehlers-Danlos syndrome arthrochalasia type","Node_Type":"kegg_Disease","enrichScore":523.857}},{"data":{"id":"H02071","display_name":"Czech dysplasia","Node_Type":"kegg_Disease","enrichScore":261.929}},{"data":{"id":"H02070","display_name":"Kniest dysplasia","Node_Type":"kegg_Disease","enrichScore":261.929}},{"data":{"id":"H00613","display_name":"Infantile cortical hyperostosis","Node_Type":"kegg_Disease","enrichScore":261.929}},{"data":{"id":"H01260","display_name":"Glomerulopathy with fibronectin deposits","Node_Type":"kegg_Disease","enrichScore":261.929}},{"data":{"id":"H00445","display_name":"Osteoarthritis with mild chondrodysplasia","Node_Type":"kegg_Disease","enrichScore":261.929}},{"data":{"id":"H00519","display_name":"Spondyloepiphyseal dysplasia congenita","Node_Type":"kegg_Disease","enrichScore":261.929}},{"data":{"id":"H00520","display_name":"Type II collagenopathies","Node_Type":"kegg_Disease","enrichScore":261.929}},{"data":{"id":"H02241","display_name":"Ehlers-Danlos syndrome cardiac valvular type","Node_Type":"kegg_Disease","enrichScore":261.929}},{"data":{"id":"H02242","display_name":"Ehlers-Danlos syndrome vascular type","Node_Type":"kegg_Disease","enrichScore":261.929}}],"edges":[{"data":{"source":"Q6PIL6","target":"P08123","Edge_Type":"PPI","label":"interacts w\/"}},{"data":{"source":"P09486","target":"P02461","Edge_Type":"PPI","label":"interacts w\/"}},{"data":{"source":"Q14145","target":"P02452","Edge_Type":"PPI","label":"interacts w\/"}},{"data":{"source":"Q14145","target":"P02458","Edge_Type":"PPI","label":"interacts w\/"}},{"data":{"source":"O00303","target":"P08123","Edge_Type":"PPI","label":"interacts w\/"}},{"data":{"source":"O00303","target":"O00303","Edge_Type":"PPI","label":"interacts w\/"}},{"data":{"source":"Q96GM5","target":"P08123","Edge_Type":"PPI","label":"interacts w\/"}},{"data":{"source":"Q96GM5","target":"Q14145","Edge_Type":"PPI","label":"interacts w\/"}},{"data":{"source":"Q96EQ0","target":"P08123","Edge_Type":"PPI","label":"interacts w\/"}},{"data":{"source":"P63010","target":"P02461","Edge_Type":"PPI","label":"interacts w\/"}},{"data":{"source":"P02751","target":"P02452","Edge_Type":"PPI","label":"interacts w\/"}},{"data":{"source":"P02751","target":"P02751","Edge_Type":"PPI","label":"interacts w\/"}},{"data":{"source":"Q9UHD9","target":"P08123","Edge_Type":"PPI","label":"interacts w\/"}},{"data":{"source":"Q9UHD9","target":"Q9UHD9","Edge_Type":"PPI","label":"interacts w\/"}},{"data":{"source":"Q53G59","target":"P02461","Edge_Type":"PPI","label":"interacts w\/"}},{"data":{"source":"Q53G59","target":"Q53G59","Edge_Type":"PPI","label":"interacts w\/"}},{"data":{"source":"HP:0003321","target":"Orphanet:216796","Edge_Type":"hpodis","label":"is associated w\/"}},{"data":{"source":"HP:0005451","target":"Orphanet:85166","Edge_Type":"hpodis","label":"is associated w\/"}},{"data":{"source":"HP:0004605","target":"Orphanet:93296","Edge_Type":"hpodis","label":"is associated w\/"}},{"data":{"source":"HP:0004619","target":"Orphanet:485","Edge_Type":"hpodis","label":"is associated w\/"}},{"data":{"source":"P02452","target":"Orphanet:216796","Edge_Type":"Disease","label":"is related to"}},{"data":{"source":"P08123","target":"Orphanet:216796","Edge_Type":"Disease","label":"is related to"}},{"data":{"source":"P02452","target":"Orphanet:1899","Edge_Type":"Disease","label":"is related to"}},{"data":{"source":"P08123","target":"Orphanet:1899","Edge_Type":"Disease","label":"is related to"}},{"data":{"source":"P02452","target":"Orphanet:99876","Edge_Type":"Disease","label":"is related to"}},{"data":{"source":"P08123","target":"Orphanet:230851","Edge_Type":"Disease","label":"is related to"}},{"data":{"source":"P02458","target":"Orphanet:85166","Edge_Type":"Disease","label":"is related to"}},{"data":{"source":"P02751","target":"Orphanet:84090","Edge_Type":"Disease","label":"is related to"}},{"data":{"source":"P02458","target":"Orphanet:93279","Edge_Type":"Disease","label":"is related to"}},{"data":{"source":"P02458","target":"Orphanet:485","Edge_Type":"Disease","label":"is related to"}},{"data":{"source":"P02458","target":"Orphanet:93296","Edge_Type":"Disease","label":"is related to"}},{"data":{"source":"P02458","target":"Orphanet:93297","Edge_Type":"Disease","label":"is related to"}},{"data":{"source":"P02452","target":"DB00048","Edge_Type":"Drug","label":"targets"}},{"data":{"source":"P02458","target":"DB00048","Edge_Type":"Drug","label":"targets"}},{"data":{"source":"P02461","target":"DB00048","Edge_Type":"Drug","label":"targets"}},{"data":{"source":"P08123","target":"DB00048","Edge_Type":"Drug","label":"targets"}},{"data":{"source":"P02452","target":"DB04866","Edge_Type":"Drug","label":"targets"}},{"data":{"source":"Q14145","target":"DB08908","Edge_Type":"Drug","label":"targets"}},{"data":{"source":"P02452","target":"DB12872","Edge_Type":"Drug","label":"targets"}},{"data":{"source":"P02452","target":"DB13133","Edge_Type":"Drug","label":"targets"}},{"data":{"source":"P02751","target":"DB08888","Edge_Type":"Drug","label":"targets"}},{"data":{"source":"P02452","target":"DB11338","Edge_Type":"Drug","label":"targets"}},{"data":{"source":"P02751","target":"DB06245","Edge_Type":"Drug","label":"targets"}},{"data":{"source":"O00303","target":"DB04216","Edge_Type":"Drug","label":"targets"}},{"data":{"source":"P09486","target":"DB11093","Edge_Type":"Drug","label":"targets"}},{"data":{"source":"P02452","target":"R-HSA-1474244","Edge_Type":"Pathway","label":"is involved in"}},{"data":{"source":"P02458","target":"R-HSA-1474244","Edge_Type":"Pathway","label":"is involved in"}},{"data":{"source":"P02461","target":"R-HSA-1474244","Edge_Type":"Pathway","label":"is involved in"}},{"data":{"source":"P08123","target":"R-HSA-1474244","Edge_Type":"Pathway","label":"is involved in"}},{"data":{"source":"P02751","target":"R-HSA-1474244","Edge_Type":"Pathway","label":"is involved in"}},{"data":{"source":"P02452","target":"R-HSA-8874081","Edge_Type":"Pathway","label":"is involved in"}},{"data":{"source":"P02458","target":"R-HSA-8874081","Edge_Type":"Pathway","label":"is involved in"}},{"data":{"source":"P02461","target":"R-HSA-8874081","Edge_Type":"Pathway","label":"is involved in"}},{"data":{"source":"P08123","target":"R-HSA-8874081","Edge_Type":"Pathway","label":"is involved in"}},{"data":{"source":"P02751","target":"R-HSA-8874081","Edge_Type":"Pathway","label":"is involved in"}},{"data":{"source":"P02452","target":"R-HSA-3000171","Edge_Type":"Pathway","label":"is involved in"}},{"data":{"source":"P02458","target":"R-HSA-3000171","Edge_Type":"Pathway","label":"is involved in"}},{"data":{"source":"P02461","target":"R-HSA-3000171","Edge_Type":"Pathway","label":"is involved in"}},{"data":{"source":"P08123","target":"R-HSA-3000171","Edge_Type":"Pathway","label":"is involved in"}},{"data":{"source":"P02751","target":"R-HSA-3000171","Edge_Type":"Pathway","label":"is involved in"}},{"data":{"source":"P02452","target":"R-HSA-3000170","Edge_Type":"Pathway","label":"is involved in"}},{"data":{"source":"P02461","target":"R-HSA-3000170","Edge_Type":"Pathway","label":"is involved in"}},{"data":{"source":"P08123","target":"R-HSA-3000170","Edge_Type":"Pathway","label":"is involved in"}},{"data":{"source":"P02751","target":"R-HSA-3000170","Edge_Type":"Pathway","label":"is involved in"}},{"data":{"source":"P02452","target":"R-HSA-3000480","Edge_Type":"Pathway","label":"is involved in"}},{"data":{"source":"P02461","target":"R-HSA-3000480","Edge_Type":"Pathway","label":"is involved in"}},{"data":{"source":"P08123","target":"R-HSA-3000480","Edge_Type":"Pathway","label":"is involved in"}},{"data":{"source":"P02452","target":"R-HSA-3000178","Edge_Type":"Pathway","label":"is involved in"}},{"data":{"source":"P02458","target":"R-HSA-3000178","Edge_Type":"Pathway","label":"is involved in"}},{"data":{"source":"P02461","target":"R-HSA-3000178","Edge_Type":"Pathway","label":"is involved in"}},{"data":{"source":"P08123","target":"R-HSA-3000178","Edge_Type":"Pathway","label":"is involved in"}},{"data":{"source":"P09486","target":"R-HSA-3000178","Edge_Type":"Pathway","label":"is involved in"}},{"data":{"source":"P02751","target":"R-HSA-3000178","Edge_Type":"Pathway","label":"is involved in"}},{"data":{"source":"P02452","target":"R-HSA-76009","Edge_Type":"Pathway","label":"is involved in"}},{"data":{"source":"P08123","target":"R-HSA-76009","Edge_Type":"Pathway","label":"is involved in"}},{"data":{"source":"P02452","target":"R-HSA-8948216","Edge_Type":"Pathway","label":"is involved in"}},{"data":{"source":"P02458","target":"R-HSA-8948216","Edge_Type":"Pathway","label":"is involved in"}},{"data":{"source":"P02461","target":"R-HSA-8948216","Edge_Type":"Pathway","label":"is involved in"}},{"data":{"source":"P08123","target":"R-HSA-8948216","Edge_Type":"Pathway","label":"is involved in"}},{"data":{"source":"P02452","target":"R-HSA-430116","Edge_Type":"Pathway","label":"is involved in"}},{"data":{"source":"P08123","target":"R-HSA-430116","Edge_Type":"Pathway","label":"is involved in"}},{"data":{"source":"P02452","target":"R-HSA-2022090","Edge_Type":"Pathway","label":"is involved in"}},{"data":{"source":"P02458","target":"R-HSA-2022090","Edge_Type":"Pathway","label":"is involved in"}},{"data":{"source":"P02461","target":"R-HSA-2022090","Edge_Type":"Pathway","label":"is involved in"}},{"data":{"source":"P08123","target":"R-HSA-2022090","Edge_Type":"Pathway","label":"is involved in"}},{"data":{"source":"P02452","target":"HP:0005005","Edge_Type":"HPO","label":"is associated w\/"}},{"data":{"source":"P08123","target":"HP:0005005","Edge_Type":"HPO","label":"is associated w\/"}},{"data":{"source":"P02452","target":"HP:0003321","Edge_Type":"HPO","label":"is associated w\/"}},{"data":{"source":"P08123","target":"HP:0003321","Edge_Type":"HPO","label":"is associated w\/"}},{"data":{"source":"P02452","target":"HP:0005897","Edge_Type":"HPO","label":"is associated w\/"}},{"data":{"source":"P08123","target":"HP:0005897","Edge_Type":"HPO","label":"is associated w\/"}},{"data":{"source":"P02452","target":"HP:0005623","Edge_Type":"HPO","label":"is associated w\/"}},{"data":{"source":"P08123","target":"HP:0005623","Edge_Type":"HPO","label":"is associated w\/"}},{"data":{"source":"P02461","target":"HP:0031157","Edge_Type":"HPO","label":"is associated w\/"}},{"data":{"source":"P02458","target":"HP:0011860","Edge_Type":"HPO","label":"is associated w\/"}},{"data":{"source":"P02458","target":"HP:0005451","Edge_Type":"HPO","label":"is associated w\/"}},{"data":{"source":"P02458","target":"HP:0004605","Edge_Type":"HPO","label":"is associated w\/"}},{"data":{"source":"P02458","target":"HP:0004619","Edge_Type":"HPO","label":"is associated w\/"}},{"data":{"source":"P02751","target":"HP:0032463","Edge_Type":"HPO","label":"is associated w\/"}},{"data":{"source":"H02243","target":"hsa04510","Edge_Type":"kegg_dis_path","label":"modulates"}},{"data":{"source":"H02243","target":"hsa04512","Edge_Type":"kegg_dis_path","label":"modulates"}},{"data":{"source":"H02243","target":"hsa04926","Edge_Type":"kegg_dis_path","label":"modulates"}},{"data":{"source":"H02071","target":"hsa04151","Edge_Type":"kegg_dis_path","label":"modulates"}},{"data":{"source":"H02071","target":"hsa04510","Edge_Type":"kegg_dis_path","label":"modulates"}},{"data":{"source":"H02071","target":"hsa04512","Edge_Type":"kegg_dis_path","label":"modulates"}},{"data":{"source":"H02070","target":"hsa04151","Edge_Type":"kegg_dis_path","label":"modulates"}},{"data":{"source":"H02070","target":"hsa04510","Edge_Type":"kegg_dis_path","label":"modulates"}},{"data":{"source":"H02070","target":"hsa04512","Edge_Type":"kegg_dis_path","label":"modulates"}},{"data":{"source":"H01260","target":"hsa04510","Edge_Type":"kegg_dis_path","label":"modulates"}},{"data":{"source":"H01260","target":"hsa04512","Edge_Type":"kegg_dis_path","label":"modulates"}},{"data":{"source":"H00520","target":"hsa04151","Edge_Type":"kegg_dis_path","label":"modulates"}},{"data":{"source":"H00520","target":"hsa04510","Edge_Type":"kegg_dis_path","label":"modulates"}},{"data":{"source":"H00520","target":"hsa04512","Edge_Type":"kegg_dis_path","label":"modulates"}},{"data":{"source":"H02241","target":"hsa04510","Edge_Type":"kegg_dis_path","label":"modulates"}},{"data":{"source":"H02241","target":"hsa04512","Edge_Type":"kegg_dis_path","label":"modulates"}},{"data":{"source":"H02241","target":"hsa04926","Edge_Type":"kegg_dis_path","label":"modulates"}},{"data":{"source":"H02242","target":"hsa04926","Edge_Type":"kegg_dis_path","label":"modulates"}},{"data":{"source":"P02452","target":"hsa04512","Edge_Type":"kegg_path_prot","label":"is involved in"}},{"data":{"source":"P02458","target":"hsa04512","Edge_Type":"kegg_path_prot","label":"is involved in"}},{"data":{"source":"P08123","target":"hsa04512","Edge_Type":"kegg_path_prot","label":"is involved in"}},{"data":{"source":"P02751","target":"hsa04512","Edge_Type":"kegg_path_prot","label":"is involved in"}},{"data":{"source":"P02452","target":"hsa04974","Edge_Type":"kegg_path_prot","label":"is involved in"}},{"data":{"source":"P02458","target":"hsa04974","Edge_Type":"kegg_path_prot","label":"is involved in"}},{"data":{"source":"P02461","target":"hsa04974","Edge_Type":"kegg_path_prot","label":"is involved in"}},{"data":{"source":"P08123","target":"hsa04974","Edge_Type":"kegg_path_prot","label":"is involved in"}},{"data":{"source":"P02452","target":"hsa04510","Edge_Type":"kegg_path_prot","label":"is involved in"}},{"data":{"source":"P02458","target":"hsa04510","Edge_Type":"kegg_path_prot","label":"is involved in"}},{"data":{"source":"P08123","target":"hsa04510","Edge_Type":"kegg_path_prot","label":"is involved in"}},{"data":{"source":"P02751","target":"hsa04510","Edge_Type":"kegg_path_prot","label":"is involved in"}},{"data":{"source":"P02452","target":"hsa04611","Edge_Type":"kegg_path_prot","label":"is involved in"}},{"data":{"source":"P02461","target":"hsa04611","Edge_Type":"kegg_path_prot","label":"is involved in"}},{"data":{"source":"P08123","target":"hsa04611","Edge_Type":"kegg_path_prot","label":"is involved in"}},{"data":{"source":"P02452","target":"hsa04926","Edge_Type":"kegg_path_prot","label":"is involved in"}},{"data":{"source":"P02461","target":"hsa04926","Edge_Type":"kegg_path_prot","label":"is involved in"}},{"data":{"source":"P08123","target":"hsa04926","Edge_Type":"kegg_path_prot","label":"is involved in"}},{"data":{"source":"P02452","target":"hsa04151","Edge_Type":"kegg_path_prot","label":"is involved in"}},{"data":{"source":"P02458","target":"hsa04151","Edge_Type":"kegg_path_prot","label":"is involved in"}},{"data":{"source":"P08123","target":"hsa04151","Edge_Type":"kegg_path_prot","label":"is involved in"}},{"data":{"source":"P02751","target":"hsa04151","Edge_Type":"kegg_path_prot","label":"is involved in"}},{"data":{"source":"P63010","target":"hsa04961","Edge_Type":"kegg_path_prot","label":"is involved in"}},{"data":{"source":"P63010","target":"hsa04721","Edge_Type":"kegg_path_prot","label":"is involved in"}},{"data":{"source":"Q14145","target":"hsa04120","Edge_Type":"kegg_path_prot","label":"is involved in"}},{"data":{"source":"O00303","target":"hsa03013","Edge_Type":"kegg_path_prot","label":"is involved in"}},{"data":{"source":"P02452","target":"H02243","Edge_Type":"kegg_dis_prot","label":"is related to"}},{"data":{"source":"P08123","target":"H02243","Edge_Type":"kegg_dis_prot","label":"is related to"}},{"data":{"source":"P02458","target":"H02071","Edge_Type":"kegg_dis_prot","label":"is related to"}},{"data":{"source":"P02458","target":"H02070","Edge_Type":"kegg_dis_prot","label":"is related to"}},{"data":{"source":"P02452","target":"H00613","Edge_Type":"kegg_dis_prot","label":"is related to"}},{"data":{"source":"P02751","target":"H01260","Edge_Type":"kegg_dis_prot","label":"is related to"}},{"data":{"source":"P02458","target":"H00445","Edge_Type":"kegg_dis_prot","label":"is related to"}},{"data":{"source":"P02458","target":"H00519","Edge_Type":"kegg_dis_prot","label":"is related to"}},{"data":{"source":"P02458","target":"H00520","Edge_Type":"kegg_dis_prot","label":"is related to"}},{"data":{"source":"P08123","target":"H02241","Edge_Type":"kegg_dis_prot","label":"is related to"}},{"data":{"source":"P02461","target":"H02242","Edge_Type":"kegg_dis_prot","label":"is related to"}}]}