{"options":{"search_start":1613060072,"tax_ids":[9606],"num_of_fn_nodes":10,"num_of_pathways":10,"num_of_phenotypes":10,"num_of_drugs":10,"num_of_diseases":10,"num_of_compounds":10,"chembl_compounds":0,"predictions":1,"reviewed_filter":1,"fn":1,"chembl":1,"search_finish":1613060084,"search_runtime":12},"search":[{"Drug":[{"DB00042":"Botulinum Toxin Type B"}]}],"nodes":[{"data":{"id":"P23763","display_name":"VAMP1","Node_Type":"Protein"}},{"data":{"id":"P63027","display_name":"VAMP2","Node_Type":"Protein"}},{"data":{"id":"Q8N9I0","display_name":"SYT2","Node_Type":"Protein"}},{"data":{"id":"Q8IWU4","display_name":"SLC30A8","Node_Type":"Protein_N"}},{"data":{"id":"P61266","display_name":"STX1B","Node_Type":"Protein_N"}},{"data":{"id":"Q16623","display_name":"STX1A","Node_Type":"Protein_N"}},{"data":{"id":"Q96PS8","display_name":"AQP10","Node_Type":"Protein_N"}},{"data":{"id":"Q9Y225","display_name":"RNF24","Node_Type":"Protein_N"}},{"data":{"id":"Q8N661","display_name":"TMEM86B","Node_Type":"Protein_N"}},{"data":{"id":"Q8N138","display_name":"ORMDL3","Node_Type":"Protein_N"}},{"data":{"id":"Q8TDT2","display_name":"GPR152","Node_Type":"Protein_N"}},{"data":{"id":"O94806","display_name":"PRKD3","Node_Type":"Protein_N"}},{"data":{"id":"A1L3X0","display_name":"ELOVL7","Node_Type":"Protein_N"}},{"data":{"id":"Orphanet:251282","display_name":"Autosomal dominant spastic ataxia type 1","Node_Type":"Disease","enrichScore":277}},{"data":{"id":"Orphanet:98914","display_name":"Presynaptic congenital myasthenic syndromes","Node_Type":"Disease","enrichScore":92.333}},{"data":{"id":"MONDO:0010940","display_name":"inherited susceptibility to asthma","Node_Type":"Disease","enrichScore":46.167}},{"data":{"id":"Orphanet:36387","display_name":"Generalized epilepsy with febrile seizures-plus","Node_Type":"Disease","enrichScore":46.167}},{"data":{"id":"EFO:0000270","display_name":"asthma","Node_Type":"Disease","enrichScore":27.7}},{"data":{"id":"Orphanet:590","display_name":"Congenital myasthenic syndromes","Node_Type":"Disease","enrichScore":13.85}},{"data":{"id":"EFO:0001360","display_name":"type II diabetes mellitus","Node_Type":"Disease","enrichScore":10.259}},{"data":{"id":"DB00042","display_name":"Botulinum Toxin Type B","Node_Type":"Drug","enrichScore":9999999}},{"data":{"id":"R-HSA-5250958","display_name":"Toxicity of botulinum toxin type B (BoNT\/B)","Node_Type":"Pathway","enrichScore":6592.308}},{"data":{"id":"R-HSA-5250989","display_name":"Toxicity of botulinum toxin type G (BoNT\/G)","Node_Type":"Pathway","enrichScore":6592.308}},{"data":{"id":"R-HSA-5250971","display_name":"Toxicity of botulinum toxin type C (BoNT\/C)","Node_Type":"Pathway","enrichScore":6592.308}},{"data":{"id":"R-HSA-5250982","display_name":"Toxicity of tetanus toxin (TeNT)","Node_Type":"Pathway","enrichScore":4944.231}},{"data":{"id":"R-HSA-5250981","display_name":"Toxicity of botulinum toxin type F (BoNT\/F)","Node_Type":"Pathway","enrichScore":3955.385}},{"data":{"id":"R-HSA-5250955","display_name":"Toxicity of botulinum toxin type D (BoNT\/D)","Node_Type":"Pathway","enrichScore":3955.385}},{"data":{"id":"R-HSA-264876","display_name":"Insulin processing","Node_Type":"Pathway","enrichScore":1648.077}},{"data":{"id":"R-HSA-888590","display_name":"GABA synthesis, release, reuptake and degradation","Node_Type":"Pathway","enrichScore":1521.302}},{"data":{"id":"R-HSA-5682910","display_name":"LGI-ADAM interactions","Node_Type":"Pathway","enrichScore":1412.637}},{"data":{"id":"R-HSA-264642","display_name":"Acetylcholine Neurotransmitter Release Cycle","Node_Type":"Pathway","enrichScore":1163.348}},{"data":{"id":"HP:0004661","display_name":"Frontalis muscle weakness","Node_Type":"HPO","enrichScore":130.185}},{"data":{"id":"HP:3000004","display_name":"Abnormality of frontalis muscle belly","Node_Type":"HPO","enrichScore":130.185}},{"data":{"id":"HP:0040172","display_name":"Abnormality of occipitofrontalis muscle","Node_Type":"HPO","enrichScore":130.185}},{"data":{"id":"HP:0030842","display_name":"Choking episodes","Node_Type":"HPO","enrichScore":118.35}},{"data":{"id":"HP:0012801","display_name":"Narrow jaw","Node_Type":"HPO","enrichScore":118.35}},{"data":{"id":"HP:0002872","display_name":"Apneic episodes precipitated by illness, fatigue, stress","Node_Type":"HPO","enrichScore":108.487}},{"data":{"id":"HP:0002882","display_name":"Sudden episodic apnea","Node_Type":"HPO","enrichScore":100.142}},{"data":{"id":"HP:0011469","display_name":"Nasal regurgitation","Node_Type":"HPO","enrichScore":92.989}},{"data":{"id":"HP:0004889","display_name":"Intermittent episodes of respiratory insufficiency due to muscle weakness","Node_Type":"HPO","enrichScore":92.989}},{"data":{"id":"HP:0025401","display_name":"Staring gaze","Node_Type":"HPO","enrichScore":86.79}},{"data":{"id":"hsa04130","display_name":"SNARE interactions in vesicular transport","Node_Type":"kegg_Pathway","enrichScore":255.03}},{"data":{"id":"hsa04721","display_name":"Synaptic vesicle cycle","Node_Type":"kegg_Pathway","enrichScore":60.692}},{"data":{"id":"hsa04911","display_name":"Insulin secretion","Node_Type":"kegg_Pathway","enrichScore":24.184}},{"data":{"id":"hsa00062","display_name":"Fatty acid elongation","Node_Type":"kegg_Pathway","enrichScore":19.481}},{"data":{"id":"hsa01040","display_name":"Biosynthesis of unsaturated fatty acids","Node_Type":"kegg_Pathway","enrichScore":19.481}},{"data":{"id":"hsa04962","display_name":"Vasopressin-regulated water reabsorption","Node_Type":"kegg_Pathway","enrichScore":11.689}},{"data":{"id":"hsa00565","display_name":"Ether lipid metabolism","Node_Type":"kegg_Pathway","enrichScore":11.435}},{"data":{"id":"hsa01212","display_name":"Fatty acid metabolism","Node_Type":"kegg_Pathway","enrichScore":9.228}},{"data":{"id":"hsa04970","display_name":"Salivary secretion","Node_Type":"kegg_Pathway","enrichScore":5.479}},{"data":{"id":"hsa04925","display_name":"Aldosterone synthesis and secretion","Node_Type":"kegg_Pathway","enrichScore":5.01}},{"data":{"id":"H01608","display_name":"Cervical dystonia","Node_Type":"kegg_Disease","enrichScore":1000000}},{"data":{"id":"H01351","display_name":"Spastic ataxia","Node_Type":"kegg_Disease","enrichScore":47.013}},{"data":{"id":"H00770","display_name":"Congenital myasthenic syndrome","Node_Type":"kegg_Disease","enrichScore":45.132}},{"data":{"id":"H00783","display_name":"Febrile seizures","Node_Type":"kegg_Disease","enrichScore":35.26}},{"data":{"id":"H00409","display_name":"Type 2 diabetes mellitus","Node_Type":"kegg_Disease","enrichScore":14.846}},{"data":{"id":"H01439","display_name":"Williams-Beuren syndrome","Node_Type":"kegg_Disease","enrichScore":10.074}}],"edges":[{"data":{"source":"Q8IWU4","target":"P23763","Edge_Type":"PPI","label":"interacts w\/"}},{"data":{"source":"Q8IWU4","target":"P63027","Edge_Type":"PPI","label":"interacts w\/"}},{"data":{"source":"Q8IWU4","target":"Q8N9I0","Edge_Type":"PPI","label":"interacts w\/"}},{"data":{"source":"P61266","target":"P23763","Edge_Type":"PPI","label":"interacts w\/"}},{"data":{"source":"P61266","target":"P63027","Edge_Type":"PPI","label":"interacts w\/"}},{"data":{"source":"Q16623","target":"P23763","Edge_Type":"PPI","label":"interacts w\/"}},{"data":{"source":"Q16623","target":"P63027","Edge_Type":"PPI","label":"interacts w\/"}},{"data":{"source":"Q16623","target":"Q16623","Edge_Type":"PPI","label":"interacts w\/"}},{"data":{"source":"Q96PS8","target":"Q8N9I0","Edge_Type":"PPI","label":"interacts w\/"}},{"data":{"source":"Q9Y225","target":"P23763","Edge_Type":"PPI","label":"interacts w\/"}},{"data":{"source":"Q8N661","target":"P63027","Edge_Type":"PPI","label":"interacts w\/"}},{"data":{"source":"Q8N661","target":"Q8N661","Edge_Type":"PPI","label":"interacts w\/"}},{"data":{"source":"Q8N138","target":"Q8N9I0","Edge_Type":"PPI","label":"interacts w\/"}},{"data":{"source":"Q8TDT2","target":"P23763","Edge_Type":"PPI","label":"interacts w\/"}},{"data":{"source":"Q8TDT2","target":"Q8TDT2","Edge_Type":"PPI","label":"interacts w\/"}},{"data":{"source":"Q8TDT2","target":"Q96PS8","Edge_Type":"PPI","label":"interacts w\/"}},{"data":{"source":"Q8TDT2","target":"Q8N138","Edge_Type":"PPI","label":"interacts w\/"}},{"data":{"source":"Q8TDT2","target":"P61266","Edge_Type":"PPI","label":"interacts w\/"}},{"data":{"source":"O94806","target":"P63027","Edge_Type":"PPI","label":"interacts w\/"}},{"data":{"source":"A1L3X0","target":"P23763","Edge_Type":"PPI","label":"interacts w\/"}},{"data":{"source":"HP:0004661","target":"Orphanet:98914","Edge_Type":"hpodis","label":"is associated w\/"}},{"data":{"source":"HP:3000004","target":"Orphanet:98914","Edge_Type":"hpodis","label":"is associated w\/"}},{"data":{"source":"HP:0040172","target":"Orphanet:98914","Edge_Type":"hpodis","label":"is associated w\/"}},{"data":{"source":"HP:0030842","target":"Orphanet:98914","Edge_Type":"hpodis","label":"is associated w\/"}},{"data":{"source":"HP:0012801","target":"Orphanet:98914","Edge_Type":"hpodis","label":"is associated w\/"}},{"data":{"source":"HP:0002872","target":"Orphanet:590","Edge_Type":"hpodis","label":"is associated w\/"}},{"data":{"source":"HP:0002872","target":"Orphanet:98914","Edge_Type":"hpodis","label":"is associated w\/"}},{"data":{"source":"HP:0002872","target":"Orphanet:98914","Edge_Type":"hpodis","label":"is associated w\/"}},{"data":{"source":"HP:0002882","target":"Orphanet:590","Edge_Type":"hpodis","label":"is associated w\/"}},{"data":{"source":"HP:0002882","target":"Orphanet:98914","Edge_Type":"hpodis","label":"is associated w\/"}},{"data":{"source":"HP:0002882","target":"Orphanet:98914","Edge_Type":"hpodis","label":"is associated w\/"}},{"data":{"source":"HP:0011469","target":"Orphanet:98914","Edge_Type":"hpodis","label":"is associated w\/"}},{"data":{"source":"HP:0004889","target":"Orphanet:98914","Edge_Type":"hpodis","label":"is associated w\/"}},{"data":{"source":"HP:0004889","target":"Orphanet:590","Edge_Type":"hpodis","label":"is associated w\/"}},{"data":{"source":"HP:0025401","target":"Orphanet:98914","Edge_Type":"hpodis","label":"is associated w\/"}},{"data":{"source":"P23763","target":"Orphanet:251282","Edge_Type":"Disease","label":"is related to"}},{"data":{"source":"P23763","target":"Orphanet:98914","Edge_Type":"Disease","label":"is related to"}},{"data":{"source":"Q8N138","target":"MONDO:0010940","Edge_Type":"Disease","label":"is related to"}},{"data":{"source":"P61266","target":"Orphanet:36387","Edge_Type":"Disease","label":"is related to"}},{"data":{"source":"Q8N138","target":"EFO:0000270","Edge_Type":"Disease","label":"is related to"}},{"data":{"source":"Q8N9I0","target":"Orphanet:590","Edge_Type":"Disease","label":"is related to"}},{"data":{"source":"Q8IWU4","target":"EFO:0001360","Edge_Type":"Disease","label":"is related to"}},{"data":{"source":"P63027","target":"DB00042","Edge_Type":"Drug","label":"targets"}},{"data":{"source":"P23763","target":"DB00042","Edge_Type":"Drug","label":"targets"}},{"data":{"source":"Q8N9I0","target":"DB00042","Edge_Type":"Drug","label":"targets"}},{"data":{"source":"P63027","target":"R-HSA-5250958","Edge_Type":"Pathway","label":"is involved in"}},{"data":{"source":"Q8N9I0","target":"R-HSA-5250958","Edge_Type":"Pathway","label":"is involved in"}},{"data":{"source":"P23763","target":"R-HSA-5250989","Edge_Type":"Pathway","label":"is involved in"}},{"data":{"source":"P63027","target":"R-HSA-5250989","Edge_Type":"Pathway","label":"is involved in"}},{"data":{"source":"P61266","target":"R-HSA-5250971","Edge_Type":"Pathway","label":"is involved in"}},{"data":{"source":"Q16623","target":"R-HSA-5250971","Edge_Type":"Pathway","label":"is involved in"}},{"data":{"source":"P63027","target":"R-HSA-5250982","Edge_Type":"Pathway","label":"is involved in"}},{"data":{"source":"P23763","target":"R-HSA-5250981","Edge_Type":"Pathway","label":"is involved in"}},{"data":{"source":"P63027","target":"R-HSA-5250981","Edge_Type":"Pathway","label":"is involved in"}},{"data":{"source":"P23763","target":"R-HSA-5250955","Edge_Type":"Pathway","label":"is involved in"}},{"data":{"source":"P63027","target":"R-HSA-5250955","Edge_Type":"Pathway","label":"is involved in"}},{"data":{"source":"P63027","target":"R-HSA-264876","Edge_Type":"Pathway","label":"is involved in"}},{"data":{"source":"Q8IWU4","target":"R-HSA-264876","Edge_Type":"Pathway","label":"is involved in"}},{"data":{"source":"Q16623","target":"R-HSA-264876","Edge_Type":"Pathway","label":"is involved in"}},{"data":{"source":"P63027","target":"R-HSA-888590","Edge_Type":"Pathway","label":"is involved in"}},{"data":{"source":"Q16623","target":"R-HSA-888590","Edge_Type":"Pathway","label":"is involved in"}},{"data":{"source":"P61266","target":"R-HSA-5682910","Edge_Type":"Pathway","label":"is involved in"}},{"data":{"source":"Q16623","target":"R-HSA-5682910","Edge_Type":"Pathway","label":"is involved in"}},{"data":{"source":"P63027","target":"R-HSA-264642","Edge_Type":"Pathway","label":"is involved in"}},{"data":{"source":"Q16623","target":"R-HSA-264642","Edge_Type":"Pathway","label":"is involved in"}},{"data":{"source":"P23763","target":"HP:0004661","Edge_Type":"HPO","label":"is associated w\/"}},{"data":{"source":"Q8N9I0","target":"HP:0004661","Edge_Type":"HPO","label":"is associated w\/"}},{"data":{"source":"P23763","target":"HP:3000004","Edge_Type":"HPO","label":"is associated w\/"}},{"data":{"source":"Q8N9I0","target":"HP:3000004","Edge_Type":"HPO","label":"is associated w\/"}},{"data":{"source":"P23763","target":"HP:0040172","Edge_Type":"HPO","label":"is associated w\/"}},{"data":{"source":"Q8N9I0","target":"HP:0040172","Edge_Type":"HPO","label":"is associated w\/"}},{"data":{"source":"P23763","target":"HP:0030842","Edge_Type":"HPO","label":"is associated w\/"}},{"data":{"source":"Q8N9I0","target":"HP:0030842","Edge_Type":"HPO","label":"is associated w\/"}},{"data":{"source":"P23763","target":"HP:0012801","Edge_Type":"HPO","label":"is associated w\/"}},{"data":{"source":"Q8N9I0","target":"HP:0012801","Edge_Type":"HPO","label":"is associated w\/"}},{"data":{"source":"P23763","target":"HP:0002872","Edge_Type":"HPO","label":"is associated w\/"}},{"data":{"source":"Q8N9I0","target":"HP:0002872","Edge_Type":"HPO","label":"is associated w\/"}},{"data":{"source":"P23763","target":"HP:0002882","Edge_Type":"HPO","label":"is associated w\/"}},{"data":{"source":"Q8N9I0","target":"HP:0002882","Edge_Type":"HPO","label":"is associated w\/"}},{"data":{"source":"P23763","target":"HP:0011469","Edge_Type":"HPO","label":"is associated w\/"}},{"data":{"source":"Q8N9I0","target":"HP:0011469","Edge_Type":"HPO","label":"is associated w\/"}},{"data":{"source":"P23763","target":"HP:0004889","Edge_Type":"HPO","label":"is associated w\/"}},{"data":{"source":"Q8N9I0","target":"HP:0004889","Edge_Type":"HPO","label":"is associated w\/"}},{"data":{"source":"P23763","target":"HP:0025401","Edge_Type":"HPO","label":"is associated w\/"}},{"data":{"source":"Q8N9I0","target":"HP:0025401","Edge_Type":"HPO","label":"is associated w\/"}},{"data":{"source":"H01608","target":"DB00042","Edge_Type":"kegg_dis_drug","label":"indicates"}},{"data":{"source":"H00409","target":"hsa04911","Edge_Type":"kegg_dis_path","label":"modulates"}},{"data":{"source":"P23763","target":"hsa04130","Edge_Type":"kegg_path_prot","label":"is involved in"}},{"data":{"source":"P63027","target":"hsa04130","Edge_Type":"kegg_path_prot","label":"is involved in"}},{"data":{"source":"P61266","target":"hsa04130","Edge_Type":"kegg_path_prot","label":"is involved in"}},{"data":{"source":"Q16623","target":"hsa04130","Edge_Type":"kegg_path_prot","label":"is involved in"}},{"data":{"source":"P63027","target":"hsa04721","Edge_Type":"kegg_path_prot","label":"is involved in"}},{"data":{"source":"P61266","target":"hsa04721","Edge_Type":"kegg_path_prot","label":"is involved in"}},{"data":{"source":"Q16623","target":"hsa04721","Edge_Type":"kegg_path_prot","label":"is involved in"}},{"data":{"source":"P63027","target":"hsa04911","Edge_Type":"kegg_path_prot","label":"is involved in"}},{"data":{"source":"Q16623","target":"hsa04911","Edge_Type":"kegg_path_prot","label":"is involved in"}},{"data":{"source":"A1L3X0","target":"hsa00062","Edge_Type":"kegg_path_prot","label":"is involved in"}},{"data":{"source":"A1L3X0","target":"hsa01040","Edge_Type":"kegg_path_prot","label":"is involved in"}},{"data":{"source":"P63027","target":"hsa04962","Edge_Type":"kegg_path_prot","label":"is involved in"}},{"data":{"source":"Q8N661","target":"hsa00565","Edge_Type":"kegg_path_prot","label":"is involved in"}},{"data":{"source":"A1L3X0","target":"hsa01212","Edge_Type":"kegg_path_prot","label":"is involved in"}},{"data":{"source":"P63027","target":"hsa04970","Edge_Type":"kegg_path_prot","label":"is involved in"}},{"data":{"source":"O94806","target":"hsa04925","Edge_Type":"kegg_path_prot","label":"is involved in"}},{"data":{"source":"P23763","target":"H01351","Edge_Type":"kegg_dis_prot","label":"is related to"}},{"data":{"source":"P23763","target":"H00770","Edge_Type":"kegg_dis_prot","label":"is related to"}},{"data":{"source":"Q8N9I0","target":"H00770","Edge_Type":"kegg_dis_prot","label":"is related to"}},{"data":{"source":"P61266","target":"H00783","Edge_Type":"kegg_dis_prot","label":"is related to"}},{"data":{"source":"Q8IWU4","target":"H00409","Edge_Type":"kegg_dis_prot","label":"is related to"}},{"data":{"source":"Q16623","target":"H01439","Edge_Type":"kegg_dis_prot","label":"is related to"}}]}