Core Proteins,Interacting Proteins,Pathways,HPO terms,Diseases,Targeting Drugs,Experimental Bioactive Compounds (pChEMBL),Predicted interacting Compounds
PLD2 (O14939),RAC2 (P15153); CFL1 (P23528),R-HSA-1483148 Synthesis of PG[scr:1785]; R-HSA-1483166 Synthesis of PA[scr:366]; hsa00564 Glycerophospholipid metabolism[scr:141]; hsa04666 Fc gamma R-mediated phagocytosis[scr:66]; hsa00565 Ether lipid metabolism[scr:33]; hsa04071 Sphingolipid signaling pathway[scr:29]; hsa04072 Phospholipase D signaling pathway[scr:23]; hsa04024 cAMP signaling pathway[scr:15]; hsa04912 GnRH signaling pathway[scr:15]; hsa04014 Ras signaling pathway[scr:14],,,DB00122 Choline[scr:9999999]; DB14006 Choline salicylate[scr:2120],,
BCHE (P06276),BCHE (P06276),R-HSA-112311 Neurotransmitter clearance[scr:3571]; R-HSA-1483191 Synthesis of PC[scr:3188]; R-HSA-422085 Synthesis- secretion- and deacylation of Ghrelin[scr:752],,Orphanet:132 Butyrylcholinesterase deficiency (EFO)[scr:200],DB00122 Choline[scr:9999999]; DB14006 Choline salicylate[scr:2120]; DB00944 Demecarium[scr:530]; DB01010 Edrophonium[scr:530]; DB00843 Donepezil[scr:530]; DB00733 Pralidoxime[scr:530]; DB00989 Rivastigmine[scr:530]; DB00545 Pyridostigmine[scr:353]; DB00677 Isoflurophate[scr:353]; DB04892 Phenserine[scr:353],,
ACHE (P22303),COLQ (Q9Y215),R-HSA-112311 Neurotransmitter clearance[scr:3571]; R-HSA-1483191 Synthesis of PC[scr:3188]; R-HSA-422085 Synthesis- secretion- and deacylation of Ghrelin[scr:752]; hsa00564 Glycerophospholipid metabolism[scr:141],,,DB00122 Choline[scr:9999999]; DB14006 Choline salicylate[scr:2120]; DB00944 Demecarium[scr:530]; DB01010 Edrophonium[scr:530]; DB00843 Donepezil[scr:530]; DB00733 Pralidoxime[scr:530]; DB00989 Rivastigmine[scr:530]; DB00545 Pyridostigmine[scr:353]; DB00677 Isoflurophate[scr:353]; DB04892 Phenserine[scr:353],,
CHRNA7 (P36544),SLURP1 (P55000),R-HSA-629594 Highly calcium permeable postsynaptic nicotinic acetylcholine receptors[scr:325],,H01877 Chromosome 15q13.3 microdeletion syndrome (KEGG)[scr:51],DB00122 Choline[scr:9999999]; DB14006 Choline salicylate[scr:2120],,CHEMBL332801 [scr:2.07]; CHEMBL332771 [scr:2.07]; CHEMBL111244 [scr:1.16]; CHEMBL389774 [scr:1.12]; CHEMBL472718 [scr:0.83]; CHEMBL142642 [scr:0.81]; CHEMBL122301 [scr:0.74]; CHEMBL194628 [scr:0.69]; CHEMBL267775 [scr:0.62]; CHEMBL485744 [scr:0.6]
PCYT1A (P49585),PCYT1A (P49585); PCYT1B (Q9Y5K3); VKORC1L1 (Q8N0U8); MAGEA3 (P43357); SCAMP1 (O15126); FKBP7 (Q9Y680),R-HSA-1483191 Synthesis of PC[scr:3188]; hsa00440 Phosphonate and phosphinate metabolism[scr:253]; hsa00564 Glycerophospholipid metabolism[scr:141],HP:0001129 Large central visual field defect[scr:235],Orphanet:85167 Spondylometaphyseal dysplasia - cone-rod dystrophy (EFO)[scr:200]; H01821 Spondylometaphyseal dysplasia with cone-rod dystrophy (KEGG)[scr:204],DB00122 Choline[scr:9999999]; DB14006 Choline salicylate[scr:2120],,
PLD1 (Q13393),CFL1 (P23528); RHEB (Q15382),R-HSA-1483148 Synthesis of PG[scr:1785]; R-HSA-1483166 Synthesis of PA[scr:366]; hsa00564 Glycerophospholipid metabolism[scr:141]; hsa04666 Fc gamma R-mediated phagocytosis[scr:66]; hsa00565 Ether lipid metabolism[scr:33]; hsa04071 Sphingolipid signaling pathway[scr:29]; hsa04072 Phospholipase D signaling pathway[scr:23]; hsa04024 cAMP signaling pathway[scr:15]; hsa04912 GnRH signaling pathway[scr:15]; hsa04014 Ras signaling pathway[scr:14],HP:0031251 Abnormal subclavian artery morphology[scr:235]; HP:0031014 Arteria lusoria[scr:235]; HP:0008722 Urethral diverticulum[scr:235],H02375 Cardiac valvular defect- developmental (KEGG)[scr:204],DB00122 Choline[scr:9999999]; DB14006 Choline salicylate[scr:2120],,
PHOSPHO1 (Q8TCT1),,R-HSA-1483191 Synthesis of PC[scr:3188]; R-HSA-1483213 Synthesis of PE[scr:275]; hsa00564 Glycerophospholipid metabolism[scr:141],,,DB00122 Choline[scr:9999999]; DB14006 Choline salicylate[scr:2120],,
PCYT1B (Q9Y5K3),PCYT1A (P49585); VKORC1L1 (Q8N0U8); TMEM43 (Q9BTV4),R-HSA-1483191 Synthesis of PC[scr:3188]; hsa00440 Phosphonate and phosphinate metabolism[scr:253]; hsa00564 Glycerophospholipid metabolism[scr:141],,,DB00122 Choline[scr:9999999]; DB14006 Choline salicylate[scr:2120],,
VKORC1L1 (Q8N0U8),PCYT1A (P49585); PCYT1B (Q9Y5K3),R-HSA-6806664 Metabolism of vitamin K[scr:1190]; hsa00130 Ubiquinone and other terpenoid-quinone biosynthesis[scr:38],,,,,
SLURP1 (P55000),CHRNA7 (P36544),,HP:0007390 Hyperkeratosis with erythema[scr:235]; HP:0007553 Congenital symmetrical palmoplantar keratosis[scr:235],Orphanet:87503 Mal de Meleda (EFO)[scr:200]; H00695 Mal de Meleda (KEGG)[scr:204],,,
COLQ (Q9Y215),ACHE (P22303),,HP:0030203 Unfavorable response of muscle weakness to acetylcholine esterase inhibitors[scr:118],Orphanet:98915 Synaptic congenital myasthenic syndromes (EFO)[scr:200]; H00770 Congenital myasthenic syndrome (KEGG)[scr:8],,,
MAGEA3 (P43357),PCYT1A (P49585),,,,,,
TMEM43 (Q9BTV4),PCYT1B (Q9Y5K3),,HP:0031972 Presyncope[scr:118],EFO:0002631 obsolete_arrhythmogenic right ventricular cardiomyopathy (EFO)[scr:200]; Orphanet:98853 Autosomal dominant Emery-Dreifuss muscular dystrophy (EFO)[scr:50]; Orphanet:261 Emery-Dreifuss muscular dystrophy (EFO)[scr:33]; Orphanet:247 Arrhythmogenic right ventricular dysplasia (EFO)[scr:25]; Orphanet:217656 Familial isolated arrhythmogenic right ventricular dysplasia (EFO)[scr:22]; H00293 Arrhythmogenic right ventricular cardiomyopathy (KEGG)[scr:25],,,
RAC2 (P15153),PLD2 (O14939),hsa04666 Fc gamma R-mediated phagocytosis[scr:66]; hsa04071 Sphingolipid signaling pathway[scr:29]; hsa04024 cAMP signaling pathway[scr:15]; hsa04014 Ras signaling pathway[scr:14],HP:0012618 Urachal cyst[scr:235]; HP:0010478 Abnormality of the urachus[scr:118],Orphanet:183707 Neutrophil immunodeficiency syndrome (EFO)[scr:200]; H00099 Leukocyte adhesion deficiency (KEGG)[scr:51],,,
SCAMP1 (O15126),PCYT1A (P49585),,,,,,
FKBP7 (Q9Y680),PCYT1A (P49585),,,,,,
CFL1 (P23528),PLD2 (O14939); PLD1 (Q13393),R-HSA-399954 Sema3A PAK dependent Axon repulsion[scr:223]; hsa04666 Fc gamma R-mediated phagocytosis[scr:66],,,,,
RHEB (Q15382),PLD1 (Q13393),R-HSA-165159 mTOR signalling[scr:210]; hsa04072 Phospholipase D signaling pathway[scr:23],,,,,
