Core Proteins,Interacting Proteins,Pathways,HPO terms,Diseases,Targeting Drugs,Experimental Bioactive Compounds (pChEMBL),Predicted interacting Compounds
MAPK8 (P45983),MAPK8IP1 (Q9UQF2); DUSP10 (Q9Y6W6); MAP2K7 (O14733); MAP2K7 (O14733); BAD (Q92934); H2AX (P16104); RPTOR (Q8N122); CBL (P22681); CDC42 (P60953); JUN (P05412); JUN (P05412); CRK (P46108),R-HSA-450321 JNK (c-Jun kinases) phosphorylation and activation mediated by activated human TAK1[scr:2191]; R-HSA-450341 Activation of the AP-1 family of transcription factors[scr:2143]; R-HSA-139910 Activation of BMF and translocation to mitochondria[scr:1785]; R-HSA-111446 Activation of BIM and translocation to mitochondria[scr:1785]; R-HSA-9007892 Interleukin-38 signaling[scr:1339]; R-HSA-2559580 Oxidative Stress Induced Senescence[scr:912]; hsa04012 ErbB signaling pathway[scr:241]; hsa04722 Neurotrophin signaling pathway[scr:164]; hsa04660 T cell receptor signaling pathway[scr:138]; hsa04010 MAPK signaling pathway[scr:123]; hsa04910 Insulin signaling pathway[scr:98]; hsa04912 GnRH signaling pathway[scr:91]; hsa04620 Toll-like receptor signaling pathway[scr:87]; hsa04668 TNF signaling pathway[scr:81]; hsa04380 Osteoclast differentiation[scr:73]; hsa04510 Focal adhesion[scr:72],,,DB07218 6-CHLORO-9-HYDROXY-1-3-DIMETHYL-1-9-DIHYDRO-4H-PYRAZOLO[3-4-B]QUINOLIN-4-ONE[scr:9999999]; DB07276 5-CYANO-N-(2-5-DIMETHOXYBENZYL)-6-ETHOXYPYRIDINE-2-CARBOXAMIDE[scr:795]; DB07272 N-(4-AMINO-5-CYANO-6-ETHOXYPYRIDIN-2-YL)-2-(4-BROMO-2-5-DIMETHOXYPHENYL)ACETAMIDE[scr:795]; DB07845 2-fluoro-6-{[2-({2-methoxy-4-[(methylsulfonyl)methyl]phenyl}amino)-7H-pyrrolo[2-3-d]pyrimidin-4-yl]amino}benzamide[scr:397]; DB07268 2-({2-[(3-HYDROXYPHENYL)AMINO]PYRIMIDIN-4-YL}AMINO)BENZAMIDE[scr:397]; DB01782 Pyrazolanthrone[scr:397],,CHEMBL1808454 [scr:43.5]; CHEMBL378688 [scr:21.75]; CHEMBL336024 [scr:21.75]; CHEMBL540835 [scr:21.75]; CHEMBL347587 [scr:21.75]; CHEMBL1822544 [scr:21.75]; CHEMBL373044 [scr:21.75]; CHEMBL367093 [scr:21.75]; CHEMBL393648 [scr:15.82]; CHEMBL536090 [scr:14.5]
MAPK8IP1 (Q9UQF2),MAPK8 (P45983); MAP2K7 (O14733); MAP3K7 (O43318),hsa04010 MAPK signaling pathway[scr:123],,EFO:0001360 type II diabetes mellitus (EFO)[scr:11],DB07218 6-CHLORO-9-HYDROXY-1-3-DIMETHYL-1-9-DIHYDRO-4H-PYRAZOLO[3-4-B]QUINOLIN-4-ONE[scr:9999999]; DB07276 5-CYANO-N-(2-5-DIMETHOXYBENZYL)-6-ETHOXYPYRIDINE-2-CARBOXAMIDE[scr:795]; DB07272 N-(4-AMINO-5-CYANO-6-ETHOXYPYRIDIN-2-YL)-2-(4-BROMO-2-5-DIMETHOXYPHENYL)ACETAMIDE[scr:795]; DB01782 Pyrazolanthrone[scr:397]; DB11157 Anthralin[scr:132],,
DUSP10 (Q9Y6W6),MAPK8 (P45983),hsa04010 MAPK signaling pathway[scr:123],,,,,
MAP2K7 (O14733),MAPK8 (P45983); MAPK8IP1 (Q9UQF2); MAP3K7 (O43318),R-HSA-450321 JNK (c-Jun kinases) phosphorylation and activation mediated by activated human TAK1[scr:2191]; R-HSA-2559580 Oxidative Stress Induced Senescence[scr:912]; hsa04012 ErbB signaling pathway[scr:241]; hsa04722 Neurotrophin signaling pathway[scr:164]; hsa04660 T cell receptor signaling pathway[scr:138]; hsa04010 MAPK signaling pathway[scr:123]; hsa04912 GnRH signaling pathway[scr:91]; hsa04620 Toll-like receptor signaling pathway[scr:87]; hsa04668 TNF signaling pathway[scr:81]; hsa04380 Osteoclast differentiation[scr:73],,,,,
BAD (Q92934),MAPK8 (P45983),hsa04012 ErbB signaling pathway[scr:241]; hsa04722 Neurotrophin signaling pathway[scr:164]; hsa04910 Insulin signaling pathway[scr:98]; hsa04510 Focal adhesion[scr:72],,,DB12340 Navitoclax[scr:132],,
MAP3K7 (O43318),MAPK8IP1 (Q9UQF2); MAP2K7 (O14733),R-HSA-450321 JNK (c-Jun kinases) phosphorylation and activation mediated by activated human TAK1[scr:2191]; hsa04660 T cell receptor signaling pathway[scr:138]; hsa04010 MAPK signaling pathway[scr:123]; hsa04620 Toll-like receptor signaling pathway[scr:87]; hsa04668 TNF signaling pathway[scr:81]; hsa04380 Osteoclast differentiation[scr:73],HP:0006160 Irregular metacarpals[scr:176]; HP:0010103 Short distal phalanx of hallux[scr:176]; HP:0008451 Posterior vertebral hypoplasia[scr:118]; HP:0010493 Long metacarpals[scr:118]; HP:0006352 Failure of eruption of permanent teeth[scr:88]; HP:0010111 Short phalanx of hallux[scr:71]; HP:0010746 Hypoplasia of the phalanges of the toes[scr:59],Orphanet:3238 Cardiospondylocarpofacial syndrome (EFO)[scr:300]; Orphanet:1826 Frontometaphyseal dysplasia (EFO)[scr:150]; H02226 Cardiospondylocarpofacial syndrome (KEGG)[scr:306]; H02227 Frontometaphyseal dysplasia (KEGG)[scr:153],,,CHEMBL393648 [scr:15.82]
H2AX (P16104),MAPK8 (P45983),R-HSA-110330 Recognition and association of DNA glycosylase with site containing an affected purine[scr:1785]; R-HSA-110331 Cleavage of the damaged purine[scr:1785]; R-HSA-2559580 Oxidative Stress Induced Senescence[scr:912],,,,,
RPTOR (Q8N122),MAPK8 (P45983),hsa04910 Insulin signaling pathway[scr:98],,,,,
CBL (P22681),MAPK8 (P45983); CRK (P46108),R-HSA-912631 Regulation of signaling by CBL[scr:974]; hsa04012 ErbB signaling pathway[scr:241]; hsa04910 Insulin signaling pathway[scr:98],HP:0012209 Juvenile myelomonocytic leukemia[scr:59],Orphanet:363972 Noonan syndrome-like disorder with juvenile myelomonocytic leukemia (EFO)[scr:300]; H02190 CBL syndrome (KEGG)[scr:306]; H02412 Atypical chronic myeloid leukemia (KEGG)[scr:20]; H02411 Chronic myelomonocytic leukemia (KEGG)[scr:19]; H00523 Noonan syndrome and related disorders (KEGG)[scr:19]; H02410 Myelodysplastic/myeloproliferative neoplasms (KEGG)[scr:15],,,
CDC42 (P60953),MAPK8 (P45983); CDC42 (P60953),hsa04722 Neurotrophin signaling pathway[scr:164]; hsa04660 T cell receptor signaling pathway[scr:138]; hsa04010 MAPK signaling pathway[scr:123]; hsa04912 GnRH signaling pathway[scr:91]; hsa04510 Focal adhesion[scr:72],HP:0000454 Flared nostrils[scr:88]; HP:0007655 Eversion of lateral third of lower eyelids[scr:71],MONDO:0014757 macrothrombocytopenia-lymphedema-developmental delay-facial dysmorphism-camptodactyly syndrome (EFO)[scr:0],DB02623 Aminophosphonic acid-guanylate ester[scr:397],,
JUN (P05412),MAPK8 (P45983); JUN (P05412),R-HSA-450341 Activation of the AP-1 family of transcription factors[scr:2143]; R-HSA-2559580 Oxidative Stress Induced Senescence[scr:912]; hsa04012 ErbB signaling pathway[scr:241]; hsa04722 Neurotrophin signaling pathway[scr:164]; hsa04660 T cell receptor signaling pathway[scr:138]; hsa04010 MAPK signaling pathway[scr:123]; hsa04912 GnRH signaling pathway[scr:91]; hsa04620 Toll-like receptor signaling pathway[scr:87]; hsa04668 TNF signaling pathway[scr:81]; hsa04380 Osteoclast differentiation[scr:73]; hsa04510 Focal adhesion[scr:72],,,DB01029 Irbesartan[scr:199],,
CRK (P46108),MAPK8 (P45983); CBL (P22681),R-HSA-912631 Regulation of signaling by CBL[scr:974]; R-HSA-170984 ARMS-mediated activation[scr:765]; hsa04012 ErbB signaling pathway[scr:241]; hsa04722 Neurotrophin signaling pathway[scr:164]; hsa04010 MAPK signaling pathway[scr:123]; hsa04910 Insulin signaling pathway[scr:98]; hsa04510 Focal adhesion[scr:72],,,,,
