{"options":{"search_start":1613058936,"tax_ids":[9606],"num_of_fn_nodes":10,"num_of_pathways":10,"num_of_phenotypes":10,"num_of_drugs":10,"num_of_diseases":10,"num_of_compounds":10,"chembl_compounds":0,"predictions":1,"reviewed_filter":1,"fn":1,"chembl":1,"search_finish":1613058943,"search_runtime":7},"search":[{"Drug":[{"DB02153":"3-sulfino-L-alanine"}]}],"nodes":[{"data":{"id":"P00390","display_name":"GSR","Node_Type":"Protein"}},{"data":{"id":"P32119","display_name":"PRDX2","Node_Type":"Protein"}},{"data":{"id":"P51003","display_name":"PAPOLA","Node_Type":"Protein"}},{"data":{"id":"P10599","display_name":"TXN","Node_Type":"Protein_N"}},{"data":{"id":"P40763","display_name":"STAT3","Node_Type":"Protein_N"}},{"data":{"id":"Orphanet:2314","display_name":"Autosomal dominant hyper-IgE syndrome","Node_Type":"Disease","enrichScore":720.2}},{"data":{"id":"EFO:0003775","display_name":"obsolete_Job's syndrome","Node_Type":"Disease","enrichScore":360.1}},{"data":{"id":"EFO:0005140","display_name":"autoimmune disease","Node_Type":"Disease","enrichScore":240.067}},{"data":{"id":"DB02153","display_name":"3-sulfino-L-alanine","Node_Type":"Drug","enrichScore":9999999}},{"data":{"id":"DB03867","display_name":"3-nitro-L-tyrosine","Node_Type":"Drug","enrichScore":953.8}},{"data":{"id":"DB07393","display_name":"2-(2-PHENYL-3-PYRIDIN-2-YL-4,5,6,7-TETRAHYDRO-2H-ISOPHOSPHINDOL-1-YL)PYRIDINE","Node_Type":"Drug","enrichScore":953.8}},{"data":{"id":"DB00262","display_name":"Carmustine","Node_Type":"Drug","enrichScore":953.8}},{"data":{"id":"DB01644","display_name":"3,6-dihydroxy-xanthene-9-propionic acid","Node_Type":"Drug","enrichScore":953.8}},{"data":{"id":"DB01860","display_name":"Cordycepin Triphosphate","Node_Type":"Drug","enrichScore":953.8}},{"data":{"id":"DB02553","display_name":"Glutathionylspermidine disulfide","Node_Type":"Drug","enrichScore":953.8}},{"data":{"id":"DB02895","display_name":"3-(Prop-2-Ene-1-Sulfinyl)-Propene-1-Thiol","Node_Type":"Drug","enrichScore":953.8}},{"data":{"id":"DB07714","display_name":"6-(3-METHYL-1,4-DIOXO-1,4-DIHYDRONAPHTHALEN-2-YL)HEXANOIC ACID","Node_Type":"Drug","enrichScore":953.8}},{"data":{"id":"DB03896","display_name":"Triphosphoric acid","Node_Type":"Drug","enrichScore":953.8}},{"data":{"id":"R-HSA-198745","display_name":"Signalling to STAT3","Node_Type":"Pathway","enrichScore":4285}},{"data":{"id":"R-HSA-8875791","display_name":"MET activates STAT3","Node_Type":"Pathway","enrichScore":4285}},{"data":{"id":"R-HSA-8849474","display_name":"PTK6 Activates STAT3","Node_Type":"Pathway","enrichScore":3213.75}},{"data":{"id":"R-HSA-2408550","display_name":"Metabolism of ingested H2SeO4 and H2SeO3 into H2Se","Node_Type":"Pathway","enrichScore":3213.75}},{"data":{"id":"R-HSA-3299685","display_name":"Detoxification of Reactive Oxygen Species","Node_Type":"Pathway","enrichScore":3126.892}},{"data":{"id":"R-HSA-5676934","display_name":"Protein repair","Node_Type":"Pathway","enrichScore":2142.5}},{"data":{"id":"R-HSA-499943","display_name":"Interconversion of nucleotide di- and triphosphates","Node_Type":"Pathway","enrichScore":1714}},{"data":{"id":"R-HSA-111453","display_name":"BH3-only proteins associate with and inactivate anti-apoptotic BCL-2 members","Node_Type":"Pathway","enrichScore":1428.333}},{"data":{"id":"R-HSA-9020933","display_name":"Interleukin-23 signaling","Node_Type":"Pathway","enrichScore":1428.333}},{"data":{"id":"R-HSA-8985947","display_name":"Interleukin-9 signaling","Node_Type":"Pathway","enrichScore":1428.333}},{"data":{"id":"HP:0012594","display_name":"Microalbuminuria","Node_Type":"HPO","enrichScore":120.886}},{"data":{"id":"HP:0006274","display_name":"Reduced pancreatic beta cells","Node_Type":"HPO","enrichScore":120.886}},{"data":{"id":"HP:0006515","display_name":"Interstitial pneumonitis","Node_Type":"HPO","enrichScore":105.775}},{"data":{"id":"HP:0012592","display_name":"Albuminuria","Node_Type":"HPO","enrichScore":94.022}},{"data":{"id":"HP:0001818","display_name":"Paronychia","Node_Type":"HPO","enrichScore":84.62}},{"data":{"id":"HP:0000976","display_name":"Eczematoid dermatitis","Node_Type":"HPO","enrichScore":84.62}},{"data":{"id":"HP:0002726","display_name":"Recurrent Staphylococcus aureus infections","Node_Type":"HPO","enrichScore":84.62}},{"data":{"id":"HP:0006335","display_name":"Persistence of primary teeth","Node_Type":"HPO","enrichScore":70.517}},{"data":{"id":"HP:0007499","display_name":"Recurrent staphylococcal infections","Node_Type":"HPO","enrichScore":70.517}},{"data":{"id":"HP:0005425","display_name":"Recurrent sinopulmonary infections","Node_Type":"HPO","enrichScore":65.092}},{"data":{"id":"hsa00480","display_name":"Glutathione metabolism","Node_Type":"kegg_Pathway","enrichScore":24.421}},{"data":{"id":"hsa04920","display_name":"Adipocytokine signaling pathway","Node_Type":"kegg_Pathway","enrichScore":19.82}},{"data":{"id":"hsa04917","display_name":"Prolactin signaling pathway","Node_Type":"kegg_Pathway","enrichScore":19.537}},{"data":{"id":"hsa04918","display_name":"Thyroid hormone synthesis","Node_Type":"kegg_Pathway","enrichScore":18.235}},{"data":{"id":"hsa03015","display_name":"mRNA surveillance pathway","Node_Type":"kegg_Pathway","enrichScore":15.541}},{"data":{"id":"hsa04659","display_name":"Th17 cell differentiation","Node_Type":"kegg_Pathway","enrichScore":12.902}},{"data":{"id":"hsa04066","display_name":"HIF-1 signaling pathway","Node_Type":"kegg_Pathway","enrichScore":12.547}},{"data":{"id":"hsa04935","display_name":"Growth hormone synthesis, secretion and action","Node_Type":"kegg_Pathway","enrichScore":11.302}},{"data":{"id":"hsa04068","display_name":"FoxO signaling pathway","Node_Type":"kegg_Pathway","enrichScore":10.52}},{"data":{"id":"hsa04550","display_name":"Signaling pathways regulating pluripotency of stem cells","Node_Type":"kegg_Pathway","enrichScore":9.631}},{"data":{"id":"H01968","display_name":"Hyper-IgE syndrome","Node_Type":"kegg_Disease","enrichScore":183.35}},{"data":{"id":"H00016","display_name":"Oral cancer","Node_Type":"kegg_Disease","enrichScore":91.675}},{"data":{"id":"H00107","display_name":"Other well-defined immunodeficiency syndromes","Node_Type":"kegg_Disease","enrichScore":81.489}}],"edges":[{"data":{"source":"P10599","target":"P32119","Edge_Type":"PPI","label":"interacts w\/"}},{"data":{"source":"P40763","target":"P32119","Edge_Type":"PPI","label":"interacts w\/"}},{"data":{"source":"P40763","target":"P40763","Edge_Type":"PPI","label":"interacts w\/"}},{"data":{"source":"HP:0006515","target":"EFO:0005140","Edge_Type":"hpodis","label":"is associated w\/"}},{"data":{"source":"HP:0001818","target":"Orphanet:2314","Edge_Type":"hpodis","label":"is associated w\/"}},{"data":{"source":"HP:0000976","target":"Orphanet:2314","Edge_Type":"hpodis","label":"is associated w\/"}},{"data":{"source":"HP:0002726","target":"Orphanet:2314","Edge_Type":"hpodis","label":"is associated w\/"}},{"data":{"source":"HP:0006335","target":"Orphanet:2314","Edge_Type":"hpodis","label":"is associated w\/"}},{"data":{"source":"HP:0007499","target":"Orphanet:2314","Edge_Type":"hpodis","label":"is associated w\/"}},{"data":{"source":"HP:0005425","target":"Orphanet:2314","Edge_Type":"hpodis","label":"is associated w\/"}},{"data":{"source":"P40763","target":"Orphanet:2314","Edge_Type":"Disease","label":"is related to"}},{"data":{"source":"P40763","target":"EFO:0003775","Edge_Type":"Disease","label":"is related to"}},{"data":{"source":"P40763","target":"EFO:0005140","Edge_Type":"Disease","label":"is related to"}},{"data":{"source":"P51003","target":"DB02153","Edge_Type":"Drug","label":"targets"}},{"data":{"source":"P00390","target":"DB02153","Edge_Type":"Drug","label":"targets"}},{"data":{"source":"P32119","target":"DB02153","Edge_Type":"Drug","label":"targets"}},{"data":{"source":"P00390","target":"DB03867","Edge_Type":"Drug","label":"targets"}},{"data":{"source":"P00390","target":"DB07393","Edge_Type":"Drug","label":"targets"}},{"data":{"source":"P00390","target":"DB00262","Edge_Type":"Drug","label":"targets"}},{"data":{"source":"P00390","target":"DB01644","Edge_Type":"Drug","label":"targets"}},{"data":{"source":"P51003","target":"DB01860","Edge_Type":"Drug","label":"targets"}},{"data":{"source":"P00390","target":"DB02553","Edge_Type":"Drug","label":"targets"}},{"data":{"source":"P00390","target":"DB02895","Edge_Type":"Drug","label":"targets"}},{"data":{"source":"P00390","target":"DB07714","Edge_Type":"Drug","label":"targets"}},{"data":{"source":"P51003","target":"DB03896","Edge_Type":"Drug","label":"targets"}},{"data":{"source":"P40763","target":"R-HSA-198745","Edge_Type":"Pathway","label":"is involved in"}},{"data":{"source":"P40763","target":"R-HSA-8875791","Edge_Type":"Pathway","label":"is involved in"}},{"data":{"source":"P40763","target":"R-HSA-8849474","Edge_Type":"Pathway","label":"is involved in"}},{"data":{"source":"P00390","target":"R-HSA-2408550","Edge_Type":"Pathway","label":"is involved in"}},{"data":{"source":"P00390","target":"R-HSA-3299685","Edge_Type":"Pathway","label":"is involved in"}},{"data":{"source":"P32119","target":"R-HSA-3299685","Edge_Type":"Pathway","label":"is involved in"}},{"data":{"source":"P10599","target":"R-HSA-3299685","Edge_Type":"Pathway","label":"is involved in"}},{"data":{"source":"P10599","target":"R-HSA-5676934","Edge_Type":"Pathway","label":"is involved in"}},{"data":{"source":"P00390","target":"R-HSA-499943","Edge_Type":"Pathway","label":"is involved in"}},{"data":{"source":"P10599","target":"R-HSA-499943","Edge_Type":"Pathway","label":"is involved in"}},{"data":{"source":"P40763","target":"R-HSA-111453","Edge_Type":"Pathway","label":"is involved in"}},{"data":{"source":"P40763","target":"R-HSA-9020933","Edge_Type":"Pathway","label":"is involved in"}},{"data":{"source":"P40763","target":"R-HSA-8985947","Edge_Type":"Pathway","label":"is involved in"}},{"data":{"source":"P40763","target":"HP:0012594","Edge_Type":"HPO","label":"is associated w\/"}},{"data":{"source":"P40763","target":"HP:0006274","Edge_Type":"HPO","label":"is associated w\/"}},{"data":{"source":"P40763","target":"HP:0006515","Edge_Type":"HPO","label":"is associated w\/"}},{"data":{"source":"P40763","target":"HP:0012592","Edge_Type":"HPO","label":"is associated w\/"}},{"data":{"source":"P40763","target":"HP:0001818","Edge_Type":"HPO","label":"is associated w\/"}},{"data":{"source":"P40763","target":"HP:0000976","Edge_Type":"HPO","label":"is associated w\/"}},{"data":{"source":"P40763","target":"HP:0002726","Edge_Type":"HPO","label":"is associated w\/"}},{"data":{"source":"P40763","target":"HP:0006335","Edge_Type":"HPO","label":"is associated w\/"}},{"data":{"source":"P40763","target":"HP:0007499","Edge_Type":"HPO","label":"is associated w\/"}},{"data":{"source":"P40763","target":"HP:0005425","Edge_Type":"HPO","label":"is associated w\/"}},{"data":{"source":"P00390","target":"hsa00480","Edge_Type":"kegg_path_prot","label":"is involved in"}},{"data":{"source":"P40763","target":"hsa04920","Edge_Type":"kegg_path_prot","label":"is involved in"}},{"data":{"source":"P40763","target":"hsa04917","Edge_Type":"kegg_path_prot","label":"is involved in"}},{"data":{"source":"P00390","target":"hsa04918","Edge_Type":"kegg_path_prot","label":"is involved in"}},{"data":{"source":"P51003","target":"hsa03015","Edge_Type":"kegg_path_prot","label":"is involved in"}},{"data":{"source":"P40763","target":"hsa04659","Edge_Type":"kegg_path_prot","label":"is involved in"}},{"data":{"source":"P40763","target":"hsa04066","Edge_Type":"kegg_path_prot","label":"is involved in"}},{"data":{"source":"P40763","target":"hsa04935","Edge_Type":"kegg_path_prot","label":"is involved in"}},{"data":{"source":"P40763","target":"hsa04068","Edge_Type":"kegg_path_prot","label":"is involved in"}},{"data":{"source":"P40763","target":"hsa04550","Edge_Type":"kegg_path_prot","label":"is involved in"}},{"data":{"source":"P40763","target":"H01968","Edge_Type":"kegg_dis_prot","label":"is related to"}},{"data":{"source":"P40763","target":"H00016","Edge_Type":"kegg_dis_prot","label":"is related to"}},{"data":{"source":"P40763","target":"H00107","Edge_Type":"kegg_dis_prot","label":"is related to"}}]}