Core Proteins,Interacting Proteins,Pathways,HPO terms,Diseases,Targeting Drugs,Experimental Bioactive Compounds (pChEMBL),Predicted interacting Compounds
RXRA (P19793),NCOA2 (Q15596); PPARG (P37231); NR1H2 (P55055); NR1H3 (Q13133); MED25 (Q71SY5); RARA (P10276); MED1 (Q15648),R-HSA-4090294 SUMOylation of intracellular receptors[scr:5933]; R-HSA-383280 Nuclear Receptor transcription pathway[scr:4750]; R-HSA-1368082 RORA activates gene expression[scr:4395]; R-HSA-400206 Regulation of lipid metabolism by PPARalpha[scr:3955]; R-HSA-1989781 PPARA activates gene expression[scr:3423]; R-HSA-1368108 BMAL1:CLOCK-NPAS2 activates circadian gene expression[scr:2930]; R-HSA-381340 Transcriptional regulation of white adipocyte differentiation[scr:2884]; R-HSA-2151201 Transcriptional activation of mitochondrial biogenesis[scr:2289]; R-HSA-400253 Circadian Clock[scr:2169]; R-HSA-2426168 Activation of gene expression by SREBF (SREBP)[scr:1884]; hsa03320 PPAR signaling pathway[scr:63]; hsa04919 Thyroid hormone signaling pathway[scr:40]; hsa04920 Adipocytokine signaling pathway[scr:30]; hsa04976 Bile secretion[scr:29]; hsa04659 Th17 cell differentiation[scr:20]; hsa04928 Parathyroid hormone synthesis- secretion and action[scr:20],,,DB08402 2-[(2-4-DICHLOROBENZOYL)AMINO]-5-(PYRIMIDIN-2-YLOXY)BENZOIC ACID[scr:9999999]; DB07863 2-chloro-5-nitro-N-phenylbenzamide[scr:1101]; DB08063 1-BENZYL-3-(4-METHOXYPHENYLAMINO)-4-PHENYLPYRROLE-2-5-DIONE[scr:734]; DB08601 Tributyltin[scr:734]; DB06414 Etravirine[scr:1000000],,CHEMBL451748 [scr:20.08]; CHEMBL404246 [scr:20.08]; CHEMBL218961 [scr:18.36]; CHEMBL450943 [scr:17.36]; CHEMBL423323 [scr:17.21]; CHEMBL22367 [scr:16.91]; CHEMBL515721 [scr:16.91]; CHEMBL104370 [scr:15.44]; CHEMBL432392 [scr:15.3]
PPARG (P37231),PPARG (P37231); RXRA (P19793); NR1H2 (P55055); SMARCD3 (Q6STE5); SMARCD3 (Q6STE5); ADCY4 (Q8NFM4); NR1H3 (Q13133); PPARGC1A (Q9UBK2); RARA (P10276); CLU (P10909),R-HSA-4090294 SUMOylation of intracellular receptors[scr:5933]; R-HSA-383280 Nuclear Receptor transcription pathway[scr:4750]; R-HSA-1989781 PPARA activates gene expression[scr:3423]; R-HSA-381340 Transcriptional regulation of white adipocyte differentiation[scr:2884]; hsa03320 PPAR signaling pathway[scr:63]; hsa04211 Longevity regulating pathway[scr:53]; hsa04714 Thermogenesis[scr:36]; hsa04152 AMPK signaling pathway[scr:18],HP:0012273 Increased carotid artery intimal medial thickness[scr:325]; HP:0009017 Loss of gluteal subcutaneous adipose tissue[scr:81]; HP:0007457 Prominent veins on trunk[scr:81]; HP:0009042 Marked muscular hypertrophy[scr:81]; HP:0000292 Loss of facial adipose tissue[scr:46]; HP:0000291 Abnormality of facial adipose tissue[scr:41]; HP:0100601 Eclampsia[scr:36]; HP:0003414 Atlantoaxial dislocation[scr:36],Orphanet:79083 Familial partial lipodystrophy associated with PPARG mutations (EFO)[scr:277]; EFO:0000632 oligodendroglioma (EFO)[scr:31]; EFO:0001073 obesity (EFO)[scr:28]; Orphanet:71529 Obesity due to melanocortin 4 receptor deficiency (EFO)[scr:28]; Orphanet:77828 Genetic obesity (EFO)[scr:28]; H00420 Familial partial lipodystrophy (KEGG)[scr:40]; H00032 Thyroid cancer (KEGG)[scr:18]; H00409 Type 2 diabetes mellitus (KEGG)[scr:15]; H02106 Genetic obesity (KEGG)[scr:12],DB08402 2-[(2-4-DICHLOROBENZOYL)AMINO]-5-(PYRIMIDIN-2-YLOXY)BENZOIC ACID[scr:9999999]; DB07863 2-chloro-5-nitro-N-phenylbenzamide[scr:1101]; DB08560 3-FLUORO-N-[1-(4-FLUOROPHENYL)-3-(2-THIENYL)-1H-PYRAZOL-5-YL]BENZENESULFONAMIDE[scr:367]; DB08435 (5E-14E)-11-oxoprosta-5-9-12-14-tetraen-1-oic acid[scr:367]; DB07172 (5R-6E-8Z-11Z-14Z-17Z)-5-hydroxyicosa-6-8-11-14-17-pentaenoic acid[scr:367]; DB06414 Etravirine[scr:1000000],,CHEMBL218961 [scr:18.36]; CHEMBL450943 [scr:17.36]; CHEMBL22367 [scr:16.91]; CHEMBL515721 [scr:16.91]; CHEMBL104370 [scr:15.44]
NCOA2 (Q15596),RXRA (P19793); NR5A2 (O00482),R-HSA-1368082 RORA activates gene expression[scr:4395]; R-HSA-400206 Regulation of lipid metabolism by PPARalpha[scr:3955]; R-HSA-1989781 PPARA activates gene expression[scr:3423]; R-HSA-1368108 BMAL1:CLOCK-NPAS2 activates circadian gene expression[scr:2930]; R-HSA-381340 Transcriptional regulation of white adipocyte differentiation[scr:2884]; R-HSA-2151201 Transcriptional activation of mitochondrial biogenesis[scr:2289]; R-HSA-400253 Circadian Clock[scr:2169]; R-HSA-2426168 Activation of gene expression by SREBF (SREBP)[scr:1884]; hsa04919 Thyroid hormone signaling pathway[scr:40]; hsa04915 Estrogen signaling pathway[scr:32],,,DB08402 2-[(2-4-DICHLOROBENZOYL)AMINO]-5-(PYRIMIDIN-2-YLOXY)BENZOIC ACID[scr:9999999]; DB07863 2-chloro-5-nitro-N-phenylbenzamide[scr:1101]; DB08601 Tributyltin[scr:734]; DB07080 TO-901317[scr:550]; DB08175 (2E-4E)-11-METHOXY-3-7-11-TRIMETHYLDODECA-2-4-DIENOIC ACID[scr:489],,
NR1H2 (P55055),RXRA (P19793); PPARG (P37231),R-HSA-4090294 SUMOylation of intracellular receptors[scr:5933]; R-HSA-383280 Nuclear Receptor transcription pathway[scr:4750]; R-HSA-1989781 PPARA activates gene expression[scr:3423],,,DB07080 TO-901317[scr:550]; DB13174 Rhein[scr:489]; DB06414 Etravirine[scr:1000000],,CHEMBL451748 [scr:20.08]; CHEMBL404246 [scr:20.08]; CHEMBL218961 [scr:18.36]; CHEMBL450943 [scr:17.36]; CHEMBL423323 [scr:17.21]; CHEMBL22367 [scr:16.91]; CHEMBL515721 [scr:16.91]; CHEMBL104370 [scr:15.44]; CHEMBL432392 [scr:15.3]
SMARCD3 (Q6STE5),PPARG (P37231),R-HSA-1368082 RORA activates gene expression[scr:4395]; R-HSA-400206 Regulation of lipid metabolism by PPARalpha[scr:3955]; R-HSA-1989781 PPARA activates gene expression[scr:3423]; R-HSA-1368108 BMAL1:CLOCK-NPAS2 activates circadian gene expression[scr:2930]; R-HSA-381340 Transcriptional regulation of white adipocyte differentiation[scr:2884]; R-HSA-2151201 Transcriptional activation of mitochondrial biogenesis[scr:2289]; R-HSA-400253 Circadian Clock[scr:2169]; R-HSA-2426168 Activation of gene expression by SREBF (SREBP)[scr:1884]; hsa04714 Thermogenesis[scr:36],,,,,
ADCY4 (Q8NFM4),PPARG (P37231),hsa04211 Longevity regulating pathway[scr:53]; hsa04714 Thermogenesis[scr:36]; hsa04915 Estrogen signaling pathway[scr:32]; hsa04976 Bile secretion[scr:29]; hsa04928 Parathyroid hormone synthesis- secretion and action[scr:20],,,,,
NR1H3 (Q13133),RXRA (P19793); PPARG (P37231),R-HSA-4090294 SUMOylation of intracellular receptors[scr:5933]; R-HSA-383280 Nuclear Receptor transcription pathway[scr:4750]; R-HSA-1989781 PPARA activates gene expression[scr:3423]; hsa03320 PPAR signaling pathway[scr:63],,,DB08063 1-BENZYL-3-(4-METHOXYPHENYLAMINO)-4-PHENYLPYRROLE-2-5-DIONE[scr:734]; DB07080 TO-901317[scr:550]; DB13174 Rhein[scr:489]; DB08175 (2E-4E)-11-METHOXY-3-7-11-TRIMETHYLDODECA-2-4-DIENOIC ACID[scr:489],,CHEMBL450943 [scr:17.36]; CHEMBL104370 [scr:15.44]; CHEMBL432392 [scr:15.3]
PPARGC1A (Q9UBK2),PPARG (P37231),R-HSA-1989781 PPARA activates gene expression[scr:3423]; R-HSA-381340 Transcriptional regulation of white adipocyte differentiation[scr:2884]; R-HSA-2151201 Transcriptional activation of mitochondrial biogenesis[scr:2289]; R-HSA-400253 Circadian Clock[scr:2169]; hsa04211 Longevity regulating pathway[scr:53]; hsa04714 Thermogenesis[scr:36]; hsa04920 Adipocytokine signaling pathway[scr:30]; hsa04152 AMPK signaling pathway[scr:18],,,,,
NR5A2 (O00482),NCOA2 (Q15596),R-HSA-4090294 SUMOylation of intracellular receptors[scr:5933]; R-HSA-383280 Nuclear Receptor transcription pathway[scr:4750],,,,,
MED25 (Q71SY5),RXRA (P19793); RARA (P10276),R-HSA-1989781 PPARA activates gene expression[scr:3423]; R-HSA-381340 Transcriptional regulation of white adipocyte differentiation[scr:2884],,Orphanet:101101 Charcot-Marie-Tooth disease type 2B2 (EFO)[scr:277]; H00264 Charcot-Marie-Tooth disease (KEGG)[scr:6],,,
RARA (P10276),RXRA (P19793); PPARG (P37231); MED1 (Q15648); MED25 (Q71SY5),R-HSA-4090294 SUMOylation of intracellular receptors[scr:5933]; R-HSA-383280 Nuclear Receptor transcription pathway[scr:4750]; hsa04915 Estrogen signaling pathway[scr:32]; hsa04659 Th17 cell differentiation[scr:20],HP:0004836 Acute promyelocytic leukemia[scr:108]; HP:0012135 Abnormal granulocytopoietic cell morphology[scr:54],EFO:0000224 acute promyelocytic leukemia (EFO)[scr:277],DB06414 Etravirine[scr:1000000],,CHEMBL451748 [scr:20.08]; CHEMBL404246 [scr:20.08]; CHEMBL218961 [scr:18.36]; CHEMBL423323 [scr:17.21]; CHEMBL22367 [scr:16.91]; CHEMBL515721 [scr:16.91]; CHEMBL104370 [scr:15.44]; CHEMBL432392 [scr:15.3]
MED1 (Q15648),RXRA (P19793); RARA (P10276),R-HSA-383280 Nuclear Receptor transcription pathway[scr:4750]; R-HSA-1368082 RORA activates gene expression[scr:4395]; R-HSA-400206 Regulation of lipid metabolism by PPARalpha[scr:3955]; R-HSA-1989781 PPARA activates gene expression[scr:3423]; R-HSA-1368108 BMAL1:CLOCK-NPAS2 activates circadian gene expression[scr:2930]; R-HSA-381340 Transcriptional regulation of white adipocyte differentiation[scr:2884]; R-HSA-2151201 Transcriptional activation of mitochondrial biogenesis[scr:2289]; R-HSA-400253 Circadian Clock[scr:2169]; R-HSA-2426168 Activation of gene expression by SREBF (SREBP)[scr:1884]; hsa04919 Thyroid hormone signaling pathway[scr:40],,,,,
CLU (P10909),PPARG (P37231),,,,,,
