Core Proteins,Interacting Proteins,Pathways,HPO terms,Diseases,Targeting Drugs,Experimental Bioactive Compounds (pChEMBL),Predicted interacting Compounds
CHEK2 (O96017),CHEK2 (O96017),,,,DB01268 Sunitinib[scr:9999999],,CHEMBL1823259 [scr:55.68]; CHEMBL1822799 [scr:47.45]
CSF1R (P07333),IL34 (Q6ZMJ4),hsa04014 Ras signaling pathway[scr:227]; hsa04015 Rap1 signaling pathway[scr:213]; hsa04010 MAPK signaling pathway[scr:181]; hsa04151 PI3K-Akt signaling pathway[scr:151]; hsa04640 Hematopoietic cell lineage[scr:26],,H01807 Hereditary diffuse leukoencephalopathy with spheroids (KEGG)[scr:147],DB01268 Sunitinib[scr:9999999]; DB06080 ABT-869[scr:1145],,
RET (P07949),,R-HSA-5673001 RAF/MAP kinase cascade[scr:1059],,Orphanet:99361 Familial medullary thyroid carcinoma (EFO)[scr:144]; Orphanet:653 Multiple endocrine neoplasia type 2 (EFO)[scr:144],DB01268 Sunitinib[scr:9999999]; DB00398 Sorafenib[scr:935]; DB09078 Lenvatinib[scr:858],,
PDGFRB (P09619),KDR (P35968); PDGFRA (P16234); PDGFB (P01127); PTPRJ (Q12913),R-HSA-186797 Signaling by PDGF[scr:1948]; R-HSA-186763 Downstream signal transduction[scr:1418]; R-HSA-5673001 RAF/MAP kinase cascade[scr:1059]; R-HSA-2219530 Constitutive Signaling by Aberrant PI3K in Cancer[scr:869]; R-HSA-1257604 PIP3 activates AKT signaling[scr:699]; hsa04014 Ras signaling pathway[scr:227]; hsa04015 Rap1 signaling pathway[scr:213]; hsa04010 MAPK signaling pathway[scr:181]; hsa04510 Focal adhesion[scr:166]; hsa04151 PI3K-Akt signaling pathway[scr:151]; hsa04540 Gap junction[scr:75]; hsa04072 Phospholipase D signaling pathway[scr:67]; hsa04810 Regulation of actin cytoskeleton[scr:32]; hsa04630 JAK-STAT signaling pathway[scr:27],HP:0002504 Calcification of the small brain vessels[scr:226]; HP:0002461 Dense calcifications in the cerebellar dentate nucleus[scr:226]; HP:0031306 Intracranial arterial calcification[scr:226]; HP:0006782 Malignant eosinophil proliferation[scr:169],Orphanet:363665 Acroosteolysis-keloid-like lesions-premature aging syndrome (EFO)[scr:144]; H00042 Glioma (KEGG)[scr:213]; H01574 Familial idiopathic basal ganglia calcification (KEGG)[scr:147],DB01268 Sunitinib[scr:9999999]; DB00398 Sorafenib[scr:935]; DB06595 Midostaurin[scr:795]; DB05146 XL820[scr:763]; DB06589 Pazopanib[scr:687]; DB09079 Nintedanib[scr:687],,CHEMBL1822647 [scr:68.33]; CHEMBL1823259 [scr:55.68]; CHEMBL1822799 [scr:47.45]; CHEMBL3932121 [scr:46.98]; CHEMBL3646789 [scr:46.98]; CHEMBL1583625 [scr:46.98]; CHEMBL3920231 [scr:46.98]; CHEMBL3643405 [scr:46.98]; CHEMBL1778102 [scr:46.98]; CHEMBL2218339 [scr:41.76]
KIT (P10721),HSH2D (Q96JZ2),R-HSA-5673001 RAF/MAP kinase cascade[scr:1059]; R-HSA-2219530 Constitutive Signaling by Aberrant PI3K in Cancer[scr:869]; R-HSA-8866910 TFAP2 (AP-2) family regulates transcription of growth factors and their receptors[scr:791]; R-HSA-1257604 PIP3 activates AKT signaling[scr:699]; hsa04014 Ras signaling pathway[scr:227]; hsa04015 Rap1 signaling pathway[scr:213]; hsa04010 MAPK signaling pathway[scr:181]; hsa04151 PI3K-Akt signaling pathway[scr:151]; hsa04072 Phospholipase D signaling pathway[scr:67]; hsa04640 Hematopoietic cell lineage[scr:26],HP:0200151 Cutaneous mastocytosis[scr:169],Orphanet:44890 Gastrointestinal stromal tumor (EFO)[scr:288]; EFO:0000505 obsolete_gastrointestinal stromal tumor (EFO)[scr:288]; EFO:1001229 maculopapular cutaneous mastocytosis (EFO)[scr:144]; H01591 Gastrotintestinal stromal tumor (KEGG)[scr:1000000]; H01511 Mast-cell leukemia (KEGG)[scr:147],DB01268 Sunitinib[scr:9999999]; DB06080 ABT-869[scr:1145]; DB00398 Sorafenib[scr:935]; DB09078 Lenvatinib[scr:858]; DB06595 Midostaurin[scr:795]; DB05146 XL820[scr:763]; DB06589 Pazopanib[scr:687],,CHEMBL1822647 [scr:68.33]; CHEMBL3932121 [scr:46.98]; CHEMBL3646789 [scr:46.98]; CHEMBL1583625 [scr:46.98]; CHEMBL3920231 [scr:46.98]; CHEMBL3643405 [scr:46.98]; CHEMBL1778102 [scr:46.98]; CHEMBL2218339 [scr:41.76]
PHKG2 (P15735),,R-HSA-70221 Glycogen breakdown (glycogenolysis)[scr:643],,,DB01268 Sunitinib[scr:9999999],,
PDGFRA (P16234),PDGFRB (P09619); PDGFB (P01127); PDGFC (Q9NRA1); PDGFC (Q9NRA1); PDGFA (P04085),R-HSA-186797 Signaling by PDGF[scr:1948]; R-HSA-186763 Downstream signal transduction[scr:1418]; R-HSA-5673001 RAF/MAP kinase cascade[scr:1059]; R-HSA-2219530 Constitutive Signaling by Aberrant PI3K in Cancer[scr:869]; R-HSA-1257604 PIP3 activates AKT signaling[scr:699]; hsa04014 Ras signaling pathway[scr:227]; hsa04015 Rap1 signaling pathway[scr:213]; hsa04010 MAPK signaling pathway[scr:181]; hsa04510 Focal adhesion[scr:166]; hsa04151 PI3K-Akt signaling pathway[scr:151]; hsa04540 Gap junction[scr:75]; hsa04072 Phospholipase D signaling pathway[scr:67]; hsa04810 Regulation of actin cytoskeleton[scr:32]; hsa04630 JAK-STAT signaling pathway[scr:27],,Orphanet:44890 Gastrointestinal stromal tumor (EFO)[scr:288]; EFO:0000505 obsolete_gastrointestinal stromal tumor (EFO)[scr:288]; H01591 Gastrotintestinal stromal tumor (KEGG)[scr:1000000]; H00042 Glioma (KEGG)[scr:213],DB01268 Sunitinib[scr:9999999]; DB09078 Lenvatinib[scr:858]; DB06595 Midostaurin[scr:795]; DB05146 XL820[scr:763]; DB06589 Pazopanib[scr:687]; DB09079 Nintedanib[scr:687],,CHEMBL1822647 [scr:68.33]
FLT1 (P17948),HSPG2 (P98160); HSPG2 (P98160); VEGFA (P15692); VEGFA (P15692); PTPRJ (Q12913); PGF (P49763),R-HSA-195399 VEGF binds to VEGFR leading to receptor dimerization[scr:11570]; R-HSA-194306 Neurophilin interactions with VEGF and VEGFR[scr:2571]; hsa04014 Ras signaling pathway[scr:227]; hsa04015 Rap1 signaling pathway[scr:213]; hsa04010 MAPK signaling pathway[scr:181]; hsa04510 Focal adhesion[scr:166]; hsa04151 PI3K-Akt signaling pathway[scr:151],,,DB01268 Sunitinib[scr:9999999]; DB06080 ABT-869[scr:1145]; DB00398 Sorafenib[scr:935]; DB09078 Lenvatinib[scr:858]; DB06589 Pazopanib[scr:687]; DB09079 Nintedanib[scr:687]; DB04879 Vatalanib[scr:572]; DB06101 IMC-1C11[scr:572],,CHEMBL1822647 [scr:68.33]; CHEMBL1823259 [scr:55.68]; CHEMBL3932121 [scr:46.98]; CHEMBL3646789 [scr:46.98]; CHEMBL1583625 [scr:46.98]; CHEMBL3920231 [scr:46.98]; CHEMBL3643405 [scr:46.98]; CHEMBL1778102 [scr:46.98]
AXL (P30530),,,,,DB01268 Sunitinib[scr:9999999],,CHEMBL1822647 [scr:68.33]; CHEMBL1822799 [scr:47.45]
FLT4 (P35916),KDR (P35968); VEGFC (P49767),R-HSA-195399 VEGF binds to VEGFR leading to receptor dimerization[scr:11570]; hsa04014 Ras signaling pathway[scr:227]; hsa04015 Rap1 signaling pathway[scr:213]; hsa04010 MAPK signaling pathway[scr:181]; hsa04510 Focal adhesion[scr:166]; hsa04151 PI3K-Akt signaling pathway[scr:151],HP:0200058 Angiosarcoma[scr:226]; HP:0003759 Hypoplasia of lymphatic vessels[scr:169]; HP:0007448 Hyperkeratosis over edematous areas[scr:169],Orphanet:91415 Familial capillary hemangioma (EFO)[scr:192]; Orphanet:79452 Milroy disease (EFO)[scr:192],DB01268 Sunitinib[scr:9999999]; DB06080 ABT-869[scr:1145]; DB00398 Sorafenib[scr:935]; DB09078 Lenvatinib[scr:858]; DB06589 Pazopanib[scr:687]; DB09079 Nintedanib[scr:687]; DB04879 Vatalanib[scr:572]; DB06101 IMC-1C11[scr:572],,CHEMBL1823259 [scr:55.68]; CHEMBL1822799 [scr:47.45]
KDR (P35968),KDR (P35968); FLT4 (P35916); PDGFRB (P09619); VEGFC (P49767); HSPG2 (P98160); HSPG2 (P98160); HSPG2 (P98160); VEGFA (P15692); VEGFA (P15692); PTPRJ (Q12913),R-HSA-195399 VEGF binds to VEGFR leading to receptor dimerization[scr:11570]; R-HSA-194306 Neurophilin interactions with VEGF and VEGFR[scr:2571]; hsa04014 Ras signaling pathway[scr:227]; hsa04015 Rap1 signaling pathway[scr:213]; hsa04010 MAPK signaling pathway[scr:181]; hsa04510 Focal adhesion[scr:166]; hsa04151 PI3K-Akt signaling pathway[scr:151],,Orphanet:91415 Familial capillary hemangioma (EFO)[scr:192],DB01268 Sunitinib[scr:9999999]; DB06080 ABT-869[scr:1145]; DB00398 Sorafenib[scr:935]; DB09078 Lenvatinib[scr:858]; DB06595 Midostaurin[scr:795]; DB05146 XL820[scr:763]; DB06589 Pazopanib[scr:687]; DB09079 Nintedanib[scr:687]; DB04879 Vatalanib[scr:572]; DB06101 IMC-1C11[scr:572],,CHEMBL1822647 [scr:68.33]; CHEMBL1822799 [scr:47.45]
FLT3 (P36888),PTPRJ (Q12913),R-HSA-5673001 RAF/MAP kinase cascade[scr:1059]; hsa04014 Ras signaling pathway[scr:227]; hsa04010 MAPK signaling pathway[scr:181]; hsa04151 PI3K-Akt signaling pathway[scr:151]; hsa04640 Hematopoietic cell lineage[scr:26],,,DB01268 Sunitinib[scr:9999999]; DB06080 ABT-869[scr:1145]; DB00398 Sorafenib[scr:935]; DB06595 Midostaurin[scr:795]; DB09079 Nintedanib[scr:687],,
PHKG1 (Q16816),,R-HSA-70221 Glycogen breakdown (glycogenolysis)[scr:643],,,DB01268 Sunitinib[scr:9999999],,
BMP2K (Q9NSY1),,,,,DB01268 Sunitinib[scr:9999999],,
STK17A (Q9UEE5),,,,,DB01268 Sunitinib[scr:9999999],,
VEGFC (P49767),FLT4 (P35916); KDR (P35968),R-HSA-195399 VEGF binds to VEGFR leading to receptor dimerization[scr:11570]; R-HSA-194313 VEGF ligand-receptor interactions[scr:4628]; hsa04014 Ras signaling pathway[scr:227]; hsa04015 Rap1 signaling pathway[scr:213]; hsa04010 MAPK signaling pathway[scr:181]; hsa04510 Focal adhesion[scr:166]; hsa04151 PI3K-Akt signaling pathway[scr:151],HP:0200058 Angiosarcoma[scr:226],Orphanet:79452 Milroy disease (EFO)[scr:192],,,
HSPG2 (P98160),FLT1 (P17948); KDR (P35968),,HP:0100795 Abnormally straight spine[scr:169]; HP:0006473 Anterior bowing of long bones[scr:169],Orphanet:1865 Dyssegmental dysplasia- Silverman-Handmaker type (EFO)[scr:144]; Orphanet:800 Schwartz-Jampel syndrome (EFO)[scr:144]; H02155 Dyssegmental dysplasia (KEGG)[scr:147]; H01777 Schwartz-Jampel syndrome (KEGG)[scr:147],,,
PDGFB (P01127),PDGFRB (P09619); PDGFRA (P16234); PDGFB (P01127),R-HSA-186797 Signaling by PDGF[scr:1948]; R-HSA-186763 Downstream signal transduction[scr:1418]; R-HSA-5673001 RAF/MAP kinase cascade[scr:1059]; R-HSA-2219530 Constitutive Signaling by Aberrant PI3K in Cancer[scr:869]; R-HSA-1257604 PIP3 activates AKT signaling[scr:699]; hsa04014 Ras signaling pathway[scr:227]; hsa04015 Rap1 signaling pathway[scr:213]; hsa04010 MAPK signaling pathway[scr:181]; hsa04510 Focal adhesion[scr:166]; hsa04151 PI3K-Akt signaling pathway[scr:151]; hsa04540 Gap junction[scr:75]; hsa04072 Phospholipase D signaling pathway[scr:67]; hsa04810 Regulation of actin cytoskeleton[scr:32]; hsa04630 JAK-STAT signaling pathway[scr:27],HP:0002504 Calcification of the small brain vessels[scr:226]; HP:0002461 Dense calcifications in the cerebellar dentate nucleus[scr:226]; HP:0031306 Intracranial arterial calcification[scr:226],H00042 Glioma (KEGG)[scr:213]; H01574 Familial idiopathic basal ganglia calcification (KEGG)[scr:147],,,
VEGFA (P15692),FLT1 (P17948); KDR (P35968); VEGFA (P15692),R-HSA-195399 VEGF binds to VEGFR leading to receptor dimerization[scr:11570]; R-HSA-194313 VEGF ligand-receptor interactions[scr:4628]; R-HSA-8866910 TFAP2 (AP-2) family regulates transcription of growth factors and their receptors[scr:791]; hsa04014 Ras signaling pathway[scr:227]; hsa04015 Rap1 signaling pathway[scr:213]; hsa04010 MAPK signaling pathway[scr:181]; hsa04510 Focal adhesion[scr:166]; hsa04151 PI3K-Akt signaling pathway[scr:151],,H01459 Diabetic neuropathy (KEGG)[scr:147],,,
PTPRJ (Q12913),PDGFRB (P09619); FLT1 (P17948); KDR (P35968); FLT3 (P36888),,,,,,
PDGFC (Q9NRA1),PDGFRA (P16234),R-HSA-186797 Signaling by PDGF[scr:1948]; hsa04014 Ras signaling pathway[scr:227]; hsa04015 Rap1 signaling pathway[scr:213]; hsa04010 MAPK signaling pathway[scr:181]; hsa04510 Focal adhesion[scr:166]; hsa04151 PI3K-Akt signaling pathway[scr:151]; hsa04540 Gap junction[scr:75]; hsa04072 Phospholipase D signaling pathway[scr:67]; hsa04810 Regulation of actin cytoskeleton[scr:32],,,,,
PGF (P49763),FLT1 (P17948),R-HSA-195399 VEGF binds to VEGFR leading to receptor dimerization[scr:11570]; R-HSA-194313 VEGF ligand-receptor interactions[scr:4628]; hsa04014 Ras signaling pathway[scr:227]; hsa04015 Rap1 signaling pathway[scr:213]; hsa04010 MAPK signaling pathway[scr:181]; hsa04510 Focal adhesion[scr:166]; hsa04151 PI3K-Akt signaling pathway[scr:151],,,,,
IL34 (Q6ZMJ4),CSF1R (P07333),,,,,,
PDGFA (P04085),PDGFRA (P16234),R-HSA-186797 Signaling by PDGF[scr:1948]; R-HSA-186763 Downstream signal transduction[scr:1418]; R-HSA-5673001 RAF/MAP kinase cascade[scr:1059]; R-HSA-2219530 Constitutive Signaling by Aberrant PI3K in Cancer[scr:869]; R-HSA-1257604 PIP3 activates AKT signaling[scr:699]; hsa04014 Ras signaling pathway[scr:227]; hsa04015 Rap1 signaling pathway[scr:213]; hsa04010 MAPK signaling pathway[scr:181]; hsa04510 Focal adhesion[scr:166]; hsa04151 PI3K-Akt signaling pathway[scr:151]; hsa04540 Gap junction[scr:75]; hsa04072 Phospholipase D signaling pathway[scr:67]; hsa04810 Regulation of actin cytoskeleton[scr:32]; hsa04630 JAK-STAT signaling pathway[scr:27],,H00042 Glioma (KEGG)[scr:213],,,
HSH2D (Q96JZ2),KIT (P10721),,,,,,
