{"options":{"search_start":1613056820,"tax_ids":[9606],"num_of_fn_nodes":10,"num_of_pathways":10,"num_of_phenotypes":10,"num_of_drugs":10,"num_of_diseases":10,"num_of_compounds":10,"chembl_compounds":0,"predictions":1,"reviewed_filter":1,"fn":1,"chembl":1,"search_finish":1613056853,"search_runtime":33},"search":[{"Drug":[{"DB00657":"Mecamylamine"}]}],"nodes":[{"data":{"id":"P17787","display_name":"CHRNB2","Node_Type":"Protein"}},{"data":{"id":"P36544","display_name":"CHRNA7","Node_Type":"Protein"}},{"data":{"id":"P43681","display_name":"CHRNA4","Node_Type":"Protein"}},{"data":{"id":"Q15822","display_name":"CHRNA2","Node_Type":"Protein"}},{"data":{"id":"P30532","display_name":"CHRNA5","Node_Type":"Protein_N"}},{"data":{"id":"P55000","display_name":"SLURP1","Node_Type":"Protein_N"}},{"data":{"id":"Q6UXH1","display_name":"CRELD2","Node_Type":"Protein_N"}},{"data":{"id":"P05067","display_name":"APP","Node_Type":"Protein_N"}},{"data":{"id":"Q494W8","display_name":"CHRFAM7A","Node_Type":"Protein_N"}},{"data":{"id":"Orphanet:98784","display_name":"Autosomal dominant nocturnal frontal lobe epilepsy","Node_Type":"Disease","enrichScore":900.25}},{"data":{"id":"MONDO:0011583","display_name":"cerebral amyloid angiopathy, APP-related","Node_Type":"Disease","enrichScore":400.111}},{"data":{"id":"Orphanet:100006","display_name":"Hereditary cerebral hemorrhage with amyloidosis, Dutch type","Node_Type":"Disease","enrichScore":400.111}},{"data":{"id":"Orphanet:324703","display_name":"Hereditary cerebral hemorrhage with amyloidosis, Piedmont type","Node_Type":"Disease","enrichScore":400.111}},{"data":{"id":"Orphanet:324708","display_name":"Hereditary cerebral hemorrhage with amyloidosis, Iowa type","Node_Type":"Disease","enrichScore":400.111}},{"data":{"id":"Orphanet:324713","display_name":"Hereditary cerebral hemorrhage with amyloidosis, Italian type","Node_Type":"Disease","enrichScore":400.111}},{"data":{"id":"Orphanet:324718","display_name":"Hereditary cerebral hemorrhage with amyloidosis, Flemish type","Node_Type":"Disease","enrichScore":400.111}},{"data":{"id":"Orphanet:324723","display_name":"Hereditary cerebral hemorrhage with amyloidosis, Arctic type","Node_Type":"Disease","enrichScore":400.111}},{"data":{"id":"Orphanet:87503","display_name":"Mal de Meleda","Node_Type":"Disease","enrichScore":400.111}},{"data":{"id":"Orphanet:85458","display_name":"Hereditary cerebral hemorrhage with amyloidosis","Node_Type":"Disease","enrichScore":200.056}},{"data":{"id":"DB00657","display_name":"Mecamylamine","Node_Type":"Drug","enrichScore":9999999}},{"data":{"id":"DB07720","display_name":"Epibatidine","Node_Type":"Drug","enrichScore":1892.46}},{"data":{"id":"DB05740","display_name":"RPI-78M","Node_Type":"Drug","enrichScore":1413.037}},{"data":{"id":"DB01245","display_name":"Decamethonium","Node_Type":"Drug","enrichScore":1192.25}},{"data":{"id":"DB05458","display_name":"Pozanicline","Node_Type":"Drug","enrichScore":1059.778}},{"data":{"id":"DB00184","display_name":"Nicotine","Node_Type":"Drug","enrichScore":1019.017}},{"data":{"id":"DB01273","display_name":"Varenicline","Node_Type":"Drug","enrichScore":953.8}},{"data":{"id":"DB09028","display_name":"Cytisine","Node_Type":"Drug","enrichScore":953.8}},{"data":{"id":"DB00674","display_name":"Galantamine","Node_Type":"Drug","enrichScore":735.957}},{"data":{"id":"DB00981","display_name":"Physostigmine","Node_Type":"Drug","enrichScore":706.519}},{"data":{"id":"R-HSA-629594","display_name":"Highly calcium permeable postsynaptic nicotinic acetylcholine receptors","Node_Type":"Pathway","enrichScore":16231.061}},{"data":{"id":"R-HSA-629597","display_name":"Highly calcium permeable nicotinic acetylcholine receptors","Node_Type":"Pathway","enrichScore":12696.296}},{"data":{"id":"R-HSA-629587","display_name":"Highly sodium permeable acetylcholine nicotinic receptors","Node_Type":"Pathway","enrichScore":4080.952}},{"data":{"id":"R-HSA-444473","display_name":"Formyl peptide receptors bind formyl peptides and many other ligands","Node_Type":"Pathway","enrichScore":793.519}},{"data":{"id":"R-HSA-879415","display_name":"Advanced glycosylation endproduct receptor signaling","Node_Type":"Pathway","enrichScore":549.359}},{"data":{"id":"R-HSA-844456","display_name":"The NLRP3 inflammasome","Node_Type":"Pathway","enrichScore":476.111}},{"data":{"id":"R-HSA-8862803","display_name":"Deregulated CDK5 triggers multiple neurodegenerative pathways in Alzheimer's disease models","Node_Type":"Pathway","enrichScore":324.621}},{"data":{"id":"R-HSA-933542","display_name":"TRAF6 mediated NF-kB activation","Node_Type":"Pathway","enrichScore":297.569}},{"data":{"id":"R-HSA-445989","display_name":"TAK1 activates NFkB by phosphorylation and activation of IKKs complex","Node_Type":"Pathway","enrichScore":223.177}},{"data":{"id":"R-HSA-432720","display_name":"Lysosome Vesicle Biogenesis","Node_Type":"Pathway","enrichScore":204.048}},{"data":{"id":"HP:0004938","display_name":"Tortuous cerebral arteries","Node_Type":"HPO","enrichScore":470.111}},{"data":{"id":"HP:0004968","display_name":"Recurrent cerebral hemorrhage","Node_Type":"HPO","enrichScore":470.111}},{"data":{"id":"HP:0007390","display_name":"Hyperkeratosis with erythema","Node_Type":"HPO","enrichScore":470.111}},{"data":{"id":"HP:0007553","display_name":"Congenital symmetrical palmoplantar keratosis","Node_Type":"HPO","enrichScore":470.111}},{"data":{"id":"HP:0025144","display_name":"Shivering","Node_Type":"HPO","enrichScore":156.704}},{"data":{"id":"HP:0011970","display_name":"Cerebral amyloid angiopathy","Node_Type":"HPO","enrichScore":94.022}},{"data":{"id":"HP:0008392","display_name":"Subungual hyperkeratosis","Node_Type":"HPO","enrichScore":94.022}},{"data":{"id":"HP:0007435","display_name":"Diffuse palmoplantar keratoderma","Node_Type":"HPO","enrichScore":78.352}},{"data":{"id":"HP:0011695","display_name":"Cerebellar hemorrhage","Node_Type":"HPO","enrichScore":78.352}},{"data":{"id":"HP:0410054","display_name":"Decreased level of GABA in serum","Node_Type":"HPO","enrichScore":78.352}},{"data":{"id":"CHEMBL339170","display_name":"CHEMBL339170","Node_Type":"Prediction","enrichScore":11.6}},{"data":{"id":"CHEMBL381777","display_name":"CHEMBL381777","Node_Type":"Prediction","enrichScore":11.6}},{"data":{"id":"CHEMBL331748","display_name":"CHEMBL331748","Node_Type":"Prediction","enrichScore":11.6}},{"data":{"id":"CHEMBL342668","display_name":"CHEMBL342668","Node_Type":"Prediction","enrichScore":11.6}},{"data":{"id":"CHEMBL370529","display_name":"CHEMBL370529","Node_Type":"Prediction","enrichScore":9.667}},{"data":{"id":"CHEMBL359893","display_name":"CHEMBL359893","Node_Type":"Prediction","enrichScore":9.667}},{"data":{"id":"CHEMBL356746","display_name":"CHEMBL356746","Node_Type":"Prediction","enrichScore":9.667}},{"data":{"id":"CHEMBL396977","display_name":"CHEMBL396977","Node_Type":"Prediction","enrichScore":9.667}},{"data":{"id":"CHEMBL388325","display_name":"CHEMBL388325","Node_Type":"Prediction","enrichScore":8.286}},{"data":{"id":"CHEMBL539220","display_name":"CHEMBL539220","Node_Type":"Prediction","enrichScore":7.25}},{"data":{"id":"hsa04080","display_name":"Neuroactive ligand-receptor interaction","Node_Type":"kegg_Pathway","enrichScore":79.977}},{"data":{"id":"hsa04725","display_name":"Cholinergic synapse","Node_Type":"kegg_Pathway","enrichScore":61.054}},{"data":{"id":"hsa04726","display_name":"Serotonergic synapse","Node_Type":"kegg_Pathway","enrichScore":6.665}},{"data":{"id":"hsa04020","display_name":"Calcium signaling pathway","Node_Type":"kegg_Pathway","enrichScore":3.818}},{"data":{"id":"H01633","display_name":"High blood pressure","Node_Type":"kegg_Disease","enrichScore":1000000}},{"data":{"id":"H00807","display_name":"Nocturnal frontal lobe epilepsy","Node_Type":"kegg_Disease","enrichScore":916.75}},{"data":{"id":"H00695","display_name":"Mal de Meleda","Node_Type":"kegg_Disease","enrichScore":407.444}},{"data":{"id":"H01185","display_name":"Cerebral amyloid angiopathy","Node_Type":"kegg_Disease","enrichScore":203.722}},{"data":{"id":"H01877","display_name":"Chromosome 15q13.3 microdeletion syndrome","Node_Type":"kegg_Disease","enrichScore":101.861}},{"data":{"id":"H00056","display_name":"Alzheimer disease","Node_Type":"kegg_Disease","enrichScore":101.861}}],"edges":[{"data":{"source":"P43681","target":"P17787","Edge_Type":"PPI","label":"interacts w\/"}},{"data":{"source":"P30532","target":"P17787","Edge_Type":"PPI","label":"interacts w\/"}},{"data":{"source":"P55000","target":"P36544","Edge_Type":"PPI","label":"interacts w\/"}},{"data":{"source":"Q6UXH1","target":"P43681","Edge_Type":"PPI","label":"interacts w\/"}},{"data":{"source":"P05067","target":"P36544","Edge_Type":"PPI","label":"interacts w\/"}},{"data":{"source":"P05067","target":"P05067","Edge_Type":"PPI","label":"interacts w\/"}},{"data":{"source":"Q494W8","target":"P36544","Edge_Type":"PPI","label":"interacts w\/"}},{"data":{"source":"HP:0004938","target":"MONDO:0011583","Edge_Type":"hpodis","label":"is associated w\/"}},{"data":{"source":"HP:0004968","target":"MONDO:0011583","Edge_Type":"hpodis","label":"is associated w\/"}},{"data":{"source":"HP:0007390","target":"Orphanet:87503","Edge_Type":"hpodis","label":"is associated w\/"}},{"data":{"source":"HP:0007553","target":"Orphanet:87503","Edge_Type":"hpodis","label":"is associated w\/"}},{"data":{"source":"HP:0025144","target":"Orphanet:98784","Edge_Type":"hpodis","label":"is associated w\/"}},{"data":{"source":"HP:0011970","target":"MONDO:0011583","Edge_Type":"hpodis","label":"is associated w\/"}},{"data":{"source":"HP:0011970","target":"Orphanet:100006","Edge_Type":"hpodis","label":"is associated w\/"}},{"data":{"source":"HP:0008392","target":"Orphanet:87503","Edge_Type":"hpodis","label":"is associated w\/"}},{"data":{"source":"HP:0007435","target":"Orphanet:87503","Edge_Type":"hpodis","label":"is associated w\/"}},{"data":{"source":"HP:0011695","target":"MONDO:0011583","Edge_Type":"hpodis","label":"is associated w\/"}},{"data":{"source":"Q15822","target":"Orphanet:98784","Edge_Type":"Disease","label":"is related to"}},{"data":{"source":"P17787","target":"Orphanet:98784","Edge_Type":"Disease","label":"is related to"}},{"data":{"source":"P43681","target":"Orphanet:98784","Edge_Type":"Disease","label":"is related to"}},{"data":{"source":"P05067","target":"MONDO:0011583","Edge_Type":"Disease","label":"is related to"}},{"data":{"source":"P05067","target":"Orphanet:100006","Edge_Type":"Disease","label":"is related to"}},{"data":{"source":"P05067","target":"Orphanet:324703","Edge_Type":"Disease","label":"is related to"}},{"data":{"source":"P05067","target":"Orphanet:324708","Edge_Type":"Disease","label":"is related to"}},{"data":{"source":"P05067","target":"Orphanet:324713","Edge_Type":"Disease","label":"is related to"}},{"data":{"source":"P05067","target":"Orphanet:324718","Edge_Type":"Disease","label":"is related to"}},{"data":{"source":"P05067","target":"Orphanet:324723","Edge_Type":"Disease","label":"is related to"}},{"data":{"source":"P55000","target":"Orphanet:87503","Edge_Type":"Disease","label":"is related to"}},{"data":{"source":"P05067","target":"Orphanet:85458","Edge_Type":"Disease","label":"is related to"}},{"data":{"source":"Q15822","target":"DB00657","Edge_Type":"Drug","label":"targets"}},{"data":{"source":"P36544","target":"DB00657","Edge_Type":"Drug","label":"targets"}},{"data":{"source":"P43681","target":"DB00657","Edge_Type":"Drug","label":"targets"}},{"data":{"source":"P17787","target":"DB00657","Edge_Type":"Drug","label":"targets"}},{"data":{"source":"Q494W8","target":"DB07720","Edge_Type":"Drug","label":"targets"}},{"data":{"source":"P36544","target":"DB07720","Edge_Type":"Drug","label":"targets"}},{"data":{"source":"P17787","target":"DB07720","Edge_Type":"Drug","label":"targets"}},{"data":{"source":"Q15822","target":"DB07720","Edge_Type":"Drug","label":"targets"}},{"data":{"source":"P43681","target":"DB07720","Edge_Type":"Drug","label":"targets"}},{"data":{"source":"Q15822","target":"DB05740","Edge_Type":"Drug","label":"targets"}},{"data":{"source":"P17787","target":"DB05740","Edge_Type":"Drug","label":"targets"}},{"data":{"source":"P36544","target":"DB05740","Edge_Type":"Drug","label":"targets"}},{"data":{"source":"P43681","target":"DB05740","Edge_Type":"Drug","label":"targets"}},{"data":{"source":"Q15822","target":"DB01245","Edge_Type":"Drug","label":"targets"}},{"data":{"source":"P43681","target":"DB01245","Edge_Type":"Drug","label":"targets"}},{"data":{"source":"P17787","target":"DB01245","Edge_Type":"Drug","label":"targets"}},{"data":{"source":"P43681","target":"DB05458","Edge_Type":"Drug","label":"targets"}},{"data":{"source":"P17787","target":"DB05458","Edge_Type":"Drug","label":"targets"}},{"data":{"source":"P43681","target":"DB00184","Edge_Type":"Drug","label":"targets"}},{"data":{"source":"P36544","target":"DB00184","Edge_Type":"Drug","label":"targets"}},{"data":{"source":"P17787","target":"DB00184","Edge_Type":"Drug","label":"targets"}},{"data":{"source":"Q15822","target":"DB00184","Edge_Type":"Drug","label":"targets"}},{"data":{"source":"P30532","target":"DB00184","Edge_Type":"Drug","label":"targets"}},{"data":{"source":"P43681","target":"DB01273","Edge_Type":"Drug","label":"targets"}},{"data":{"source":"P36544","target":"DB01273","Edge_Type":"Drug","label":"targets"}},{"data":{"source":"P17787","target":"DB01273","Edge_Type":"Drug","label":"targets"}},{"data":{"source":"P43681","target":"DB09028","Edge_Type":"Drug","label":"targets"}},{"data":{"source":"P36544","target":"DB09028","Edge_Type":"Drug","label":"targets"}},{"data":{"source":"P17787","target":"DB09028","Edge_Type":"Drug","label":"targets"}},{"data":{"source":"Q15822","target":"DB00674","Edge_Type":"Drug","label":"targets"}},{"data":{"source":"P43681","target":"DB00674","Edge_Type":"Drug","label":"targets"}},{"data":{"source":"P30532","target":"DB00674","Edge_Type":"Drug","label":"targets"}},{"data":{"source":"P36544","target":"DB00674","Edge_Type":"Drug","label":"targets"}},{"data":{"source":"P17787","target":"DB00674","Edge_Type":"Drug","label":"targets"}},{"data":{"source":"P43681","target":"DB00981","Edge_Type":"Drug","label":"targets"}},{"data":{"source":"P17787","target":"DB00981","Edge_Type":"Drug","label":"targets"}},{"data":{"source":"P17787","target":"R-HSA-629594","Edge_Type":"Pathway","label":"is involved in"}},{"data":{"source":"P36544","target":"R-HSA-629594","Edge_Type":"Pathway","label":"is involved in"}},{"data":{"source":"P43681","target":"R-HSA-629594","Edge_Type":"Pathway","label":"is involved in"}},{"data":{"source":"Q15822","target":"R-HSA-629594","Edge_Type":"Pathway","label":"is involved in"}},{"data":{"source":"P30532","target":"R-HSA-629594","Edge_Type":"Pathway","label":"is involved in"}},{"data":{"source":"P17787","target":"R-HSA-629597","Edge_Type":"Pathway","label":"is involved in"}},{"data":{"source":"P43681","target":"R-HSA-629597","Edge_Type":"Pathway","label":"is involved in"}},{"data":{"source":"Q15822","target":"R-HSA-629597","Edge_Type":"Pathway","label":"is involved in"}},{"data":{"source":"P30532","target":"R-HSA-629597","Edge_Type":"Pathway","label":"is involved in"}},{"data":{"source":"P17787","target":"R-HSA-629587","Edge_Type":"Pathway","label":"is involved in"}},{"data":{"source":"P43681","target":"R-HSA-629587","Edge_Type":"Pathway","label":"is involved in"}},{"data":{"source":"P05067","target":"R-HSA-444473","Edge_Type":"Pathway","label":"is involved in"}},{"data":{"source":"P05067","target":"R-HSA-879415","Edge_Type":"Pathway","label":"is involved in"}},{"data":{"source":"P05067","target":"R-HSA-844456","Edge_Type":"Pathway","label":"is involved in"}},{"data":{"source":"P05067","target":"R-HSA-8862803","Edge_Type":"Pathway","label":"is involved in"}},{"data":{"source":"P05067","target":"R-HSA-933542","Edge_Type":"Pathway","label":"is involved in"}},{"data":{"source":"P05067","target":"R-HSA-445989","Edge_Type":"Pathway","label":"is involved in"}},{"data":{"source":"P05067","target":"R-HSA-432720","Edge_Type":"Pathway","label":"is involved in"}},{"data":{"source":"P05067","target":"HP:0004938","Edge_Type":"HPO","label":"is associated w\/"}},{"data":{"source":"P05067","target":"HP:0004968","Edge_Type":"HPO","label":"is associated w\/"}},{"data":{"source":"P55000","target":"HP:0007390","Edge_Type":"HPO","label":"is associated w\/"}},{"data":{"source":"P55000","target":"HP:0007553","Edge_Type":"HPO","label":"is associated w\/"}},{"data":{"source":"Q15822","target":"HP:0025144","Edge_Type":"HPO","label":"is associated w\/"}},{"data":{"source":"P05067","target":"HP:0011970","Edge_Type":"HPO","label":"is associated w\/"}},{"data":{"source":"P55000","target":"HP:0008392","Edge_Type":"HPO","label":"is associated w\/"}},{"data":{"source":"P55000","target":"HP:0007435","Edge_Type":"HPO","label":"is associated w\/"}},{"data":{"source":"P05067","target":"HP:0011695","Edge_Type":"HPO","label":"is associated w\/"}},{"data":{"source":"P05067","target":"HP:0410054","Edge_Type":"HPO","label":"is associated w\/"}},{"data":{"source":"P43681","target":"CHEMBL339170","Edge_Type":"Prediction","label":"targets"}},{"data":{"source":"P43681","target":"CHEMBL381777","Edge_Type":"Prediction","label":"targets"}},{"data":{"source":"P43681","target":"CHEMBL331748","Edge_Type":"Prediction","label":"targets"}},{"data":{"source":"P43681","target":"CHEMBL342668","Edge_Type":"Prediction","label":"targets"}},{"data":{"source":"P43681","target":"CHEMBL370529","Edge_Type":"Prediction","label":"targets"}},{"data":{"source":"P43681","target":"CHEMBL359893","Edge_Type":"Prediction","label":"targets"}},{"data":{"source":"P43681","target":"CHEMBL356746","Edge_Type":"Prediction","label":"targets"}},{"data":{"source":"P43681","target":"CHEMBL396977","Edge_Type":"Prediction","label":"targets"}},{"data":{"source":"P43681","target":"CHEMBL388325","Edge_Type":"Prediction","label":"targets"}},{"data":{"source":"P43681","target":"CHEMBL539220","Edge_Type":"Prediction","label":"targets"}},{"data":{"source":"H01633","target":"DB00657","Edge_Type":"kegg_dis_drug","label":"indicates"}},{"data":{"source":"H00807","target":"hsa04080","Edge_Type":"kegg_dis_path","label":"modulates"}},{"data":{"source":"H00807","target":"hsa04725","Edge_Type":"kegg_dis_path","label":"modulates"}},{"data":{"source":"H01185","target":"hsa04726","Edge_Type":"kegg_dis_path","label":"modulates"}},{"data":{"source":"H00056","target":"DB00674","Edge_Type":"kegg_dis_drug","label":"indicates"}},{"data":{"source":"P17787","target":"hsa04080","Edge_Type":"kegg_path_prot","label":"is involved in"}},{"data":{"source":"P36544","target":"hsa04080","Edge_Type":"kegg_path_prot","label":"is involved in"}},{"data":{"source":"P43681","target":"hsa04080","Edge_Type":"kegg_path_prot","label":"is involved in"}},{"data":{"source":"Q15822","target":"hsa04080","Edge_Type":"kegg_path_prot","label":"is involved in"}},{"data":{"source":"P30532","target":"hsa04080","Edge_Type":"kegg_path_prot","label":"is involved in"}},{"data":{"source":"P55000","target":"hsa04080","Edge_Type":"kegg_path_prot","label":"is involved in"}},{"data":{"source":"P17787","target":"hsa04725","Edge_Type":"kegg_path_prot","label":"is involved in"}},{"data":{"source":"P36544","target":"hsa04725","Edge_Type":"kegg_path_prot","label":"is involved in"}},{"data":{"source":"P43681","target":"hsa04725","Edge_Type":"kegg_path_prot","label":"is involved in"}},{"data":{"source":"P05067","target":"hsa04726","Edge_Type":"kegg_path_prot","label":"is involved in"}},{"data":{"source":"P36544","target":"hsa04020","Edge_Type":"kegg_path_prot","label":"is involved in"}},{"data":{"source":"P17787","target":"H00807","Edge_Type":"kegg_dis_prot","label":"is related to"}},{"data":{"source":"P43681","target":"H00807","Edge_Type":"kegg_dis_prot","label":"is related to"}},{"data":{"source":"Q15822","target":"H00807","Edge_Type":"kegg_dis_prot","label":"is related to"}},{"data":{"source":"P55000","target":"H00695","Edge_Type":"kegg_dis_prot","label":"is related to"}},{"data":{"source":"P05067","target":"H01185","Edge_Type":"kegg_dis_prot","label":"is related to"}},{"data":{"source":"P36544","target":"H01877","Edge_Type":"kegg_dis_prot","label":"is related to"}},{"data":{"source":"P05067","target":"H00056","Edge_Type":"kegg_dis_prot","label":"is related to"}}]}