{"options":{"search_start":1613060026,"tax_ids":[9606],"num_of_fn_nodes":10,"num_of_pathways":10,"num_of_phenotypes":10,"num_of_drugs":10,"num_of_diseases":10,"num_of_compounds":10,"chembl_compounds":0,"predictions":1,"reviewed_filter":1,"fn":1,"chembl":1,"search_finish":1613060042,"search_runtime":16},"search":[{"Drug":[{"DB00031":"Tenecteplase"}]}],"nodes":[{"data":{"id":"P00747","display_name":"PLG","Node_Type":"Protein"}},{"data":{"id":"P02671","display_name":"FGA","Node_Type":"Protein"}},{"data":{"id":"P05120","display_name":"SERPINB2","Node_Type":"Protein"}},{"data":{"id":"P05121","display_name":"SERPINE1","Node_Type":"Protein"}},{"data":{"id":"P05452","display_name":"CLEC3B","Node_Type":"Protein"}},{"data":{"id":"P05787","display_name":"KRT8","Node_Type":"Protein"}},{"data":{"id":"P07355","display_name":"ANXA2","Node_Type":"Protein"}},{"data":{"id":"P27797","display_name":"CALR","Node_Type":"Protein"}},{"data":{"id":"P27824","display_name":"CANX","Node_Type":"Protein"}},{"data":{"id":"Q03405","display_name":"PLAUR","Node_Type":"Protein"}},{"data":{"id":"Q07954","display_name":"LRP1","Node_Type":"Protein"}},{"data":{"id":"P02763","display_name":"ORM1","Node_Type":"Protein_N"}},{"data":{"id":"Q8N4S9","display_name":"MARVELD2","Node_Type":"Protein_N"}},{"data":{"id":"P61266","display_name":"STX1B","Node_Type":"Protein_N"}},{"data":{"id":"P30050","display_name":"RPL12","Node_Type":"Protein_N"}},{"data":{"id":"Q96Q45","display_name":"TMEM237","Node_Type":"Protein_N"}},{"data":{"id":"O43711","display_name":"TLX3","Node_Type":"Protein_N"}},{"data":{"id":"P00749","display_name":"PLAU","Node_Type":"Protein_N"}},{"data":{"id":"P03950","display_name":"ANG","Node_Type":"Protein_N"}},{"data":{"id":"P46092","display_name":"CCR10","Node_Type":"Protein_N"}},{"data":{"id":"Q53T94","display_name":"TAF1B","Node_Type":"Protein_N"}},{"data":{"id":"Orphanet:3406","display_name":"Ulerythema ophryogenesis","Node_Type":"Disease","enrichScore":171.476}},{"data":{"id":"Orphanet:220436","display_name":"Quebec platelet disorder","Node_Type":"Disease","enrichScore":171.476}},{"data":{"id":"Orphanet:97231","display_name":"Ligneous conjunctivitis","Node_Type":"Disease","enrichScore":171.476}},{"data":{"id":"Orphanet:722","display_name":"Hypoplasminogenemia","Node_Type":"Disease","enrichScore":171.476}},{"data":{"id":"Orphanet:498","display_name":"Keratosis pilaris atrophicans","Node_Type":"Disease","enrichScore":171.476}},{"data":{"id":"Orphanet:465","display_name":"Congenital plasminogen activator inhibitor type 1 deficiency","Node_Type":"Disease","enrichScore":171.476}},{"data":{"id":"EFO:0001422","display_name":"cirrhosis of liver","Node_Type":"Disease","enrichScore":85.738}},{"data":{"id":"MONDO:0007329","display_name":"cirrhosis, familial","Node_Type":"Disease","enrichScore":85.738}},{"data":{"id":"Orphanet:98880","display_name":"Familial afibrinogenemia","Node_Type":"Disease","enrichScore":57.159}},{"data":{"id":"Orphanet:98881","display_name":"Familial dysfibrinogenemia","Node_Type":"Disease","enrichScore":57.159}},{"data":{"id":"DB00031","display_name":"Tenecteplase","Node_Type":"Drug","enrichScore":9999999}},{"data":{"id":"DB06245","display_name":"Lanoteplase","Node_Type":"Drug","enrichScore":1082.042}},{"data":{"id":"DB00029","display_name":"Anistreplase","Node_Type":"Drug","enrichScore":908.381}},{"data":{"id":"DB00009","display_name":"Alteplase","Node_Type":"Drug","enrichScore":908.381}},{"data":{"id":"DB00015","display_name":"Reteplase","Node_Type":"Drug","enrichScore":908.381}},{"data":{"id":"DB05254","display_name":"Fibrinolysin","Node_Type":"Drug","enrichScore":454.19}},{"data":{"id":"DB00013","display_name":"Urokinase","Node_Type":"Drug","enrichScore":363.352}},{"data":{"id":"DB08697","display_name":"4-(2-aminoethoxy)-N-(3-chloro-5-piperidin-1-ylphenyl)-3,5-dimethylbenzamide","Node_Type":"Drug","enrichScore":227.095}},{"data":{"id":"DB03046","display_name":"7-Methoxy-8-[1-(Methylsulfonyl)-1h-Pyrazol-4-Yl]Naphthalene-2-Carboximidamide","Node_Type":"Drug","enrichScore":227.095}},{"data":{"id":"DB03082","display_name":"6-[(Z)-Amino(Imino)Methyl]-N-[4-(Aminomethyl)Phenyl]-4-(Pyrimidin-2-Ylamino)-2-Naphthamide","Node_Type":"Drug","enrichScore":227.095}},{"data":{"id":"R-HSA-75205","display_name":"Dissolution of Fibrin Clot","Node_Type":"Pathway","enrichScore":8475.824}},{"data":{"id":"R-HSA-168316","display_name":"Assembly of Viral Components at the Budding Site","Node_Type":"Pathway","enrichScore":6121.429}},{"data":{"id":"R-HSA-901042","display_name":"Calnexin\/calreticulin cycle","Node_Type":"Pathway","enrichScore":2448.571}},{"data":{"id":"R-HSA-5250971","display_name":"Toxicity of botulinum toxin type C (BoNT\/C)","Node_Type":"Pathway","enrichScore":1020.238}},{"data":{"id":"R-HSA-114608","display_name":"Platelet degranulation","Node_Type":"Pathway","enrichScore":597.796}},{"data":{"id":"R-HSA-3000484","display_name":"Scavenging by Class F Receptors","Node_Type":"Pathway","enrichScore":510.119}},{"data":{"id":"R-HSA-983170","display_name":"Antigen Presentation: Folding, assembly and peptide loading of class I MHC","Node_Type":"Pathway","enrichScore":470.879}},{"data":{"id":"R-HSA-162791","display_name":"Attachment of GPI anchor to uPAR","Node_Type":"Pathway","enrichScore":437.245}},{"data":{"id":"R-HSA-8950505","display_name":"Gene and protein expression by JAK-STAT signaling after Interleukin-12 stimulation","Node_Type":"Pathway","enrichScore":330.888}},{"data":{"id":"R-HSA-381183","display_name":"ATF6 (ATF6-alpha) activates chaperone genes","Node_Type":"Pathway","enrichScore":306.071}},{"data":{"id":"HP:0032312","display_name":"Decreased circulating globulin level","Node_Type":"HPO","enrichScore":201.476}},{"data":{"id":"HP:0030160","display_name":"Cervicitis","Node_Type":"HPO","enrichScore":201.476}},{"data":{"id":"HP:0040228","display_name":"Decreased level of plasminogen","Node_Type":"HPO","enrichScore":201.476}},{"data":{"id":"HP:0030683","display_name":"HP:0030683","Node_Type":"HPO","enrichScore":201.476}},{"data":{"id":"HP:0008148","display_name":"Impaired epinephrine-induced platelet aggregation","Node_Type":"HPO","enrichScore":201.476}},{"data":{"id":"HP:0007717","display_name":"Chronic irritative conjunctivitis","Node_Type":"HPO","enrichScore":100.738}},{"data":{"id":"HP:0002588","display_name":"Duodenal ulcer","Node_Type":"HPO","enrichScore":100.738}},{"data":{"id":"HP:0410069","display_name":"Increased level of propylene glycol in blood","Node_Type":"HPO","enrichScore":100.738}},{"data":{"id":"HP:0009938","display_name":"Sunken cheeks","Node_Type":"HPO","enrichScore":67.159}},{"data":{"id":"HP:0012223","display_name":"Splenic rupture","Node_Type":"HPO","enrichScore":67.159}},{"data":{"id":"hsa04610","display_name":"Complement and coagulation cascades","Node_Type":"kegg_Pathway","enrichScore":136.306}},{"data":{"id":"hsa04612","display_name":"Antigen processing and presentation","Node_Type":"kegg_Pathway","enrichScore":16.915}},{"data":{"id":"hsa04130","display_name":"SNARE interactions in vesicular transport","Node_Type":"kegg_Pathway","enrichScore":9.867}},{"data":{"id":"hsa04145","display_name":"Phagosome","Node_Type":"kegg_Pathway","enrichScore":8.569}},{"data":{"id":"hsa04141","display_name":"Protein processing in endoplasmic reticulum","Node_Type":"kegg_Pathway","enrichScore":7.662}},{"data":{"id":"hsa04672","display_name":"Intestinal immune network for IgA production","Node_Type":"kegg_Pathway","enrichScore":7.079}},{"data":{"id":"hsa04979","display_name":"Cholesterol metabolism","Node_Type":"kegg_Pathway","enrichScore":6.784}},{"data":{"id":"hsa04115","display_name":"p53 signaling pathway","Node_Type":"kegg_Pathway","enrichScore":4.461}},{"data":{"id":"hsa04918","display_name":"Thyroid hormone synthesis","Node_Type":"kegg_Pathway","enrichScore":4.342}},{"data":{"id":"hsa04721","display_name":"Synaptic vesicle cycle","Node_Type":"kegg_Pathway","enrichScore":4.175}},{"data":{"id":"H01206","display_name":"Plasminogen deficiency","Node_Type":"kegg_Disease","enrichScore":174.619}},{"data":{"id":"H01106","display_name":"Plasminogen activator inhibitor type 1 deficiency","Node_Type":"kegg_Disease","enrichScore":174.619}},{"data":{"id":"H00223","display_name":"Inherited thrombophilia","Node_Type":"kegg_Disease","enrichScore":112.255}},{"data":{"id":"H02225","display_name":"Familial cirrhosis","Node_Type":"kegg_Disease","enrichScore":87.31}},{"data":{"id":"H00222","display_name":"Afibrinogenemia","Node_Type":"kegg_Disease","enrichScore":58.206}},{"data":{"id":"H01605","display_name":"Myelofibrosis","Node_Type":"kegg_Disease","enrichScore":58.206}},{"data":{"id":"H01612","display_name":"Essential thrombocytosis","Node_Type":"kegg_Disease","enrichScore":58.206}},{"data":{"id":"H00845","display_name":"Familial amyloidosis","Node_Type":"kegg_Disease","enrichScore":34.924}},{"data":{"id":"H01529","display_name":"Avascular necrosis of femoral head","Node_Type":"kegg_Disease","enrichScore":34.924}},{"data":{"id":"H01709","display_name":"Glucocorticoid-induced osteonecrosis","Node_Type":"kegg_Disease","enrichScore":29.103}}],"edges":[{"data":{"source":"P07355","target":"P07355","Edge_Type":"PPI","label":"interacts w\/"}},{"data":{"source":"P02763","target":"P05121","Edge_Type":"PPI","label":"interacts w\/"}},{"data":{"source":"Q8N4S9","target":"P00747","Edge_Type":"PPI","label":"interacts w\/"}},{"data":{"source":"P61266","target":"P02671","Edge_Type":"PPI","label":"interacts w\/"}},{"data":{"source":"P30050","target":"P27824","Edge_Type":"PPI","label":"interacts w\/"}},{"data":{"source":"Q96Q45","target":"P05121","Edge_Type":"PPI","label":"interacts w\/"}},{"data":{"source":"O43711","target":"P05121","Edge_Type":"PPI","label":"interacts w\/"}},{"data":{"source":"P00749","target":"Q03405","Edge_Type":"PPI","label":"interacts w\/"}},{"data":{"source":"P03950","target":"P07355","Edge_Type":"PPI","label":"interacts w\/"}},{"data":{"source":"P03950","target":"Q03405","Edge_Type":"PPI","label":"interacts w\/"}},{"data":{"source":"P46092","target":"P07355","Edge_Type":"PPI","label":"interacts w\/"}},{"data":{"source":"Q53T94","target":"P27797","Edge_Type":"PPI","label":"interacts w\/"}},{"data":{"source":"HP:0032312","target":"Orphanet:722","Edge_Type":"hpodis","label":"is associated w\/"}},{"data":{"source":"HP:0030160","target":"Orphanet:722","Edge_Type":"hpodis","label":"is associated w\/"}},{"data":{"source":"HP:0040228","target":"Orphanet:722","Edge_Type":"hpodis","label":"is associated w\/"}},{"data":{"source":"HP:0008148","target":"Orphanet:220436","Edge_Type":"hpodis","label":"is associated w\/"}},{"data":{"source":"HP:0002588","target":"Orphanet:722","Edge_Type":"hpodis","label":"is associated w\/"}},{"data":{"source":"HP:0002588","target":"Orphanet:97231","Edge_Type":"hpodis","label":"is associated w\/"}},{"data":{"source":"HP:0410069","target":"EFO:0001422","Edge_Type":"hpodis","label":"is associated w\/"}},{"data":{"source":"HP:0009938","target":"Orphanet:3406","Edge_Type":"hpodis","label":"is associated w\/"}},{"data":{"source":"HP:0012223","target":"Orphanet:98880","Edge_Type":"hpodis","label":"is associated w\/"}},{"data":{"source":"Q07954","target":"Orphanet:3406","Edge_Type":"Disease","label":"is related to"}},{"data":{"source":"P00749","target":"Orphanet:220436","Edge_Type":"Disease","label":"is related to"}},{"data":{"source":"P00747","target":"Orphanet:97231","Edge_Type":"Disease","label":"is related to"}},{"data":{"source":"P00747","target":"Orphanet:722","Edge_Type":"Disease","label":"is related to"}},{"data":{"source":"Q07954","target":"Orphanet:498","Edge_Type":"Disease","label":"is related to"}},{"data":{"source":"P05121","target":"Orphanet:465","Edge_Type":"Disease","label":"is related to"}},{"data":{"source":"P05787","target":"EFO:0001422","Edge_Type":"Disease","label":"is related to"}},{"data":{"source":"P05787","target":"MONDO:0007329","Edge_Type":"Disease","label":"is related to"}},{"data":{"source":"P02671","target":"Orphanet:98880","Edge_Type":"Disease","label":"is related to"}},{"data":{"source":"P02671","target":"Orphanet:98881","Edge_Type":"Disease","label":"is related to"}},{"data":{"source":"P00747","target":"DB00031","Edge_Type":"Drug","label":"targets"}},{"data":{"source":"P02671","target":"DB00031","Edge_Type":"Drug","label":"targets"}},{"data":{"source":"Q03405","target":"DB00031","Edge_Type":"Drug","label":"targets"}},{"data":{"source":"P05121","target":"DB00031","Edge_Type":"Drug","label":"targets"}},{"data":{"source":"P05120","target":"DB00031","Edge_Type":"Drug","label":"targets"}},{"data":{"source":"P05452","target":"DB00031","Edge_Type":"Drug","label":"targets"}},{"data":{"source":"P05787","target":"DB00031","Edge_Type":"Drug","label":"targets"}},{"data":{"source":"P07355","target":"DB00031","Edge_Type":"Drug","label":"targets"}},{"data":{"source":"P27797","target":"DB00031","Edge_Type":"Drug","label":"targets"}},{"data":{"source":"P27824","target":"DB00031","Edge_Type":"Drug","label":"targets"}},{"data":{"source":"Q07954","target":"DB00031","Edge_Type":"Drug","label":"targets"}},{"data":{"source":"Q03405","target":"DB06245","Edge_Type":"Drug","label":"targets"}},{"data":{"source":"P02671","target":"DB06245","Edge_Type":"Drug","label":"targets"}},{"data":{"source":"P05120","target":"DB06245","Edge_Type":"Drug","label":"targets"}},{"data":{"source":"P05452","target":"DB06245","Edge_Type":"Drug","label":"targets"}},{"data":{"source":"P05787","target":"DB06245","Edge_Type":"Drug","label":"targets"}},{"data":{"source":"P07355","target":"DB06245","Edge_Type":"Drug","label":"targets"}},{"data":{"source":"P27797","target":"DB06245","Edge_Type":"Drug","label":"targets"}},{"data":{"source":"P27824","target":"DB06245","Edge_Type":"Drug","label":"targets"}},{"data":{"source":"Q07954","target":"DB06245","Edge_Type":"Drug","label":"targets"}},{"data":{"source":"P00747","target":"DB00029","Edge_Type":"Drug","label":"targets"}},{"data":{"source":"P02671","target":"DB00029","Edge_Type":"Drug","label":"targets"}},{"data":{"source":"Q03405","target":"DB00029","Edge_Type":"Drug","label":"targets"}},{"data":{"source":"P05121","target":"DB00029","Edge_Type":"Drug","label":"targets"}},{"data":{"source":"P00747","target":"DB00009","Edge_Type":"Drug","label":"targets"}},{"data":{"source":"P02671","target":"DB00009","Edge_Type":"Drug","label":"targets"}},{"data":{"source":"Q03405","target":"DB00009","Edge_Type":"Drug","label":"targets"}},{"data":{"source":"P05121","target":"DB00009","Edge_Type":"Drug","label":"targets"}},{"data":{"source":"P00747","target":"DB00015","Edge_Type":"Drug","label":"targets"}},{"data":{"source":"P02671","target":"DB00015","Edge_Type":"Drug","label":"targets"}},{"data":{"source":"Q03405","target":"DB00015","Edge_Type":"Drug","label":"targets"}},{"data":{"source":"P05121","target":"DB00015","Edge_Type":"Drug","label":"targets"}},{"data":{"source":"P05121","target":"DB05254","Edge_Type":"Drug","label":"targets"}},{"data":{"source":"P00749","target":"DB05254","Edge_Type":"Drug","label":"targets"}},{"data":{"source":"P00747","target":"DB00013","Edge_Type":"Drug","label":"targets"}},{"data":{"source":"Q03405","target":"DB00013","Edge_Type":"Drug","label":"targets"}},{"data":{"source":"P05121","target":"DB00013","Edge_Type":"Drug","label":"targets"}},{"data":{"source":"P05120","target":"DB00013","Edge_Type":"Drug","label":"targets"}},{"data":{"source":"P00749","target":"DB08697","Edge_Type":"Drug","label":"targets"}},{"data":{"source":"P00749","target":"DB03046","Edge_Type":"Drug","label":"targets"}},{"data":{"source":"P00749","target":"DB03082","Edge_Type":"Drug","label":"targets"}},{"data":{"source":"P00747","target":"R-HSA-75205","Edge_Type":"Pathway","label":"is involved in"}},{"data":{"source":"P05120","target":"R-HSA-75205","Edge_Type":"Pathway","label":"is involved in"}},{"data":{"source":"P05121","target":"R-HSA-75205","Edge_Type":"Pathway","label":"is involved in"}},{"data":{"source":"P07355","target":"R-HSA-75205","Edge_Type":"Pathway","label":"is involved in"}},{"data":{"source":"Q03405","target":"R-HSA-75205","Edge_Type":"Pathway","label":"is involved in"}},{"data":{"source":"P00749","target":"R-HSA-75205","Edge_Type":"Pathway","label":"is involved in"}},{"data":{"source":"P27797","target":"R-HSA-168316","Edge_Type":"Pathway","label":"is involved in"}},{"data":{"source":"P27824","target":"R-HSA-168316","Edge_Type":"Pathway","label":"is involved in"}},{"data":{"source":"P27797","target":"R-HSA-901042","Edge_Type":"Pathway","label":"is involved in"}},{"data":{"source":"P27824","target":"R-HSA-901042","Edge_Type":"Pathway","label":"is involved in"}},{"data":{"source":"P61266","target":"R-HSA-5250971","Edge_Type":"Pathway","label":"is involved in"}},{"data":{"source":"P00747","target":"R-HSA-114608","Edge_Type":"Pathway","label":"is involved in"}},{"data":{"source":"P02671","target":"R-HSA-114608","Edge_Type":"Pathway","label":"is involved in"}},{"data":{"source":"P05121","target":"R-HSA-114608","Edge_Type":"Pathway","label":"is involved in"}},{"data":{"source":"P05452","target":"R-HSA-114608","Edge_Type":"Pathway","label":"is involved in"}},{"data":{"source":"P02763","target":"R-HSA-114608","Edge_Type":"Pathway","label":"is involved in"}},{"data":{"source":"P27797","target":"R-HSA-3000484","Edge_Type":"Pathway","label":"is involved in"}},{"data":{"source":"P27797","target":"R-HSA-983170","Edge_Type":"Pathway","label":"is involved in"}},{"data":{"source":"P27824","target":"R-HSA-983170","Edge_Type":"Pathway","label":"is involved in"}},{"data":{"source":"Q03405","target":"R-HSA-162791","Edge_Type":"Pathway","label":"is involved in"}},{"data":{"source":"P05120","target":"R-HSA-8950505","Edge_Type":"Pathway","label":"is involved in"}},{"data":{"source":"P07355","target":"R-HSA-8950505","Edge_Type":"Pathway","label":"is involved in"}},{"data":{"source":"P27797","target":"R-HSA-381183","Edge_Type":"Pathway","label":"is involved in"}},{"data":{"source":"P00747","target":"HP:0032312","Edge_Type":"HPO","label":"is associated w\/"}},{"data":{"source":"P00747","target":"HP:0030160","Edge_Type":"HPO","label":"is associated w\/"}},{"data":{"source":"P00747","target":"HP:0040228","Edge_Type":"HPO","label":"is associated w\/"}},{"data":{"source":"P00747","target":"HP:0030683","Edge_Type":"HPO","label":"is associated w\/"}},{"data":{"source":"P00749","target":"HP:0008148","Edge_Type":"HPO","label":"is associated w\/"}},{"data":{"source":"P00747","target":"HP:0007717","Edge_Type":"HPO","label":"is associated w\/"}},{"data":{"source":"P00747","target":"HP:0002588","Edge_Type":"HPO","label":"is associated w\/"}},{"data":{"source":"P05787","target":"HP:0410069","Edge_Type":"HPO","label":"is associated w\/"}},{"data":{"source":"Q07954","target":"HP:0009938","Edge_Type":"HPO","label":"is associated w\/"}},{"data":{"source":"P02671","target":"HP:0012223","Edge_Type":"HPO","label":"is associated w\/"}},{"data":{"source":"H01206","target":"hsa04610","Edge_Type":"kegg_dis_path","label":"modulates"}},{"data":{"source":"H01106","target":"hsa04115","Edge_Type":"kegg_dis_path","label":"modulates"}},{"data":{"source":"H01106","target":"hsa04610","Edge_Type":"kegg_dis_path","label":"modulates"}},{"data":{"source":"H00223","target":"hsa04610","Edge_Type":"kegg_dis_path","label":"modulates"}},{"data":{"source":"H00222","target":"hsa04610","Edge_Type":"kegg_dis_path","label":"modulates"}},{"data":{"source":"P00747","target":"hsa04610","Edge_Type":"kegg_path_prot","label":"is involved in"}},{"data":{"source":"P02671","target":"hsa04610","Edge_Type":"kegg_path_prot","label":"is involved in"}},{"data":{"source":"P05120","target":"hsa04610","Edge_Type":"kegg_path_prot","label":"is involved in"}},{"data":{"source":"P05121","target":"hsa04610","Edge_Type":"kegg_path_prot","label":"is involved in"}},{"data":{"source":"Q03405","target":"hsa04610","Edge_Type":"kegg_path_prot","label":"is involved in"}},{"data":{"source":"P00749","target":"hsa04610","Edge_Type":"kegg_path_prot","label":"is involved in"}},{"data":{"source":"P27797","target":"hsa04612","Edge_Type":"kegg_path_prot","label":"is involved in"}},{"data":{"source":"P27824","target":"hsa04612","Edge_Type":"kegg_path_prot","label":"is involved in"}},{"data":{"source":"P61266","target":"hsa04130","Edge_Type":"kegg_path_prot","label":"is involved in"}},{"data":{"source":"P27797","target":"hsa04145","Edge_Type":"kegg_path_prot","label":"is involved in"}},{"data":{"source":"P27824","target":"hsa04145","Edge_Type":"kegg_path_prot","label":"is involved in"}},{"data":{"source":"P27797","target":"hsa04141","Edge_Type":"kegg_path_prot","label":"is involved in"}},{"data":{"source":"P27824","target":"hsa04141","Edge_Type":"kegg_path_prot","label":"is involved in"}},{"data":{"source":"P46092","target":"hsa04672","Edge_Type":"kegg_path_prot","label":"is involved in"}},{"data":{"source":"Q07954","target":"hsa04979","Edge_Type":"kegg_path_prot","label":"is involved in"}},{"data":{"source":"P05121","target":"hsa04115","Edge_Type":"kegg_path_prot","label":"is involved in"}},{"data":{"source":"P27824","target":"hsa04918","Edge_Type":"kegg_path_prot","label":"is involved in"}},{"data":{"source":"P61266","target":"hsa04721","Edge_Type":"kegg_path_prot","label":"is involved in"}},{"data":{"source":"P00747","target":"H01206","Edge_Type":"kegg_dis_prot","label":"is related to"}},{"data":{"source":"P05121","target":"H01106","Edge_Type":"kegg_dis_prot","label":"is related to"}},{"data":{"source":"P00747","target":"H00223","Edge_Type":"kegg_dis_prot","label":"is related to"}},{"data":{"source":"P02671","target":"H00223","Edge_Type":"kegg_dis_prot","label":"is related to"}},{"data":{"source":"P05121","target":"H00223","Edge_Type":"kegg_dis_prot","label":"is related to"}},{"data":{"source":"P05787","target":"H02225","Edge_Type":"kegg_dis_prot","label":"is related to"}},{"data":{"source":"P02671","target":"H00222","Edge_Type":"kegg_dis_prot","label":"is related to"}},{"data":{"source":"P27797","target":"H01605","Edge_Type":"kegg_dis_prot","label":"is related to"}},{"data":{"source":"P27797","target":"H01612","Edge_Type":"kegg_dis_prot","label":"is related to"}},{"data":{"source":"P02671","target":"H00845","Edge_Type":"kegg_dis_prot","label":"is related to"}},{"data":{"source":"P05121","target":"H01529","Edge_Type":"kegg_dis_prot","label":"is related to"}},{"data":{"source":"P05121","target":"H01709","Edge_Type":"kegg_dis_prot","label":"is related to"}}]}