Core Proteins,Interacting Proteins,Pathways,HPO terms,Diseases,Targeting Drugs,Experimental Bioactive Compounds (pChEMBL),Predicted interacting Compounds
NR1I2 (O75469),,R-HSA-4090294 SUMOylation of intracellular receptors[scr:3151]; R-HSA-383280 Nuclear Receptor transcription pathway[scr:2669],,,DB01234 Dexamethasone[scr:9999999],,
ANXA1 (P04083),LNPK (Q9C0E8),R-HSA-444473 Formyl peptide receptors bind formyl peptides and many other ligands[scr:420],,,DB01234 Dexamethasone[scr:9999999]; DB01013 Clobetasol propionate[scr:2525]; DB01222 Budesonide[scr:1122]; DB00959 Methylprednisolone[scr:1122]; DB00288 Amcinonide[scr:561],,
NR3C1 (P04150),TMF1 (P82094); KIAA0408 (Q6ZU52); CD4 (P01730),R-HSA-4090294 SUMOylation of intracellular receptors[scr:3151]; R-HSA-383280 Nuclear Receptor transcription pathway[scr:2669]; R-HSA-8849473 PTK6 Expression[scr:756]; hsa04080 Neuroactive ligand-receptor interaction[scr:11],HP:0004319 Decreased circulating aldosterone level[scr:140]; HP:0000798 Oligospermia[scr:86],Orphanet:786 Glucocorticoid resistance (EFO)[scr:212],DB01234 Dexamethasone[scr:9999999]; DB01013 Clobetasol propionate[scr:2525]; DB01222 Budesonide[scr:1122]; DB00959 Methylprednisolone[scr:1122]; DB08906 Fluticasone furoate[scr:1122]; DB04630 Aldosterone[scr:561]; DB00288 Amcinonide[scr:561]; DB00687 Fludrocortisone[scr:374]; DB01395 Drospirenone[scr:374],,CHEMBL1602900 [scr:61.41]; CHEMBL2372970 [scr:61.41]; CHEMBL3943074 [scr:61.41]; CHEMBL2179847 [scr:61.41]; CHEMBL1581364 [scr:61.41]; CHEMBL2178120 [scr:61.41]; CHEMBL3739642 [scr:61.41]; CHEMBL3687908 [scr:61.41]; CHEMBL3894291 [scr:61.41]; CHEMBL3704293 [scr:61.41]
NR3C2 (P08235),,R-HSA-4090294 SUMOylation of intracellular receptors[scr:3151]; R-HSA-383280 Nuclear Receptor transcription pathway[scr:2669]; hsa04960 Aldosterone-regulated sodium reabsorption[scr:11],HP:0004319 Decreased circulating aldosterone level[scr:140],Orphanet:88660 Pseudohyperaldosteronism type 2 (EFO)[scr:212]; Orphanet:171871 Renal pseudohypoaldosteronism type 1 (EFO)[scr:212],DB01234 Dexamethasone[scr:9999999]; DB01013 Clobetasol propionate[scr:2525]; DB08906 Fluticasone furoate[scr:1122]; DB04630 Aldosterone[scr:561]; DB00687 Fludrocortisone[scr:374]; DB01395 Drospirenone[scr:374],,CHEMBL1602900 [scr:61.41]; CHEMBL2372970 [scr:61.41]; CHEMBL3943074 [scr:61.41]; CHEMBL2179847 [scr:61.41]; CHEMBL1581364 [scr:61.41]; CHEMBL2178120 [scr:61.41]; CHEMBL3739642 [scr:61.41]; CHEMBL3687908 [scr:61.41]; CHEMBL3894291 [scr:61.41]; CHEMBL3704293 [scr:61.41]
TSHR (P16473),ADORA1 (P30542); SYT1 (P21579); MID1IP1 (Q9NPA3),hsa04923 Regulation of lipolysis in adipocytes[scr:29]; hsa04080 Neuroactive ligand-receptor interaction[scr:11]; hsa04024 cAMP signaling pathway[scr:7]; hsa04918 Thyroid hormone synthesis[scr:5],HP:0012188 Hyperemesis gravidarum[scr:249]; HP:0011789 Impaired sensitivity to thyroid stimulating hormone[scr:249]; HP:0011790 Activating thyroid-stimulating hormone receptor defect[scr:249],Orphanet:99819 Familial gestational hyperthyroidism (EFO)[scr:212]; Orphanet:90673 Hypothyroidism due to TSH receptor mutations (EFO)[scr:212]; Orphanet:424 Familial hyperthyroidism due to mutations in TSH receptor (EFO)[scr:212],DB01234 Dexamethasone[scr:9999999],,
NOS2 (P35228),,R-HSA-392154 Nitric oxide stimulates guanylate cyclase[scr:540]; hsa00220 Arginine biosynthesis[scr:20]; hsa00330 Arginine and proline metabolism[scr:8],,,DB01234 Dexamethasone[scr:9999999]; DB07007 (3R)-3-[(1-2-3-4-tetrahydroisoquinolin-7-yloxy)methyl]-2-3-dihydrothieno[2-3-f][1-4]oxazepin-5-amine[scr:281],,
NR0B1 (P51843),EEF2KMT (Q96G04); NR5A1 (Q13285); RORA (P35398),R-HSA-383280 Nuclear Receptor transcription pathway[scr:2669]; hsa04927 Cortisol synthesis and secretion[scr:24],HP:0004319 Decreased circulating aldosterone level[scr:140]; HP:0000149 Ovarian gonadoblastoma[scr:91]; HP:0012870 Vanishing testis[scr:91]; HP:0008715 Testicular dysgenesis[scr:91]; HP:0000798 Oligospermia[scr:86]; HP:0000030 Testicular gonadoblastoma[scr:83],Orphanet:95702 Cytomegalic congenital adrenal hypoplasia (EFO)[scr:212]; Orphanet:251510 46-XY partial gonadal dysgenesis (EFO)[scr:141]; Orphanet:393 46-XX testicular disorder of sex development (EFO)[scr:106]; Orphanet:242 46-XY complete gonadal dysgenesis (EFO)[scr:106],DB01234 Dexamethasone[scr:9999999],,
EEF2KMT (Q96G04),NR0B1 (P51843),,,,,,
LNPK (Q9C0E8),ANXA1 (P04083),,,,,,
TMF1 (P82094),NR3C1 (P04150),,,,,,
NR5A1 (Q13285),NR0B1 (P51843),R-HSA-4090294 SUMOylation of intracellular receptors[scr:3151]; R-HSA-383280 Nuclear Receptor transcription pathway[scr:2669]; hsa04927 Cortisol synthesis and secretion[scr:24],HP:0005092 Streaky metaphyseal sclerosis[scr:124]; HP:0000149 Ovarian gonadoblastoma[scr:91]; HP:0012870 Vanishing testis[scr:91]; HP:0008715 Testicular dysgenesis[scr:91]; HP:0000798 Oligospermia[scr:86]; HP:0000030 Testicular gonadoblastoma[scr:83],Orphanet:251510 46-XY partial gonadal dysgenesis (EFO)[scr:141]; Orphanet:393 46-XX testicular disorder of sex development (EFO)[scr:106]; Orphanet:242 46-XY complete gonadal dysgenesis (EFO)[scr:106],,,
ADORA1 (P30542),TSHR (P16473),R-HSA-417973 Adenosine P1 receptors[scr:945]; hsa04923 Regulation of lipolysis in adipocytes[scr:29]; hsa04080 Neuroactive ligand-receptor interaction[scr:11]; hsa04024 cAMP signaling pathway[scr:7],,,,,
RORA (P35398),NR0B1 (P51843),R-HSA-4090294 SUMOylation of intracellular receptors[scr:3151]; R-HSA-383280 Nuclear Receptor transcription pathway[scr:2669]; hsa04659 Th17 cell differentiation[scr:15]; hsa04710 Circadian rhythm[scr:13],,,,,
SYT1 (P21579),TSHR (P16473),R-HSA-5250989 Toxicity of botulinum toxin type G (BoNT/G)[scr:1260]; R-HSA-5250958 Toxicity of botulinum toxin type B (BoNT/B)[scr:1260],,,,,
MID1IP1 (Q9NPA3),TSHR (P16473),,,,,,
KIAA0408 (Q6ZU52),NR3C1 (P04150),,,,,,
CD4 (P01730),NR3C1 (P04150); CD4 (P01730),R-HSA-173107 Binding and entry of HIV virion[scr:945]; R-HSA-167590 Nef Mediated CD4 Down-regulation[scr:420]; hsa04659 Th17 cell differentiation[scr:15],,,,,
