Core Proteins,Interacting Proteins,Pathways,HPO terms,Diseases,Targeting Drugs,Experimental Bioactive Compounds (pChEMBL),Predicted interacting Compounds
TOP2A (P11388),ARID1A (O14497); PRKCD (Q05655); BRCA1 (P38398); CTNNB1 (P35222),,,,DB04576 Fleroxacin[scr:9999999]; DB05920 RTA 744[scr:954]; DB00385 Valrubicin[scr:954]; DB00444 Teniposide[scr:954]; DB04978 SP1049C[scr:954]; DB06420 Annamycin[scr:954]; DB01204 Mitoxantrone[scr:954]; DB06263 Amrubicin[scr:954]; DB01177 Idarubicin[scr:954],,
ARID1A (O14497),TOP2A (P11388),,HP:0200105 Absent fifth toenail[scr:846]; HP:0200104 Absent fifth fingernail[scr:423],H00048 Hepatocellular carcinoma (KEGG)[scr:147]; H01403 Coffin-Siris syndrome (KEGG)[scr:73],,,
PRKCD (Q05655),TOP2A (P11388),R-HSA-111933 Calmodulin induced events[scr:2571]; R-HSA-1489509 DAG and IP3 signaling[scr:1836]; R-HSA-450520 HuR (ELAVL1) binds and stabilizes mRNA[scr:1607]; hsa04666 Fc gamma R-mediated phagocytosis[scr:15]; hsa04912 GnRH signaling pathway[scr:14]; hsa04750 Inflammatory mediator regulation of TRP channels[scr:13]; hsa04625 C-type lectin receptor signaling pathway[scr:12],HP:0012578 Membranous nephropathy[scr:282]; HP:0005404 Increased B cell count[scr:169]; HP:0002851 Elevated proportion of CD4-negative- CD8-negative- alpha-beta regulatory T cells[scr:169],H00108 Autoimmune lymphoproliferative syndromes (KEGG)[scr:105],DB04376 13-Acetylphorbol[scr:954],,CHEMBL429772 [scr:14.91]; CHEMBL387220 [scr:11.6]; CHEMBL3359681 [scr:11.6]; CHEMBL2114053 [scr:10.44]; CHEMBL111583 [scr:10.44]; CHEMBL132683 [scr:10.44]; CHEMBL95089 [scr:9.49]; CHEMBL451757 [scr:9.49]; CHEMBL1243402 [scr:9.49]; CHEMBL59587 [scr:9.49]
BRCA1 (P38398),TOP2A (P11388); BRCA1 (P38398),hsa03440 Homologous recombination[scr:33]; hsa03460 Fanconi anemia pathway[scr:25],,MONDO:0008170 ovarian cancer (EFO)[scr:360]; EFO:0001075 ovarian carcinoma (EFO)[scr:360]; Orphanet:145 Hereditary breast and ovarian cancer syndrome (EFO)[scr:180]; Orphanet:1333 Familial pancreatic carcinoma (EFO)[scr:144]; H01665 Primary peritoneal carcinoma (KEGG)[scr:733]; H01554 Fallopian tube cancer (KEGG)[scr:147]; H00027 Ovarian cancer (KEGG)[scr:73],,,
CTNNB1 (P35222),TOP2A (P11388),R-HSA-3134973 LRR FLII-interacting protein 1 (LRRFIP1) activates type I IFN production[scr:2571]; R-HSA-8951430 RUNX3 regulates WNT signaling[scr:1607]; R-HSA-4411364 Binding of TCF/LEF:CTNNB1 to target gene promoters[scr:1607]; R-HSA-8876493 InlA-mediated entry of Listeria monocytogenes into host cells[scr:1428]; R-HSA-351906 Apoptotic cleavage of cell adhesion proteins[scr:1169]; R-HSA-5358752 T41 mutants of beta-catenin aren't phosphorylated[scr:857]; R-HSA-5358751 S45 mutants of beta-catenin aren't phosphorylated[scr:857]; hsa04520 Adherens junction[scr:19]; hsa04916 Melanogenesis[scr:13]; hsa04670 Leukocyte transendothelial migration[scr:12]; hsa04919 Thyroid hormone signaling pathway[scr:11],HP:0025160 Abnormal temper tantrums[scr:423]; HP:0430000 Abnormality of the frontal bone[scr:423]; HP:0011530 Retinal hole[scr:423]; HP:0100245 Desmoid tumors[scr:212]; HP:0001117 Sudden loss of visual acuity[scr:169],EFO:1000120 Benign Skin Appendage Neoplasm (EFO)[scr:720]; EFO:0009082 Pilomatrixoma (EFO)[scr:720]; MONDO:0008170 ovarian cancer (EFO)[scr:360]; EFO:0001075 ovarian carcinoma (EFO)[scr:360]; Orphanet:404473 Severe intellectual disability-progressive spastic diplegia syndrome (EFO)[scr:360]; EFO:0000588 mesothelioma (EFO)[scr:180]; EFO:0002939 medulloblastoma (EFO)[scr:180]; EFO:1000355 Malignant Mesothelioma (EFO)[scr:180]; H00947 Pilomatricoma (KEGG)[scr:733]; H02302 Hepatoblastoma (KEGG)[scr:367]; H02301 Nephroblastoma (KEGG)[scr:183]; H00048 Hepatocellular carcinoma (KEGG)[scr:147]; H00026 Endometrial cancer (KEGG)[scr:122],,,
