{"options":{"search_start":1613056750,"tax_ids":[9606],"num_of_fn_nodes":10,"num_of_pathways":10,"num_of_phenotypes":10,"num_of_drugs":10,"num_of_diseases":10,"num_of_compounds":10,"chembl_compounds":0,"predictions":1,"reviewed_filter":1,"fn":1,"chembl":1,"search_finish":1613056758,"search_runtime":8},"search":[{"Drug":[{"DB02329":"Carbenoxolone"}]}],"nodes":[{"data":{"id":"P28845","display_name":"HSD11B1","Node_Type":"Protein"}},{"data":{"id":"Orphanet:168588","display_name":"Hyperandrogenism due to cortisone reductase deficiency","Node_Type":"Disease","enrichScore":1800.5}},{"data":{"id":"DB02329","display_name":"Carbenoxolone","Node_Type":"Drug","enrichScore":9999999}},{"data":{"id":"DB07056","display_name":"2-(6-{[(3-chloro-2-methylphenyl)sulfonyl]amino}pyridin-2-yl)-N,N-diethylacetamide","Node_Type":"Drug","enrichScore":4769}},{"data":{"id":"DB08277","display_name":"2-(2-CHLORO-4-FLUOROPHENOXY)-2-METHYL-N-[(1R,2S,3S,5S,7S)-5-(METHYLSULFONYL)-2-ADAMANTYL]PROPANAMIDE","Node_Type":"Drug","enrichScore":4769}},{"data":{"id":"DB08771","display_name":"(5R)-2-[(2-Fluorophenyl)amino]-5-isopropyl-1,3-thiazol-4(5H)-one","Node_Type":"Drug","enrichScore":4769}},{"data":{"id":"DB08280","display_name":"(1S,3R,4S,5S,7S)-4-{[2-(4-METHOXYPHENOXY)-2-METHYLPROPANOYL]AMINO}ADAMANTANE-1-CARBOXAMIDE","Node_Type":"Drug","enrichScore":4769}},{"data":{"id":"DB05064","display_name":"INCB13739","Node_Type":"Drug","enrichScore":4769}},{"data":{"id":"DB06992","display_name":"(3,3-dimethylpiperidin-1-yl)(6-(3-fluoro-4-methylphenyl)pyridin-2-yl)methanone","Node_Type":"Drug","enrichScore":4769}},{"data":{"id":"DB07017","display_name":"(5S)-2-{[(1S)-1-(4-Fluorophenyl)ethyl]amino}-5-(2-hydroxy-2-propanyl)-5-methyl-1,3-thiazol-4(5H)-one","Node_Type":"Drug","enrichScore":4769}},{"data":{"id":"DB07049","display_name":"(2R)-1-[(4-tert-butylphenyl)sulfonyl]-2-methyl-4-(4-nitrophenyl)piperazine","Node_Type":"Drug","enrichScore":4769}},{"data":{"id":"DB07310","display_name":"(5S)-2-{[(1S)-1-(2-fluorophenyl)ethyl]amino}-5-methyl-5-(trifluoromethyl)-1,3-thiazol-4(5H)-one","Node_Type":"Drug","enrichScore":4769}},{"data":{"id":"R-HSA-194002","display_name":"Glucocorticoid biosynthesis","Node_Type":"Pathway","enrichScore":7141.667}},{"data":{"id":"HP:0012411","display_name":"Premature pubarche","Node_Type":"HPO","enrichScore":1057.75}},{"data":{"id":"HP:0000956","display_name":"Acanthosis nigricans","Node_Type":"HPO","enrichScore":114.351}},{"data":{"id":"HP:0005616","display_name":"Accelerated skeletal maturation","Node_Type":"HPO","enrichScore":65.092}},{"data":{"id":"HP:0000855","display_name":"Insulin resistance","Node_Type":"HPO","enrichScore":57.959}},{"data":{"id":"HP:0000826","display_name":"Precocious puberty","Node_Type":"HPO","enrichScore":42.737}},{"data":{"id":"HP:0100000","display_name":"Early onset of sexual maturation","Node_Type":"HPO","enrichScore":41.891}},{"data":{"id":"HP:0000927","display_name":"Abnormality of skeletal maturation","Node_Type":"HPO","enrichScore":12.899}},{"data":{"id":"HP:0011368","display_name":"Epidermal thickening","Node_Type":"HPO","enrichScore":11.786}},{"data":{"id":"HP:0001513","display_name":"Obesity","Node_Type":"HPO","enrichScore":11.56}},{"data":{"id":"HP:0001072","display_name":"Thickened skin","Node_Type":"HPO","enrichScore":10.578}},{"data":{"id":"hsa00140","display_name":"Steroid hormone biosynthesis","Node_Type":"kegg_Pathway","enrichScore":113.967}},{"data":{"id":"hsa00980","display_name":"Metabolism of xenobiotics by cytochrome P450","Node_Type":"kegg_Pathway","enrichScore":93.671}},{"data":{"id":"hsa01100","display_name":"Metabolic pathways","Node_Type":"kegg_Pathway","enrichScore":4.623}},{"data":{"id":"H01111","display_name":"Cortisone reductase deficiency","Node_Type":"kegg_Disease","enrichScore":1833.5}}],"edges":[{"data":{"source":"HP:0012411","target":"Orphanet:168588","Edge_Type":"hpodis","label":"is associated w\/"}},{"data":{"source":"HP:0000956","target":"Orphanet:168588","Edge_Type":"hpodis","label":"is associated w\/"}},{"data":{"source":"HP:0005616","target":"Orphanet:168588","Edge_Type":"hpodis","label":"is associated w\/"}},{"data":{"source":"HP:0000855","target":"Orphanet:168588","Edge_Type":"hpodis","label":"is associated w\/"}},{"data":{"source":"HP:0000826","target":"Orphanet:168588","Edge_Type":"hpodis","label":"is associated w\/"}},{"data":{"source":"HP:0000826","target":"Orphanet:168588","Edge_Type":"hpodis","label":"is associated w\/"}},{"data":{"source":"HP:0100000","target":"Orphanet:168588","Edge_Type":"hpodis","label":"is associated w\/"}},{"data":{"source":"HP:0100000","target":"Orphanet:168588","Edge_Type":"hpodis","label":"is associated w\/"}},{"data":{"source":"HP:0000927","target":"Orphanet:168588","Edge_Type":"hpodis","label":"is associated w\/"}},{"data":{"source":"HP:0011368","target":"Orphanet:168588","Edge_Type":"hpodis","label":"is associated w\/"}},{"data":{"source":"HP:0001513","target":"Orphanet:168588","Edge_Type":"hpodis","label":"is associated w\/"}},{"data":{"source":"HP:0001513","target":"Orphanet:168588","Edge_Type":"hpodis","label":"is associated w\/"}},{"data":{"source":"HP:0001072","target":"Orphanet:168588","Edge_Type":"hpodis","label":"is associated w\/"}},{"data":{"source":"P28845","target":"Orphanet:168588","Edge_Type":"Disease","label":"is related to"}},{"data":{"source":"P28845","target":"DB02329","Edge_Type":"Drug","label":"targets"}},{"data":{"source":"P28845","target":"DB07056","Edge_Type":"Drug","label":"targets"}},{"data":{"source":"P28845","target":"DB08277","Edge_Type":"Drug","label":"targets"}},{"data":{"source":"P28845","target":"DB08771","Edge_Type":"Drug","label":"targets"}},{"data":{"source":"P28845","target":"DB08280","Edge_Type":"Drug","label":"targets"}},{"data":{"source":"P28845","target":"DB05064","Edge_Type":"Drug","label":"targets"}},{"data":{"source":"P28845","target":"DB06992","Edge_Type":"Drug","label":"targets"}},{"data":{"source":"P28845","target":"DB07017","Edge_Type":"Drug","label":"targets"}},{"data":{"source":"P28845","target":"DB07049","Edge_Type":"Drug","label":"targets"}},{"data":{"source":"P28845","target":"DB07310","Edge_Type":"Drug","label":"targets"}},{"data":{"source":"P28845","target":"R-HSA-194002","Edge_Type":"Pathway","label":"is involved in"}},{"data":{"source":"P28845","target":"HP:0012411","Edge_Type":"HPO","label":"is associated w\/"}},{"data":{"source":"P28845","target":"HP:0000956","Edge_Type":"HPO","label":"is associated w\/"}},{"data":{"source":"P28845","target":"HP:0005616","Edge_Type":"HPO","label":"is associated w\/"}},{"data":{"source":"P28845","target":"HP:0000855","Edge_Type":"HPO","label":"is associated w\/"}},{"data":{"source":"P28845","target":"HP:0000826","Edge_Type":"HPO","label":"is associated w\/"}},{"data":{"source":"P28845","target":"HP:0100000","Edge_Type":"HPO","label":"is associated w\/"}},{"data":{"source":"P28845","target":"HP:0000927","Edge_Type":"HPO","label":"is associated w\/"}},{"data":{"source":"P28845","target":"HP:0011368","Edge_Type":"HPO","label":"is associated w\/"}},{"data":{"source":"P28845","target":"HP:0001513","Edge_Type":"HPO","label":"is associated w\/"}},{"data":{"source":"P28845","target":"HP:0001072","Edge_Type":"HPO","label":"is associated w\/"}},{"data":{"source":"H01111","target":"hsa00140","Edge_Type":"kegg_dis_path","label":"modulates"}},{"data":{"source":"H01111","target":"hsa00980","Edge_Type":"kegg_dis_path","label":"modulates"}},{"data":{"source":"P28845","target":"hsa00140","Edge_Type":"kegg_path_prot","label":"is involved in"}},{"data":{"source":"P28845","target":"hsa00980","Edge_Type":"kegg_path_prot","label":"is involved in"}},{"data":{"source":"P28845","target":"hsa01100","Edge_Type":"kegg_path_prot","label":"is involved in"}},{"data":{"source":"P28845","target":"H01111","Edge_Type":"kegg_dis_prot","label":"is related to"}}]}