{"options":{"search_start":1613056581,"tax_ids":[9606],"num_of_fn_nodes":10,"num_of_pathways":10,"num_of_phenotypes":10,"num_of_drugs":10,"num_of_diseases":10,"num_of_compounds":10,"chembl_compounds":0,"predictions":1,"reviewed_filter":1,"fn":1,"chembl":1,"search_finish":1613056597,"search_runtime":16},"search":[{"Drug":[{"DB00054":"Abciximab"}]}],"nodes":[{"data":{"id":"O75015","display_name":"FCGR3B","Node_Type":"Protein"}},{"data":{"id":"P00736","display_name":"C1R","Node_Type":"Protein"}},{"data":{"id":"P02745","display_name":"C1QA","Node_Type":"Protein"}},{"data":{"id":"P02746","display_name":"C1QB","Node_Type":"Protein"}},{"data":{"id":"P02747","display_name":"C1QC","Node_Type":"Protein"}},{"data":{"id":"P04004","display_name":"VTN","Node_Type":"Protein"}},{"data":{"id":"P05106","display_name":"ITGB3","Node_Type":"Protein"}},{"data":{"id":"P08514","display_name":"ITGA2B","Node_Type":"Protein"}},{"data":{"id":"P08637","display_name":"FCGR3A","Node_Type":"Protein"}},{"data":{"id":"P09871","display_name":"C1S","Node_Type":"Protein"}},{"data":{"id":"P12314","display_name":"FCGR1A","Node_Type":"Protein"}},{"data":{"id":"P12318","display_name":"FCGR2A","Node_Type":"Protein"}},{"data":{"id":"P31994","display_name":"FCGR2B","Node_Type":"Protein"}},{"data":{"id":"P31995","display_name":"FCGR2C","Node_Type":"Protein"}},{"data":{"id":"O00526","display_name":"UPK2","Node_Type":"Protein_N"}},{"data":{"id":"P01857","display_name":"IGHG1","Node_Type":"Protein_N"}},{"data":{"id":"P07306","display_name":"ASGR1","Node_Type":"Protein_N"}},{"data":{"id":"Q8N6R1","display_name":"SERP2","Node_Type":"Protein_N"}},{"data":{"id":"Q8N6G5","display_name":"CSGALNACT2","Node_Type":"Protein_N"}},{"data":{"id":"Q9NRZ5","display_name":"AGPAT4","Node_Type":"Protein_N"}},{"data":{"id":"Q5TGU0","display_name":"TSPO2","Node_Type":"Protein_N"}},{"data":{"id":"Q9H2S6","display_name":"TNMD","Node_Type":"Protein_N"}},{"data":{"id":"Q8IZ57","display_name":"NRSN1","Node_Type":"Protein_N"}},{"data":{"id":"Q92982","display_name":"NINJ1","Node_Type":"Protein_N"}},{"data":{"id":"Orphanet:169147","display_name":"Immunodeficiency due to an early component of complement deficiency","Node_Type":"Disease","enrichScore":468.88}},{"data":{"id":"Orphanet:75392","display_name":"Ehlers-Danlos syndrome, periodontitis type","Node_Type":"Disease","enrichScore":300.083}},{"data":{"id":"Orphanet:849","display_name":"Glanzmann thrombasthenia","Node_Type":"Disease","enrichScore":300.083}},{"data":{"id":"Orphanet:140957","display_name":"Autosomal dominant macrothrombocytopenia","Node_Type":"Disease","enrichScore":120.033}},{"data":{"id":"EFO:0001378","display_name":"multiple myeloma","Node_Type":"Disease","enrichScore":37.51}},{"data":{"id":"Orphanet:314701","display_name":"Primary systemic amyloidosis","Node_Type":"Disease","enrichScore":37.51}},{"data":{"id":"Orphanet:85443","display_name":"AL amyloidosis","Node_Type":"Disease","enrichScore":37.51}},{"data":{"id":"Orphanet:101997","display_name":"Primary immunodeficiency","Node_Type":"Disease","enrichScore":21.435}},{"data":{"id":"EFO:0009157","display_name":"susceptibility to malaria","Node_Type":"Disease","enrichScore":11.542}},{"data":{"id":"MONDO:0021024","display_name":"malaria, susceptibility to","Node_Type":"Disease","enrichScore":11.542}},{"data":{"id":"DB00054","display_name":"Abciximab","Node_Type":"Drug","enrichScore":9999999}},{"data":{"id":"DB00002","display_name":"Cetuximab","Node_Type":"Drug","enrichScore":2003.642}},{"data":{"id":"DB00078","display_name":"Ibritumomab tiuxetan","Node_Type":"Drug","enrichScore":2003.642}},{"data":{"id":"DB00056","display_name":"Gemtuzumab ozogamicin","Node_Type":"Drug","enrichScore":2003.642}},{"data":{"id":"DB00072","display_name":"Trastuzumab","Node_Type":"Drug","enrichScore":1849.516}},{"data":{"id":"DB00074","display_name":"Basiliximab","Node_Type":"Drug","enrichScore":1849.516}},{"data":{"id":"DB00110","display_name":"Palivizumab","Node_Type":"Drug","enrichScore":1806.439}},{"data":{"id":"DB00092","display_name":"Alefacept","Node_Type":"Drug","enrichScore":1806.439}},{"data":{"id":"DB00087","display_name":"Alemtuzumab","Node_Type":"Drug","enrichScore":1806.439}},{"data":{"id":"DB00095","display_name":"Efalizumab","Node_Type":"Drug","enrichScore":1806.439}},{"data":{"id":"R-HSA-173623","display_name":"Classical antibody-mediated complement activation","Node_Type":"Pathway","enrichScore":1377.321}},{"data":{"id":"R-HSA-166663","display_name":"Initial triggering of complement","Node_Type":"Pathway","enrichScore":1205.156}},{"data":{"id":"R-HSA-977606","display_name":"Regulation of Complement cascade","Node_Type":"Pathway","enrichScore":1192.983}},{"data":{"id":"R-HSA-354194","display_name":"GRB2:SOS provides linkage to MAPK signaling for Integrins","Node_Type":"Pathway","enrichScore":714.167}},{"data":{"id":"R-HSA-372708","display_name":"p130Cas linkage to MAPK signaling for integrins","Node_Type":"Pathway","enrichScore":714.167}},{"data":{"id":"R-HSA-2029481","display_name":"FCGR activation","Node_Type":"Pathway","enrichScore":563.816}},{"data":{"id":"R-HSA-445144","display_name":"Signal transduction by L1","Node_Type":"Pathway","enrichScore":510.119}},{"data":{"id":"R-HSA-2029485","display_name":"Role of phospholipids in phagocytosis","Node_Type":"Pathway","enrichScore":481.461}},{"data":{"id":"R-HSA-354192","display_name":"Integrin signaling","Node_Type":"Pathway","enrichScore":465.761}},{"data":{"id":"R-HSA-3000170","display_name":"Syndecan interactions","Node_Type":"Pathway","enrichScore":396.759}},{"data":{"id":"HP:0001975","display_name":"Decreased platelet glycoprotein IIb-IIIa","Node_Type":"HPO","enrichScore":352.583}},{"data":{"id":"HP:0031126","display_name":"Impaired clot retraction","Node_Type":"HPO","enrichScore":352.583}},{"data":{"id":"HP:0002725","display_name":"Systemic lupus erythematosus","Node_Type":"HPO","enrichScore":287.943}},{"data":{"id":"HP:0006308","display_name":"Atrophy of alveolar ridges","Node_Type":"HPO","enrichScore":235.056}},{"data":{"id":"HP:0032438","display_name":"Platelet anisocytosis","Node_Type":"HPO","enrichScore":235.056}},{"data":{"id":"HP:0005356","display_name":"Decreased serum complement factor I","Node_Type":"HPO","enrichScore":226.661}},{"data":{"id":"HP:0000793","display_name":"Membranoproliferative glomerulonephritis","Node_Type":"HPO","enrichScore":226.661}},{"data":{"id":"HP:0025300","display_name":"Malar rash","Node_Type":"HPO","enrichScore":201.476}},{"data":{"id":"HP:0410027","display_name":"Alveolar bone loss around teeth","Node_Type":"HPO","enrichScore":176.292}},{"data":{"id":"HP:0410026","display_name":"Abnormality of the periodontium","Node_Type":"HPO","enrichScore":176.292}},{"data":{"id":"hsa04145","display_name":"Phagosome","Node_Type":"kegg_Pathway","enrichScore":119.965}},{"data":{"id":"hsa04610","display_name":"Complement and coagulation cascades","Node_Type":"kegg_Pathway","enrichScore":119.267}},{"data":{"id":"hsa04380","display_name":"Osteoclast differentiation","Node_Type":"kegg_Pathway","enrichScore":111.687}},{"data":{"id":"hsa04666","display_name":"Fc gamma R-mediated phagocytosis","Node_Type":"kegg_Pathway","enrichScore":77.423}},{"data":{"id":"hsa04512","display_name":"ECM-receptor interaction","Node_Type":"kegg_Pathway","enrichScore":29.139}},{"data":{"id":"hsa04640","display_name":"Hematopoietic cell lineage","Node_Type":"kegg_Pathway","enrichScore":26.711}},{"data":{"id":"hsa04611","display_name":"Platelet activation","Node_Type":"kegg_Pathway","enrichScore":20.514}},{"data":{"id":"hsa00532","display_name":"Glycosaminoglycan biosynthesis","Node_Type":"kegg_Pathway","enrichScore":14.246}},{"data":{"id":"hsa04510","display_name":"Focal adhesion","Node_Type":"kegg_Pathway","enrichScore":12.886}},{"data":{"id":"hsa04650","display_name":"Natural killer cell mediated cytotoxicity","Node_Type":"kegg_Pathway","enrichScore":8.767}},{"data":{"id":"H00102","display_name":"Classic complement pathway component defects","Node_Type":"kegg_Disease","enrichScore":381.979}},{"data":{"id":"H02240","display_name":"Ehlers-Danlos syndrome periodontal type","Node_Type":"kegg_Disease","enrichScore":305.583}},{"data":{"id":"H00226","display_name":"Glanzmann thrombasthenia","Node_Type":"kegg_Disease","enrichScore":305.583}},{"data":{"id":"H00080","display_name":"Systemic lupus erythematosus","Node_Type":"kegg_Disease","enrichScore":174.619}},{"data":{"id":"H00090","display_name":"NK cell defects","Node_Type":"kegg_Disease","enrichScore":152.792}},{"data":{"id":"H01240","display_name":"Immune thrombocytopenia","Node_Type":"kegg_Disease","enrichScore":152.792}},{"data":{"id":"H01357","display_name":"Allergic contact dermatitis","Node_Type":"kegg_Disease","enrichScore":76.396}},{"data":{"id":"H01740","display_name":"Macrothrombocytopenia","Node_Type":"kegg_Disease","enrichScore":35.951}},{"data":{"id":"H00083","display_name":"Allograft rejection","Node_Type":"kegg_Disease","enrichScore":15.279}},{"data":{"id":"H01360","display_name":"Allergic rhinitis","Node_Type":"kegg_Disease","enrichScore":8.042}}],"edges":[{"data":{"source":"P02746","target":"P02745","Edge_Type":"PPI","label":"interacts w\/"}},{"data":{"source":"P05106","target":"P05106","Edge_Type":"PPI","label":"interacts w\/"}},{"data":{"source":"P08514","target":"P08514","Edge_Type":"PPI","label":"interacts w\/"}},{"data":{"source":"P08514","target":"P05106","Edge_Type":"PPI","label":"interacts w\/"}},{"data":{"source":"P09871","target":"P09871","Edge_Type":"PPI","label":"interacts w\/"}},{"data":{"source":"P09871","target":"P00736","Edge_Type":"PPI","label":"interacts w\/"}},{"data":{"source":"O00526","target":"P12314","Edge_Type":"PPI","label":"interacts w\/"}},{"data":{"source":"O00526","target":"P12318","Edge_Type":"PPI","label":"interacts w\/"}},{"data":{"source":"P01857","target":"P12314","Edge_Type":"PPI","label":"interacts w\/"}},{"data":{"source":"P01857","target":"P31994","Edge_Type":"PPI","label":"interacts w\/"}},{"data":{"source":"P07306","target":"P12314","Edge_Type":"PPI","label":"interacts w\/"}},{"data":{"source":"Q8N6R1","target":"P12318","Edge_Type":"PPI","label":"interacts w\/"}},{"data":{"source":"Q8N6G5","target":"P12318","Edge_Type":"PPI","label":"interacts w\/"}},{"data":{"source":"Q9NRZ5","target":"P12318","Edge_Type":"PPI","label":"interacts w\/"}},{"data":{"source":"Q5TGU0","target":"P12314","Edge_Type":"PPI","label":"interacts w\/"}},{"data":{"source":"Q9H2S6","target":"P12314","Edge_Type":"PPI","label":"interacts w\/"}},{"data":{"source":"Q8IZ57","target":"P12314","Edge_Type":"PPI","label":"interacts w\/"}},{"data":{"source":"Q92982","target":"P12314","Edge_Type":"PPI","label":"interacts w\/"}},{"data":{"source":"HP:0001975","target":"Orphanet:849","Edge_Type":"hpodis","label":"is associated w\/"}},{"data":{"source":"HP:0031126","target":"Orphanet:849","Edge_Type":"hpodis","label":"is associated w\/"}},{"data":{"source":"HP:0002725","target":"Orphanet:169147","Edge_Type":"hpodis","label":"is associated w\/"}},{"data":{"source":"HP:0002725","target":"Orphanet:169147","Edge_Type":"hpodis","label":"is associated w\/"}},{"data":{"source":"HP:0002725","target":"Orphanet:169147","Edge_Type":"hpodis","label":"is associated w\/"}},{"data":{"source":"HP:0002725","target":"Orphanet:169147","Edge_Type":"hpodis","label":"is associated w\/"}},{"data":{"source":"HP:0002725","target":"Orphanet:169147","Edge_Type":"hpodis","label":"is associated w\/"}},{"data":{"source":"HP:0006308","target":"Orphanet:75392","Edge_Type":"hpodis","label":"is associated w\/"}},{"data":{"source":"HP:0032438","target":"Orphanet:140957","Edge_Type":"hpodis","label":"is associated w\/"}},{"data":{"source":"HP:0032438","target":"Orphanet:140957","Edge_Type":"hpodis","label":"is associated w\/"}},{"data":{"source":"HP:0005356","target":"Orphanet:169147","Edge_Type":"hpodis","label":"is associated w\/"}},{"data":{"source":"HP:0000793","target":"Orphanet:169147","Edge_Type":"hpodis","label":"is associated w\/"}},{"data":{"source":"HP:0410027","target":"Orphanet:75392","Edge_Type":"hpodis","label":"is associated w\/"}},{"data":{"source":"HP:0410026","target":"Orphanet:75392","Edge_Type":"hpodis","label":"is associated w\/"}},{"data":{"source":"P02745","target":"Orphanet:169147","Edge_Type":"Disease","label":"is related to"}},{"data":{"source":"P02746","target":"Orphanet:169147","Edge_Type":"Disease","label":"is related to"}},{"data":{"source":"P02747","target":"Orphanet:169147","Edge_Type":"Disease","label":"is related to"}},{"data":{"source":"P09871","target":"Orphanet:169147","Edge_Type":"Disease","label":"is related to"}},{"data":{"source":"P00736","target":"Orphanet:169147","Edge_Type":"Disease","label":"is related to"}},{"data":{"source":"P00736","target":"Orphanet:75392","Edge_Type":"Disease","label":"is related to"}},{"data":{"source":"P09871","target":"Orphanet:75392","Edge_Type":"Disease","label":"is related to"}},{"data":{"source":"P05106","target":"Orphanet:849","Edge_Type":"Disease","label":"is related to"}},{"data":{"source":"P08514","target":"Orphanet:849","Edge_Type":"Disease","label":"is related to"}},{"data":{"source":"P05106","target":"Orphanet:140957","Edge_Type":"Disease","label":"is related to"}},{"data":{"source":"P08514","target":"Orphanet:140957","Edge_Type":"Disease","label":"is related to"}},{"data":{"source":"P01857","target":"EFO:0001378","Edge_Type":"Disease","label":"is related to"}},{"data":{"source":"P01857","target":"Orphanet:314701","Edge_Type":"Disease","label":"is related to"}},{"data":{"source":"P01857","target":"Orphanet:85443","Edge_Type":"Disease","label":"is related to"}},{"data":{"source":"P08637","target":"Orphanet:101997","Edge_Type":"Disease","label":"is related to"}},{"data":{"source":"P31994","target":"EFO:0009157","Edge_Type":"Disease","label":"is related to"}},{"data":{"source":"P31994","target":"MONDO:0021024","Edge_Type":"Disease","label":"is related to"}},{"data":{"source":"P05106","target":"DB00054","Edge_Type":"Drug","label":"targets"}},{"data":{"source":"P08514","target":"DB00054","Edge_Type":"Drug","label":"targets"}},{"data":{"source":"O75015","target":"DB00054","Edge_Type":"Drug","label":"targets"}},{"data":{"source":"P00736","target":"DB00054","Edge_Type":"Drug","label":"targets"}},{"data":{"source":"P02745","target":"DB00054","Edge_Type":"Drug","label":"targets"}},{"data":{"source":"P02746","target":"DB00054","Edge_Type":"Drug","label":"targets"}},{"data":{"source":"P02747","target":"DB00054","Edge_Type":"Drug","label":"targets"}},{"data":{"source":"P08637","target":"DB00054","Edge_Type":"Drug","label":"targets"}},{"data":{"source":"P09871","target":"DB00054","Edge_Type":"Drug","label":"targets"}},{"data":{"source":"P12314","target":"DB00054","Edge_Type":"Drug","label":"targets"}},{"data":{"source":"P12318","target":"DB00054","Edge_Type":"Drug","label":"targets"}},{"data":{"source":"P31994","target":"DB00054","Edge_Type":"Drug","label":"targets"}},{"data":{"source":"P31995","target":"DB00054","Edge_Type":"Drug","label":"targets"}},{"data":{"source":"P04004","target":"DB00054","Edge_Type":"Drug","label":"targets"}},{"data":{"source":"O75015","target":"DB00002","Edge_Type":"Drug","label":"targets"}},{"data":{"source":"P00736","target":"DB00002","Edge_Type":"Drug","label":"targets"}},{"data":{"source":"P02745","target":"DB00002","Edge_Type":"Drug","label":"targets"}},{"data":{"source":"P02746","target":"DB00002","Edge_Type":"Drug","label":"targets"}},{"data":{"source":"P02747","target":"DB00002","Edge_Type":"Drug","label":"targets"}},{"data":{"source":"P08637","target":"DB00002","Edge_Type":"Drug","label":"targets"}},{"data":{"source":"P09871","target":"DB00002","Edge_Type":"Drug","label":"targets"}},{"data":{"source":"P12314","target":"DB00002","Edge_Type":"Drug","label":"targets"}},{"data":{"source":"P12318","target":"DB00002","Edge_Type":"Drug","label":"targets"}},{"data":{"source":"P31994","target":"DB00002","Edge_Type":"Drug","label":"targets"}},{"data":{"source":"P31995","target":"DB00002","Edge_Type":"Drug","label":"targets"}},{"data":{"source":"O75015","target":"DB00078","Edge_Type":"Drug","label":"targets"}},{"data":{"source":"P00736","target":"DB00078","Edge_Type":"Drug","label":"targets"}},{"data":{"source":"P02745","target":"DB00078","Edge_Type":"Drug","label":"targets"}},{"data":{"source":"P02746","target":"DB00078","Edge_Type":"Drug","label":"targets"}},{"data":{"source":"P02747","target":"DB00078","Edge_Type":"Drug","label":"targets"}},{"data":{"source":"P08637","target":"DB00078","Edge_Type":"Drug","label":"targets"}},{"data":{"source":"P09871","target":"DB00078","Edge_Type":"Drug","label":"targets"}},{"data":{"source":"P12314","target":"DB00078","Edge_Type":"Drug","label":"targets"}},{"data":{"source":"P12318","target":"DB00078","Edge_Type":"Drug","label":"targets"}},{"data":{"source":"P31994","target":"DB00078","Edge_Type":"Drug","label":"targets"}},{"data":{"source":"P31995","target":"DB00078","Edge_Type":"Drug","label":"targets"}},{"data":{"source":"O75015","target":"DB00056","Edge_Type":"Drug","label":"targets"}},{"data":{"source":"P00736","target":"DB00056","Edge_Type":"Drug","label":"targets"}},{"data":{"source":"P02745","target":"DB00056","Edge_Type":"Drug","label":"targets"}},{"data":{"source":"P02746","target":"DB00056","Edge_Type":"Drug","label":"targets"}},{"data":{"source":"P02747","target":"DB00056","Edge_Type":"Drug","label":"targets"}},{"data":{"source":"P08637","target":"DB00056","Edge_Type":"Drug","label":"targets"}},{"data":{"source":"P09871","target":"DB00056","Edge_Type":"Drug","label":"targets"}},{"data":{"source":"P12314","target":"DB00056","Edge_Type":"Drug","label":"targets"}},{"data":{"source":"P12318","target":"DB00056","Edge_Type":"Drug","label":"targets"}},{"data":{"source":"P31994","target":"DB00056","Edge_Type":"Drug","label":"targets"}},{"data":{"source":"P31995","target":"DB00056","Edge_Type":"Drug","label":"targets"}},{"data":{"source":"P00736","target":"DB00072","Edge_Type":"Drug","label":"targets"}},{"data":{"source":"P02745","target":"DB00072","Edge_Type":"Drug","label":"targets"}},{"data":{"source":"P02746","target":"DB00072","Edge_Type":"Drug","label":"targets"}},{"data":{"source":"P02747","target":"DB00072","Edge_Type":"Drug","label":"targets"}},{"data":{"source":"P09871","target":"DB00072","Edge_Type":"Drug","label":"targets"}},{"data":{"source":"P12314","target":"DB00072","Edge_Type":"Drug","label":"targets"}},{"data":{"source":"P12318","target":"DB00072","Edge_Type":"Drug","label":"targets"}},{"data":{"source":"P31994","target":"DB00072","Edge_Type":"Drug","label":"targets"}},{"data":{"source":"P31995","target":"DB00072","Edge_Type":"Drug","label":"targets"}},{"data":{"source":"O75015","target":"DB00072","Edge_Type":"Drug","label":"targets"}},{"data":{"source":"P08637","target":"DB00072","Edge_Type":"Drug","label":"targets"}},{"data":{"source":"P12314","target":"DB00074","Edge_Type":"Drug","label":"targets"}},{"data":{"source":"P08637","target":"DB00074","Edge_Type":"Drug","label":"targets"}},{"data":{"source":"P12318","target":"DB00074","Edge_Type":"Drug","label":"targets"}},{"data":{"source":"P31994","target":"DB00074","Edge_Type":"Drug","label":"targets"}},{"data":{"source":"P31995","target":"DB00074","Edge_Type":"Drug","label":"targets"}},{"data":{"source":"O75015","target":"DB00074","Edge_Type":"Drug","label":"targets"}},{"data":{"source":"P09871","target":"DB00074","Edge_Type":"Drug","label":"targets"}},{"data":{"source":"P00736","target":"DB00074","Edge_Type":"Drug","label":"targets"}},{"data":{"source":"P02745","target":"DB00074","Edge_Type":"Drug","label":"targets"}},{"data":{"source":"P02746","target":"DB00074","Edge_Type":"Drug","label":"targets"}},{"data":{"source":"P02747","target":"DB00074","Edge_Type":"Drug","label":"targets"}},{"data":{"source":"O75015","target":"DB00110","Edge_Type":"Drug","label":"targets"}},{"data":{"source":"P00736","target":"DB00110","Edge_Type":"Drug","label":"targets"}},{"data":{"source":"P02745","target":"DB00110","Edge_Type":"Drug","label":"targets"}},{"data":{"source":"P02746","target":"DB00110","Edge_Type":"Drug","label":"targets"}},{"data":{"source":"P02747","target":"DB00110","Edge_Type":"Drug","label":"targets"}},{"data":{"source":"P08637","target":"DB00110","Edge_Type":"Drug","label":"targets"}},{"data":{"source":"P12314","target":"DB00110","Edge_Type":"Drug","label":"targets"}},{"data":{"source":"P12318","target":"DB00110","Edge_Type":"Drug","label":"targets"}},{"data":{"source":"P31994","target":"DB00110","Edge_Type":"Drug","label":"targets"}},{"data":{"source":"P31995","target":"DB00110","Edge_Type":"Drug","label":"targets"}},{"data":{"source":"P00736","target":"DB00092","Edge_Type":"Drug","label":"targets"}},{"data":{"source":"P02745","target":"DB00092","Edge_Type":"Drug","label":"targets"}},{"data":{"source":"P02746","target":"DB00092","Edge_Type":"Drug","label":"targets"}},{"data":{"source":"P02747","target":"DB00092","Edge_Type":"Drug","label":"targets"}},{"data":{"source":"P08637","target":"DB00092","Edge_Type":"Drug","label":"targets"}},{"data":{"source":"P12314","target":"DB00092","Edge_Type":"Drug","label":"targets"}},{"data":{"source":"P12318","target":"DB00092","Edge_Type":"Drug","label":"targets"}},{"data":{"source":"P31994","target":"DB00092","Edge_Type":"Drug","label":"targets"}},{"data":{"source":"P31995","target":"DB00092","Edge_Type":"Drug","label":"targets"}},{"data":{"source":"O75015","target":"DB00092","Edge_Type":"Drug","label":"targets"}},{"data":{"source":"O75015","target":"DB00087","Edge_Type":"Drug","label":"targets"}},{"data":{"source":"P00736","target":"DB00087","Edge_Type":"Drug","label":"targets"}},{"data":{"source":"P02745","target":"DB00087","Edge_Type":"Drug","label":"targets"}},{"data":{"source":"P02746","target":"DB00087","Edge_Type":"Drug","label":"targets"}},{"data":{"source":"P02747","target":"DB00087","Edge_Type":"Drug","label":"targets"}},{"data":{"source":"P08637","target":"DB00087","Edge_Type":"Drug","label":"targets"}},{"data":{"source":"P12314","target":"DB00087","Edge_Type":"Drug","label":"targets"}},{"data":{"source":"P12318","target":"DB00087","Edge_Type":"Drug","label":"targets"}},{"data":{"source":"P31994","target":"DB00087","Edge_Type":"Drug","label":"targets"}},{"data":{"source":"P31995","target":"DB00087","Edge_Type":"Drug","label":"targets"}},{"data":{"source":"O75015","target":"DB00095","Edge_Type":"Drug","label":"targets"}},{"data":{"source":"P00736","target":"DB00095","Edge_Type":"Drug","label":"targets"}},{"data":{"source":"P02745","target":"DB00095","Edge_Type":"Drug","label":"targets"}},{"data":{"source":"P02746","target":"DB00095","Edge_Type":"Drug","label":"targets"}},{"data":{"source":"P02747","target":"DB00095","Edge_Type":"Drug","label":"targets"}},{"data":{"source":"P08637","target":"DB00095","Edge_Type":"Drug","label":"targets"}},{"data":{"source":"P12314","target":"DB00095","Edge_Type":"Drug","label":"targets"}},{"data":{"source":"P12318","target":"DB00095","Edge_Type":"Drug","label":"targets"}},{"data":{"source":"P31994","target":"DB00095","Edge_Type":"Drug","label":"targets"}},{"data":{"source":"P31995","target":"DB00095","Edge_Type":"Drug","label":"targets"}},{"data":{"source":"P00736","target":"R-HSA-173623","Edge_Type":"Pathway","label":"is involved in"}},{"data":{"source":"P02745","target":"R-HSA-173623","Edge_Type":"Pathway","label":"is involved in"}},{"data":{"source":"P02746","target":"R-HSA-173623","Edge_Type":"Pathway","label":"is involved in"}},{"data":{"source":"P02747","target":"R-HSA-173623","Edge_Type":"Pathway","label":"is involved in"}},{"data":{"source":"P09871","target":"R-HSA-173623","Edge_Type":"Pathway","label":"is involved in"}},{"data":{"source":"P01857","target":"R-HSA-173623","Edge_Type":"Pathway","label":"is involved in"}},{"data":{"source":"P00736","target":"R-HSA-166663","Edge_Type":"Pathway","label":"is involved in"}},{"data":{"source":"P02745","target":"R-HSA-166663","Edge_Type":"Pathway","label":"is involved in"}},{"data":{"source":"P02746","target":"R-HSA-166663","Edge_Type":"Pathway","label":"is involved in"}},{"data":{"source":"P02747","target":"R-HSA-166663","Edge_Type":"Pathway","label":"is involved in"}},{"data":{"source":"P09871","target":"R-HSA-166663","Edge_Type":"Pathway","label":"is involved in"}},{"data":{"source":"P01857","target":"R-HSA-166663","Edge_Type":"Pathway","label":"is involved in"}},{"data":{"source":"P00736","target":"R-HSA-977606","Edge_Type":"Pathway","label":"is involved in"}},{"data":{"source":"P02745","target":"R-HSA-977606","Edge_Type":"Pathway","label":"is involved in"}},{"data":{"source":"P02746","target":"R-HSA-977606","Edge_Type":"Pathway","label":"is involved in"}},{"data":{"source":"P02747","target":"R-HSA-977606","Edge_Type":"Pathway","label":"is involved in"}},{"data":{"source":"P04004","target":"R-HSA-977606","Edge_Type":"Pathway","label":"is involved in"}},{"data":{"source":"P09871","target":"R-HSA-977606","Edge_Type":"Pathway","label":"is involved in"}},{"data":{"source":"P01857","target":"R-HSA-977606","Edge_Type":"Pathway","label":"is involved in"}},{"data":{"source":"P05106","target":"R-HSA-354194","Edge_Type":"Pathway","label":"is involved in"}},{"data":{"source":"P08514","target":"R-HSA-354194","Edge_Type":"Pathway","label":"is involved in"}},{"data":{"source":"P05106","target":"R-HSA-372708","Edge_Type":"Pathway","label":"is involved in"}},{"data":{"source":"P08514","target":"R-HSA-372708","Edge_Type":"Pathway","label":"is involved in"}},{"data":{"source":"P08637","target":"R-HSA-2029481","Edge_Type":"Pathway","label":"is involved in"}},{"data":{"source":"P12314","target":"R-HSA-2029481","Edge_Type":"Pathway","label":"is involved in"}},{"data":{"source":"P12318","target":"R-HSA-2029481","Edge_Type":"Pathway","label":"is involved in"}},{"data":{"source":"P01857","target":"R-HSA-2029481","Edge_Type":"Pathway","label":"is involved in"}},{"data":{"source":"P05106","target":"R-HSA-445144","Edge_Type":"Pathway","label":"is involved in"}},{"data":{"source":"P08514","target":"R-HSA-445144","Edge_Type":"Pathway","label":"is involved in"}},{"data":{"source":"P08637","target":"R-HSA-2029485","Edge_Type":"Pathway","label":"is involved in"}},{"data":{"source":"P12314","target":"R-HSA-2029485","Edge_Type":"Pathway","label":"is involved in"}},{"data":{"source":"P12318","target":"R-HSA-2029485","Edge_Type":"Pathway","label":"is involved in"}},{"data":{"source":"P01857","target":"R-HSA-2029485","Edge_Type":"Pathway","label":"is involved in"}},{"data":{"source":"P05106","target":"R-HSA-354192","Edge_Type":"Pathway","label":"is involved in"}},{"data":{"source":"P08514","target":"R-HSA-354192","Edge_Type":"Pathway","label":"is involved in"}},{"data":{"source":"P04004","target":"R-HSA-3000170","Edge_Type":"Pathway","label":"is involved in"}},{"data":{"source":"P05106","target":"R-HSA-3000170","Edge_Type":"Pathway","label":"is involved in"}},{"data":{"source":"P05106","target":"HP:0001975","Edge_Type":"HPO","label":"is associated w\/"}},{"data":{"source":"P08514","target":"HP:0001975","Edge_Type":"HPO","label":"is associated w\/"}},{"data":{"source":"P05106","target":"HP:0031126","Edge_Type":"HPO","label":"is associated w\/"}},{"data":{"source":"P08514","target":"HP:0031126","Edge_Type":"HPO","label":"is associated w\/"}},{"data":{"source":"P00736","target":"HP:0002725","Edge_Type":"HPO","label":"is associated w\/"}},{"data":{"source":"P02745","target":"HP:0002725","Edge_Type":"HPO","label":"is associated w\/"}},{"data":{"source":"P02746","target":"HP:0002725","Edge_Type":"HPO","label":"is associated w\/"}},{"data":{"source":"P02747","target":"HP:0002725","Edge_Type":"HPO","label":"is associated w\/"}},{"data":{"source":"P09871","target":"HP:0002725","Edge_Type":"HPO","label":"is associated w\/"}},{"data":{"source":"P12318","target":"HP:0002725","Edge_Type":"HPO","label":"is associated w\/"}},{"data":{"source":"P31994","target":"HP:0002725","Edge_Type":"HPO","label":"is associated w\/"}},{"data":{"source":"P00736","target":"HP:0006308","Edge_Type":"HPO","label":"is associated w\/"}},{"data":{"source":"P09871","target":"HP:0006308","Edge_Type":"HPO","label":"is associated w\/"}},{"data":{"source":"P05106","target":"HP:0032438","Edge_Type":"HPO","label":"is associated w\/"}},{"data":{"source":"P08514","target":"HP:0032438","Edge_Type":"HPO","label":"is associated w\/"}},{"data":{"source":"P02745","target":"HP:0005356","Edge_Type":"HPO","label":"is associated w\/"}},{"data":{"source":"P02746","target":"HP:0005356","Edge_Type":"HPO","label":"is associated w\/"}},{"data":{"source":"P02747","target":"HP:0005356","Edge_Type":"HPO","label":"is associated w\/"}},{"data":{"source":"P02745","target":"HP:0000793","Edge_Type":"HPO","label":"is associated w\/"}},{"data":{"source":"P02746","target":"HP:0000793","Edge_Type":"HPO","label":"is associated w\/"}},{"data":{"source":"P02747","target":"HP:0000793","Edge_Type":"HPO","label":"is associated w\/"}},{"data":{"source":"P00736","target":"HP:0025300","Edge_Type":"HPO","label":"is associated w\/"}},{"data":{"source":"P02745","target":"HP:0025300","Edge_Type":"HPO","label":"is associated w\/"}},{"data":{"source":"P12318","target":"HP:0025300","Edge_Type":"HPO","label":"is associated w\/"}},{"data":{"source":"P31994","target":"HP:0025300","Edge_Type":"HPO","label":"is associated w\/"}},{"data":{"source":"P00736","target":"HP:0410027","Edge_Type":"HPO","label":"is associated w\/"}},{"data":{"source":"P00736","target":"HP:0410026","Edge_Type":"HPO","label":"is associated w\/"}},{"data":{"source":"H00102","target":"hsa04610","Edge_Type":"kegg_dis_path","label":"modulates"}},{"data":{"source":"H02240","target":"hsa04610","Edge_Type":"kegg_dis_path","label":"modulates"}},{"data":{"source":"H00226","target":"hsa04510","Edge_Type":"kegg_dis_path","label":"modulates"}},{"data":{"source":"H00226","target":"hsa04512","Edge_Type":"kegg_dis_path","label":"modulates"}},{"data":{"source":"H00090","target":"hsa04650","Edge_Type":"kegg_dis_path","label":"modulates"}},{"data":{"source":"H01240","target":"hsa04145","Edge_Type":"kegg_dis_path","label":"modulates"}},{"data":{"source":"H01240","target":"hsa04380","Edge_Type":"kegg_dis_path","label":"modulates"}},{"data":{"source":"H01240","target":"hsa04666","Edge_Type":"kegg_dis_path","label":"modulates"}},{"data":{"source":"H01740","target":"hsa04510","Edge_Type":"kegg_dis_path","label":"modulates"}},{"data":{"source":"H01740","target":"hsa04611","Edge_Type":"kegg_dis_path","label":"modulates"}},{"data":{"source":"H00083","target":"DB00074","Edge_Type":"kegg_dis_drug","label":"indicates"}},{"data":{"source":"O75015","target":"hsa04145","Edge_Type":"kegg_path_prot","label":"is involved in"}},{"data":{"source":"P00736","target":"hsa04145","Edge_Type":"kegg_path_prot","label":"is involved in"}},{"data":{"source":"P05106","target":"hsa04145","Edge_Type":"kegg_path_prot","label":"is involved in"}},{"data":{"source":"P08637","target":"hsa04145","Edge_Type":"kegg_path_prot","label":"is involved in"}},{"data":{"source":"P12314","target":"hsa04145","Edge_Type":"kegg_path_prot","label":"is involved in"}},{"data":{"source":"P12318","target":"hsa04145","Edge_Type":"kegg_path_prot","label":"is involved in"}},{"data":{"source":"P31994","target":"hsa04145","Edge_Type":"kegg_path_prot","label":"is involved in"}},{"data":{"source":"P31995","target":"hsa04145","Edge_Type":"kegg_path_prot","label":"is involved in"}},{"data":{"source":"P00736","target":"hsa04610","Edge_Type":"kegg_path_prot","label":"is involved in"}},{"data":{"source":"P02745","target":"hsa04610","Edge_Type":"kegg_path_prot","label":"is involved in"}},{"data":{"source":"P02746","target":"hsa04610","Edge_Type":"kegg_path_prot","label":"is involved in"}},{"data":{"source":"P02747","target":"hsa04610","Edge_Type":"kegg_path_prot","label":"is involved in"}},{"data":{"source":"P04004","target":"hsa04610","Edge_Type":"kegg_path_prot","label":"is involved in"}},{"data":{"source":"P09871","target":"hsa04610","Edge_Type":"kegg_path_prot","label":"is involved in"}},{"data":{"source":"O75015","target":"hsa04380","Edge_Type":"kegg_path_prot","label":"is involved in"}},{"data":{"source":"P05106","target":"hsa04380","Edge_Type":"kegg_path_prot","label":"is involved in"}},{"data":{"source":"P08637","target":"hsa04380","Edge_Type":"kegg_path_prot","label":"is involved in"}},{"data":{"source":"P12314","target":"hsa04380","Edge_Type":"kegg_path_prot","label":"is involved in"}},{"data":{"source":"P12318","target":"hsa04380","Edge_Type":"kegg_path_prot","label":"is involved in"}},{"data":{"source":"P31994","target":"hsa04380","Edge_Type":"kegg_path_prot","label":"is involved in"}},{"data":{"source":"P31995","target":"hsa04380","Edge_Type":"kegg_path_prot","label":"is involved in"}},{"data":{"source":"O75015","target":"hsa04666","Edge_Type":"kegg_path_prot","label":"is involved in"}},{"data":{"source":"P08637","target":"hsa04666","Edge_Type":"kegg_path_prot","label":"is involved in"}},{"data":{"source":"P12314","target":"hsa04666","Edge_Type":"kegg_path_prot","label":"is involved in"}},{"data":{"source":"P12318","target":"hsa04666","Edge_Type":"kegg_path_prot","label":"is involved in"}},{"data":{"source":"P31994","target":"hsa04666","Edge_Type":"kegg_path_prot","label":"is involved in"}},{"data":{"source":"P04004","target":"hsa04512","Edge_Type":"kegg_path_prot","label":"is involved in"}},{"data":{"source":"P05106","target":"hsa04512","Edge_Type":"kegg_path_prot","label":"is involved in"}},{"data":{"source":"P08514","target":"hsa04512","Edge_Type":"kegg_path_prot","label":"is involved in"}},{"data":{"source":"P05106","target":"hsa04640","Edge_Type":"kegg_path_prot","label":"is involved in"}},{"data":{"source":"P08514","target":"hsa04640","Edge_Type":"kegg_path_prot","label":"is involved in"}},{"data":{"source":"P12314","target":"hsa04640","Edge_Type":"kegg_path_prot","label":"is involved in"}},{"data":{"source":"P05106","target":"hsa04611","Edge_Type":"kegg_path_prot","label":"is involved in"}},{"data":{"source":"P08514","target":"hsa04611","Edge_Type":"kegg_path_prot","label":"is involved in"}},{"data":{"source":"P12318","target":"hsa04611","Edge_Type":"kegg_path_prot","label":"is involved in"}},{"data":{"source":"Q8N6G5","target":"hsa00532","Edge_Type":"kegg_path_prot","label":"is involved in"}},{"data":{"source":"P04004","target":"hsa04510","Edge_Type":"kegg_path_prot","label":"is involved in"}},{"data":{"source":"P05106","target":"hsa04510","Edge_Type":"kegg_path_prot","label":"is involved in"}},{"data":{"source":"P08514","target":"hsa04510","Edge_Type":"kegg_path_prot","label":"is involved in"}},{"data":{"source":"O75015","target":"hsa04650","Edge_Type":"kegg_path_prot","label":"is involved in"}},{"data":{"source":"P08637","target":"hsa04650","Edge_Type":"kegg_path_prot","label":"is involved in"}},{"data":{"source":"P00736","target":"H00102","Edge_Type":"kegg_dis_prot","label":"is related to"}},{"data":{"source":"P02745","target":"H00102","Edge_Type":"kegg_dis_prot","label":"is related to"}},{"data":{"source":"P02746","target":"H00102","Edge_Type":"kegg_dis_prot","label":"is related to"}},{"data":{"source":"P02747","target":"H00102","Edge_Type":"kegg_dis_prot","label":"is related to"}},{"data":{"source":"P09871","target":"H00102","Edge_Type":"kegg_dis_prot","label":"is related to"}},{"data":{"source":"P00736","target":"H02240","Edge_Type":"kegg_dis_prot","label":"is related to"}},{"data":{"source":"P09871","target":"H02240","Edge_Type":"kegg_dis_prot","label":"is related to"}},{"data":{"source":"P05106","target":"H00226","Edge_Type":"kegg_dis_prot","label":"is related to"}},{"data":{"source":"P08514","target":"H00226","Edge_Type":"kegg_dis_prot","label":"is related to"}},{"data":{"source":"O75015","target":"H00080","Edge_Type":"kegg_dis_prot","label":"is related to"}},{"data":{"source":"P08637","target":"H00080","Edge_Type":"kegg_dis_prot","label":"is related to"}},{"data":{"source":"P12318","target":"H00080","Edge_Type":"kegg_dis_prot","label":"is related to"}},{"data":{"source":"P31994","target":"H00080","Edge_Type":"kegg_dis_prot","label":"is related to"}},{"data":{"source":"P08637","target":"H00090","Edge_Type":"kegg_dis_prot","label":"is related to"}},{"data":{"source":"P31995","target":"H01240","Edge_Type":"kegg_dis_prot","label":"is related to"}},{"data":{"source":"P02745","target":"H01357","Edge_Type":"kegg_dis_prot","label":"is related to"}},{"data":{"source":"P05106","target":"H01740","Edge_Type":"kegg_dis_prot","label":"is related to"}},{"data":{"source":"P08514","target":"H01740","Edge_Type":"kegg_dis_prot","label":"is related to"}},{"data":{"source":"P05106","target":"H00083","Edge_Type":"kegg_dis_prot","label":"is related to"}},{"data":{"source":"P12318","target":"H01360","Edge_Type":"kegg_dis_prot","label":"is related to"}}]}