Core Proteins,Interacting Proteins,Pathways,HPO terms,Diseases,Targeting Drugs,Experimental Bioactive Compounds (pChEMBL),Predicted interacting Compounds
CD4 (P01730),CD4 (P01730),hsa04514 Cell adhesion molecules (CAMs)[scr:90]; hsa04640 Hematopoietic cell lineage[scr:60],,,DB00098 Antithymocyte immunoglobulin (rabbit)[scr:9999999],,
ITGB3 (P05106),ITGB3 (P05106); ITGAV (P06756); CX3CL1 (P78423); TLN1 (Q9Y490); PLA2G2A (P14555); ITGA2B (P08514); ITGA2B (P08514),R-HSA-1566948 Elastic fibre formation[scr:3007]; R-HSA-445144 Signal transduction by L1[scr:2577]; R-HSA-372708 p130Cas linkage to MAPK signaling for integrins[scr:2030]; R-HSA-354194 GRB2:SOS provides linkage to MAPK signaling for Integrins[scr:2030]; R-HSA-216083 Integrin cell surface interactions[scr:1950]; R-HSA-2129379 Molecules associated with elastic fibres[scr:1424]; R-HSA-354192 Integrin signaling[scr:1324]; R-HSA-3000170 Syndecan interactions[scr:1128]; R-HSA-210990 PECAM1 interactions[scr:1128]; R-HSA-3000178 ECM proteoglycans[scr:1113]; hsa04512 ECM-receptor interaction[scr:102]; hsa04510 Focal adhesion[scr:65]; hsa04810 Regulation of actin cytoskeleton[scr:61]; hsa04640 Hematopoietic cell lineage[scr:60]; hsa04611 Platelet activation[scr:46]; hsa04015 Rap1 signaling pathway[scr:41]; hsa04145 Phagosome[scr:38]; hsa04151 PI3K-Akt signaling pathway[scr:25],HP:0031126 Impaired clot retraction[scr:445]; HP:0001975 Decreased platelet glycoprotein IIb-IIIa[scr:445]; HP:0032438 Platelet anisocytosis[scr:297]; HP:0011871 Impaired ristocetin-induced platelet aggregation[scr:178]; HP:0030137 Prolonged bleeding following circumcision[scr:178]; HP:0011878 Abnormal platelet membrane protein expression[scr:148]; HP:0012587 Macroscopic hematuria[scr:148]; HP:0400008 Menometrorrhagia[scr:127]; HP:0012146 Abnormality of von Willebrand factor[scr:127]; HP:0012541 Cephalohematoma[scr:127],Orphanet:849 Glanzmann thrombasthenia (EFO)[scr:379]; Orphanet:140957 Autosomal dominant macrothrombocytopenia (EFO)[scr:152]; H00226 Glanzmann thrombasthenia (KEGG)[scr:386]; H00083 Allograft rejection (KEGG)[scr:77]; H01740 Macrothrombocytopenia (KEGG)[scr:45],DB00098 Antithymocyte immunoglobulin (rabbit)[scr:9999999]; DB04863 Lefradafiban[scr:502]; DB00775 Tirofiban[scr:502]; DB00451 Levothyroxine[scr:502]; DB06472 Fradafiban[scr:502],,
ITGB1 (P05556),CX3CL1 (P78423); TLN1 (Q9Y490); ANGPTL4 (Q9BY76),R-HSA-1566948 Elastic fibre formation[scr:3007]; R-HSA-445144 Signal transduction by L1[scr:2577]; R-HSA-216083 Integrin cell surface interactions[scr:1950]; R-HSA-2129379 Molecules associated with elastic fibres[scr:1424]; R-HSA-3000170 Syndecan interactions[scr:1128]; R-HSA-3000178 ECM proteoglycans[scr:1113]; hsa04512 ECM-receptor interaction[scr:102]; hsa04514 Cell adhesion molecules (CAMs)[scr:90]; hsa04510 Focal adhesion[scr:65]; hsa04810 Regulation of actin cytoskeleton[scr:61]; hsa04611 Platelet activation[scr:46]; hsa04015 Rap1 signaling pathway[scr:41]; hsa04145 Phagosome[scr:38]; hsa04670 Leukocyte transendothelial migration[scr:29]; hsa04151 PI3K-Akt signaling pathway[scr:25],,,DB00098 Antithymocyte immunoglobulin (rabbit)[scr:9999999],,
CD1A (P06126),B2M (P61769),hsa04640 Hematopoietic cell lineage[scr:60],,,DB00098 Antithymocyte immunoglobulin (rabbit)[scr:9999999],,
ITGAV (P06756),ITGB3 (P05106); ITGB6 (P18564),R-HSA-1566948 Elastic fibre formation[scr:3007]; R-HSA-445144 Signal transduction by L1[scr:2577]; R-HSA-216083 Integrin cell surface interactions[scr:1950]; R-HSA-2129379 Molecules associated with elastic fibres[scr:1424]; R-HSA-3000170 Syndecan interactions[scr:1128]; R-HSA-210990 PECAM1 interactions[scr:1128]; R-HSA-3000178 ECM proteoglycans[scr:1113]; hsa04512 ECM-receptor interaction[scr:102]; hsa04514 Cell adhesion molecules (CAMs)[scr:90]; hsa04510 Focal adhesion[scr:65]; hsa04810 Regulation of actin cytoskeleton[scr:61]; hsa04145 Phagosome[scr:38]; hsa04151 PI3K-Akt signaling pathway[scr:25],,,DB00098 Antithymocyte immunoglobulin (rabbit)[scr:9999999]; DB00451 Levothyroxine[scr:502],,
ITGAL (P20701),ICAM1 (P05362),R-HSA-216083 Integrin cell surface interactions[scr:1950]; hsa04514 Cell adhesion molecules (CAMs)[scr:90]; hsa04810 Regulation of actin cytoskeleton[scr:61]; hsa04015 Rap1 signaling pathway[scr:41]; hsa04670 Leukocyte transendothelial migration[scr:29],,,DB00098 Antithymocyte immunoglobulin (rabbit)[scr:9999999],,
FCGR2B (P31994),IGHG1 (P01857),hsa04145 Phagosome[scr:38],,EFO:0009157 susceptibility to malaria (EFO)[scr:58]; MONDO:0021024 malaria- susceptibility to (EFO)[scr:58]; EFO:0002690 systemic lupus erythematosus (EFO)[scr:12]; H00080 Systemic lupus erythematosus (KEGG)[scr:14],DB00098 Antithymocyte immunoglobulin (rabbit)[scr:9999999],,
CD86 (P42081),,hsa04514 Cell adhesion molecules (CAMs)[scr:90],,,DB00098 Antithymocyte immunoglobulin (rabbit)[scr:9999999],,
MR1 (Q95460),EMP3 (P54852); B2M (P61769),,,,DB00098 Antithymocyte immunoglobulin (rabbit)[scr:9999999],,
CX3CL1 (P78423),ITGB3 (P05106); ITGB1 (P05556),,,,,,
ICAM1 (P05362),ITGAL (P20701),R-HSA-216083 Integrin cell surface interactions[scr:1950]; hsa04514 Cell adhesion molecules (CAMs)[scr:90]; hsa04670 Leukocyte transendothelial migration[scr:29],,EFO:0009157 susceptibility to malaria (EFO)[scr:58]; MONDO:0021024 malaria- susceptibility to (EFO)[scr:58]; H00083 Allograft rejection (KEGG)[scr:77],,,CHEMBL315428 [scr:6.87]; CHEMBL317356 [scr:3.92]; CHEMBL316103 [scr:3.92]; CHEMBL315546 [scr:3.43]; CHEMBL391029 [scr:3.43]; CHEMBL1077196 [scr:3.43]; CHEMBL315661 [scr:3.05]; CHEMBL316996 [scr:3.05]; CHEMBL387220 [scr:3.05]; CHEMBL31171 [scr:3.05]
EMP3 (P54852),MR1 (Q95460),,,,,,
ITGB6 (P18564),ITGAV (P06756),R-HSA-1566948 Elastic fibre formation[scr:3007]; R-HSA-216083 Integrin cell surface interactions[scr:1950]; R-HSA-2129379 Molecules associated with elastic fibres[scr:1424]; R-HSA-3000178 ECM proteoglycans[scr:1113]; hsa04512 ECM-receptor interaction[scr:102]; hsa04510 Focal adhesion[scr:65]; hsa04810 Regulation of actin cytoskeleton[scr:61]; hsa04151 PI3K-Akt signaling pathway[scr:25],,Orphanet:88661 Amelogenesis imperfecta (EFO)[scr:16]; H00615 Amelogenesis imperfecta (KEGG)[scr:14],,,
TLN1 (Q9Y490),ITGB3 (P05106); ITGB1 (P05556),R-HSA-372708 p130Cas linkage to MAPK signaling for integrins[scr:2030]; R-HSA-354194 GRB2:SOS provides linkage to MAPK signaling for Integrins[scr:2030]; R-HSA-354192 Integrin signaling[scr:1324]; hsa04510 Focal adhesion[scr:65]; hsa04611 Platelet activation[scr:46]; hsa04015 Rap1 signaling pathway[scr:41],,,,,
PLA2G2A (P14555),ITGB3 (P05106),,,,DB02936 4-(1-Benzyl-3-Carbamoylmethyl-2-Methyl-1h-Indol-5-Yloxy)-Butyric Acid[scr:251]; DB03121 (1-Benzyl-5-methoxy-2-methyl-1H-indol-3-yl)acetic acid[scr:251]; DB03471 6-phenyl-4(R)-(7-phenyl-heptanoylamino)-hexanoic acid[scr:251],,
B2M (P61769),CD1A (P06126); MR1 (Q95460); B2M (P61769),,,Orphanet:85450 Familial renal amyloidosis (EFO)[scr:47]; H01303 Hypercatabolic hypoproteinemia (KEGG)[scr:193]; H00845 Familial amyloidosis (KEGG)[scr:39],,,
IGHG1 (P01857),FCGR2B (P31994),,,EFO:0001378 multiple myeloma (EFO)[scr:47]; Orphanet:314701 Primary systemic amyloidosis (EFO)[scr:47]; Orphanet:85443 AL amyloidosis (EFO)[scr:47],DB08377 N-[4-(4-nitrophenylphospho)butanoyl]-D-alanine[scr:251]; DB08410 PARA-NITROBENZYL GLUTARYL GLYCINIC ACID[scr:251],,
ITGA2B (P08514),ITGB3 (P05106); ITGA2B (P08514),R-HSA-445144 Signal transduction by L1[scr:2577]; R-HSA-372708 p130Cas linkage to MAPK signaling for integrins[scr:2030]; R-HSA-354194 GRB2:SOS provides linkage to MAPK signaling for Integrins[scr:2030]; R-HSA-216083 Integrin cell surface interactions[scr:1950]; R-HSA-354192 Integrin signaling[scr:1324]; R-HSA-3000178 ECM proteoglycans[scr:1113]; hsa04512 ECM-receptor interaction[scr:102]; hsa04510 Focal adhesion[scr:65]; hsa04810 Regulation of actin cytoskeleton[scr:61]; hsa04640 Hematopoietic cell lineage[scr:60]; hsa04611 Platelet activation[scr:46]; hsa04015 Rap1 signaling pathway[scr:41]; hsa04151 PI3K-Akt signaling pathway[scr:25],HP:0031126 Impaired clot retraction[scr:445]; HP:0001975 Decreased platelet glycoprotein IIb-IIIa[scr:445]; HP:0032438 Platelet anisocytosis[scr:297]; HP:0011871 Impaired ristocetin-induced platelet aggregation[scr:178]; HP:0030137 Prolonged bleeding following circumcision[scr:178]; HP:0011878 Abnormal platelet membrane protein expression[scr:148]; HP:0012587 Macroscopic hematuria[scr:148]; HP:0400008 Menometrorrhagia[scr:127]; HP:0012146 Abnormality of von Willebrand factor[scr:127]; HP:0012541 Cephalohematoma[scr:127],Orphanet:849 Glanzmann thrombasthenia (EFO)[scr:379]; Orphanet:140957 Autosomal dominant macrothrombocytopenia (EFO)[scr:152]; H00226 Glanzmann thrombasthenia (KEGG)[scr:386]; H01740 Macrothrombocytopenia (KEGG)[scr:45],DB04863 Lefradafiban[scr:502]; DB00775 Tirofiban[scr:502]; DB06472 Fradafiban[scr:502],,
ANGPTL4 (Q9BY76),ITGB1 (P05556); ANGPTL4 (Q9BY76),,,,,,
