Core Proteins,Interacting Proteins,Pathways,HPO terms,Diseases,Targeting Drugs,Experimental Bioactive Compounds (pChEMBL),Predicted interacting Compounds
F9 (P00740),F8 (P00451),R-HSA-140834 Extrinsic Pathway of Fibrin Clot Formation[scr:10284]; R-HSA-159763 Transport of gamma-carboxylated protein precursors from the endoplasmic reticulum to the Golgi apparatus[scr:5713]; R-HSA-140837 Intrinsic Pathway of Fibrin Clot Formation[scr:5259]; R-HSA-159740 Gamma-carboxylation of protein precursors[scr:5142]; R-HSA-159782 Removal of aminoterminal propeptides from gamma-carboxylated proteins[scr:5142]; hsa04610 Complement and coagulation cascades[scr:143],HP:0005261 Joint hemorrhage[scr:586]; HP:0003645 Prolonged partial thromboplastin time[scr:448]; HP:0001934 Persistent bleeding after trauma[scr:376]; HP:0005542 Prolonged whole-blood clotting time[scr:212],Orphanet:98879 Hemophilia B (EFO)[scr:720]; HP:0004936 Venous thrombosis (EFO)[scr:144]; MONDO:0010432 thrombophilia- X-linked- due to factor 9 defect (EFO)[scr:0]; H00219 Hemophilia (KEGG)[scr:733]; H00223 Inherited thrombophilia (KEGG)[scr:52],DB13923 Emicizumab[scr:9999999]; DB13192 Antihemophilic factor human[scr:1908]; DB13150 Coagulation factor VII human[scr:1272]; DB09109 Turoctocog alfa[scr:1272],,CHEMBL3930408 [scr:104.4]; CHEMBL1518667 [scr:104.4]; CHEMBL1523972 [scr:104.4]; CHEMBL3085867 [scr:104.4]; CHEMBL1522635 [scr:104.4]; CHEMBL3934725 [scr:104.4]; CHEMBL1521793 [scr:104.4]; CHEMBL1714988 [scr:104.4]; CHEMBL3677537 [scr:104.4]; CHEMBL2419146 [scr:104.4]
F10 (P00742),UBQLN2 (Q9UHD9); NOTCH2NLC (P0DPK4),R-HSA-140834 Extrinsic Pathway of Fibrin Clot Formation[scr:10284]; R-HSA-159763 Transport of gamma-carboxylated protein precursors from the endoplasmic reticulum to the Golgi apparatus[scr:5713]; R-HSA-140837 Intrinsic Pathway of Fibrin Clot Formation[scr:5259]; R-HSA-159740 Gamma-carboxylation of protein precursors[scr:5142]; R-HSA-159782 Removal of aminoterminal propeptides from gamma-carboxylated proteins[scr:5142]; R-HSA-140875 Common Pathway of Fibrin Clot Formation[scr:2337]; hsa04610 Complement and coagulation cascades[scr:143],HP:0025328 Antepartum hemorrhage[scr:846]; HP:0011854 Hemoperitoneum[scr:846]; HP:0005261 Joint hemorrhage[scr:586]; HP:0003645 Prolonged partial thromboplastin time[scr:448]; HP:0008321 Reduced factor X activity[scr:212]; HP:0011884 Abnormal umbilical stump bleeding[scr:169],Orphanet:328 Congenital factor X deficiency (EFO)[scr:720]; H02257 Factor X deficiency (KEGG)[scr:733],DB13923 Emicizumab[scr:9999999]; DB13192 Antihemophilic factor human[scr:1908]; DB13150 Coagulation factor VII human[scr:1272]; DB09109 Turoctocog alfa[scr:1272]; DB13933 Nonacog beta pegol[scr:1272]; DB08143 5-CHLORO-THIOPHENE-2-CARBOXYLIC ACID ((3S-4S)-4-FLUORO- 1-{[2-FLUORO-4-(2-OXO-2H-PYRIDIN-1-YL)-PHENYLCARBAMOYL]-METHYL}-PYRROLIDIN-3-YL)-AMIDE[scr:954]; DB07804 5-(5-CHLORO-2-THIENYL)-N-{(3S)-1-[(1S)-1-METHYL-2-MORPHOLIN-4-YL-2-OXOETHYL]-2-OXOPYRROLIDIN-3-YL}-1H-1-2-4-TRIAZOLE-3-SULFONAMIDE[scr:954]; DB07843 5-CHLORO-N-{(3S)-1-[(1S)-1-METHYL-2-MORPHOLIN-4-YL-2-OXOETHYL]-2-OXOPYRROLIDIN-3-YL}-1-BENZOTHIOPHENE-2-SULFONAMIDE[scr:954]; DB07844 6-CHLORO-N-{(3S)-1-[(1S)-1-METHYL-2-MORPHOLIN-4-YL-2-OXOETHYL]-2-OXOPYRROLIDIN-3-YL}-1-BENZOTHIOPHENE-2-SULFONAMIDE[scr:954]; DB07847 6-CHLORO-N-{(3S)-1-[(1S)-1-METHYL-2-(4-MORPHOLINYL)-2-OXO ETHYL]-2-OXO-3-PYRROLIDINYL}-2-NAPHTHALENESULFONAMIDE[scr:954],,
F8 (P00451),F9 (P00740),R-HSA-140837 Intrinsic Pathway of Fibrin Clot Formation[scr:5259]; R-HSA-140875 Common Pathway of Fibrin Clot Formation[scr:2337]; R-HSA-5694530 Cargo concentration in the ER[scr:390]; R-HSA-204005 COPII-mediated vesicle transport[scr:189]; R-HSA-114608 Platelet degranulation[scr:100]; hsa04610 Complement and coagulation cascades[scr:143],HP:0005261 Joint hemorrhage[scr:586]; HP:0003645 Prolonged partial thromboplastin time[scr:448]; HP:0001934 Persistent bleeding after trauma[scr:376]; HP:0003125 Reduced factor VIII activity[scr:212]; HP:0030976 Abnormal factor VIII activity[scr:212],Orphanet:98878 Hemophilia A (EFO)[scr:720]; H00219 Hemophilia (KEGG)[scr:733],DB13933 Nonacog beta pegol[scr:1272],,
UBQLN2 (Q9UHD9),F10 (P00742); UBQLN2 (Q9UHD9),R-HSA-8856825 Cargo recognition for clathrin-mediated endocytosis[scr:122]; hsa04141 Protein processing in endoplasmic reticulum[scr:8],,EFO:0001356 familial amyotrophic lateral sclerosis (EFO)[scr:48]; H00058 Amyotrophic lateral sclerosis (ALS) (KEGG)[scr:31],,,
NOTCH2NLC (P0DPK4),F10 (P00742),,,Orphanet:2289 Neuronal intranuclear inclusion disease (EFO)[scr:0],,,
