Core Proteins,Interacting Proteins,Pathways,HPO terms,Diseases,Targeting Drugs,Experimental Bioactive Compounds (pChEMBL),Predicted interacting Compounds
ORM1 (P02763),SERPINE1 (P05121),,,,DB00276 Amsacrine[scr:9999999],,
ALB (P02768),ALB (P02768); TFRC (P02786),R-HSA-189483 Heme degradation[scr:893]; hsa04918 Thyroid hormone synthesis[scr:8],,Orphanet:86816 Congenital analbuminemia (EFO)[scr:300]; EFO:0004127 hyperthyroxinemia (EFO)[scr:150],DB00276 Amsacrine[scr:9999999]; DB11359 Guaiacol[scr:397],,
TOP2A (P11388),ARID1A (O14497); PRKCD (Q05655); BRCA1 (P38398); CTNNB1 (P35222),,,,DB00276 Amsacrine[scr:9999999]; DB00444 Teniposide[scr:397]; DB04975 Banoxantrone[scr:397]; DB00385 Valrubicin[scr:397]; DB04978 SP1049C[scr:397]; DB06420 Annamycin[scr:397],,
KCNH2 (Q12809),KCNH2 (Q12809); FRMD8 (Q9BZ67); CAV1 (Q03135),R-HSA-5576890 Phase 3 - rapid repolarisation[scr:670],,Orphanet:51083 Familial short QT syndrome (EFO)[scr:100]; H00725 Short QT syndrome (KEGG)[scr:102],DB00276 Amsacrine[scr:9999999]; DB06457 Tecastemizole[scr:397]; DB00557 Hydroxyzine[scr:397],,
FRMD8 (Q9BZ67),KCNH2 (Q12809),,,,,,
SERPINE1 (P05121),ORM1 (P02763),hsa04066 HIF-1 signaling pathway[scr:21]; hsa04390 Hippo signaling pathway[scr:15]; hsa04115 p53 signaling pathway[scr:8],,Orphanet:465 Congenital plasminogen activator inhibitor type 1 deficiency (EFO)[scr:300]; H01106 Plasminogen activator inhibitor type 1 deficiency (KEGG)[scr:306]; H01529 Avascular necrosis of femoral head (KEGG)[scr:61],,,
ARID1A (O14497),TOP2A (P11388),,HP:0200105 Absent fifth toenail[scr:353]; HP:0200104 Absent fifth fingernail[scr:176],H00048 Hepatocellular carcinoma (KEGG)[scr:61],,,
TFRC (P02786),ALB (P02768); TFRC (P02786),hsa04066 HIF-1 signaling pathway[scr:21]; hsa04216 Ferroptosis[scr:14]; hsa04144 Endocytosis[scr:9],HP:0004854 Intermittent thrombocytopenia[scr:118],,,,
PRKCD (Q05655),TOP2A (P11388),R-HSA-111933 Calmodulin induced events[scr:1071]; R-HSA-1489509 DAG and IP3 signaling[scr:765]; R-HSA-450520 HuR (ELAVL1) binds and stabilizes mRNA[scr:670],HP:0012578 Membranous nephropathy[scr:118],,DB04376 13-Acetylphorbol[scr:397],,CHEMBL429772 [scr:6.21]; CHEMBL387220 [scr:4.83]; CHEMBL3359681 [scr:4.83]; CHEMBL2114053 [scr:4.35]; CHEMBL111583 [scr:4.35]; CHEMBL132683 [scr:4.35]; CHEMBL95089 [scr:3.95]; CHEMBL451757 [scr:3.95]; CHEMBL1243402 [scr:3.95]; CHEMBL59587 [scr:3.95]
CAV1 (Q03135),KCNH2 (Q12809),R-HSA-203641 NOSTRIN mediated eNOS trafficking[scr:1071]; R-HSA-5218920 VEGFR2 mediated vascular permeability[scr:794]; R-HSA-4641262 Disassembly of the destruction complex and recruitment of AXIN to the membrane[scr:691]; hsa04510 Focal adhesion[scr:11]; hsa04144 Endocytosis[scr:9],HP:0005320 Lack of facial subcutaneous fat[scr:353]; HP:0005995 Decreased adipose tissue around neck[scr:176]; HP:0005317 Increased pulmonary vascular resistance[scr:88],Orphanet:528 Berardinelli-Seip congenital lipodystrophy (EFO)[scr:100]; H00419 Congenital generalized lipodystrophy (KEGG)[scr:76],,,
BRCA1 (P38398),TOP2A (P11388); BRCA1 (P38398),hsa03440 Homologous recombination[scr:14]; hsa03460 Fanconi anemia pathway[scr:11],,EFO:0001075 ovarian carcinoma (EFO)[scr:150]; MONDO:0008170 ovarian cancer (EFO)[scr:150]; H01665 Primary peritoneal carcinoma (KEGG)[scr:306]; H01554 Fallopian tube cancer (KEGG)[scr:61],,,
CTNNB1 (P35222),TOP2A (P11388),R-HSA-3134973 LRR FLII-interacting protein 1 (LRRFIP1) activates type I IFN production[scr:1071]; R-HSA-5218920 VEGFR2 mediated vascular permeability[scr:794]; R-HSA-4641262 Disassembly of the destruction complex and recruitment of AXIN to the membrane[scr:691]; R-HSA-4411364 Binding of TCF/LEF:CTNNB1 to target gene promoters[scr:670]; hsa04390 Hippo signaling pathway[scr:15]; hsa04510 Focal adhesion[scr:11]; hsa04520 Adherens junction[scr:8],HP:0430000 Abnormality of the frontal bone[scr:176]; HP:0011530 Retinal hole[scr:176]; HP:0025160 Abnormal temper tantrums[scr:176],EFO:1000120 Benign Skin Appendage Neoplasm (EFO)[scr:300]; EFO:0009082 Pilomatrixoma (EFO)[scr:300]; Orphanet:404473 Severe intellectual disability-progressive spastic diplegia syndrome (EFO)[scr:150]; EFO:0001075 ovarian carcinoma (EFO)[scr:150]; MONDO:0008170 ovarian cancer (EFO)[scr:150]; H00947 Pilomatricoma (KEGG)[scr:306]; H02302 Hepatoblastoma (KEGG)[scr:153]; H02301 Nephroblastoma (KEGG)[scr:76]; H00048 Hepatocellular carcinoma (KEGG)[scr:61],,,
