Core Proteins,Interacting Proteins,Pathways,HPO terms,Diseases,Targeting Drugs,Experimental Bioactive Compounds (pChEMBL),Predicted interacting Compounds
AGTR1 (P30556),DNAJC8 (O75937); OAZ1 (P54368); CERS6 (Q6ZMG9); ATP1B1 (P05026); AGT (P01019); APLNR (P35414),R-HSA-375276 Peptide ligand-binding receptors[scr:780]; R-HSA-416476 G alpha (q) signalling events[scr:209]; R-HSA-8856825 Cargo recognition for clathrin-mediated endocytosis[scr:87]; hsa04614 Renin-angiotensin system[scr:170]; hsa04925 Aldosterone synthesis and secretion[scr:84]; hsa04927 Cortisol synthesis and secretion[scr:59]; hsa04261 Adrenergic signaling in cardiomyocytes[scr:56]; hsa04924 Renin secretion[scr:51]; hsa04270 Vascular smooth muscle contraction[scr:28]; hsa04371 Apelin signaling pathway[scr:27]; hsa04072 Phospholipase D signaling pathway[scr:26],HP:0008660 Renotubular dysgenesis[scr:604]; HP:0002009 Potter facies[scr:269]; HP:0004972 Elevated mean arterial pressure[scr:269]; HP:0005117 Elevated diastolic blood pressure[scr:242]; HP:0011334 Facial shape deformation[scr:242]; HP:0004421 Elevated systolic blood pressure[scr:242]; HP:0100519 Anuria[scr:201]; HP:0004492 Widely patent fontanelles and sutures[scr:142]; HP:0011037 Decreased urine output[scr:134]; HP:0010537 Wide cranial sutures[scr:101],Orphanet:97369 Renal tubular dysgenesis of genetic origin (EFO)[scr:514]; H00575 Renal tubular dysgenesis (KEGG)[scr:524],DB00275 Olmesartan[scr:9999999]; DB11842 Angiotensin II[scr:681]; DB00678 Losartan[scr:681]; DB00796 Candesartan cilexetil[scr:681]; DB00876 Eprosartan[scr:681]; DB01342 Forasartan[scr:681]; DB01347 Saprisartan[scr:681]; DB00177 Valsartan[scr:681]; DB13919 Candesartan[scr:681]; DB08822 Azilsartan medoxomil[scr:681],,CHEMBL1598836 [scr:74.57]; CHEMBL3934241 [scr:74.57]; CHEMBL3915279 [scr:74.57]; CHEMBL3915489 [scr:74.57]; CHEMBL2424684 [scr:74.57]; CHEMBL3946848 [scr:74.57]; CHEMBL3973624 [scr:74.57]; CHEMBL3675980 [scr:74.57]; CHEMBL3905805 [scr:74.57]; CHEMBL3143422 [scr:74.57]
DNAJC8 (O75937),AGTR1 (P30556),,,,,,
OAZ1 (P54368),AGTR1 (P30556),R-HSA-350562 Regulation of ornithine decarboxylase (ODC)[scr:180],,,,,
CERS6 (Q6ZMG9),AGTR1 (P30556),R-HSA-1660661 Sphingolipid de novo biosynthesis[scr:209],,,,,
ATP1B1 (P05026),AGTR1 (P30556),R-HSA-210991 Basigin interactions[scr:367]; R-HSA-5578775 Ion homeostasis[scr:170]; R-HSA-936837 Ion transport by P-type ATPases[scr:167]; hsa04925 Aldosterone synthesis and secretion[scr:84]; hsa04261 Adrenergic signaling in cardiomyocytes[scr:56]; hsa04964 Proximal tubule bicarbonate reclamation[scr:42]; hsa04960 Aldosterone-regulated sodium reabsorption[scr:26],,,,,
AGT (P01019),AGTR1 (P30556),R-HSA-375276 Peptide ligand-binding receptors[scr:780]; R-HSA-2022377 Metabolism of Angiotensinogen to Angiotensins[scr:510]; R-HSA-416476 G alpha (q) signalling events[scr:209]; R-HSA-418594 G alpha (i) signalling events[scr:139]; hsa04614 Renin-angiotensin system[scr:170]; hsa04925 Aldosterone synthesis and secretion[scr:84]; hsa04927 Cortisol synthesis and secretion[scr:59]; hsa04261 Adrenergic signaling in cardiomyocytes[scr:56]; hsa04924 Renin secretion[scr:51]; hsa04270 Vascular smooth muscle contraction[scr:28]; hsa04072 Phospholipase D signaling pathway[scr:26],HP:0008660 Renotubular dysgenesis[scr:604]; HP:0002009 Potter facies[scr:269]; HP:0004972 Elevated mean arterial pressure[scr:269]; HP:0005117 Elevated diastolic blood pressure[scr:242]; HP:0011334 Facial shape deformation[scr:242]; HP:0004421 Elevated systolic blood pressure[scr:242]; HP:0100519 Anuria[scr:201]; HP:0004492 Widely patent fontanelles and sutures[scr:142]; HP:0011037 Decreased urine output[scr:134]; HP:0010537 Wide cranial sutures[scr:101],Orphanet:97369 Renal tubular dysgenesis of genetic origin (EFO)[scr:514]; EFO:0000537 hypertension (EFO)[scr:257]; H00575 Renal tubular dysgenesis (KEGG)[scr:524],,,
APLNR (P35414),AGTR1 (P30556),R-HSA-375276 Peptide ligand-binding receptors[scr:780]; R-HSA-418594 G alpha (i) signalling events[scr:139]; hsa04371 Apelin signaling pathway[scr:27],,,,,
