Core Proteins,Interacting Proteins,Pathways,HPO terms,Diseases,Targeting Drugs,Experimental Bioactive Compounds (pChEMBL),Predicted interacting Compounds
FCGR3A (P08637),,hsa04666 Fc gamma R-mediated phagocytosis[scr:15],,Orphanet:101997 Primary immunodeficiency (EFO)[scr:103]; H00090 NK cell defects (KEGG)[scr:733]; H00080 Systemic lupus erythematosus (KEGG)[scr:52],DB12023 Benralizumab[scr:9999999],,
IL5RA (Q01344),IL5 (P05113); IL5 (P05113); CSF2RB (P32927); JAK2 (O60674),R-HSA-512988 Interleukin-3- Interleukin-5 and GM-CSF signaling[scr:8570]; R-HSA-912526 Interleukin receptor SHC signaling[scr:7618]; R-HSA-5673001 RAF/MAP kinase cascade[scr:1728]; hsa04630 JAK-STAT signaling pathway[scr:134]; hsa04640 Hematopoietic cell lineage[scr:57]; hsa04060 Cytokine-cytokine receptor interaction[scr:42],,,DB12023 Benralizumab[scr:9999999],,
IL5 (P05113),IL5RA (Q01344); CSF2RB (P32927),R-HSA-512988 Interleukin-3- Interleukin-5 and GM-CSF signaling[scr:8570]; R-HSA-912526 Interleukin receptor SHC signaling[scr:7618]; R-HSA-5673001 RAF/MAP kinase cascade[scr:1728]; hsa04630 JAK-STAT signaling pathway[scr:134]; hsa04658 Th1 and Th2 cell differentiation[scr:60]; hsa04640 Hematopoietic cell lineage[scr:57]; hsa04060 Cytokine-cytokine receptor interaction[scr:42]; hsa04672 Intestinal immune network for IgA production[scr:30]; hsa04664 Fc epsilon RI signaling pathway[scr:20]; hsa04657 IL-17 signaling pathway[scr:15],,,DB06602 Reslizumab[scr:954]; DB06612 Mepolizumab[scr:954],,
CSF2RB (P32927),IL5RA (Q01344); IL5 (P05113); JAK2 (O60674),R-HSA-512988 Interleukin-3- Interleukin-5 and GM-CSF signaling[scr:8570]; R-HSA-912526 Interleukin receptor SHC signaling[scr:7618]; R-HSA-5673001 RAF/MAP kinase cascade[scr:1728]; R-HSA-5688849 Defective CSF2RB causes pulmonary surfactant metabolism dysfunction 5 (SMDP5)[scr:1607]; R-HSA-5688890 Defective CSF2RA causes pulmonary surfactant metabolism dysfunction 4 (SMDP4)[scr:1607]; hsa04630 JAK-STAT signaling pathway[scr:134]; hsa04060 Cytokine-cytokine receptor interaction[scr:42],HP:0025391 Crazy paving pattern on pulmonary HRCT[scr:282]; HP:0031029 Elevated carcinoembryonic antigen level[scr:212],Orphanet:264675 Congenital pulmonary alveolar proteinosis (EFO)[scr:144]; H01122 Congenital pulmonary alveolar proteinosis (KEGG)[scr:147],DB05264 NPI 32101[scr:954]; DB05943 Resatorvid[scr:477],,
JAK2 (O60674),IL5RA (Q01344); JAK2 (O60674); CSF2RB (P32927),R-HSA-512988 Interleukin-3- Interleukin-5 and GM-CSF signaling[scr:8570]; R-HSA-912526 Interleukin receptor SHC signaling[scr:7618]; R-HSA-9006335 Signaling by Erythropoietin[scr:2571]; R-HSA-9027277 Erythropoietin activates Phospholipase C gamma (PLCG)[scr:1836]; R-HSA-9027283 Erythropoietin activates STAT5[scr:1836]; R-HSA-5673001 RAF/MAP kinase cascade[scr:1728]; R-HSA-9020933 Interleukin-23 signaling[scr:1428]; R-HSA-112411 MAPK1 (ERK2) activation[scr:1428]; hsa04630 JAK-STAT signaling pathway[scr:134]; hsa04658 Th1 and Th2 cell differentiation[scr:60]; hsa04920 Adipocytokine signaling pathway[scr:20]; hsa04917 Prolactin signaling pathway[scr:20],HP:0002641 Peripheral thrombosis[scr:282]; HP:0001050 Plethora[scr:282]; HP:0011134 Low-grade fever[scr:212]; HP:0001898 Increased red blood cell mass[scr:212]; HP:0030157 Flank pain[scr:169]; HP:0002639 Budd-Chiari syndrome[scr:169]; HP:0030846 Abnormality of venous physiology[scr:141]; HP:0031850 Abnormal hematocrit[scr:141],EFO:0002429 polycythemia vera (EFO)[scr:360]; EFO:0002430 primary myelofibrosis (EFO)[scr:360]; EFO:0000479 essential thrombocythemia (EFO)[scr:240]; Orphanet:71493 Familial thrombocytosis (EFO)[scr:240]; EFO:0000222 acute myeloid leukemia (EFO)[scr:72]; H00012 Polycythemia vera (KEGG)[scr:733]; H01433 Budd-Chiari syndrome (KEGG)[scr:367]; H01605 Myelofibrosis (KEGG)[scr:244]; H01612 Essential thrombocytosis (KEGG)[scr:244]; H01481 Myelodysplastic syndrome (KEGG)[scr:52]; H02412 Atypical chronic myeloid leukemia (KEGG)[scr:49]; H02411 Chronic myelomonocytic leukemia (KEGG)[scr:46],DB07162 4-(3-amino-1H-indazol-5-yl)-N-tert-butylbenzenesulfonamide[scr:954]; DB05243 XL019[scr:954]; DB08067 4-[(2-{4-[(CYCLOPROPYLCARBAMOYL)AMINO]-1H-PYRAZOL-3-YL}-1H-BENZIMIDAZOL-6-YL)METHYL]MORPHOLIN-4-IUM[scr:954]; DB07161 5-phenyl-1H-indazol-3-amine[scr:954]; DB08877 Ruxolitinib[scr:477]; DB09421 Protirelin[scr:1000000],,CHEMBL36368 [scr:6.53]; CHEMBL17819 [scr:6.14]; CHEMBL63135 [scr:5.8]; CHEMBL502564 [scr:5.8]; CHEMBL91362 [scr:5.22]; CHEMBL318018 [scr:5.22]
