{"options":{"search_start":1613057253,"tax_ids":[9606],"num_of_fn_nodes":10,"num_of_pathways":10,"num_of_phenotypes":10,"num_of_drugs":10,"num_of_diseases":10,"num_of_compounds":10,"chembl_compounds":0,"predictions":1,"reviewed_filter":1,"fn":1,"chembl":1,"search_finish":1613057287,"search_runtime":34},"search":[{"Drug":[{"DB00656":"Trazodone"}]}],"nodes":[{"data":{"id":"P08908","display_name":"HTR1A","Node_Type":"Protein"}},{"data":{"id":"P08913","display_name":"ADRA2A","Node_Type":"Protein"}},{"data":{"id":"P18089","display_name":"ADRA2B","Node_Type":"Protein"}},{"data":{"id":"P18825","display_name":"ADRA2C","Node_Type":"Protein"}},{"data":{"id":"P25100","display_name":"ADRA1D","Node_Type":"Protein"}},{"data":{"id":"P28223","display_name":"HTR2A","Node_Type":"Protein"}},{"data":{"id":"P28335","display_name":"HTR2C","Node_Type":"Protein"}},{"data":{"id":"P31645","display_name":"SLC6A4","Node_Type":"Protein"}},{"data":{"id":"P35348","display_name":"ADRA1A","Node_Type":"Protein"}},{"data":{"id":"P35367","display_name":"HRH1","Node_Type":"Protein"}},{"data":{"id":"P41595","display_name":"HTR2B","Node_Type":"Protein"}},{"data":{"id":"Q99720","display_name":"SIGMAR1","Node_Type":"Protein"}},{"data":{"id":"Q13425","display_name":"SNTB2","Node_Type":"Protein_N"}},{"data":{"id":"P21554","display_name":"CNR1","Node_Type":"Protein_N"}},{"data":{"id":"P47211","display_name":"GALR1","Node_Type":"Protein_N"}},{"data":{"id":"Q9ULW5","display_name":"RAB26","Node_Type":"Protein_N"}},{"data":{"id":"Q9Y2B0","display_name":"CNPY2","Node_Type":"Protein_N"}},{"data":{"id":"Q13424","display_name":"SNTA1","Node_Type":"Protein_N"}},{"data":{"id":"P61073","display_name":"CXCR4","Node_Type":"Protein_N"}},{"data":{"id":"O76011","display_name":"KRT34","Node_Type":"Protein_N"}},{"data":{"id":"P49286","display_name":"MTNR1B","Node_Type":"Protein_N"}},{"data":{"id":"P14416","display_name":"DRD2","Node_Type":"Protein_N"}},{"data":{"id":"EFO:0004242","display_name":"obsessive-compulsive disorder","Node_Type":"Disease","enrichScore":163.682}},{"data":{"id":"Orphanet:139552","display_name":"Distal hereditary motor neuropathy, Jerash type","Node_Type":"Disease","enrichScore":163.682}},{"data":{"id":"Orphanet:51636","display_name":"WHIM syndrome","Node_Type":"Disease","enrichScore":163.682}},{"data":{"id":"EFO:0003829","display_name":"alcohol dependence","Node_Type":"Disease","enrichScore":130.945}},{"data":{"id":"Orphanet:300605","display_name":"Juvenile amyotrophic lateral sclerosis","Node_Type":"Disease","enrichScore":54.561}},{"data":{"id":"Orphanet:86814","display_name":"Benign adult familial myoclonic epilepsy","Node_Type":"Disease","enrichScore":54.561}},{"data":{"id":"EFO:0001073","display_name":"obesity","Node_Type":"Disease","enrichScore":16.368}},{"data":{"id":"Orphanet:71529","display_name":"Obesity due to melanocortin 4 receptor deficiency","Node_Type":"Disease","enrichScore":16.368}},{"data":{"id":"Orphanet:77828","display_name":"Genetic obesity","Node_Type":"Disease","enrichScore":16.368}},{"data":{"id":"Orphanet:101016","display_name":"Romano-Ward syndrome","Node_Type":"Disease","enrichScore":14.88}},{"data":{"id":"DB00656","display_name":"Trazodone","Node_Type":"Drug","enrichScore":9999999}},{"data":{"id":"DB00433","display_name":"Prochlorperazine","Node_Type":"Drug","enrichScore":10621.864}},{"data":{"id":"DB00715","display_name":"Paroxetine","Node_Type":"Drug","enrichScore":5310.932}},{"data":{"id":"DB01175","display_name":"Escitalopram","Node_Type":"Drug","enrichScore":4371.583}},{"data":{"id":"DB00924","display_name":"Cyclobenzaprine","Node_Type":"Drug","enrichScore":3468.364}},{"data":{"id":"DB00502","display_name":"Haloperidol","Node_Type":"Drug","enrichScore":3096.753}},{"data":{"id":"DB06229","display_name":"Ocaperidone","Node_Type":"Drug","enrichScore":1970.661}},{"data":{"id":"DB09195","display_name":"Lorpiprazole","Node_Type":"Drug","enrichScore":1755.859}},{"data":{"id":"DB00490","display_name":"Buspirone","Node_Type":"Drug","enrichScore":1734.182}},{"data":{"id":"DB00477","display_name":"Chlorpromazine","Node_Type":"Drug","enrichScore":1634.133}},{"data":{"id":"R-HSA-392023","display_name":"Adrenaline signalling through Alpha-2 adrenergic receptor","Node_Type":"Pathway","enrichScore":8764.773}},{"data":{"id":"R-HSA-390696","display_name":"Adrenoceptors","Node_Type":"Pathway","enrichScore":8115.53}},{"data":{"id":"R-HSA-390666","display_name":"Serotonin receptors","Node_Type":"Pathway","enrichScore":3895.455}},{"data":{"id":"R-HSA-380615","display_name":"Serotonin clearance from the synaptic cleft","Node_Type":"Pathway","enrichScore":2921.591}},{"data":{"id":"R-HSA-173107","display_name":"Binding and entry of HIV virion","Node_Type":"Pathway","enrichScore":730.398}},{"data":{"id":"R-HSA-390650","display_name":"Histamine receptors","Node_Type":"Pathway","enrichScore":730.398}},{"data":{"id":"R-HSA-418594","display_name":"G alpha (i) signalling events","Node_Type":"Pathway","enrichScore":708.264}},{"data":{"id":"R-HSA-373076","display_name":"Class A\/1 (Rhodopsin-like receptors)","Node_Type":"Pathway","enrichScore":615.072}},{"data":{"id":"R-HSA-416476","display_name":"G alpha (q) signalling events","Node_Type":"Pathway","enrichScore":597.598}},{"data":{"id":"R-HSA-390651","display_name":"Dopamine receptors","Node_Type":"Pathway","enrichScore":584.318}},{"data":{"id":"HP:0012166","display_name":"Skin-picking","Node_Type":"HPO","enrichScore":384.636}},{"data":{"id":"HP:0031160","display_name":"Myelokathexis","Node_Type":"HPO","enrichScore":192.318}},{"data":{"id":"HP:0010852","display_name":"EEG with photoparoxysmal response","Node_Type":"HPO","enrichScore":96.159}},{"data":{"id":"HP:0001340","display_name":"Enhancement of the C-reflex","Node_Type":"HPO","enrichScore":96.159}},{"data":{"id":"HP:0001351","display_name":"Jerk-locked premyoclonus spikes","Node_Type":"HPO","enrichScore":96.159}},{"data":{"id":"HP:0000166","display_name":"Severe periodontitis","Node_Type":"HPO","enrichScore":96.159}},{"data":{"id":"HP:0030212","display_name":"Collectionism","Node_Type":"HPO","enrichScore":69.934}},{"data":{"id":"HP:0011850","display_name":"Parotitis","Node_Type":"HPO","enrichScore":64.106}},{"data":{"id":"HP:0001312","display_name":"Giant somatosensory evoked potentials","Node_Type":"HPO","enrichScore":48.08}},{"data":{"id":"HP:0001326","display_name":"EEG with irregular generalized spike and wave complexes","Node_Type":"HPO","enrichScore":48.08}},{"data":{"id":"CHEMBL3906053","display_name":"CHEMBL3906053","Node_Type":"Prediction","enrichScore":98.864}},{"data":{"id":"CHEMBL3669976","display_name":"CHEMBL3669976","Node_Type":"Prediction","enrichScore":98.864}},{"data":{"id":"CHEMBL3665714","display_name":"CHEMBL3665714","Node_Type":"Prediction","enrichScore":98.864}},{"data":{"id":"CHEMBL3184427","display_name":"CHEMBL3184427","Node_Type":"Prediction","enrichScore":94.909}},{"data":{"id":"CHEMBL3905120","display_name":"CHEMBL3905120","Node_Type":"Prediction","enrichScore":94.909}},{"data":{"id":"CHEMBL2024510","display_name":"CHEMBL2024510","Node_Type":"Prediction","enrichScore":94.909}},{"data":{"id":"CHEMBL1779598","display_name":"CHEMBL1779598","Node_Type":"Prediction","enrichScore":94.909}},{"data":{"id":"CHEMBL3298826","display_name":"CHEMBL3298826","Node_Type":"Prediction","enrichScore":85.418}},{"data":{"id":"CHEMBL2064535","display_name":"CHEMBL2064535","Node_Type":"Prediction","enrichScore":85.418}},{"data":{"id":"CHEMBL3895689","display_name":"CHEMBL3895689","Node_Type":"Prediction","enrichScore":84.74}},{"data":{"id":"hsa04080","display_name":"Neuroactive ligand-receptor interaction","Node_Type":"kegg_Pathway","enrichScore":178.13}},{"data":{"id":"hsa04020","display_name":"Calcium signaling pathway","Node_Type":"kegg_Pathway","enrichScore":76.533}},{"data":{"id":"hsa04726","display_name":"Serotonergic synapse","Node_Type":"kegg_Pathway","enrichScore":68.162}},{"data":{"id":"hsa04540","display_name":"Gap junction","Node_Type":"kegg_Pathway","enrichScore":54.649}},{"data":{"id":"hsa04750","display_name":"Inflammatory mediator regulation of TRP channels","Node_Type":"kegg_Pathway","enrichScore":46.477}},{"data":{"id":"hsa04022","display_name":"cGMP-PKG signaling pathway","Node_Type":"kegg_Pathway","enrichScore":44.916}},{"data":{"id":"hsa04970","display_name":"Salivary secretion","Node_Type":"kegg_Pathway","enrichScore":12.951}},{"data":{"id":"hsa04270","display_name":"Vascular smooth muscle contraction","Node_Type":"kegg_Pathway","enrichScore":9.009}},{"data":{"id":"hsa04915","display_name":"Estrogen signaling pathway","Node_Type":"kegg_Pathway","enrichScore":8.458}},{"data":{"id":"hsa04261","display_name":"Adrenergic signaling in cardiomyocytes","Node_Type":"kegg_Pathway","enrichScore":7.97}},{"data":{"id":"H01646","display_name":"Major depressive disorder","Node_Type":"kegg_Disease","enrichScore":1000000}},{"data":{"id":"H00097","display_name":"Chemokine receptor defect","Node_Type":"kegg_Disease","enrichScore":166.682}},{"data":{"id":"H01450","display_name":"Obsessive-compulsive disorder","Node_Type":"kegg_Disease","enrichScore":95.247}},{"data":{"id":"H01611","display_name":"Alcohol dependence","Node_Type":"kegg_Disease","enrichScore":83.341}},{"data":{"id":"H02213","display_name":"Familial adult myoclonic epilepsy","Node_Type":"kegg_Disease","enrichScore":33.336}},{"data":{"id":"H01649","display_name":"Schizophrenia","Node_Type":"kegg_Disease","enrichScore":13.89}},{"data":{"id":"H00856","display_name":"Distal hereditary motor neuropathies","Node_Type":"kegg_Disease","enrichScore":11.112}},{"data":{"id":"H00720","display_name":"Long QT syndrome","Node_Type":"kegg_Disease","enrichScore":8.773}},{"data":{"id":"H00409","display_name":"Type 2 diabetes mellitus","Node_Type":"kegg_Disease","enrichScore":8.773}},{"data":{"id":"H00058","display_name":"Amyotrophic lateral sclerosis (ALS)","Node_Type":"kegg_Disease","enrichScore":6.945}}],"edges":[{"data":{"source":"P08913","target":"P08913","Edge_Type":"PPI","label":"interacts w\/"}},{"data":{"source":"P18825","target":"P18825","Edge_Type":"PPI","label":"interacts w\/"}},{"data":{"source":"P18825","target":"P08913","Edge_Type":"PPI","label":"interacts w\/"}},{"data":{"source":"P25100","target":"P25100","Edge_Type":"PPI","label":"interacts w\/"}},{"data":{"source":"P28223","target":"P28223","Edge_Type":"PPI","label":"interacts w\/"}},{"data":{"source":"P28223","target":"P08908","Edge_Type":"PPI","label":"interacts w\/"}},{"data":{"source":"P28335","target":"P28335","Edge_Type":"PPI","label":"interacts w\/"}},{"data":{"source":"P28335","target":"P28223","Edge_Type":"PPI","label":"interacts w\/"}},{"data":{"source":"P41595","target":"P28223","Edge_Type":"PPI","label":"interacts w\/"}},{"data":{"source":"P41595","target":"P28335","Edge_Type":"PPI","label":"interacts w\/"}},{"data":{"source":"Q13425","target":"P25100","Edge_Type":"PPI","label":"interacts w\/"}},{"data":{"source":"P21554","target":"P28223","Edge_Type":"PPI","label":"interacts w\/"}},{"data":{"source":"P21554","target":"P21554","Edge_Type":"PPI","label":"interacts w\/"}},{"data":{"source":"P47211","target":"P08908","Edge_Type":"PPI","label":"interacts w\/"}},{"data":{"source":"Q9ULW5","target":"P18089","Edge_Type":"PPI","label":"interacts w\/"}},{"data":{"source":"Q9Y2B0","target":"P18825","Edge_Type":"PPI","label":"interacts w\/"}},{"data":{"source":"Q13424","target":"P25100","Edge_Type":"PPI","label":"interacts w\/"}},{"data":{"source":"P61073","target":"P25100","Edge_Type":"PPI","label":"interacts w\/"}},{"data":{"source":"P61073","target":"P35348","Edge_Type":"PPI","label":"interacts w\/"}},{"data":{"source":"P61073","target":"P61073","Edge_Type":"PPI","label":"interacts w\/"}},{"data":{"source":"O76011","target":"P18825","Edge_Type":"PPI","label":"interacts w\/"}},{"data":{"source":"P49286","target":"P28335","Edge_Type":"PPI","label":"interacts w\/"}},{"data":{"source":"P14416","target":"Q99720","Edge_Type":"PPI","label":"interacts w\/"}},{"data":{"source":"P14416","target":"P14416","Edge_Type":"PPI","label":"interacts w\/"}},{"data":{"source":"HP:0012166","target":"EFO:0004242","Edge_Type":"hpodis","label":"is associated w\/"}},{"data":{"source":"HP:0031160","target":"Orphanet:51636","Edge_Type":"hpodis","label":"is associated w\/"}},{"data":{"source":"HP:0031160","target":"Orphanet:51636","Edge_Type":"hpodis","label":"is associated w\/"}},{"data":{"source":"HP:0010852","target":"Orphanet:86814","Edge_Type":"hpodis","label":"is associated w\/"}},{"data":{"source":"HP:0010852","target":"Orphanet:86814","Edge_Type":"hpodis","label":"is associated w\/"}},{"data":{"source":"HP:0010852","target":"Orphanet:86814","Edge_Type":"hpodis","label":"is associated w\/"}},{"data":{"source":"HP:0001340","target":"Orphanet:86814","Edge_Type":"hpodis","label":"is associated w\/"}},{"data":{"source":"HP:0001340","target":"Orphanet:86814","Edge_Type":"hpodis","label":"is associated w\/"}},{"data":{"source":"HP:0001340","target":"Orphanet:86814","Edge_Type":"hpodis","label":"is associated w\/"}},{"data":{"source":"HP:0001340","target":"Orphanet:86814","Edge_Type":"hpodis","label":"is associated w\/"}},{"data":{"source":"HP:0001351","target":"Orphanet:86814","Edge_Type":"hpodis","label":"is associated w\/"}},{"data":{"source":"HP:0001351","target":"Orphanet:86814","Edge_Type":"hpodis","label":"is associated w\/"}},{"data":{"source":"HP:0001351","target":"Orphanet:86814","Edge_Type":"hpodis","label":"is associated w\/"}},{"data":{"source":"HP:0001351","target":"Orphanet:86814","Edge_Type":"hpodis","label":"is associated w\/"}},{"data":{"source":"HP:0000166","target":"Orphanet:51636","Edge_Type":"hpodis","label":"is associated w\/"}},{"data":{"source":"HP:0030212","target":"EFO:0004242","Edge_Type":"hpodis","label":"is associated w\/"}},{"data":{"source":"HP:0011850","target":"Orphanet:51636","Edge_Type":"hpodis","label":"is associated w\/"}},{"data":{"source":"HP:0001312","target":"Orphanet:86814","Edge_Type":"hpodis","label":"is associated w\/"}},{"data":{"source":"HP:0001312","target":"Orphanet:86814","Edge_Type":"hpodis","label":"is associated w\/"}},{"data":{"source":"HP:0001312","target":"Orphanet:86814","Edge_Type":"hpodis","label":"is associated w\/"}},{"data":{"source":"HP:0001326","target":"Orphanet:86814","Edge_Type":"hpodis","label":"is associated w\/"}},{"data":{"source":"HP:0001326","target":"Orphanet:86814","Edge_Type":"hpodis","label":"is associated w\/"}},{"data":{"source":"P31645","target":"EFO:0004242","Edge_Type":"Disease","label":"is related to"}},{"data":{"source":"Q99720","target":"Orphanet:139552","Edge_Type":"Disease","label":"is related to"}},{"data":{"source":"P61073","target":"Orphanet:51636","Edge_Type":"Disease","label":"is related to"}},{"data":{"source":"P31645","target":"EFO:0003829","Edge_Type":"Disease","label":"is related to"}},{"data":{"source":"P14416","target":"EFO:0003829","Edge_Type":"Disease","label":"is related to"}},{"data":{"source":"Q99720","target":"Orphanet:300605","Edge_Type":"Disease","label":"is related to"}},{"data":{"source":"P18089","target":"Orphanet:86814","Edge_Type":"Disease","label":"is related to"}},{"data":{"source":"P21554","target":"EFO:0001073","Edge_Type":"Disease","label":"is related to"}},{"data":{"source":"P21554","target":"Orphanet:71529","Edge_Type":"Disease","label":"is related to"}},{"data":{"source":"P21554","target":"Orphanet:77828","Edge_Type":"Disease","label":"is related to"}},{"data":{"source":"Q13424","target":"Orphanet:101016","Edge_Type":"Disease","label":"is related to"}},{"data":{"source":"P28223","target":"DB00656","Edge_Type":"Drug","label":"targets"}},{"data":{"source":"P28335","target":"DB00656","Edge_Type":"Drug","label":"targets"}},{"data":{"source":"P31645","target":"DB00656","Edge_Type":"Drug","label":"targets"}},{"data":{"source":"P08908","target":"DB00656","Edge_Type":"Drug","label":"targets"}},{"data":{"source":"P35367","target":"DB00656","Edge_Type":"Drug","label":"targets"}},{"data":{"source":"P35348","target":"DB00656","Edge_Type":"Drug","label":"targets"}},{"data":{"source":"P08913","target":"DB00656","Edge_Type":"Drug","label":"targets"}},{"data":{"source":"P18089","target":"DB00656","Edge_Type":"Chembl","label":"targets","pchembl_value":6.41}},{"data":{"source":"P18825","target":"DB00656","Edge_Type":"Chembl","label":"targets","pchembl_value":6.55}},{"data":{"source":"P25100","target":"DB00656","Edge_Type":"Chembl","label":"targets","pchembl_value":6.58}},{"data":{"source":"P41595","target":"DB00656","Edge_Type":"Chembl","label":"targets","pchembl_value":6.97}},{"data":{"source":"Q99720","target":"DB00656","Edge_Type":"Chembl","label":"targets","pchembl_value":6.03}},{"data":{"source":"P14416","target":"DB00433","Edge_Type":"Drug","label":"targets"}},{"data":{"source":"P35367","target":"DB00433","Edge_Type":"Drug","label":"targets"}},{"data":{"source":"P35348","target":"DB00433","Edge_Type":"Drug","label":"targets"}},{"data":{"source":"P25100","target":"DB00433","Edge_Type":"Drug","label":"targets"}},{"data":{"source":"P08913","target":"DB00433","Edge_Type":"Drug","label":"targets"}},{"data":{"source":"P18089","target":"DB00433","Edge_Type":"Drug","label":"targets"}},{"data":{"source":"P18825","target":"DB00433","Edge_Type":"Drug","label":"targets"}},{"data":{"source":"P31645","target":"DB00715","Edge_Type":"Drug","label":"targets"}},{"data":{"source":"P28223","target":"DB00715","Edge_Type":"Drug","label":"targets"}},{"data":{"source":"P35348","target":"DB00715","Edge_Type":"Drug","label":"targets"}},{"data":{"source":"P25100","target":"DB00715","Edge_Type":"Drug","label":"targets"}},{"data":{"source":"P08913","target":"DB00715","Edge_Type":"Drug","label":"targets"}},{"data":{"source":"P18089","target":"DB00715","Edge_Type":"Drug","label":"targets"}},{"data":{"source":"P18825","target":"DB00715","Edge_Type":"Drug","label":"targets"}},{"data":{"source":"P14416","target":"DB00715","Edge_Type":"Drug","label":"targets"}},{"data":{"source":"P35367","target":"DB00715","Edge_Type":"Drug","label":"targets"}},{"data":{"source":"P08908","target":"DB00715","Edge_Type":"Drug","label":"targets"}},{"data":{"source":"P41595","target":"DB00715","Edge_Type":"Drug","label":"targets"}},{"data":{"source":"P28335","target":"DB00715","Edge_Type":"Drug","label":"targets"}},{"data":{"source":"P31645","target":"DB01175","Edge_Type":"Drug","label":"targets"}},{"data":{"source":"P35367","target":"DB01175","Edge_Type":"Drug","label":"targets"}},{"data":{"source":"P08908","target":"DB01175","Edge_Type":"Drug","label":"targets"}},{"data":{"source":"P28223","target":"DB01175","Edge_Type":"Drug","label":"targets"}},{"data":{"source":"P35348","target":"DB01175","Edge_Type":"Drug","label":"targets"}},{"data":{"source":"P25100","target":"DB01175","Edge_Type":"Drug","label":"targets"}},{"data":{"source":"P28335","target":"DB01175","Edge_Type":"Drug","label":"targets"}},{"data":{"source":"P08913","target":"DB01175","Edge_Type":"Drug","label":"targets"}},{"data":{"source":"P18089","target":"DB01175","Edge_Type":"Drug","label":"targets"}},{"data":{"source":"P18825","target":"DB01175","Edge_Type":"Drug","label":"targets"}},{"data":{"source":"P14416","target":"DB01175","Edge_Type":"Drug","label":"targets"}},{"data":{"source":"P28223","target":"DB00924","Edge_Type":"Drug","label":"targets"}},{"data":{"source":"P41595","target":"DB00924","Edge_Type":"Drug","label":"targets"}},{"data":{"source":"P28335","target":"DB00924","Edge_Type":"Drug","label":"targets"}},{"data":{"source":"P31645","target":"DB00924","Edge_Type":"Drug","label":"targets"}},{"data":{"source":"P14416","target":"DB00502","Edge_Type":"Drug","label":"targets"}},{"data":{"source":"P28223","target":"DB00502","Edge_Type":"Drug","label":"targets"}},{"data":{"source":"P28335","target":"DB00502","Edge_Type":"Drug","label":"targets"}},{"data":{"source":"Q99720","target":"DB00502","Edge_Type":"Drug","label":"targets"}},{"data":{"source":"P35367","target":"DB00502","Edge_Type":"Drug","label":"targets"}},{"data":{"source":"P35348","target":"DB00502","Edge_Type":"Drug","label":"targets"}},{"data":{"source":"P08913","target":"DB00502","Edge_Type":"Drug","label":"targets"}},{"data":{"source":"P18089","target":"DB00502","Edge_Type":"Drug","label":"targets"}},{"data":{"source":"P18825","target":"DB00502","Edge_Type":"Drug","label":"targets"}},{"data":{"source":"P08908","target":"DB00502","Edge_Type":"Drug","label":"targets"}},{"data":{"source":"P14416","target":"DB06229","Edge_Type":"Drug","label":"targets"}},{"data":{"source":"P35367","target":"DB06229","Edge_Type":"Drug","label":"targets"}},{"data":{"source":"P35348","target":"DB06229","Edge_Type":"Drug","label":"targets"}},{"data":{"source":"P08913","target":"DB06229","Edge_Type":"Drug","label":"targets"}},{"data":{"source":"P25100","target":"DB06229","Edge_Type":"Drug","label":"targets"}},{"data":{"source":"P18089","target":"DB06229","Edge_Type":"Drug","label":"targets"}},{"data":{"source":"P18825","target":"DB06229","Edge_Type":"Drug","label":"targets"}},{"data":{"source":"P28223","target":"DB06229","Edge_Type":"Drug","label":"targets"}},{"data":{"source":"P41595","target":"DB06229","Edge_Type":"Drug","label":"targets"}},{"data":{"source":"P28335","target":"DB06229","Edge_Type":"Drug","label":"targets"}},{"data":{"source":"P28223","target":"DB09195","Edge_Type":"Drug","label":"targets"}},{"data":{"source":"P28335","target":"DB09195","Edge_Type":"Drug","label":"targets"}},{"data":{"source":"P35348","target":"DB09195","Edge_Type":"Drug","label":"targets"}},{"data":{"source":"P25100","target":"DB09195","Edge_Type":"Drug","label":"targets"}},{"data":{"source":"P08913","target":"DB09195","Edge_Type":"Drug","label":"targets"}},{"data":{"source":"P18089","target":"DB09195","Edge_Type":"Drug","label":"targets"}},{"data":{"source":"P18825","target":"DB09195","Edge_Type":"Drug","label":"targets"}},{"data":{"source":"P35367","target":"DB09195","Edge_Type":"Drug","label":"targets"}},{"data":{"source":"P31645","target":"DB09195","Edge_Type":"Drug","label":"targets"}},{"data":{"source":"P08908","target":"DB00490","Edge_Type":"Drug","label":"targets"}},{"data":{"source":"P14416","target":"DB00490","Edge_Type":"Drug","label":"targets"}},{"data":{"source":"P35348","target":"DB00490","Edge_Type":"Drug","label":"targets"}},{"data":{"source":"P25100","target":"DB00490","Edge_Type":"Drug","label":"targets"}},{"data":{"source":"P14416","target":"DB00477","Edge_Type":"Drug","label":"targets"}},{"data":{"source":"P08908","target":"DB00477","Edge_Type":"Drug","label":"targets"}},{"data":{"source":"P28223","target":"DB00477","Edge_Type":"Drug","label":"targets"}},{"data":{"source":"P35348","target":"DB00477","Edge_Type":"Drug","label":"targets"}},{"data":{"source":"P35367","target":"DB00477","Edge_Type":"Drug","label":"targets"}},{"data":{"source":"P28335","target":"DB00477","Edge_Type":"Drug","label":"targets"}},{"data":{"source":"P41595","target":"DB00477","Edge_Type":"Drug","label":"targets"}},{"data":{"source":"P25100","target":"DB00477","Edge_Type":"Drug","label":"targets"}},{"data":{"source":"P08913","target":"DB00477","Edge_Type":"Drug","label":"targets"}},{"data":{"source":"P18089","target":"DB00477","Edge_Type":"Drug","label":"targets"}},{"data":{"source":"P18825","target":"DB00477","Edge_Type":"Drug","label":"targets"}},{"data":{"source":"P08913","target":"R-HSA-392023","Edge_Type":"Pathway","label":"is involved in"}},{"data":{"source":"P18089","target":"R-HSA-392023","Edge_Type":"Pathway","label":"is involved in"}},{"data":{"source":"P18825","target":"R-HSA-392023","Edge_Type":"Pathway","label":"is involved in"}},{"data":{"source":"P08913","target":"R-HSA-390696","Edge_Type":"Pathway","label":"is involved in"}},{"data":{"source":"P18089","target":"R-HSA-390696","Edge_Type":"Pathway","label":"is involved in"}},{"data":{"source":"P18825","target":"R-HSA-390696","Edge_Type":"Pathway","label":"is involved in"}},{"data":{"source":"P25100","target":"R-HSA-390696","Edge_Type":"Pathway","label":"is involved in"}},{"data":{"source":"P35348","target":"R-HSA-390696","Edge_Type":"Pathway","label":"is involved in"}},{"data":{"source":"P08908","target":"R-HSA-390666","Edge_Type":"Pathway","label":"is involved in"}},{"data":{"source":"P28223","target":"R-HSA-390666","Edge_Type":"Pathway","label":"is involved in"}},{"data":{"source":"P28335","target":"R-HSA-390666","Edge_Type":"Pathway","label":"is involved in"}},{"data":{"source":"P41595","target":"R-HSA-390666","Edge_Type":"Pathway","label":"is involved in"}},{"data":{"source":"P31645","target":"R-HSA-380615","Edge_Type":"Pathway","label":"is involved in"}},{"data":{"source":"P61073","target":"R-HSA-173107","Edge_Type":"Pathway","label":"is involved in"}},{"data":{"source":"P35367","target":"R-HSA-390650","Edge_Type":"Pathway","label":"is involved in"}},{"data":{"source":"P08908","target":"R-HSA-418594","Edge_Type":"Pathway","label":"is involved in"}},{"data":{"source":"P08913","target":"R-HSA-418594","Edge_Type":"Pathway","label":"is involved in"}},{"data":{"source":"P18089","target":"R-HSA-418594","Edge_Type":"Pathway","label":"is involved in"}},{"data":{"source":"P18825","target":"R-HSA-418594","Edge_Type":"Pathway","label":"is involved in"}},{"data":{"source":"P21554","target":"R-HSA-418594","Edge_Type":"Pathway","label":"is involved in"}},{"data":{"source":"P47211","target":"R-HSA-418594","Edge_Type":"Pathway","label":"is involved in"}},{"data":{"source":"P61073","target":"R-HSA-418594","Edge_Type":"Pathway","label":"is involved in"}},{"data":{"source":"P49286","target":"R-HSA-418594","Edge_Type":"Pathway","label":"is involved in"}},{"data":{"source":"P21554","target":"R-HSA-373076","Edge_Type":"Pathway","label":"is involved in"}},{"data":{"source":"P49286","target":"R-HSA-373076","Edge_Type":"Pathway","label":"is involved in"}},{"data":{"source":"P25100","target":"R-HSA-416476","Edge_Type":"Pathway","label":"is involved in"}},{"data":{"source":"P28223","target":"R-HSA-416476","Edge_Type":"Pathway","label":"is involved in"}},{"data":{"source":"P28335","target":"R-HSA-416476","Edge_Type":"Pathway","label":"is involved in"}},{"data":{"source":"P35348","target":"R-HSA-416476","Edge_Type":"Pathway","label":"is involved in"}},{"data":{"source":"P35367","target":"R-HSA-416476","Edge_Type":"Pathway","label":"is involved in"}},{"data":{"source":"P41595","target":"R-HSA-416476","Edge_Type":"Pathway","label":"is involved in"}},{"data":{"source":"P14416","target":"R-HSA-390651","Edge_Type":"Pathway","label":"is involved in"}},{"data":{"source":"P28223","target":"HP:0012166","Edge_Type":"HPO","label":"is associated w\/"}},{"data":{"source":"P31645","target":"HP:0012166","Edge_Type":"HPO","label":"is associated w\/"}},{"data":{"source":"P61073","target":"HP:0031160","Edge_Type":"HPO","label":"is associated w\/"}},{"data":{"source":"P18089","target":"HP:0010852","Edge_Type":"HPO","label":"is associated w\/"}},{"data":{"source":"P18089","target":"HP:0001340","Edge_Type":"HPO","label":"is associated w\/"}},{"data":{"source":"P18089","target":"HP:0001351","Edge_Type":"HPO","label":"is associated w\/"}},{"data":{"source":"P61073","target":"HP:0000166","Edge_Type":"HPO","label":"is associated w\/"}},{"data":{"source":"P28223","target":"HP:0030212","Edge_Type":"HPO","label":"is associated w\/"}},{"data":{"source":"P31645","target":"HP:0030212","Edge_Type":"HPO","label":"is associated w\/"}},{"data":{"source":"P61073","target":"HP:0011850","Edge_Type":"HPO","label":"is associated w\/"}},{"data":{"source":"P18089","target":"HP:0001312","Edge_Type":"HPO","label":"is associated w\/"}},{"data":{"source":"P18089","target":"HP:0001326","Edge_Type":"HPO","label":"is associated w\/"}},{"data":{"source":"P28223","target":"CHEMBL3906053","Edge_Type":"predictionChembl","label":"targets"}},{"data":{"source":"P08908","target":"CHEMBL3906053","Edge_Type":"Prediction","label":"targets"}},{"data":{"source":"P28335","target":"CHEMBL3906053","Edge_Type":"Prediction","label":"targets"}},{"data":{"source":"P31645","target":"CHEMBL3906053","Edge_Type":"Prediction","label":"targets"}},{"data":{"source":"P35348","target":"CHEMBL3906053","Edge_Type":"Prediction","label":"targets"}},{"data":{"source":"P35367","target":"CHEMBL3906053","Edge_Type":"Prediction","label":"targets"}},{"data":{"source":"P08908","target":"CHEMBL3669976","Edge_Type":"Prediction","label":"targets"}},{"data":{"source":"P25100","target":"CHEMBL3669976","Edge_Type":"Prediction","label":"targets"}},{"data":{"source":"P28335","target":"CHEMBL3669976","Edge_Type":"Prediction","label":"targets"}},{"data":{"source":"P35348","target":"CHEMBL3669976","Edge_Type":"Prediction","label":"targets"}},{"data":{"source":"P35367","target":"CHEMBL3669976","Edge_Type":"Prediction","label":"targets"}},{"data":{"source":"P08908","target":"CHEMBL3665714","Edge_Type":"Prediction","label":"targets"}},{"data":{"source":"P25100","target":"CHEMBL3665714","Edge_Type":"Prediction","label":"targets"}},{"data":{"source":"P31645","target":"CHEMBL3665714","Edge_Type":"Prediction","label":"targets"}},{"data":{"source":"P35348","target":"CHEMBL3665714","Edge_Type":"Prediction","label":"targets"}},{"data":{"source":"P35367","target":"CHEMBL3665714","Edge_Type":"Prediction","label":"targets"}},{"data":{"source":"P08908","target":"CHEMBL3184427","Edge_Type":"Prediction","label":"targets"}},{"data":{"source":"P25100","target":"CHEMBL3184427","Edge_Type":"Prediction","label":"targets"}},{"data":{"source":"P28335","target":"CHEMBL3184427","Edge_Type":"Prediction","label":"targets"}},{"data":{"source":"P31645","target":"CHEMBL3184427","Edge_Type":"Prediction","label":"targets"}},{"data":{"source":"P08908","target":"CHEMBL3905120","Edge_Type":"Prediction","label":"targets"}},{"data":{"source":"P25100","target":"CHEMBL3905120","Edge_Type":"Prediction","label":"targets"}},{"data":{"source":"P28335","target":"CHEMBL3905120","Edge_Type":"Prediction","label":"targets"}},{"data":{"source":"P31645","target":"CHEMBL3905120","Edge_Type":"Prediction","label":"targets"}},{"data":{"source":"P35348","target":"CHEMBL3905120","Edge_Type":"Prediction","label":"targets"}},{"data":{"source":"P35367","target":"CHEMBL3905120","Edge_Type":"Prediction","label":"targets"}},{"data":{"source":"P08908","target":"CHEMBL2024510","Edge_Type":"Prediction","label":"targets"}},{"data":{"source":"P28335","target":"CHEMBL2024510","Edge_Type":"Prediction","label":"targets"}},{"data":{"source":"P31645","target":"CHEMBL2024510","Edge_Type":"Prediction","label":"targets"}},{"data":{"source":"P35367","target":"CHEMBL2024510","Edge_Type":"Prediction","label":"targets"}},{"data":{"source":"P08908","target":"CHEMBL1779598","Edge_Type":"Prediction","label":"targets"}},{"data":{"source":"P25100","target":"CHEMBL1779598","Edge_Type":"Prediction","label":"targets"}},{"data":{"source":"P28335","target":"CHEMBL1779598","Edge_Type":"Prediction","label":"targets"}},{"data":{"source":"P31645","target":"CHEMBL1779598","Edge_Type":"Prediction","label":"targets"}},{"data":{"source":"P35348","target":"CHEMBL1779598","Edge_Type":"Prediction","label":"targets"}},{"data":{"source":"P35367","target":"CHEMBL1779598","Edge_Type":"Prediction","label":"targets"}},{"data":{"source":"P14416","target":"CHEMBL3298826","Edge_Type":"predictionChembl","label":"targets"}},{"data":{"source":"P08908","target":"CHEMBL3298826","Edge_Type":"Prediction","label":"targets"}},{"data":{"source":"P25100","target":"CHEMBL3298826","Edge_Type":"Prediction","label":"targets"}},{"data":{"source":"P28335","target":"CHEMBL3298826","Edge_Type":"Prediction","label":"targets"}},{"data":{"source":"P31645","target":"CHEMBL3298826","Edge_Type":"Prediction","label":"targets"}},{"data":{"source":"P35348","target":"CHEMBL3298826","Edge_Type":"Prediction","label":"targets"}},{"data":{"source":"P35367","target":"CHEMBL3298826","Edge_Type":"Prediction","label":"targets"}},{"data":{"source":"P08908","target":"CHEMBL2064535","Edge_Type":"Prediction","label":"targets"}},{"data":{"source":"P25100","target":"CHEMBL2064535","Edge_Type":"Prediction","label":"targets"}},{"data":{"source":"P28335","target":"CHEMBL2064535","Edge_Type":"Prediction","label":"targets"}},{"data":{"source":"P31645","target":"CHEMBL2064535","Edge_Type":"Prediction","label":"targets"}},{"data":{"source":"P35348","target":"CHEMBL2064535","Edge_Type":"Prediction","label":"targets"}},{"data":{"source":"P35367","target":"CHEMBL2064535","Edge_Type":"Prediction","label":"targets"}},{"data":{"source":"P08908","target":"CHEMBL3895689","Edge_Type":"Prediction","label":"targets"}},{"data":{"source":"P25100","target":"CHEMBL3895689","Edge_Type":"Prediction","label":"targets"}},{"data":{"source":"P28335","target":"CHEMBL3895689","Edge_Type":"Prediction","label":"targets"}},{"data":{"source":"P35348","target":"CHEMBL3895689","Edge_Type":"Prediction","label":"targets"}},{"data":{"source":"P35367","target":"CHEMBL3895689","Edge_Type":"Prediction","label":"targets"}},{"data":{"source":"H01646","target":"hsa04726","Edge_Type":"kegg_dis_path","label":"modulates"}},{"data":{"source":"H01646","target":"DB00656","Edge_Type":"kegg_dis_drug","label":"indicates"}},{"data":{"source":"H01646","target":"DB01175","Edge_Type":"kegg_dis_drug","label":"indicates"}},{"data":{"source":"H01646","target":"DB00715","Edge_Type":"kegg_dis_drug","label":"indicates"}},{"data":{"source":"H01450","target":"hsa04726","Edge_Type":"kegg_dis_path","label":"modulates"}},{"data":{"source":"H01450","target":"DB00715","Edge_Type":"kegg_dis_drug","label":"indicates"}},{"data":{"source":"H01611","target":"hsa04080","Edge_Type":"kegg_dis_path","label":"modulates"}},{"data":{"source":"H01649","target":"hsa04080","Edge_Type":"kegg_dis_path","label":"modulates"}},{"data":{"source":"H01649","target":"DB00433","Edge_Type":"kegg_dis_drug","label":"indicates"}},{"data":{"source":"H01649","target":"DB00477","Edge_Type":"kegg_dis_drug","label":"indicates"}},{"data":{"source":"H01649","target":"DB00502","Edge_Type":"kegg_dis_drug","label":"indicates"}},{"data":{"source":"H00720","target":"hsa04261","Edge_Type":"kegg_dis_path","label":"modulates"}},{"data":{"source":"P08908","target":"hsa04080","Edge_Type":"kegg_path_prot","label":"is involved in"}},{"data":{"source":"P08913","target":"hsa04080","Edge_Type":"kegg_path_prot","label":"is involved in"}},{"data":{"source":"P18089","target":"hsa04080","Edge_Type":"kegg_path_prot","label":"is involved in"}},{"data":{"source":"P18825","target":"hsa04080","Edge_Type":"kegg_path_prot","label":"is involved in"}},{"data":{"source":"P25100","target":"hsa04080","Edge_Type":"kegg_path_prot","label":"is involved in"}},{"data":{"source":"P28223","target":"hsa04080","Edge_Type":"kegg_path_prot","label":"is involved in"}},{"data":{"source":"P28335","target":"hsa04080","Edge_Type":"kegg_path_prot","label":"is involved in"}},{"data":{"source":"P35348","target":"hsa04080","Edge_Type":"kegg_path_prot","label":"is involved in"}},{"data":{"source":"P35367","target":"hsa04080","Edge_Type":"kegg_path_prot","label":"is involved in"}},{"data":{"source":"P41595","target":"hsa04080","Edge_Type":"kegg_path_prot","label":"is involved in"}},{"data":{"source":"P21554","target":"hsa04080","Edge_Type":"kegg_path_prot","label":"is involved in"}},{"data":{"source":"P47211","target":"hsa04080","Edge_Type":"kegg_path_prot","label":"is involved in"}},{"data":{"source":"P49286","target":"hsa04080","Edge_Type":"kegg_path_prot","label":"is involved in"}},{"data":{"source":"P14416","target":"hsa04080","Edge_Type":"kegg_path_prot","label":"is involved in"}},{"data":{"source":"P25100","target":"hsa04020","Edge_Type":"kegg_path_prot","label":"is involved in"}},{"data":{"source":"P28223","target":"hsa04020","Edge_Type":"kegg_path_prot","label":"is involved in"}},{"data":{"source":"P28335","target":"hsa04020","Edge_Type":"kegg_path_prot","label":"is involved in"}},{"data":{"source":"P35348","target":"hsa04020","Edge_Type":"kegg_path_prot","label":"is involved in"}},{"data":{"source":"P35367","target":"hsa04020","Edge_Type":"kegg_path_prot","label":"is involved in"}},{"data":{"source":"P41595","target":"hsa04020","Edge_Type":"kegg_path_prot","label":"is involved in"}},{"data":{"source":"P61073","target":"hsa04020","Edge_Type":"kegg_path_prot","label":"is involved in"}},{"data":{"source":"P08908","target":"hsa04726","Edge_Type":"kegg_path_prot","label":"is involved in"}},{"data":{"source":"P28223","target":"hsa04726","Edge_Type":"kegg_path_prot","label":"is involved in"}},{"data":{"source":"P28335","target":"hsa04726","Edge_Type":"kegg_path_prot","label":"is involved in"}},{"data":{"source":"P31645","target":"hsa04726","Edge_Type":"kegg_path_prot","label":"is involved in"}},{"data":{"source":"P41595","target":"hsa04726","Edge_Type":"kegg_path_prot","label":"is involved in"}},{"data":{"source":"P28223","target":"hsa04540","Edge_Type":"kegg_path_prot","label":"is involved in"}},{"data":{"source":"P28335","target":"hsa04540","Edge_Type":"kegg_path_prot","label":"is involved in"}},{"data":{"source":"P41595","target":"hsa04540","Edge_Type":"kegg_path_prot","label":"is involved in"}},{"data":{"source":"P14416","target":"hsa04540","Edge_Type":"kegg_path_prot","label":"is involved in"}},{"data":{"source":"P28223","target":"hsa04750","Edge_Type":"kegg_path_prot","label":"is involved in"}},{"data":{"source":"P28335","target":"hsa04750","Edge_Type":"kegg_path_prot","label":"is involved in"}},{"data":{"source":"P35367","target":"hsa04750","Edge_Type":"kegg_path_prot","label":"is involved in"}},{"data":{"source":"P41595","target":"hsa04750","Edge_Type":"kegg_path_prot","label":"is involved in"}},{"data":{"source":"P08913","target":"hsa04022","Edge_Type":"kegg_path_prot","label":"is involved in"}},{"data":{"source":"P18089","target":"hsa04022","Edge_Type":"kegg_path_prot","label":"is involved in"}},{"data":{"source":"P18825","target":"hsa04022","Edge_Type":"kegg_path_prot","label":"is involved in"}},{"data":{"source":"P25100","target":"hsa04022","Edge_Type":"kegg_path_prot","label":"is involved in"}},{"data":{"source":"P35348","target":"hsa04022","Edge_Type":"kegg_path_prot","label":"is involved in"}},{"data":{"source":"P25100","target":"hsa04970","Edge_Type":"kegg_path_prot","label":"is involved in"}},{"data":{"source":"P35348","target":"hsa04970","Edge_Type":"kegg_path_prot","label":"is involved in"}},{"data":{"source":"P25100","target":"hsa04270","Edge_Type":"kegg_path_prot","label":"is involved in"}},{"data":{"source":"P35348","target":"hsa04270","Edge_Type":"kegg_path_prot","label":"is involved in"}},{"data":{"source":"O76011","target":"hsa04915","Edge_Type":"kegg_path_prot","label":"is involved in"}},{"data":{"source":"O76011","target":"hsa04915","Edge_Type":"kegg_path_prot","label":"is involved in"}},{"data":{"source":"P25100","target":"hsa04261","Edge_Type":"kegg_path_prot","label":"is involved in"}},{"data":{"source":"P35348","target":"hsa04261","Edge_Type":"kegg_path_prot","label":"is involved in"}},{"data":{"source":"P28223","target":"H01646","Edge_Type":"kegg_dis_prot","label":"is related to"}},{"data":{"source":"P61073","target":"H00097","Edge_Type":"kegg_dis_prot","label":"is related to"}},{"data":{"source":"P28223","target":"H01450","Edge_Type":"kegg_dis_prot","label":"is related to"}},{"data":{"source":"P31645","target":"H01450","Edge_Type":"kegg_dis_prot","label":"is related to"}},{"data":{"source":"P28223","target":"H01611","Edge_Type":"kegg_dis_prot","label":"is related to"}},{"data":{"source":"P14416","target":"H01611","Edge_Type":"kegg_dis_prot","label":"is related to"}},{"data":{"source":"P18089","target":"H02213","Edge_Type":"kegg_dis_prot","label":"is related to"}},{"data":{"source":"P28223","target":"H01649","Edge_Type":"kegg_dis_prot","label":"is related to"}},{"data":{"source":"Q99720","target":"H00856","Edge_Type":"kegg_dis_prot","label":"is related to"}},{"data":{"source":"Q13424","target":"H00720","Edge_Type":"kegg_dis_prot","label":"is related to"}},{"data":{"source":"P49286","target":"H00409","Edge_Type":"kegg_dis_prot","label":"is related to"}},{"data":{"source":"Q99720","target":"H00058","Edge_Type":"kegg_dis_prot","label":"is related to"}}]}