Core Proteins,Interacting Proteins,Pathways,HPO terms,Diseases,Targeting Drugs,Experimental Bioactive Compounds (pChEMBL),Predicted interacting Compounds
PDE4C (Q08493),PAX6 (P26367); DDIT4L (Q96D03); SRI (P30626); SRI (P30626); KLRK1 (P26718); OSGIN1 (Q9UJX0); MEOX1 (P50221); GSC2 (O15499); ZNF280A (P59817),R-HSA-180024 DARPP-32 events[scr:298]; hsa04928 Parathyroid hormone synthesis- secretion and action[scr:7]; hsa00230 Purine metabolism[scr:6]; hsa04024 cAMP signaling pathway[scr:3]; hsa01100 Metabolic pathways[scr:1],,,DB05676 Apremilast[scr:9999999]; DB01656 Roflumilast[scr:132]; DB01791 Piclamilast[scr:132]; DB05219 Crisaborole[scr:132]; DB05266 Ibudilast[scr:106]; DB06246 Exisulind[scr:76]; DB00651 Dyphylline[scr:66]; DB01088 Iloprost[scr:66]; DB09283 Trapidil[scr:25]; DB00201 Caffeine[scr:17],,
PAX6 (P26367),PDE4C (Q08493),R-HSA-400511 Synthesis- secretion- and inactivation of Glucose-dependent Insulinotropic Polypeptide (GIP)[scr:549]; R-HSA-210745 Regulation of gene expression in beta cells[scr:397]; R-HSA-381771 Synthesis- secretion- and inactivation of Glucagon-like Peptide-1 (GLP-1)[scr:357]; hsa04550 Signaling pathways regulating pluripotency of stem cells[scr:5],HP:0012521 Optic nerve aplasia[scr:470]; HP:0011480 Unilateral microphthalmos[scr:470]; HP:0031883 Increased proinsulin:insulin ratio[scr:235]; HP:0007710 Peripheral vitreous opacities[scr:235]; HP:0030534 Abnormal best corrected visual acuity test[scr:235]; HP:0007819 Presenile cataracts[scr:157]; HP:0000538 Pseudopapilledema[scr:157]; HP:0007299 Dysfunction of lateral corticospinal tracts[scr:118],EFO:0004132 obsolete_aniridia (EFO)[scr:400]; MONDO:0007350 coloboma- ocular- autosomal dominant (EFO)[scr:400]; MONDO:0007354 coloboma of optic nerve (disease) (EFO)[scr:400]; Orphanet:137902 Isolated optic nerve hypoplasia (EFO)[scr:400]; Orphanet:2253 Foveal hypoplasia - presenile cataract (EFO)[scr:400]; Orphanet:2334 Autosomal dominant keratitis (EFO)[scr:400]; Orphanet:35737 Morning glory syndrome (EFO)[scr:400]; Orphanet:98942 Coloboma of choroid and retina (EFO)[scr:400]; Orphanet:98944 Coloboma of iris (EFO)[scr:400]; Orphanet:194 Ocular coloboma (EFO)[scr:200]; H01273 Autosomal dominant keratitis (KEGG)[scr:407]; H02203 Optic nerve hypoplasia (KEGG)[scr:407]; H01256 Foveal hypoplasia (KEGG)[scr:204]; H00635 Aniridia (KEGG)[scr:136]; H01114 Ocular coloboma (KEGG)[scr:136]; H01159 Anterior segment dysgenesis (KEGG)[scr:58],,,
DDIT4L (Q96D03),PDE4C (Q08493),,,,,,
SRI (P30626),PDE4C (Q08493),R-HSA-425561 Sodium/Calcium exchangers[scr:649]; R-HSA-418359 Reduction of cytosolic Ca++ levels[scr:595]; R-HSA-5578775 Ion homeostasis[scr:132]; R-HSA-936837 Ion transport by P-type ATPases[scr:130],,,,,
KLRK1 (P26718),PDE4C (Q08493),R-HSA-2172127 DAP12 interactions[scr:340]; R-HSA-2424491 DAP12 signaling[scr:246]; hsa04650 Natural killer cell mediated cytotoxicity[scr:23]; hsa04650 Natural killer cell mediated cytotoxicity[scr:23],,,,,
OSGIN1 (Q9UJX0),PDE4C (Q08493); MEOX1 (P50221),,,,,,
MEOX1 (P50221),PDE4C (Q08493); OSGIN1 (Q9UJX0),,HP:0000466 Limited neck range of motion[scr:157]; HP:0004602 Cervical C2/C3 vertebral fusion[scr:118],H00852 Klippel-Feil syndrome (KEGG)[scr:102],,,
GSC2 (O15499),PDE4C (Q08493),,,,,,
ZNF280A (P59817),PDE4C (Q08493),,,,,,
