Core Proteins,Interacting Proteins,Pathways,HPO terms,Diseases,Targeting Drugs,Experimental Bioactive Compounds (pChEMBL),Predicted interacting Compounds
BCAT2 (O15382),HSPD1 (P10809),R-HSA-70895 Branched-chain amino acid catabolism[scr:677]; hsa00290 Valine- leucine and isoleucine biosynthesis[scr:342]; hsa00270 Cysteine and methionine metabolism[scr:107]; hsa01210 2-Oxocarboxylic acid metabolism[scr:80]; hsa00770 Pantothenate and CoA biosynthesis[scr:72]; hsa00280 Valine- leucine and isoleucine degradation[scr:28]; hsa01230 Biosynthesis of amino acids[scr:18]; hsa01100 Metabolic pathways[scr:4],,,DB02142 Pyridoxamine-5'-Phosphate[scr:9999999]; DB02635 N-[O-Phosphono-Pyridoxyl]-Isoleucine[scr:954]; DB04074 alpha-Ketoisovalerate[scr:238]; DB00167 Isoleucine[scr:191]; DB00149 Leucine[scr:159]; DB00114 Pyridoxal phosphate[scr:72]; DB00142 Glutamic acid[scr:14],,
KYAT1 (Q16773),VAC14 (Q08AM6); TRIP13 (Q15645),R-HSA-71240 Tryptophan catabolism[scr:918]; R-HSA-8964208 Phenylalanine metabolism[scr:0]; R-HSA-8964539 Glutamate and glutamine metabolism[scr:0]; hsa00270 Cysteine and methionine metabolism[scr:107]; hsa00450 Selenocompound metabolism[scr:80]; hsa00380 Tryptophan metabolism[scr:33]; hsa01100 Metabolic pathways[scr:4],,,DB02142 Pyridoxamine-5'-Phosphate[scr:9999999]; DB02556 D-Phenylalanine[scr:477]; DB07950 Indoleacetic acid[scr:318]; DB04083 N(6)-(pyridoxal phosphate)-L-lysine[scr:106]; DB00114 Pyridoxal phosphate[scr:72],,
HSPD1 (P10809),BCAT2 (O15382),R-HSA-8869496 TFAP2A acts as a transcriptional repressor during retinoic acid induced cell differentiation[scr:2571]; R-HSA-1268020 Mitochondrial protein import[scr:198]; hsa03018 RNA degradation[scr:18],,Orphanet:100994 Autosomal dominant spastic paraplegia type 13 (EFO)[scr:720]; Orphanet:280288 Pelizaeus-Merzbacher-like disease due to HSPD1 mutation (EFO)[scr:720]; Orphanet:280270 Pelizaeus-Merzbacher-like disease (EFO)[scr:180]; H00679 Hypomyelinating leukodystrophy (KEGG)[scr:56]; H00266 Hereditary spastic paraplegia (KEGG)[scr:14],,,
VAC14 (Q08AM6),KYAT1 (Q16773); VAC14 (Q08AM6),R-HSA-1660517 Synthesis of PIPs at the late endosome membrane[scr:1169]; R-HSA-1660516 Synthesis of PIPs at the early endosome membrane[scr:803]; R-HSA-1660514 Synthesis of PIPs at the Golgi membrane[scr:714],HP:0010102 Aplasia of the distal phalanx of the hallux[scr:423]; HP:0012294 Abnormality of the occipital bone[scr:423]; HP:0040111 Bilateral external ear deformity[scr:423]; HP:0009881 Aplasia of the distal phalanges of the hand[scr:423]; HP:0010110 Aplasia of the phalanges of the hallux[scr:423]; HP:0012809 Narrow nasal base[scr:423]; HP:0010645 Aplasia of the distal phalanges of the toes[scr:423]; HP:0004993 Slender long bones with narrow diaphyses[scr:282]; HP:0010085 Aplasia/Hypoplasia of the proximal phalanx of the hallux[scr:282]; HP:0005793 Shortening of all distal phalanges of the toes[scr:282],MONDO:0014889 striatonigral degeneration- childhood-onset (EFO)[scr:0],,,
TRIP13 (Q15645),KYAT1 (Q16773); TRIP13 (Q15645),,,Orphanet:1052 Mosaic variegated aneuploidy syndrome (EFO)[scr:240]; H01288 Mosaic variegated aneuploidy syndrome (KEGG)[scr:244],,,
