Core Proteins,Interacting Proteins,Pathways,HPO terms,Diseases,Targeting Drugs,Experimental Bioactive Compounds (pChEMBL),Predicted interacting Compounds
COL1A1 (P02452),KEAP1 (Q14145); FN1 (P02751),R-HSA-1474244 Extracellular matrix organization[scr:7652]; R-HSA-8874081 MET activates PTK2 signaling[scr:3826]; R-HSA-3000171 Non-integrin membrane-ECM interactions[scr:2869]; R-HSA-3000170 Syndecan interactions[scr:2721]; R-HSA-3000480 Scavenging by Class A Receptors[scr:2175]; R-HSA-3000178 ECM proteoglycans[scr:2175]; R-HSA-76009 Platelet Aggregation (Plug Formation)[scr:1836]; R-HSA-8948216 Collagen chain trimerization[scr:1669]; R-HSA-430116 GP1b-IX-V activation signalling[scr:1530]; R-HSA-2022090 Assembly of collagen fibrils and other multimeric structures[scr:1440]; hsa04512 ECM-receptor interaction[scr:89]; hsa04974 Protein digestion and absorption[scr:82]; hsa04510 Focal adhesion[scr:39]; hsa04611 Platelet activation[scr:35]; hsa04926 Relaxin signaling pathway[scr:34]; hsa04151 PI3K-Akt signaling pathway[scr:22],HP:0005005 Femoral bowing present at birth- straightening with time[scr:604]; HP:0003321 Biconcave flattened vertebrae[scr:604]; HP:0005897 Severe generalized osteoporosis[scr:604]; HP:0005623 Absent ossification of calvaria[scr:604],Orphanet:216796 Osteogenesis imperfecta type 1 (EFO)[scr:514]; Orphanet:1899 Ehlers-Danlos syndrome- arthrochalasic type (EFO)[scr:514]; Orphanet:99876 Ehlers-Danlos syndrome type 7B (EFO)[scr:257]; H02243 Ehlers-Danlos syndrome arthrochalasia type (KEGG)[scr:524]; H00613 Infantile cortical hyperostosis (KEGG)[scr:262],DB00048 Collagenase clostridium histolyticum[scr:9999999]; DB04866 Halofuginone[scr:170]; DB12872 Vonicog Alfa[scr:170]; DB13133 Von Willebrand Factor Human[scr:170]; DB11338 Clove oil[scr:85],,
COL2A1 (P02458),KEAP1 (Q14145),R-HSA-1474244 Extracellular matrix organization[scr:7652]; R-HSA-8874081 MET activates PTK2 signaling[scr:3826]; R-HSA-3000171 Non-integrin membrane-ECM interactions[scr:2869]; R-HSA-3000178 ECM proteoglycans[scr:2175]; R-HSA-8948216 Collagen chain trimerization[scr:1669]; R-HSA-2022090 Assembly of collagen fibrils and other multimeric structures[scr:1440]; hsa04512 ECM-receptor interaction[scr:89]; hsa04974 Protein digestion and absorption[scr:82]; hsa04510 Focal adhesion[scr:39]; hsa04151 PI3K-Akt signaling pathway[scr:22],HP:0011860 Metaphyseal dappling[scr:302]; HP:0005451 Decreased cranial base ossification[scr:302]; HP:0004605 Absent vertebral body mineralization[scr:302]; HP:0004619 Lumbar kyphoscoliosis[scr:302],Orphanet:85166 Platyspondylic dysplasia- Torrance type (EFO)[scr:257]; Orphanet:93279 Mild spondyloepiphyseal dysplasia due to COL2A1 mutation with early-onset osteoarthritis (EFO)[scr:257]; Orphanet:485 Kniest dysplasia (EFO)[scr:257]; Orphanet:93296 Achondrogenesis type 2 (EFO)[scr:257]; Orphanet:93297 Hypochondrogenesis (EFO)[scr:257]; H02071 Czech dysplasia (KEGG)[scr:262]; H02070 Kniest dysplasia (KEGG)[scr:262]; H00445 Osteoarthritis with mild chondrodysplasia (KEGG)[scr:262]; H00519 Spondyloepiphyseal dysplasia congenita (KEGG)[scr:262]; H00520 Type II collagenopathies (KEGG)[scr:262],DB00048 Collagenase clostridium histolyticum[scr:9999999],,
COL3A1 (P02461),SPARC (P09486); AP2B1 (P63010); KLHL12 (Q53G59),R-HSA-1474244 Extracellular matrix organization[scr:7652]; R-HSA-8874081 MET activates PTK2 signaling[scr:3826]; R-HSA-3000171 Non-integrin membrane-ECM interactions[scr:2869]; R-HSA-3000170 Syndecan interactions[scr:2721]; R-HSA-3000480 Scavenging by Class A Receptors[scr:2175]; R-HSA-3000178 ECM proteoglycans[scr:2175]; R-HSA-8948216 Collagen chain trimerization[scr:1669]; R-HSA-2022090 Assembly of collagen fibrils and other multimeric structures[scr:1440]; hsa04974 Protein digestion and absorption[scr:82]; hsa04611 Platelet activation[scr:35]; hsa04926 Relaxin signaling pathway[scr:34],HP:0031157 Carotid cavernous fistula[scr:302],H02242 Ehlers-Danlos syndrome vascular type (KEGG)[scr:262],DB00048 Collagenase clostridium histolyticum[scr:9999999],,
COL1A2 (P08123),KCNIP4 (Q6PIL6); EIF3F (O00303); SMARCD1 (Q96GM5); SGTB (Q96EQ0); UBQLN2 (Q9UHD9),R-HSA-1474244 Extracellular matrix organization[scr:7652]; R-HSA-8874081 MET activates PTK2 signaling[scr:3826]; R-HSA-3000171 Non-integrin membrane-ECM interactions[scr:2869]; R-HSA-3000170 Syndecan interactions[scr:2721]; R-HSA-3000480 Scavenging by Class A Receptors[scr:2175]; R-HSA-3000178 ECM proteoglycans[scr:2175]; R-HSA-76009 Platelet Aggregation (Plug Formation)[scr:1836]; R-HSA-8948216 Collagen chain trimerization[scr:1669]; R-HSA-430116 GP1b-IX-V activation signalling[scr:1530]; R-HSA-2022090 Assembly of collagen fibrils and other multimeric structures[scr:1440]; hsa04512 ECM-receptor interaction[scr:89]; hsa04974 Protein digestion and absorption[scr:82]; hsa04510 Focal adhesion[scr:39]; hsa04611 Platelet activation[scr:35]; hsa04926 Relaxin signaling pathway[scr:34]; hsa04151 PI3K-Akt signaling pathway[scr:22],HP:0005005 Femoral bowing present at birth- straightening with time[scr:604]; HP:0003321 Biconcave flattened vertebrae[scr:604]; HP:0005897 Severe generalized osteoporosis[scr:604]; HP:0005623 Absent ossification of calvaria[scr:604],Orphanet:216796 Osteogenesis imperfecta type 1 (EFO)[scr:514]; Orphanet:1899 Ehlers-Danlos syndrome- arthrochalasic type (EFO)[scr:514]; Orphanet:230851 Ehlers-Danlos syndrome- cardiac valvular type (EFO)[scr:257]; H02243 Ehlers-Danlos syndrome arthrochalasia type (KEGG)[scr:524]; H02241 Ehlers-Danlos syndrome cardiac valvular type (KEGG)[scr:262],DB00048 Collagenase clostridium histolyticum[scr:9999999],,
KCNIP4 (Q6PIL6),COL1A2 (P08123),,,,,,
SPARC (P09486),COL3A1 (P02461),R-HSA-3000178 ECM proteoglycans[scr:2175],,,DB11093 Calcium citrate[scr:10],,
KEAP1 (Q14145),COL1A1 (P02452); COL2A1 (P02458); SMARCD1 (Q96GM5),hsa04120 Ubiquitin mediated proteolysis[scr:4],,,DB08908 Dimethyl fumarate[scr:170],,
EIF3F (O00303),COL1A2 (P08123); EIF3F (O00303),hsa03013 RNA transport[scr:3],,,DB04216 Quercetin[scr:12],,
SMARCD1 (Q96GM5),COL1A2 (P08123); KEAP1 (Q14145),,,,,,
SGTB (Q96EQ0),COL1A2 (P08123),,,,,,
AP2B1 (P63010),COL3A1 (P02461),hsa04961 Endocrine and other factor-regulated calcium reabsorption[scr:9]; hsa04721 Synaptic vesicle cycle[scr:6],,,,,
FN1 (P02751),COL1A1 (P02452); FN1 (P02751),R-HSA-1474244 Extracellular matrix organization[scr:7652]; R-HSA-8874081 MET activates PTK2 signaling[scr:3826]; R-HSA-3000171 Non-integrin membrane-ECM interactions[scr:2869]; R-HSA-3000170 Syndecan interactions[scr:2721]; R-HSA-3000178 ECM proteoglycans[scr:2175]; hsa04512 ECM-receptor interaction[scr:89]; hsa04510 Focal adhesion[scr:39]; hsa04151 PI3K-Akt signaling pathway[scr:22],HP:0032463 HP:0032463[scr:302],Orphanet:84090 Fibronectin glomerulopathy (EFO)[scr:257]; H01260 Glomerulopathy with fibronectin deposits (KEGG)[scr:262],DB08888 Ocriplasmin[scr:114]; DB06245 Lanoteplase[scr:20],,
UBQLN2 (Q9UHD9),COL1A2 (P08123); UBQLN2 (Q9UHD9),,,,,,
KLHL12 (Q53G59),COL3A1 (P02461); KLHL12 (Q53G59),,,,,,
