Core Proteins,Interacting Proteins,Pathways,HPO terms,Diseases,Targeting Drugs,Experimental Bioactive Compounds (pChEMBL),Predicted interacting Compounds
VDR (P11473),NCOA1 (Q15788); RXRA (P19793); OTUD4 (Q01804); RXRG (P48443); MED1 (Q15648),R-HSA-383280 Nuclear Receptor transcription pathway[scr:5146]; R-HSA-4090294 SUMOylation of intracellular receptors[scr:2857]; hsa04928 Parathyroid hormone synthesis- secretion and action[scr:48]; hsa04961 Endocrine and other factor-regulated calcium reabsorption[scr:11],HP:0003106 Subperiosteal bone resorption[scr:118]; HP:0000867 Secondary hyperparathyroidism[scr:118]; HP:0003152 HP:0003152[scr:118]; HP:0000886 Deformed rib cage[scr:88]; HP:0000893 Bulging of the costochondral junction[scr:88]; HP:0003013 Bulging epiphyses[scr:71]; HP:0002752 Sparse bone trabeculae[scr:71]; HP:0002289 Alopecia universalis[scr:59]; HP:0003029 Enlargement of the ankles[scr:59],Orphanet:93160 Hypocalcemic vitamin D-resistant rickets (EFO)[scr:300]; Orphanet:3389 Tuberculosis (EFO)[scr:50]; H01143 Vitamin D-dependent rickets (KEGG)[scr:102]; H00784 Localized autosomal recessive hypotrichosis (KEGG)[scr:61]; H00342 Tuberculosis (KEGG)[scr:44]; H01593 Osteoporosis (KEGG)[scr:25],DB07530 (1R-3R)-5-[(2E)-3-{(1S-3R)-2-2-3-trimethyl-3-[6-6-6-trifluoro-5-hydroxy-5-(trifluoromethyl)hex-3-yn-1-yl]cyclopentyl}prop-2-en-1-ylidene]cyclohexane-1-3-diol[scr:9999999]; DB04891 Becocalcidiol[scr:795]; DB08742 1-3-CYCLOHEXANEDIOL- 4-METHYLENE-5-[(2E)-[(1S-3AS-7AS)-OCTAHYDRO-1-(5-HYDROXY-5-METHYL-1-3-HEXADIYNYL)-7A-METHYL-4H-INDEN-4-YLIDENE]ETHYLIDENE]-- (1R-3S-5Z)[scr:795]; DB01436 Alfacalcidol[scr:530]; DB02300 Calcipotriol[scr:397],,
NCOA1 (Q15788),VDR (P11473); NR1I2 (O75469); RORC (P51449); RXRA (P19793); TDG (Q13569); TDG (Q13569); NR1H4 (Q96RI1); NR1H4 (Q96RI1); PAGR1 (Q9BTK6); PSMB9 (P28065),R-HSA-192105 Synthesis of bile acids and bile salts[scr:3443]; R-HSA-193807 Synthesis of bile acids and bile salts via 27-hydroxycholesterol[scr:3214]; R-HSA-159418 Recycling of bile acids and salts[scr:3013]; R-HSA-1368082 RORA activates gene expression[scr:2678]; R-HSA-400206 Regulation of lipid metabolism by PPARalpha[scr:2410]; R-HSA-193368 Synthesis of bile acids and bile salts via 7alpha-hydroxycholesterol[scr:2009]; R-HSA-211976 Endogenous sterols[scr:1928]; R-HSA-1368108 BMAL1:CLOCK-NPAS2 activates circadian gene expression[scr:1785]; hsa04919 Thyroid hormone signaling pathway[scr:77],,,DB07530 (1R-3R)-5-[(2E)-3-{(1S-3R)-2-2-3-trimethyl-3-[6-6-6-trifluoro-5-hydroxy-5-(trifluoromethyl)hex-3-yn-1-yl]cyclopentyl}prop-2-en-1-ylidene]cyclohexane-1-3-diol[scr:9999999]; DB08220 (8alpha-10alpha-13alpha-17beta)-17-[(4-hydroxyphenyl)carbonyl]androsta-3-5-diene-3-carboxylic acid[scr:795]; DB08742 1-3-CYCLOHEXANEDIOL- 4-METHYLENE-5-[(2E)-[(1S-3AS-7AS)-OCTAHYDRO-1-(5-HYDROXY-5-METHYL-1-3-HEXADIYNYL)-7A-METHYL-4H-INDEN-4-YLIDENE]ETHYLIDENE]-- (1R-3S-5Z)[scr:795],,
NR1I2 (O75469),NCOA1 (Q15788),R-HSA-383280 Nuclear Receptor transcription pathway[scr:5146]; R-HSA-4090294 SUMOylation of intracellular receptors[scr:2857],,,DB11605 Myrrh[scr:530]; DB01393 Bezafibrate[scr:511]; DB11087 Pyrethrum extract[scr:397],,
RORC (P51449),NCOA1 (Q15788),R-HSA-383280 Nuclear Receptor transcription pathway[scr:5146]; hsa04659 Th17 cell differentiation[scr:48]; hsa04710 Circadian rhythm[scr:19],,H00089 IFN-gamma/IL-12 axis (KEGG)[scr:31],,,
RXRA (P19793),VDR (P11473); NCOA1 (Q15788); MED1 (Q15648),R-HSA-383280 Nuclear Receptor transcription pathway[scr:5146]; R-HSA-192105 Synthesis of bile acids and bile salts[scr:3443]; R-HSA-193807 Synthesis of bile acids and bile salts via 27-hydroxycholesterol[scr:3214]; R-HSA-159418 Recycling of bile acids and salts[scr:3013]; R-HSA-4090294 SUMOylation of intracellular receptors[scr:2857]; R-HSA-1368082 RORA activates gene expression[scr:2678]; R-HSA-400206 Regulation of lipid metabolism by PPARalpha[scr:2410]; R-HSA-193368 Synthesis of bile acids and bile salts via 7alpha-hydroxycholesterol[scr:2009]; R-HSA-211976 Endogenous sterols[scr:1928]; R-HSA-1368108 BMAL1:CLOCK-NPAS2 activates circadian gene expression[scr:1785]; hsa04919 Thyroid hormone signaling pathway[scr:77]; hsa04659 Th17 cell differentiation[scr:48]; hsa04928 Parathyroid hormone synthesis- secretion and action[scr:48]; hsa04920 Adipocytokine signaling pathway[scr:33]; hsa04976 Bile secretion[scr:31]; hsa03320 PPAR signaling pathway[scr:30],,,DB00307 Bexarotene[scr:530]; DB01436 Alfacalcidol[scr:530]; DB01393 Bezafibrate[scr:511],,
OTUD4 (Q01804),VDR (P11473),,,,,,
TDG (Q13569),NCOA1 (Q15788),hsa03410 Base excision repair[scr:17],,,,,
NR1H4 (Q96RI1),NCOA1 (Q15788); RXRG (P48443),R-HSA-383280 Nuclear Receptor transcription pathway[scr:5146]; R-HSA-192105 Synthesis of bile acids and bile salts[scr:3443]; R-HSA-193807 Synthesis of bile acids and bile salts via 27-hydroxycholesterol[scr:3214]; R-HSA-159418 Recycling of bile acids and salts[scr:3013]; R-HSA-4090294 SUMOylation of intracellular receptors[scr:2857]; R-HSA-193368 Synthesis of bile acids and bile salts via 7alpha-hydroxycholesterol[scr:2009]; R-HSA-211976 Endogenous sterols[scr:1928]; hsa04976 Bile secretion[scr:31],,Orphanet:172 Progressive familial intrahepatic cholestasis (EFO)[scr:60]; H00624 Progressive familial intrahepatic cholestasis (KEGG)[scr:61],DB08220 (8alpha-10alpha-13alpha-17beta)-17-[(4-hydroxyphenyl)carbonyl]androsta-3-5-diene-3-carboxylic acid[scr:795]; DB11605 Myrrh[scr:530],,CHEMBL1603130 [scr:43.5]; CHEMBL3693463 [scr:43.5]; CHEMBL2348465 [scr:43.5]; CHEMBL1929215 [scr:43.5]; CHEMBL3703310 [scr:43.5]; CHEMBL1582535 [scr:43.5]; CHEMBL2017222 [scr:43.5]; CHEMBL3928542 [scr:43.5]; CHEMBL1577334 [scr:43.5]; CHEMBL3622645 [scr:43.5]
PAGR1 (Q9BTK6),NCOA1 (Q15788),,,,,,
PSMB9 (P28065),NCOA1 (Q15788),hsa03050 Proteasome[scr:13],HP:0025131 Finger swelling[scr:71],MONDO:0054699 proteasome-associated autoinflammatory syndrome 3 (EFO)[scr:0],,,
RXRG (P48443),VDR (P11473),R-HSA-383280 Nuclear Receptor transcription pathway[scr:5146]; hsa04919 Thyroid hormone signaling pathway[scr:77]; hsa04659 Th17 cell differentiation[scr:48]; hsa04928 Parathyroid hormone synthesis- secretion and action[scr:48]; hsa04920 Adipocytokine signaling pathway[scr:33]; hsa03320 PPAR signaling pathway[scr:30],,,DB00307 Bexarotene[scr:530]; DB01393 Bezafibrate[scr:511],,
MED1 (Q15648),VDR (P11473); RXRA (P19793),R-HSA-383280 Nuclear Receptor transcription pathway[scr:5146]; R-HSA-1368082 RORA activates gene expression[scr:2678]; R-HSA-400206 Regulation of lipid metabolism by PPARalpha[scr:2410]; R-HSA-1368108 BMAL1:CLOCK-NPAS2 activates circadian gene expression[scr:1785]; hsa04919 Thyroid hormone signaling pathway[scr:77],,,DB04891 Becocalcidiol[scr:795],,
