Core Proteins,Interacting Proteins,Pathways,HPO terms,Diseases,Targeting Drugs,Experimental Bioactive Compounds (pChEMBL),Predicted interacting Compounds
CTSG (P08311),PICK1 (Q9NRD5); CYSRT1 (A8MQ03); KRT31 (Q15323); NOTCH2NLA (Q7Z3S9),R-HSA-2022377 Metabolism of Angiotensinogen to Angiotensins[scr:2381]; R-HSA-448706 Interleukin-1 processing[scr:1530]; R-HSA-1592389 Activation of Matrix Metalloproteinases[scr:1298]; R-HSA-6803157 Antimicrobial peptides[scr:290]; R-HSA-1474228 Degradation of the extracellular matrix[scr:132]; R-HSA-381426 Regulation of Insulin-like Growth Factor (IGF) transport and uptake by Insulin-like Growth Factor Binding Proteins (IGFBPs)[scr:86]; hsa04614 Renin-angiotensin system[scr:198]; hsa04142 Lysosome[scr:9]; hsa04080 Neuroactive ligand-receptor interaction[scr:3],,,DB04016 2-[3-({Methyl[1-(2-Naphthoyl)Piperidin-4-Yl]Amino}Carbonyl)-2-Naphthyl]-1-(1-Naphthyl)-2-Oxoethylphosphonic Acid[scr:9999999]; DB02360 Bis-Napthyl Beta-Ketophosphonic Acid[scr:795],,
CMA1 (P23946),,R-HSA-2022377 Metabolism of Angiotensinogen to Angiotensins[scr:2381]; R-HSA-1592389 Activation of Matrix Metalloproteinases[scr:1298]; R-HSA-1433557 Signaling by SCF-KIT[scr:290]; hsa04614 Renin-angiotensin system[scr:198],,,DB04016 2-[3-({Methyl[1-(2-Naphthoyl)Piperidin-4-Yl]Amino}Carbonyl)-2-Naphthyl]-1-(1-Naphthyl)-2-Oxoethylphosphonic Acid[scr:9999999]; DB07680 [(1S)-1-(5-CHLORO-1-BENZOTHIEN-3-YL)-2-(2-NAPHTHYLAMINO)-2-OXOETHYL]PHOSPHONIC ACID[scr:795]; DB03297 Benzylsulfonic acid[scr:132]; DB03814 2-(N-morpholino)ethanesulfonic acid[scr:22],,CHEMBL2113707 [scr:7.91]; CHEMBL26039 [scr:5.8]; CHEMBL213332 [scr:5.12]; CHEMBL303736 [scr:5.12]; CHEMBL95139 [scr:4.14]; CHEMBL241987 [scr:4.14]; CHEMBL117684 [scr:3.78]; CHEMBL64276 [scr:3.35]; CHEMBL92760 [scr:3.22]; CHEMBL434644 [scr:3.22]
PICK1 (Q9NRD5),CTSG (P08311); PICK1 (Q9NRD5),R-HSA-416993 Trafficking of GluR2-containing AMPA receptors[scr:630]; R-HSA-202733 Cell surface interactions at the vascular wall[scr:71],,,,,
CYSRT1 (A8MQ03),CTSG (P08311); CYSRT1 (A8MQ03); KRT31 (Q15323),,,,,,
KRT31 (Q15323),CTSG (P08311); CYSRT1 (A8MQ03),R-HSA-6809371 Formation of the cornified envelope[scr:83]; hsa04915 Estrogen signaling pathway[scr:8],,,,,
NOTCH2NLA (Q7Z3S9),CTSG (P08311),,,,,,
