{"options":{"search_start":1613055990,"tax_ids":[9606],"num_of_fn_nodes":10,"num_of_pathways":10,"num_of_phenotypes":10,"num_of_drugs":10,"num_of_diseases":10,"num_of_compounds":10,"chembl_compounds":0,"predictions":1,"reviewed_filter":1,"fn":1,"chembl":1,"search_finish":1613055998,"search_runtime":8},"search":[{"Drug":[{"DB08217":"S-[(1-Hydroxy-2,2,5,5-tetramethyl-2,5-dihydro-1H-pyrrol-3-yl)methyl] methanesulfonothioate"}]}],"nodes":[{"data":{"id":"P06730","display_name":"EIF4E","Node_Type":"Protein"}},{"data":{"id":"P06731","display_name":"CEACAM5","Node_Type":"Protein"}},{"data":{"id":"O43432","display_name":"EIF4G3","Node_Type":"Protein_N"}},{"data":{"id":"Q13542","display_name":"EIF4EBP2","Node_Type":"Protein_N"}},{"data":{"id":"Q04743","display_name":"EMX2","Node_Type":"Protein_N"}},{"data":{"id":"O60516","display_name":"EIF4EBP3","Node_Type":"Protein_N"}},{"data":{"id":"P42704","display_name":"LRPPRC","Node_Type":"Protein_N"}},{"data":{"id":"Q8TEQ6","display_name":"GEMIN5","Node_Type":"Protein_N"}},{"data":{"id":"Q04637","display_name":"EIF4G1","Node_Type":"Protein_N"}},{"data":{"id":"Q13541","display_name":"EIF4EBP1","Node_Type":"Protein_N"}},{"data":{"id":"P48775","display_name":"TDO2","Node_Type":"Protein_N"}},{"data":{"id":"Q9NRA8","display_name":"EIF4ENIF1","Node_Type":"Protein_N"}},{"data":{"id":"Orphanet:2224","display_name":"Hypertryptophanemia","Node_Type":"Disease","enrichScore":300.083}},{"data":{"id":"Orphanet:70472","display_name":"Congenital lactic acidosis, Saguenay-Lac-Saint-Jean type","Node_Type":"Disease","enrichScore":300.083}},{"data":{"id":"Orphanet:799","display_name":"Schizencephaly","Node_Type":"Disease","enrichScore":100.028}},{"data":{"id":"Orphanet:411602","display_name":"Hereditary late-onset Parkinson disease","Node_Type":"Disease","enrichScore":60.017}},{"data":{"id":"EFO:0003758","display_name":"autism","Node_Type":"Disease","enrichScore":30.008}},{"data":{"id":"Orphanet:2828","display_name":"Young adult-onset Parkinsonism","Node_Type":"Disease","enrichScore":25.007}},{"data":{"id":"Orphanet:506","display_name":"Leigh syndrome","Node_Type":"Disease","enrichScore":12.503}},{"data":{"id":"DB08217","display_name":"S-[(1-Hydroxy-2,2,5,5-tetramethyl-2,5-dihydro-1H-pyrrol-3-yl)methyl] methanesulfonothioate","Node_Type":"Drug","enrichScore":9999999}},{"data":{"id":"DB02716","display_name":"7-methyl-guanosine-5'-triphosphate","Node_Type":"Drug","enrichScore":397.417}},{"data":{"id":"DB05165","display_name":"LY2275796","Node_Type":"Drug","enrichScore":397.417}},{"data":{"id":"DB01649","display_name":"7-methyl-GpppA","Node_Type":"Drug","enrichScore":198.708}},{"data":{"id":"DB01960","display_name":"7-methyl-7,8-dihydroguanosine-5'-diphosphate","Node_Type":"Drug","enrichScore":132.472}},{"data":{"id":"DB05097","display_name":"Labetuzumab","Node_Type":"Drug","enrichScore":0}},{"data":{"id":"R-HSA-72662","display_name":"Activation of the mRNA upon binding of the cap-binding complex and eIFs, and subsequent binding to 43S","Node_Type":"Pathway","enrichScore":6886.607}},{"data":{"id":"R-HSA-166208","display_name":"mTORC1-mediated signalling","Node_Type":"Pathway","enrichScore":2095.924}},{"data":{"id":"R-HSA-429947","display_name":"Deadenylation of mRNA","Node_Type":"Pathway","enrichScore":857}},{"data":{"id":"R-HSA-1169408","display_name":"ISG15 antiviral mechanism","Node_Type":"Pathway","enrichScore":651.436}},{"data":{"id":"R-HSA-71240","display_name":"Tryptophan catabolism","Node_Type":"Pathway","enrichScore":382.589}},{"data":{"id":"R-HSA-72649","display_name":"Translation initiation complex formation","Node_Type":"Pathway","enrichScore":363.136}},{"data":{"id":"R-HSA-72702","display_name":"Ribosomal scanning and start codon recognition","Node_Type":"Pathway","enrichScore":363.136}},{"data":{"id":"R-HSA-156827","display_name":"L13a-mediated translational silencing of Ceruloplasmin expression","Node_Type":"Pathway","enrichScore":191.295}},{"data":{"id":"R-HSA-72706","display_name":"GTP hydrolysis and joining of the 60S ribosomal subunit","Node_Type":"Pathway","enrichScore":189.602}},{"data":{"id":"R-HSA-159227","display_name":"Transport of the SLBP independent Mature mRNA","Node_Type":"Pathway","enrichScore":153.036}},{"data":{"id":"HP:0010636","display_name":"Schizencephaly","Node_Type":"HPO","enrichScore":50.369}},{"data":{"id":"HP:0005340","display_name":"Spastic\/hyperactive bladder","Node_Type":"HPO","enrichScore":39.176}},{"data":{"id":"HP:0031435","display_name":"Monotonic speech","Node_Type":"HPO","enrichScore":39.176}},{"data":{"id":"HP:0001414","display_name":"Microvesicular hepatic steatosis","Node_Type":"HPO","enrichScore":32.053}},{"data":{"id":"HP:0000744","display_name":"Low frustration tolerance","Node_Type":"HPO","enrichScore":25.185}},{"data":{"id":"HP:0006565","display_name":"Increased hepatocellular lipid droplets","Node_Type":"HPO","enrichScore":25.185}},{"data":{"id":"HP:0004926","display_name":"Orthostatic hypotension due to autonomic dysfunction","Node_Type":"HPO","enrichScore":22.036}},{"data":{"id":"HP:0003587","display_name":"Insidious onset","Node_Type":"HPO","enrichScore":19.588}},{"data":{"id":"HP:0002367","display_name":"Visual hallucinations","Node_Type":"HPO","enrichScore":19.588}},{"data":{"id":"HP:0002548","display_name":"Parkinsonism with favorable response to dopaminergic medication","Node_Type":"HPO","enrichScore":18.557}},{"data":{"id":"hsa03013","display_name":"RNA transport","Node_Type":"kegg_Pathway","enrichScore":177.846}},{"data":{"id":"hsa04211","display_name":"Longevity regulating pathway","Node_Type":"kegg_Pathway","enrichScore":25.61}},{"data":{"id":"hsa04066","display_name":"HIF-1 signaling pathway","Node_Type":"kegg_Pathway","enrichScore":20.911}},{"data":{"id":"hsa04910","display_name":"Insulin signaling pathway","Node_Type":"kegg_Pathway","enrichScore":15.72}},{"data":{"id":"hsa04150","display_name":"mTOR signaling pathway","Node_Type":"kegg_Pathway","enrichScore":14.705}},{"data":{"id":"hsa00380","display_name":"Tryptophan metabolism","Node_Type":"kegg_Pathway","enrichScore":13.567}},{"data":{"id":"hsa04213","display_name":"Longevity regulating pathway","Node_Type":"kegg_Pathway","enrichScore":8.904}},{"data":{"id":"hsa04012","display_name":"ErbB signaling pathway","Node_Type":"kegg_Pathway","enrichScore":6.704}},{"data":{"id":"hsa04151","display_name":"PI3K-Akt signaling pathway","Node_Type":"kegg_Pathway","enrichScore":6.439}},{"data":{"id":"hsa04152","display_name":"AMPK signaling pathway","Node_Type":"kegg_Pathway","enrichScore":4.749}},{"data":{"id":"H01160","display_name":"Schizencephaly","Node_Type":"kegg_Disease","enrichScore":101.861}},{"data":{"id":"H02111","display_name":"Autism","Node_Type":"kegg_Disease","enrichScore":27.78}},{"data":{"id":"H01368","display_name":"Cytochrome c oxidase (COX) deficiency","Node_Type":"kegg_Disease","enrichScore":20.372}},{"data":{"id":"H00057","display_name":"Parkinson disease","Node_Type":"kegg_Disease","enrichScore":19.099}},{"data":{"id":"H01354","display_name":"Leigh syndrome","Node_Type":"kegg_Disease","enrichScore":16.977}}],"edges":[{"data":{"source":"P06731","target":"P06731","Edge_Type":"PPI","label":"interacts w\/"}},{"data":{"source":"O43432","target":"P06730","Edge_Type":"PPI","label":"interacts w\/"}},{"data":{"source":"Q13542","target":"P06730","Edge_Type":"PPI","label":"interacts w\/"}},{"data":{"source":"Q04743","target":"P06730","Edge_Type":"PPI","label":"interacts w\/"}},{"data":{"source":"O60516","target":"P06730","Edge_Type":"PPI","label":"interacts w\/"}},{"data":{"source":"P42704","target":"P06730","Edge_Type":"PPI","label":"interacts w\/"}},{"data":{"source":"Q8TEQ6","target":"P06730","Edge_Type":"PPI","label":"interacts w\/"}},{"data":{"source":"Q04637","target":"P06730","Edge_Type":"PPI","label":"interacts w\/"}},{"data":{"source":"Q04637","target":"Q04637","Edge_Type":"PPI","label":"interacts w\/"}},{"data":{"source":"Q13541","target":"P06730","Edge_Type":"PPI","label":"interacts w\/"}},{"data":{"source":"P48775","target":"P06730","Edge_Type":"PPI","label":"interacts w\/"}},{"data":{"source":"P48775","target":"P48775","Edge_Type":"PPI","label":"interacts w\/"}},{"data":{"source":"Q9NRA8","target":"P06730","Edge_Type":"PPI","label":"interacts w\/"}},{"data":{"source":"HP:0010636","target":"Orphanet:799","Edge_Type":"hpodis","label":"is associated w\/"}},{"data":{"source":"HP:0005340","target":"Orphanet:411602","Edge_Type":"hpodis","label":"is associated w\/"}},{"data":{"source":"HP:0031435","target":"Orphanet:411602","Edge_Type":"hpodis","label":"is associated w\/"}},{"data":{"source":"HP:0001414","target":"Orphanet:70472","Edge_Type":"hpodis","label":"is associated w\/"}},{"data":{"source":"HP:0000744","target":"Orphanet:411602","Edge_Type":"hpodis","label":"is associated w\/"}},{"data":{"source":"HP:0006565","target":"Orphanet:70472","Edge_Type":"hpodis","label":"is associated w\/"}},{"data":{"source":"HP:0004926","target":"Orphanet:411602","Edge_Type":"hpodis","label":"is associated w\/"}},{"data":{"source":"HP:0003587","target":"Orphanet:411602","Edge_Type":"hpodis","label":"is associated w\/"}},{"data":{"source":"HP:0003587","target":"Orphanet:411602","Edge_Type":"hpodis","label":"is associated w\/"}},{"data":{"source":"HP:0002367","target":"Orphanet:411602","Edge_Type":"hpodis","label":"is associated w\/"}},{"data":{"source":"HP:0002548","target":"Orphanet:411602","Edge_Type":"hpodis","label":"is associated w\/"}},{"data":{"source":"HP:0002548","target":"Orphanet:2828","Edge_Type":"hpodis","label":"is associated w\/"}},{"data":{"source":"HP:0002548","target":"Orphanet:411602","Edge_Type":"hpodis","label":"is associated w\/"}},{"data":{"source":"HP:0002548","target":"Orphanet:2828","Edge_Type":"hpodis","label":"is associated w\/"}},{"data":{"source":"HP:0002548","target":"Orphanet:411602","Edge_Type":"hpodis","label":"is associated w\/"}},{"data":{"source":"P48775","target":"Orphanet:2224","Edge_Type":"Disease","label":"is related to"}},{"data":{"source":"P42704","target":"Orphanet:70472","Edge_Type":"Disease","label":"is related to"}},{"data":{"source":"Q04743","target":"Orphanet:799","Edge_Type":"Disease","label":"is related to"}},{"data":{"source":"Q04637","target":"Orphanet:411602","Edge_Type":"Disease","label":"is related to"}},{"data":{"source":"P06730","target":"EFO:0003758","Edge_Type":"Disease","label":"is related to"}},{"data":{"source":"Q04637","target":"Orphanet:2828","Edge_Type":"Disease","label":"is related to"}},{"data":{"source":"P42704","target":"Orphanet:506","Edge_Type":"Disease","label":"is related to"}},{"data":{"source":"P06730","target":"DB08217","Edge_Type":"Drug","label":"targets"}},{"data":{"source":"P06731","target":"DB08217","Edge_Type":"Drug","label":"targets"}},{"data":{"source":"P06730","target":"DB02716","Edge_Type":"Drug","label":"targets"}},{"data":{"source":"P06730","target":"DB05165","Edge_Type":"Drug","label":"targets"}},{"data":{"source":"P06730","target":"DB01649","Edge_Type":"Drug","label":"targets"}},{"data":{"source":"P06730","target":"DB01960","Edge_Type":"Drug","label":"targets"}},{"data":{"source":"P06731","target":"DB05097","Edge_Type":"Drug","label":"targets"}},{"data":{"source":"P06730","target":"R-HSA-72662","Edge_Type":"Pathway","label":"is involved in"}},{"data":{"source":"Q04637","target":"R-HSA-72662","Edge_Type":"Pathway","label":"is involved in"}},{"data":{"source":"Q13541","target":"R-HSA-72662","Edge_Type":"Pathway","label":"is involved in"}},{"data":{"source":"P06730","target":"R-HSA-166208","Edge_Type":"Pathway","label":"is involved in"}},{"data":{"source":"Q04637","target":"R-HSA-166208","Edge_Type":"Pathway","label":"is involved in"}},{"data":{"source":"Q13541","target":"R-HSA-166208","Edge_Type":"Pathway","label":"is involved in"}},{"data":{"source":"P06730","target":"R-HSA-429947","Edge_Type":"Pathway","label":"is involved in"}},{"data":{"source":"Q04637","target":"R-HSA-429947","Edge_Type":"Pathway","label":"is involved in"}},{"data":{"source":"P06730","target":"R-HSA-1169408","Edge_Type":"Pathway","label":"is involved in"}},{"data":{"source":"O43432","target":"R-HSA-1169408","Edge_Type":"Pathway","label":"is involved in"}},{"data":{"source":"Q04637","target":"R-HSA-1169408","Edge_Type":"Pathway","label":"is involved in"}},{"data":{"source":"P48775","target":"R-HSA-71240","Edge_Type":"Pathway","label":"is involved in"}},{"data":{"source":"P06730","target":"R-HSA-72649","Edge_Type":"Pathway","label":"is involved in"}},{"data":{"source":"Q04637","target":"R-HSA-72649","Edge_Type":"Pathway","label":"is involved in"}},{"data":{"source":"P06730","target":"R-HSA-72702","Edge_Type":"Pathway","label":"is involved in"}},{"data":{"source":"Q04637","target":"R-HSA-72702","Edge_Type":"Pathway","label":"is involved in"}},{"data":{"source":"P06730","target":"R-HSA-156827","Edge_Type":"Pathway","label":"is involved in"}},{"data":{"source":"Q04637","target":"R-HSA-156827","Edge_Type":"Pathway","label":"is involved in"}},{"data":{"source":"P06730","target":"R-HSA-72706","Edge_Type":"Pathway","label":"is involved in"}},{"data":{"source":"Q04637","target":"R-HSA-72706","Edge_Type":"Pathway","label":"is involved in"}},{"data":{"source":"P06730","target":"R-HSA-159227","Edge_Type":"Pathway","label":"is involved in"}},{"data":{"source":"Q04743","target":"HP:0010636","Edge_Type":"HPO","label":"is associated w\/"}},{"data":{"source":"Q04637","target":"HP:0005340","Edge_Type":"HPO","label":"is associated w\/"}},{"data":{"source":"Q04637","target":"HP:0031435","Edge_Type":"HPO","label":"is associated w\/"}},{"data":{"source":"P42704","target":"HP:0001414","Edge_Type":"HPO","label":"is associated w\/"}},{"data":{"source":"Q04637","target":"HP:0000744","Edge_Type":"HPO","label":"is associated w\/"}},{"data":{"source":"P42704","target":"HP:0006565","Edge_Type":"HPO","label":"is associated w\/"}},{"data":{"source":"Q04637","target":"HP:0004926","Edge_Type":"HPO","label":"is associated w\/"}},{"data":{"source":"Q04637","target":"HP:0003587","Edge_Type":"HPO","label":"is associated w\/"}},{"data":{"source":"Q04637","target":"HP:0002367","Edge_Type":"HPO","label":"is associated w\/"}},{"data":{"source":"Q04637","target":"HP:0002548","Edge_Type":"HPO","label":"is associated w\/"}},{"data":{"source":"H02111","target":"hsa04150","Edge_Type":"kegg_dis_path","label":"modulates"}},{"data":{"source":"P06730","target":"hsa03013","Edge_Type":"kegg_path_prot","label":"is involved in"}},{"data":{"source":"O43432","target":"hsa03013","Edge_Type":"kegg_path_prot","label":"is involved in"}},{"data":{"source":"Q13542","target":"hsa03013","Edge_Type":"kegg_path_prot","label":"is involved in"}},{"data":{"source":"O60516","target":"hsa03013","Edge_Type":"kegg_path_prot","label":"is involved in"}},{"data":{"source":"Q8TEQ6","target":"hsa03013","Edge_Type":"kegg_path_prot","label":"is involved in"}},{"data":{"source":"Q04637","target":"hsa03013","Edge_Type":"kegg_path_prot","label":"is involved in"}},{"data":{"source":"Q13541","target":"hsa03013","Edge_Type":"kegg_path_prot","label":"is involved in"}},{"data":{"source":"P06730","target":"hsa04211","Edge_Type":"kegg_path_prot","label":"is involved in"}},{"data":{"source":"Q13541","target":"hsa04211","Edge_Type":"kegg_path_prot","label":"is involved in"}},{"data":{"source":"P06730","target":"hsa04066","Edge_Type":"kegg_path_prot","label":"is involved in"}},{"data":{"source":"Q13541","target":"hsa04066","Edge_Type":"kegg_path_prot","label":"is involved in"}},{"data":{"source":"P06730","target":"hsa04910","Edge_Type":"kegg_path_prot","label":"is involved in"}},{"data":{"source":"Q13541","target":"hsa04910","Edge_Type":"kegg_path_prot","label":"is involved in"}},{"data":{"source":"P06730","target":"hsa04150","Edge_Type":"kegg_path_prot","label":"is involved in"}},{"data":{"source":"Q13541","target":"hsa04150","Edge_Type":"kegg_path_prot","label":"is involved in"}},{"data":{"source":"P48775","target":"hsa00380","Edge_Type":"kegg_path_prot","label":"is involved in"}},{"data":{"source":"Q13542","target":"hsa04213","Edge_Type":"kegg_path_prot","label":"is involved in"}},{"data":{"source":"Q13541","target":"hsa04012","Edge_Type":"kegg_path_prot","label":"is involved in"}},{"data":{"source":"P06730","target":"hsa04151","Edge_Type":"kegg_path_prot","label":"is involved in"}},{"data":{"source":"Q13541","target":"hsa04151","Edge_Type":"kegg_path_prot","label":"is involved in"}},{"data":{"source":"Q13541","target":"hsa04152","Edge_Type":"kegg_path_prot","label":"is involved in"}},{"data":{"source":"Q04743","target":"H01160","Edge_Type":"kegg_dis_prot","label":"is related to"}},{"data":{"source":"P06730","target":"H02111","Edge_Type":"kegg_dis_prot","label":"is related to"}},{"data":{"source":"P42704","target":"H01368","Edge_Type":"kegg_dis_prot","label":"is related to"}},{"data":{"source":"Q04637","target":"H00057","Edge_Type":"kegg_dis_prot","label":"is related to"}},{"data":{"source":"P42704","target":"H01354","Edge_Type":"kegg_dis_prot","label":"is related to"}}]}