{"options":{"search_start":1613057526,"tax_ids":[9606],"num_of_fn_nodes":10,"num_of_pathways":10,"num_of_phenotypes":10,"num_of_drugs":10,"num_of_diseases":10,"num_of_compounds":10,"chembl_compounds":0,"predictions":1,"reviewed_filter":1,"fn":1,"chembl":1,"search_finish":1613057559,"search_runtime":33},"search":[{"Drug":[{"DB07664":"K-00546"}]}],"nodes":[{"data":{"id":"O95067","display_name":"CCNB2","Node_Type":"Protein"}},{"data":{"id":"P20248","display_name":"CCNA2","Node_Type":"Protein"}},{"data":{"id":"P28482","display_name":"MAPK1","Node_Type":"Protein"}},{"data":{"id":"P35968","display_name":"KDR","Node_Type":"Protein"}},{"data":{"id":"P42684","display_name":"ABL2","Node_Type":"Protein"}},{"data":{"id":"P49761","display_name":"CLK3","Node_Type":"Protein"}},{"data":{"id":"P49840","display_name":"GSK3A","Node_Type":"Protein"}},{"data":{"id":"P49841","display_name":"GSK3B","Node_Type":"Protein"}},{"data":{"id":"Q16566","display_name":"CAMK4","Node_Type":"Protein"}},{"data":{"id":"Q9H2G2","display_name":"SLK","Node_Type":"Protein"}},{"data":{"id":"Q9Y6M4","display_name":"CSNK1G3","Node_Type":"Protein"}},{"data":{"id":"Q92837","display_name":"FRAT1","Node_Type":"Protein_N"}},{"data":{"id":"O75952","display_name":"CABYR","Node_Type":"Protein_N"}},{"data":{"id":"P51812","display_name":"RPS6KA3","Node_Type":"Protein_N"}},{"data":{"id":"P29728","display_name":"OAS2","Node_Type":"Protein_N"}},{"data":{"id":"Q6J9G0","display_name":"STYK1","Node_Type":"Protein_N"}},{"data":{"id":"P17509","display_name":"HOXB6","Node_Type":"Protein_N"}},{"data":{"id":"O14492","display_name":"SH2B2","Node_Type":"Protein_N"}},{"data":{"id":"Q8N2M8","display_name":"CLASRP","Node_Type":"Protein_N"}},{"data":{"id":"Q16690","display_name":"DUSP5","Node_Type":"Protein_N"}},{"data":{"id":"B2RXF5","display_name":"ZBTB42","Node_Type":"Protein_N"}},{"data":{"id":"Orphanet:192","display_name":"Coffin-Lowry syndrome","Node_Type":"Disease","enrichScore":171.476}},{"data":{"id":"Orphanet:91415","display_name":"Familial capillary hemangioma","Node_Type":"Disease","enrichScore":57.159}},{"data":{"id":"Orphanet:294965","display_name":"Lethal congenital contracture syndrome","Node_Type":"Disease","enrichScore":28.579}},{"data":{"id":"Orphanet:777","display_name":"X-linked non-syndromic intellectual disability","Node_Type":"Disease","enrichScore":6.124}},{"data":{"id":"DB07664","display_name":"K-00546","Node_Type":"Drug","enrichScore":9999999}},{"data":{"id":"DB07676","display_name":"3-({[(3S)-3,4-dihydroxybutyl]oxy}amino)-1H,2'H-2,3'-biindol-2'-one","Node_Type":"Drug","enrichScore":454.19}},{"data":{"id":"DB07326","display_name":"6-chloro-N-pyrimidin-5-yl-3-{[3-(trifluoromethyl)phenyl]amino}-1,2-benzisoxazole-7-carboxamide","Node_Type":"Drug","enrichScore":227.095}},{"data":{"id":"DB07274","display_name":"N-cyclopropyl-6-[(6,7-dimethoxyquinolin-4-yl)oxy]naphthalene-1-carboxamide","Node_Type":"Drug","enrichScore":227.095}},{"data":{"id":"DB05931","display_name":"Pegdinetanib","Node_Type":"Drug","enrichScore":227.095}},{"data":{"id":"DB06436","display_name":"Semaxanib","Node_Type":"Drug","enrichScore":227.095}},{"data":{"id":"DB06877","display_name":"N,N-DIMETHYL-4-(4-PHENYL-1H-PYRAZOL-3-YL)-1H-PYRROLE-2-CARBOXAMIDE","Node_Type":"Drug","enrichScore":227.095}},{"data":{"id":"DB06938","display_name":"4-[[2-[[4-chloro-3-(trifluoromethyl)phenyl]amino]-3H-benzimidazol-5-yl]oxy]-N-methyl-pyridine-2-carboxamide","Node_Type":"Drug","enrichScore":227.095}},{"data":{"id":"DB07014","display_name":"2-(1,3-benzodioxol-5-yl)-5-[(3-fluoro-4-methoxybenzyl)sulfanyl]-1,3,4-oxadiazole","Node_Type":"Drug","enrichScore":227.095}},{"data":{"id":"DB07058","display_name":"5-[1-(4-methoxyphenyl)-1H-benzimidazol-6-yl]-1,3,4-oxadiazole-2(3H)-thione","Node_Type":"Drug","enrichScore":227.095}},{"data":{"id":"R-HSA-444257","display_name":"RSK activation","Node_Type":"Pathway","enrichScore":1748.98}},{"data":{"id":"R-HSA-111995","display_name":"phospho-PLA2 pathway","Node_Type":"Pathway","enrichScore":1530.357}},{"data":{"id":"R-HSA-881907","display_name":"Gastrin-CREB signalling pathway via PKC and MAPK","Node_Type":"Pathway","enrichScore":1360.317}},{"data":{"id":"R-HSA-170145","display_name":"Phosphorylation of proteins involved in the G2\/M transition by Cyclin A:Cdc2 complexes","Node_Type":"Pathway","enrichScore":1020.238}},{"data":{"id":"R-HSA-112409","display_name":"RAF-independent MAPK1\/3 activation","Node_Type":"Pathway","enrichScore":941.758}},{"data":{"id":"R-HSA-198323","display_name":"AKT phosphorylates targets in the cytosol","Node_Type":"Pathway","enrichScore":874.49}},{"data":{"id":"R-HSA-162658","display_name":"Golgi Cisternae Pericentriolar Stack Reorganization","Node_Type":"Pathway","enrichScore":874.49}},{"data":{"id":"R-HSA-9022535","display_name":"Loss of phosphorylation of MECP2 at T308","Node_Type":"Pathway","enrichScore":765.179}},{"data":{"id":"R-HSA-194306","display_name":"Neurophilin interactions with VEGF and VEGFR","Node_Type":"Pathway","enrichScore":765.179}},{"data":{"id":"R-HSA-198753","display_name":"ERK\/MAPK targets","Node_Type":"Pathway","enrichScore":720.168}},{"data":{"id":"HP:0009746","display_name":"Thick nasal septum","Node_Type":"HPO","enrichScore":201.476}},{"data":{"id":"HP:0006129","display_name":"Drumstick terminal phalanges","Node_Type":"HPO","enrichScore":201.476}},{"data":{"id":"HP:0010309","display_name":"Bifid sternum","Node_Type":"HPO","enrichScore":100.738}},{"data":{"id":"HP:0008454","display_name":"Lumbar kyphosis","Node_Type":"HPO","enrichScore":67.159}},{"data":{"id":"HP:0000139","display_name":"Uterine prolapse","Node_Type":"HPO","enrichScore":67.159}},{"data":{"id":"HP:0100823","display_name":"Genital hernia","Node_Type":"HPO","enrichScore":33.579}},{"data":{"id":"HP:0002868","display_name":"Narrow iliac wings","Node_Type":"HPO","enrichScore":25.185}},{"data":{"id":"HP:0009795","display_name":"Branchial fistula","Node_Type":"HPO","enrichScore":25.185}},{"data":{"id":"HP:0009193","display_name":"Pseudoepiphyses of the metacarpals","Node_Type":"HPO","enrichScore":20.148}},{"data":{"id":"HP:0001812","display_name":"Hyperconvex fingernails","Node_Type":"HPO","enrichScore":18.316}},{"data":{"id":"CHEMBL3355046","display_name":"CHEMBL3355046","Node_Type":"Prediction","enrichScore":24.857}},{"data":{"id":"CHEMBL3347389","display_name":"CHEMBL3347389","Node_Type":"Prediction","enrichScore":12.429}},{"data":{"id":"CHEMBL378003","display_name":"CHEMBL378003","Node_Type":"Prediction","enrichScore":12.429}},{"data":{"id":"CHEMBL1822077","display_name":"CHEMBL1822077","Node_Type":"Prediction","enrichScore":12.429}},{"data":{"id":"CHEMBL370588","display_name":"CHEMBL370588","Node_Type":"Prediction","enrichScore":12.429}},{"data":{"id":"CHEMBL1806728","display_name":"CHEMBL1806728","Node_Type":"Prediction","enrichScore":12.429}},{"data":{"id":"CHEMBL1822520","display_name":"CHEMBL1822520","Node_Type":"Prediction","enrichScore":12.429}},{"data":{"id":"CHEMBL374331","display_name":"CHEMBL374331","Node_Type":"Prediction","enrichScore":12.429}},{"data":{"id":"CHEMBL1822374","display_name":"CHEMBL1822374","Node_Type":"Prediction","enrichScore":12.429}},{"data":{"id":"CHEMBL543434","display_name":"CHEMBL543434","Node_Type":"Prediction","enrichScore":12.429}},{"data":{"id":"hsa04722","display_name":"Neurotrophin signaling pathway","Node_Type":"kegg_Pathway","enrichScore":65.124}},{"data":{"id":"hsa04914","display_name":"Progesterone-mediated oocyte maturation","Node_Type":"kegg_Pathway","enrichScore":54.841}},{"data":{"id":"hsa04720","display_name":"Long-term potentiation","Node_Type":"kegg_Pathway","enrichScore":40.145}},{"data":{"id":"hsa04114","display_name":"Oocyte meiosis","Node_Type":"kegg_Pathway","enrichScore":40.076}},{"data":{"id":"hsa04012","display_name":"ErbB signaling pathway","Node_Type":"kegg_Pathway","enrichScore":34.477}},{"data":{"id":"hsa04340","display_name":"Hedgehog signaling pathway","Node_Type":"kegg_Pathway","enrichScore":26.05}},{"data":{"id":"hsa04110","display_name":"Cell cycle","Node_Type":"kegg_Pathway","enrichScore":23.634}},{"data":{"id":"hsa04370","display_name":"VEGF signaling pathway","Node_Type":"kegg_Pathway","enrichScore":22.076}},{"data":{"id":"hsa04910","display_name":"Insulin signaling pathway","Node_Type":"kegg_Pathway","enrichScore":20.211}},{"data":{"id":"hsa04150","display_name":"mTOR signaling pathway","Node_Type":"kegg_Pathway","enrichScore":18.907}},{"data":{"id":"H00574","display_name":"Coffin-Lowry syndrome","Node_Type":"kegg_Disease","enrichScore":174.619}},{"data":{"id":"H01482","display_name":"Infantile hemangioma","Node_Type":"kegg_Disease","enrichScore":87.31}},{"data":{"id":"H00865","display_name":"Lethal congenital contractural syndrome","Node_Type":"kegg_Disease","enrichScore":15.874}},{"data":{"id":"H00480","display_name":"X-linked mental retardation","Node_Type":"kegg_Disease","enrichScore":6.236}}],"edges":[{"data":{"source":"P28482","target":"P28482","Edge_Type":"PPI","label":"interacts w\/"}},{"data":{"source":"P35968","target":"P35968","Edge_Type":"PPI","label":"interacts w\/"}},{"data":{"source":"P49761","target":"P49761","Edge_Type":"PPI","label":"interacts w\/"}},{"data":{"source":"Q9H2G2","target":"Q9H2G2","Edge_Type":"PPI","label":"interacts w\/"}},{"data":{"source":"Q92837","target":"P49840","Edge_Type":"PPI","label":"interacts w\/"}},{"data":{"source":"Q92837","target":"P49841","Edge_Type":"PPI","label":"interacts w\/"}},{"data":{"source":"O75952","target":"P49841","Edge_Type":"PPI","label":"interacts w\/"}},{"data":{"source":"P51812","target":"P28482","Edge_Type":"PPI","label":"interacts w\/"}},{"data":{"source":"P29728","target":"P49761","Edge_Type":"PPI","label":"interacts w\/"}},{"data":{"source":"Q6J9G0","target":"P49841","Edge_Type":"PPI","label":"interacts w\/"}},{"data":{"source":"P17509","target":"P49761","Edge_Type":"PPI","label":"interacts w\/"}},{"data":{"source":"O14492","target":"P49761","Edge_Type":"PPI","label":"interacts w\/"}},{"data":{"source":"Q8N2M8","target":"P49761","Edge_Type":"PPI","label":"interacts w\/"}},{"data":{"source":"Q16690","target":"P28482","Edge_Type":"PPI","label":"interacts w\/"}},{"data":{"source":"B2RXF5","target":"P28482","Edge_Type":"PPI","label":"interacts w\/"}},{"data":{"source":"HP:0009746","target":"Orphanet:192","Edge_Type":"hpodis","label":"is associated w\/"}},{"data":{"source":"HP:0006129","target":"Orphanet:192","Edge_Type":"hpodis","label":"is associated w\/"}},{"data":{"source":"HP:0010309","target":"Orphanet:192","Edge_Type":"hpodis","label":"is associated w\/"}},{"data":{"source":"HP:0008454","target":"Orphanet:192","Edge_Type":"hpodis","label":"is associated w\/"}},{"data":{"source":"HP:0000139","target":"Orphanet:192","Edge_Type":"hpodis","label":"is associated w\/"}},{"data":{"source":"HP:0100823","target":"Orphanet:192","Edge_Type":"hpodis","label":"is associated w\/"}},{"data":{"source":"HP:0002868","target":"Orphanet:192","Edge_Type":"hpodis","label":"is associated w\/"}},{"data":{"source":"HP:0002868","target":"Orphanet:192","Edge_Type":"hpodis","label":"is associated w\/"}},{"data":{"source":"HP:0009193","target":"Orphanet:192","Edge_Type":"hpodis","label":"is associated w\/"}},{"data":{"source":"HP:0001812","target":"Orphanet:192","Edge_Type":"hpodis","label":"is associated w\/"}},{"data":{"source":"HP:0001812","target":"Orphanet:192","Edge_Type":"hpodis","label":"is associated w\/"}},{"data":{"source":"P51812","target":"Orphanet:192","Edge_Type":"Disease","label":"is related to"}},{"data":{"source":"P35968","target":"Orphanet:91415","Edge_Type":"Disease","label":"is related to"}},{"data":{"source":"B2RXF5","target":"Orphanet:294965","Edge_Type":"Disease","label":"is related to"}},{"data":{"source":"P51812","target":"Orphanet:777","Edge_Type":"Disease","label":"is related to"}},{"data":{"source":"Q9Y6M4","target":"DB07664","Edge_Type":"Drug","label":"targets"}},{"data":{"source":"Q9H2G2","target":"DB07664","Edge_Type":"Drug","label":"targets"}},{"data":{"source":"Q16566","target":"DB07664","Edge_Type":"Drug","label":"targets"}},{"data":{"source":"P49761","target":"DB07664","Edge_Type":"Drug","label":"targets"}},{"data":{"source":"P42684","target":"DB07664","Edge_Type":"Drug","label":"targets"}},{"data":{"source":"O95067","target":"DB07664","Edge_Type":"Chembl","label":"targets","pchembl_value":9.22}},{"data":{"source":"P20248","target":"DB07664","Edge_Type":"Chembl","label":"targets","pchembl_value":9.3}},{"data":{"source":"P28482","target":"DB07664","Edge_Type":"Chembl","label":"targets","pchembl_value":6}},{"data":{"source":"P35968","target":"DB07664","Edge_Type":"Chembl","label":"targets","pchembl_value":7.5}},{"data":{"source":"P49840","target":"DB07664","Edge_Type":"Chembl","label":"targets","pchembl_value":6.85}},{"data":{"source":"P49841","target":"DB07664","Edge_Type":"Chembl","label":"targets","pchembl_value":6.85}},{"data":{"source":"P49841","target":"DB07676","Edge_Type":"Drug","label":"targets"}},{"data":{"source":"Q16566","target":"DB07676","Edge_Type":"Drug","label":"targets"}},{"data":{"source":"P35968","target":"DB07326","Edge_Type":"Drug","label":"targets"}},{"data":{"source":"P35968","target":"DB07274","Edge_Type":"Drug","label":"targets"}},{"data":{"source":"P35968","target":"DB05931","Edge_Type":"Drug","label":"targets"}},{"data":{"source":"P35968","target":"DB06436","Edge_Type":"Drug","label":"targets"}},{"data":{"source":"P28482","target":"DB06877","Edge_Type":"Drug","label":"targets"}},{"data":{"source":"P35968","target":"DB06938","Edge_Type":"Drug","label":"targets"}},{"data":{"source":"P49841","target":"DB07014","Edge_Type":"Drug","label":"targets"}},{"data":{"source":"P49841","target":"DB07058","Edge_Type":"Drug","label":"targets"}},{"data":{"source":"P28482","target":"R-HSA-444257","Edge_Type":"Pathway","label":"is involved in"}},{"data":{"source":"P51812","target":"R-HSA-444257","Edge_Type":"Pathway","label":"is involved in"}},{"data":{"source":"P28482","target":"R-HSA-111995","Edge_Type":"Pathway","label":"is involved in"}},{"data":{"source":"P28482","target":"R-HSA-881907","Edge_Type":"Pathway","label":"is involved in"}},{"data":{"source":"P51812","target":"R-HSA-881907","Edge_Type":"Pathway","label":"is involved in"}},{"data":{"source":"P20248","target":"R-HSA-170145","Edge_Type":"Pathway","label":"is involved in"}},{"data":{"source":"P28482","target":"R-HSA-112409","Edge_Type":"Pathway","label":"is involved in"}},{"data":{"source":"Q16690","target":"R-HSA-112409","Edge_Type":"Pathway","label":"is involved in"}},{"data":{"source":"P49840","target":"R-HSA-198323","Edge_Type":"Pathway","label":"is involved in"}},{"data":{"source":"P49841","target":"R-HSA-198323","Edge_Type":"Pathway","label":"is involved in"}},{"data":{"source":"O95067","target":"R-HSA-162658","Edge_Type":"Pathway","label":"is involved in"}},{"data":{"source":"P28482","target":"R-HSA-162658","Edge_Type":"Pathway","label":"is involved in"}},{"data":{"source":"Q16566","target":"R-HSA-9022535","Edge_Type":"Pathway","label":"is involved in"}},{"data":{"source":"P35968","target":"R-HSA-194306","Edge_Type":"Pathway","label":"is involved in"}},{"data":{"source":"P28482","target":"R-HSA-198753","Edge_Type":"Pathway","label":"is involved in"}},{"data":{"source":"P51812","target":"R-HSA-198753","Edge_Type":"Pathway","label":"is involved in"}},{"data":{"source":"P51812","target":"HP:0009746","Edge_Type":"HPO","label":"is associated w\/"}},{"data":{"source":"P51812","target":"HP:0006129","Edge_Type":"HPO","label":"is associated w\/"}},{"data":{"source":"P51812","target":"HP:0010309","Edge_Type":"HPO","label":"is associated w\/"}},{"data":{"source":"P51812","target":"HP:0008454","Edge_Type":"HPO","label":"is associated w\/"}},{"data":{"source":"P51812","target":"HP:0000139","Edge_Type":"HPO","label":"is associated w\/"}},{"data":{"source":"P51812","target":"HP:0100823","Edge_Type":"HPO","label":"is associated w\/"}},{"data":{"source":"P51812","target":"HP:0002868","Edge_Type":"HPO","label":"is associated w\/"}},{"data":{"source":"P28482","target":"HP:0009795","Edge_Type":"HPO","label":"is associated w\/"}},{"data":{"source":"P51812","target":"HP:0009193","Edge_Type":"HPO","label":"is associated w\/"}},{"data":{"source":"P51812","target":"HP:0001812","Edge_Type":"HPO","label":"is associated w\/"}},{"data":{"source":"P35968","target":"CHEMBL3355046","Edge_Type":"Prediction","label":"targets"}},{"data":{"source":"P35968","target":"CHEMBL3347389","Edge_Type":"Prediction","label":"targets"}},{"data":{"source":"P35968","target":"CHEMBL378003","Edge_Type":"Prediction","label":"targets"}},{"data":{"source":"P35968","target":"CHEMBL1822077","Edge_Type":"Prediction","label":"targets"}},{"data":{"source":"P35968","target":"CHEMBL370588","Edge_Type":"Prediction","label":"targets"}},{"data":{"source":"P35968","target":"CHEMBL1806728","Edge_Type":"Prediction","label":"targets"}},{"data":{"source":"P35968","target":"CHEMBL1822520","Edge_Type":"Prediction","label":"targets"}},{"data":{"source":"P35968","target":"CHEMBL374331","Edge_Type":"Prediction","label":"targets"}},{"data":{"source":"P35968","target":"CHEMBL1822374","Edge_Type":"Prediction","label":"targets"}},{"data":{"source":"P35968","target":"CHEMBL543434","Edge_Type":"Prediction","label":"targets"}},{"data":{"source":"H00574","target":"hsa04114","Edge_Type":"kegg_dis_path","label":"modulates"}},{"data":{"source":"H01482","target":"hsa04370","Edge_Type":"kegg_dis_path","label":"modulates"}},{"data":{"source":"P28482","target":"hsa04722","Edge_Type":"kegg_path_prot","label":"is involved in"}},{"data":{"source":"P49841","target":"hsa04722","Edge_Type":"kegg_path_prot","label":"is involved in"}},{"data":{"source":"Q16566","target":"hsa04722","Edge_Type":"kegg_path_prot","label":"is involved in"}},{"data":{"source":"P51812","target":"hsa04722","Edge_Type":"kegg_path_prot","label":"is involved in"}},{"data":{"source":"O14492","target":"hsa04722","Edge_Type":"kegg_path_prot","label":"is involved in"}},{"data":{"source":"O95067","target":"hsa04914","Edge_Type":"kegg_path_prot","label":"is involved in"}},{"data":{"source":"P20248","target":"hsa04914","Edge_Type":"kegg_path_prot","label":"is involved in"}},{"data":{"source":"P28482","target":"hsa04914","Edge_Type":"kegg_path_prot","label":"is involved in"}},{"data":{"source":"P51812","target":"hsa04914","Edge_Type":"kegg_path_prot","label":"is involved in"}},{"data":{"source":"P28482","target":"hsa04720","Edge_Type":"kegg_path_prot","label":"is involved in"}},{"data":{"source":"Q16566","target":"hsa04720","Edge_Type":"kegg_path_prot","label":"is involved in"}},{"data":{"source":"P51812","target":"hsa04720","Edge_Type":"kegg_path_prot","label":"is involved in"}},{"data":{"source":"O95067","target":"hsa04114","Edge_Type":"kegg_path_prot","label":"is involved in"}},{"data":{"source":"P28482","target":"hsa04114","Edge_Type":"kegg_path_prot","label":"is involved in"}},{"data":{"source":"Q9H2G2","target":"hsa04114","Edge_Type":"kegg_path_prot","label":"is involved in"}},{"data":{"source":"P51812","target":"hsa04114","Edge_Type":"kegg_path_prot","label":"is involved in"}},{"data":{"source":"P28482","target":"hsa04012","Edge_Type":"kegg_path_prot","label":"is involved in"}},{"data":{"source":"P42684","target":"hsa04012","Edge_Type":"kegg_path_prot","label":"is involved in"}},{"data":{"source":"P49841","target":"hsa04012","Edge_Type":"kegg_path_prot","label":"is involved in"}},{"data":{"source":"P49841","target":"hsa04340","Edge_Type":"kegg_path_prot","label":"is involved in"}},{"data":{"source":"Q9Y6M4","target":"hsa04340","Edge_Type":"kegg_path_prot","label":"is involved in"}},{"data":{"source":"O95067","target":"hsa04110","Edge_Type":"kegg_path_prot","label":"is involved in"}},{"data":{"source":"P20248","target":"hsa04110","Edge_Type":"kegg_path_prot","label":"is involved in"}},{"data":{"source":"P49841","target":"hsa04110","Edge_Type":"kegg_path_prot","label":"is involved in"}},{"data":{"source":"P28482","target":"hsa04370","Edge_Type":"kegg_path_prot","label":"is involved in"}},{"data":{"source":"P35968","target":"hsa04370","Edge_Type":"kegg_path_prot","label":"is involved in"}},{"data":{"source":"P28482","target":"hsa04910","Edge_Type":"kegg_path_prot","label":"is involved in"}},{"data":{"source":"P49841","target":"hsa04910","Edge_Type":"kegg_path_prot","label":"is involved in"}},{"data":{"source":"O14492","target":"hsa04910","Edge_Type":"kegg_path_prot","label":"is involved in"}},{"data":{"source":"P28482","target":"hsa04150","Edge_Type":"kegg_path_prot","label":"is involved in"}},{"data":{"source":"P49841","target":"hsa04150","Edge_Type":"kegg_path_prot","label":"is involved in"}},{"data":{"source":"P51812","target":"hsa04150","Edge_Type":"kegg_path_prot","label":"is involved in"}},{"data":{"source":"P51812","target":"H00574","Edge_Type":"kegg_dis_prot","label":"is related to"}},{"data":{"source":"P35968","target":"H01482","Edge_Type":"kegg_dis_prot","label":"is related to"}},{"data":{"source":"B2RXF5","target":"H00865","Edge_Type":"kegg_dis_prot","label":"is related to"}},{"data":{"source":"P51812","target":"H00480","Edge_Type":"kegg_dis_prot","label":"is related to"}}]}