{"options":{"search_start":1613058126,"tax_ids":[9606],"num_of_fn_nodes":10,"num_of_pathways":10,"num_of_phenotypes":10,"num_of_drugs":10,"num_of_diseases":10,"num_of_compounds":10,"chembl_compounds":0,"predictions":1,"reviewed_filter":1,"fn":1,"chembl":1,"search_finish":1613058158,"search_runtime":32},"search":[{"Drug":[{"DB06202":"Lasofoxifene"}]}],"nodes":[{"data":{"id":"P03372","display_name":"ESR1","Node_Type":"Protein"}},{"data":{"id":"P34972","display_name":"CNR2","Node_Type":"Protein"}},{"data":{"id":"Q92731","display_name":"ESR2","Node_Type":"Protein"}},{"data":{"id":"P29279","display_name":"CCN2","Node_Type":"Protein_N"}},{"data":{"id":"Q16881","display_name":"TXNRD1","Node_Type":"Protein_N"}},{"data":{"id":"Q96HI0","display_name":"SENP5","Node_Type":"Protein_N"}},{"data":{"id":"Q86Y37","display_name":"CACUL1","Node_Type":"Protein_N"}},{"data":{"id":"Q5TGU0","display_name":"TSPO2","Node_Type":"Protein_N"}},{"data":{"id":"Q99623","display_name":"PHB2","Node_Type":"Protein_N"}},{"data":{"id":"Q02447","display_name":"SP3","Node_Type":"Protein_N"}},{"data":{"id":"Q6P9F0","display_name":"CCDC62","Node_Type":"Protein_N"}},{"data":{"id":"Q96HH6","display_name":"TMEM19","Node_Type":"Protein_N"}},{"data":{"id":"Q9Y548","display_name":"YIPF1","Node_Type":"Protein_N"}},{"data":{"id":"MONDO:0001967","display_name":"gonadal dysgenesis","Node_Type":"Disease","enrichScore":0}},{"data":{"id":"DB06202","display_name":"Lasofoxifene","Node_Type":"Drug","enrichScore":9999999}},{"data":{"id":"DB00286","display_name":"Conjugated estrogens","Node_Type":"Drug","enrichScore":1467.385}},{"data":{"id":"DB06249","display_name":"Arzoxifene","Node_Type":"Drug","enrichScore":733.692}},{"data":{"id":"DB09535","display_name":"Octocrylene","Node_Type":"Drug","enrichScore":733.692}},{"data":{"id":"DB01878","display_name":"Benzophenone","Node_Type":"Drug","enrichScore":733.692}},{"data":{"id":"DB07933","display_name":"Erteberel","Node_Type":"Drug","enrichScore":733.692}},{"data":{"id":"DB05966","display_name":"TAS-108","Node_Type":"Drug","enrichScore":733.692}},{"data":{"id":"DB05882","display_name":"CHF 4227","Node_Type":"Drug","enrichScore":733.692}},{"data":{"id":"DB06401","display_name":"Bazedoxifene","Node_Type":"Drug","enrichScore":733.692}},{"data":{"id":"DB08020","display_name":"(3AS,4R,9BR)-4-(4-HYDROXYPHENYL)-6-(METHOXYMETHYL)-1,2,3,3A,4,9B-HEXAHYDROCYCLOPENTA[C]CHROMEN-8-OL","Node_Type":"Drug","enrichScore":733.692}},{"data":{"id":"R-HSA-5263617","display_name":"Metabolism of ingested MeSeO2H into MeSeH","Node_Type":"Pathway","enrichScore":4944.231}},{"data":{"id":"R-HSA-8939211","display_name":"ESR-mediated signaling","Node_Type":"Pathway","enrichScore":1797.902}},{"data":{"id":"R-HSA-2408550","display_name":"Metabolism of ingested H2SeO4 and H2SeO3 into H2Se","Node_Type":"Pathway","enrichScore":1236.058}},{"data":{"id":"R-HSA-5336415","display_name":"Uptake and function of diphtheria toxin","Node_Type":"Pathway","enrichScore":824.038}},{"data":{"id":"R-HSA-3065679","display_name":"SUMO is proteolytically processed","Node_Type":"Pathway","enrichScore":824.038}},{"data":{"id":"R-HSA-8931987","display_name":"RUNX1 regulates estrogen receptor mediated transcription","Node_Type":"Pathway","enrichScore":824.038}},{"data":{"id":"R-HSA-8939256","display_name":"RUNX1 regulates transcription of genes involved in WNT signaling","Node_Type":"Pathway","enrichScore":824.038}},{"data":{"id":"R-HSA-8951671","display_name":"RUNX3 regulates YAP1-mediated transcription","Node_Type":"Pathway","enrichScore":618.029}},{"data":{"id":"R-HSA-383280","display_name":"Nuclear Receptor transcription pathway","Node_Type":"Pathway","enrichScore":387.783}},{"data":{"id":"R-HSA-8866910","display_name":"TFAP2 (AP-2) family regulates transcription of growth factors and their receptors","Node_Type":"Pathway","enrichScore":380.325}},{"data":{"id":"HP:0003799","display_name":"Marked delay in bone age","Node_Type":"HPO","enrichScore":162.731}},{"data":{"id":"HP:0002083","display_name":"Migraine without aura","Node_Type":"HPO","enrichScore":81.365}},{"data":{"id":"HP:0100520","display_name":"Oliguria","Node_Type":"HPO","enrichScore":54.244}},{"data":{"id":"HP:0100958","display_name":"Narrow foramen obturatorium","Node_Type":"HPO","enrichScore":54.244}},{"data":{"id":"HP:0002077","display_name":"Migraine with aura","Node_Type":"HPO","enrichScore":46.495}},{"data":{"id":"HP:0030142","display_name":"Abnormal bowel sounds","Node_Type":"HPO","enrichScore":36.162}},{"data":{"id":"HP:0010679","display_name":"Elevated tissue non-specific alkaline phosphatase","Node_Type":"HPO","enrichScore":29.587}},{"data":{"id":"HP:0000837","display_name":"Increased circulating gonadotropin level","Node_Type":"HPO","enrichScore":24.563}},{"data":{"id":"HP:0002183","display_name":"Phonophobia","Node_Type":"HPO","enrichScore":21.697}},{"data":{"id":"HP:0030338","display_name":"Abnormal circulating gonadotropin level","Node_Type":"HPO","enrichScore":20.998}},{"data":{"id":"CHEMBL3416058","display_name":"CHEMBL3416058","Node_Type":"Prediction","enrichScore":40.154}},{"data":{"id":"CHEMBL3952782","display_name":"CHEMBL3952782","Node_Type":"Prediction","enrichScore":40.154}},{"data":{"id":"CHEMBL1902074","display_name":"CHEMBL1902074","Node_Type":"Prediction","enrichScore":40.154}},{"data":{"id":"CHEMBL1570622","display_name":"CHEMBL1570622","Node_Type":"Prediction","enrichScore":40.154}},{"data":{"id":"CHEMBL3962090","display_name":"CHEMBL3962090","Node_Type":"Prediction","enrichScore":40.154}},{"data":{"id":"CHEMBL536947","display_name":"CHEMBL536947","Node_Type":"Prediction","enrichScore":40.154}},{"data":{"id":"CHEMBL3601477","display_name":"CHEMBL3601477","Node_Type":"Prediction","enrichScore":40.154}},{"data":{"id":"CHEMBL1632641","display_name":"CHEMBL1632641","Node_Type":"Prediction","enrichScore":40.154}},{"data":{"id":"CHEMBL3219390","display_name":"CHEMBL3219390","Node_Type":"Prediction","enrichScore":40.154}},{"data":{"id":"CHEMBL3893895","display_name":"CHEMBL3893895","Node_Type":"Prediction","enrichScore":40.154}},{"data":{"id":"hsa00450","display_name":"Selenocompound metabolism","Node_Type":"kegg_Pathway","enrichScore":30.941}},{"data":{"id":"hsa04917","display_name":"Prolactin signaling pathway","Node_Type":"kegg_Pathway","enrichScore":30.057}},{"data":{"id":"hsa04915","display_name":"Estrogen signaling pathway","Node_Type":"kegg_Pathway","enrichScore":14.313}},{"data":{"id":"hsa04961","display_name":"Endocrine and other factor-regulated calcium reabsorption","Node_Type":"kegg_Pathway","enrichScore":9.741}},{"data":{"id":"hsa04929","display_name":"GnRH secretion","Node_Type":"kegg_Pathway","enrichScore":8.219}},{"data":{"id":"hsa04919","display_name":"Thyroid hormone signaling pathway","Node_Type":"kegg_Pathway","enrichScore":4.42}},{"data":{"id":"hsa04371","display_name":"Apelin signaling pathway","Node_Type":"kegg_Pathway","enrichScore":3.678}},{"data":{"id":"hsa04390","display_name":"Hippo signaling pathway","Node_Type":"kegg_Pathway","enrichScore":3.35}},{"data":{"id":"hsa04080","display_name":"Neuroactive ligand-receptor interaction","Node_Type":"kegg_Pathway","enrichScore":1.538}},{"data":{"id":"H02061","display_name":"Estrogen resistance syndrome","Node_Type":"kegg_Disease","enrichScore":282.077}},{"data":{"id":"H00031","display_name":"Breast cancer","Node_Type":"kegg_Disease","enrichScore":18.805}}],"edges":[{"data":{"source":"P03372","target":"P03372","Edge_Type":"PPI","label":"interacts w\/"}},{"data":{"source":"Q92731","target":"Q92731","Edge_Type":"PPI","label":"interacts w\/"}},{"data":{"source":"Q92731","target":"P03372","Edge_Type":"PPI","label":"interacts w\/"}},{"data":{"source":"P29279","target":"P03372","Edge_Type":"PPI","label":"interacts w\/"}},{"data":{"source":"P29279","target":"Q92731","Edge_Type":"PPI","label":"interacts w\/"}},{"data":{"source":"Q16881","target":"P03372","Edge_Type":"PPI","label":"interacts w\/"}},{"data":{"source":"Q16881","target":"Q92731","Edge_Type":"PPI","label":"interacts w\/"}},{"data":{"source":"Q96HI0","target":"P03372","Edge_Type":"PPI","label":"interacts w\/"}},{"data":{"source":"Q86Y37","target":"P03372","Edge_Type":"PPI","label":"interacts w\/"}},{"data":{"source":"Q5TGU0","target":"P34972","Edge_Type":"PPI","label":"interacts w\/"}},{"data":{"source":"Q99623","target":"P03372","Edge_Type":"PPI","label":"interacts w\/"}},{"data":{"source":"Q02447","target":"P03372","Edge_Type":"PPI","label":"interacts w\/"}},{"data":{"source":"Q6P9F0","target":"Q92731","Edge_Type":"PPI","label":"interacts w\/"}},{"data":{"source":"Q96HH6","target":"P34972","Edge_Type":"PPI","label":"interacts w\/"}},{"data":{"source":"Q9Y548","target":"P34972","Edge_Type":"PPI","label":"interacts w\/"}},{"data":{"source":"HP:0000837","target":"MONDO:0001967","Edge_Type":"hpodis","label":"is associated w\/"}},{"data":{"source":"HP:0030338","target":"MONDO:0001967","Edge_Type":"hpodis","label":"is associated w\/"}},{"data":{"source":"Q92731","target":"MONDO:0001967","Edge_Type":"Disease","label":"is related to"}},{"data":{"source":"P03372","target":"DB06202","Edge_Type":"Drug","label":"targets"}},{"data":{"source":"Q92731","target":"DB06202","Edge_Type":"Drug","label":"targets"}},{"data":{"source":"P34972","target":"DB06202","Edge_Type":"Drug","label":"targets"}},{"data":{"source":"P03372","target":"DB00286","Edge_Type":"Drug","label":"targets"}},{"data":{"source":"Q92731","target":"DB00286","Edge_Type":"Drug","label":"targets"}},{"data":{"source":"P03372","target":"DB06249","Edge_Type":"Drug","label":"targets"}},{"data":{"source":"Q92731","target":"DB06249","Edge_Type":"Drug","label":"targets"}},{"data":{"source":"P03372","target":"DB09535","Edge_Type":"Drug","label":"targets"}},{"data":{"source":"Q92731","target":"DB09535","Edge_Type":"Drug","label":"targets"}},{"data":{"source":"P03372","target":"DB01878","Edge_Type":"Drug","label":"targets"}},{"data":{"source":"Q92731","target":"DB01878","Edge_Type":"Drug","label":"targets"}},{"data":{"source":"Q92731","target":"DB07933","Edge_Type":"Drug","label":"targets"}},{"data":{"source":"P03372","target":"DB07933","Edge_Type":"Drug","label":"targets"}},{"data":{"source":"P03372","target":"DB05966","Edge_Type":"Drug","label":"targets"}},{"data":{"source":"Q92731","target":"DB05966","Edge_Type":"Drug","label":"targets"}},{"data":{"source":"P03372","target":"DB05882","Edge_Type":"Drug","label":"targets"}},{"data":{"source":"Q92731","target":"DB05882","Edge_Type":"Drug","label":"targets"}},{"data":{"source":"P03372","target":"DB06401","Edge_Type":"Drug","label":"targets"}},{"data":{"source":"Q92731","target":"DB06401","Edge_Type":"Drug","label":"targets"}},{"data":{"source":"Q92731","target":"DB08020","Edge_Type":"Drug","label":"targets"}},{"data":{"source":"P03372","target":"DB08020","Edge_Type":"Drug","label":"targets"}},{"data":{"source":"Q16881","target":"R-HSA-5263617","Edge_Type":"Pathway","label":"is involved in"}},{"data":{"source":"P03372","target":"R-HSA-8939211","Edge_Type":"Pathway","label":"is involved in"}},{"data":{"source":"Q92731","target":"R-HSA-8939211","Edge_Type":"Pathway","label":"is involved in"}},{"data":{"source":"Q16881","target":"R-HSA-2408550","Edge_Type":"Pathway","label":"is involved in"}},{"data":{"source":"Q16881","target":"R-HSA-5336415","Edge_Type":"Pathway","label":"is involved in"}},{"data":{"source":"Q96HI0","target":"R-HSA-3065679","Edge_Type":"Pathway","label":"is involved in"}},{"data":{"source":"P03372","target":"R-HSA-8931987","Edge_Type":"Pathway","label":"is involved in"}},{"data":{"source":"P03372","target":"R-HSA-8939256","Edge_Type":"Pathway","label":"is involved in"}},{"data":{"source":"P29279","target":"R-HSA-8951671","Edge_Type":"Pathway","label":"is involved in"}},{"data":{"source":"P03372","target":"R-HSA-383280","Edge_Type":"Pathway","label":"is involved in"}},{"data":{"source":"Q92731","target":"R-HSA-383280","Edge_Type":"Pathway","label":"is involved in"}},{"data":{"source":"P03372","target":"R-HSA-8866910","Edge_Type":"Pathway","label":"is involved in"}},{"data":{"source":"P03372","target":"HP:0003799","Edge_Type":"HPO","label":"is associated w\/"}},{"data":{"source":"P03372","target":"HP:0002083","Edge_Type":"HPO","label":"is associated w\/"}},{"data":{"source":"P29279","target":"HP:0100520","Edge_Type":"HPO","label":"is associated w\/"}},{"data":{"source":"P29279","target":"HP:0100958","Edge_Type":"HPO","label":"is associated w\/"}},{"data":{"source":"P03372","target":"HP:0002077","Edge_Type":"HPO","label":"is associated w\/"}},{"data":{"source":"P29279","target":"HP:0030142","Edge_Type":"HPO","label":"is associated w\/"}},{"data":{"source":"P03372","target":"HP:0010679","Edge_Type":"HPO","label":"is associated w\/"}},{"data":{"source":"P03372","target":"HP:0000837","Edge_Type":"HPO","label":"is associated w\/"}},{"data":{"source":"Q92731","target":"HP:0000837","Edge_Type":"HPO","label":"is associated w\/"}},{"data":{"source":"P03372","target":"HP:0002183","Edge_Type":"HPO","label":"is associated w\/"}},{"data":{"source":"P03372","target":"HP:0030338","Edge_Type":"HPO","label":"is associated w\/"}},{"data":{"source":"Q92731","target":"HP:0030338","Edge_Type":"HPO","label":"is associated w\/"}},{"data":{"source":"P03372","target":"CHEMBL3416058","Edge_Type":"Prediction","label":"targets"}},{"data":{"source":"P03372","target":"CHEMBL3952782","Edge_Type":"Prediction","label":"targets"}},{"data":{"source":"P03372","target":"CHEMBL1902074","Edge_Type":"Prediction","label":"targets"}},{"data":{"source":"P03372","target":"CHEMBL1570622","Edge_Type":"Prediction","label":"targets"}},{"data":{"source":"P03372","target":"CHEMBL3962090","Edge_Type":"Prediction","label":"targets"}},{"data":{"source":"P03372","target":"CHEMBL536947","Edge_Type":"Prediction","label":"targets"}},{"data":{"source":"Q92731","target":"CHEMBL536947","Edge_Type":"Prediction","label":"targets"}},{"data":{"source":"P03372","target":"CHEMBL3601477","Edge_Type":"Prediction","label":"targets"}},{"data":{"source":"P03372","target":"CHEMBL1632641","Edge_Type":"Prediction","label":"targets"}},{"data":{"source":"P03372","target":"CHEMBL3219390","Edge_Type":"Prediction","label":"targets"}},{"data":{"source":"P03372","target":"CHEMBL3893895","Edge_Type":"Prediction","label":"targets"}},{"data":{"source":"H02061","target":"hsa04915","Edge_Type":"kegg_dis_path","label":"modulates"}},{"data":{"source":"H02061","target":"hsa04917","Edge_Type":"kegg_dis_path","label":"modulates"}},{"data":{"source":"Q16881","target":"hsa00450","Edge_Type":"kegg_path_prot","label":"is involved in"}},{"data":{"source":"P03372","target":"hsa04917","Edge_Type":"kegg_path_prot","label":"is involved in"}},{"data":{"source":"Q92731","target":"hsa04917","Edge_Type":"kegg_path_prot","label":"is involved in"}},{"data":{"source":"P03372","target":"hsa04915","Edge_Type":"kegg_path_prot","label":"is involved in"}},{"data":{"source":"Q92731","target":"hsa04915","Edge_Type":"kegg_path_prot","label":"is involved in"}},{"data":{"source":"P03372","target":"hsa04961","Edge_Type":"kegg_path_prot","label":"is involved in"}},{"data":{"source":"Q92731","target":"hsa04929","Edge_Type":"kegg_path_prot","label":"is involved in"}},{"data":{"source":"P03372","target":"hsa04919","Edge_Type":"kegg_path_prot","label":"is involved in"}},{"data":{"source":"P29279","target":"hsa04371","Edge_Type":"kegg_path_prot","label":"is involved in"}},{"data":{"source":"P29279","target":"hsa04390","Edge_Type":"kegg_path_prot","label":"is involved in"}},{"data":{"source":"P34972","target":"hsa04080","Edge_Type":"kegg_path_prot","label":"is involved in"}},{"data":{"source":"P03372","target":"H02061","Edge_Type":"kegg_dis_prot","label":"is related to"}},{"data":{"source":"P03372","target":"H00031","Edge_Type":"kegg_dis_prot","label":"is related to"}}]}