{"options":{"search_start":1613057325,"tax_ids":[9606],"num_of_fn_nodes":10,"num_of_pathways":10,"num_of_phenotypes":10,"num_of_drugs":10,"num_of_diseases":10,"num_of_compounds":10,"chembl_compounds":0,"predictions":1,"reviewed_filter":1,"fn":1,"chembl":1,"search_finish":1613057333,"search_runtime":8},"search":[{"Drug":[{"DB08222":"METHOXYUNDECYLPHOSPHINIC ACID"}]}],"nodes":[{"data":{"id":"P04118","display_name":"CLPS","Node_Type":"Protein"}},{"data":{"id":"P16233","display_name":"PNLIP","Node_Type":"Protein"}},{"data":{"id":"Orphanet:309031","display_name":"Pancreatic triacylglycerol lipase deficiency","Node_Type":"Disease","enrichScore":1800.5}},{"data":{"id":"Orphanet:309108","display_name":"Pancreatic colipase deficiency","Node_Type":"Disease","enrichScore":1800.5}},{"data":{"id":"Orphanet:309111","display_name":"Combined pancreatic lipase-colipase deficiency","Node_Type":"Disease","enrichScore":1800.5}},{"data":{"id":"DB08222","display_name":"METHOXYUNDECYLPHOSPHINIC ACID","Node_Type":"Drug","enrichScore":9999999}},{"data":{"id":"DB06586","display_name":"Cetilistat","Node_Type":"Drug","enrichScore":2384.5}},{"data":{"id":"DB01083","display_name":"Orlistat","Node_Type":"Drug","enrichScore":794.833}},{"data":{"id":"DB02451","display_name":"B-nonylglucoside","Node_Type":"Drug","enrichScore":733.692}},{"data":{"id":"DB04233","display_name":"(Hydroxyethyloxy)Tri(Ethyloxy)Octane","Node_Type":"Drug","enrichScore":529.889}},{"data":{"id":"R-HSA-192456","display_name":"Digestion of dietary lipid","Node_Type":"Pathway","enrichScore":18364.286}},{"data":{"id":"R-HSA-975634","display_name":"Retinoid metabolism and transport","Node_Type":"Pathway","enrichScore":2921.591}},{"data":{"id":"HP:0045014","display_name":"Hypolipidemia","Node_Type":"HPO","enrichScore":302.214}},{"data":{"id":"HP:0002570","display_name":"Steatorrhea","Node_Type":"HPO","enrichScore":55.671}},{"data":{"id":"HP:0002630","display_name":"Fat malabsorption","Node_Type":"HPO","enrichScore":50.369}},{"data":{"id":"HP:0002244","display_name":"Abnormality of the small intestine","Node_Type":"HPO","enrichScore":10.739}},{"data":{"id":"HP:0003119","display_name":"Abnormal circulating lipid concentration","Node_Type":"HPO","enrichScore":10.525}},{"data":{"id":"HP:0002024","display_name":"Malabsorption","Node_Type":"HPO","enrichScore":9.979}},{"data":{"id":"HP:0002242","display_name":"Abnormal intestine morphology","Node_Type":"HPO","enrichScore":3.396}},{"data":{"id":"HP:0032180","display_name":"Abnormal circulating metabolite concentration","Node_Type":"HPO","enrichScore":2.195}},{"data":{"id":"HP:0025033","display_name":"Abnormality of digestive system morphology","Node_Type":"HPO","enrichScore":2.192}},{"data":{"id":"HP:0012718","display_name":"Morphological abnormality of the gastrointestinal tract","Node_Type":"HPO","enrichScore":2.192}},{"data":{"id":"hsa04975","display_name":"Fat digestion and absorption","Node_Type":"kegg_Pathway","enrichScore":359.895}},{"data":{"id":"hsa04977","display_name":"Vitamin digestion and absorption","Node_Type":"kegg_Pathway","enrichScore":148.652}},{"data":{"id":"hsa00561","display_name":"Glycerolipid metabolism","Node_Type":"kegg_Pathway","enrichScore":56.983}},{"data":{"id":"hsa04972","display_name":"Pancreatic secretion","Node_Type":"kegg_Pathway","enrichScore":33.851}},{"data":{"id":"hsa01100","display_name":"Metabolic pathways","Node_Type":"kegg_Pathway","enrichScore":2.312}},{"data":{"id":"H02330","display_name":"Pancreatic lipase deficiency","Node_Type":"kegg_Disease","enrichScore":1833.5}}],"edges":[{"data":{"source":"HP:0045014","target":"Orphanet:309031","Edge_Type":"hpodis","label":"is associated w\/"}},{"data":{"source":"HP:0002570","target":"Orphanet:309031","Edge_Type":"hpodis","label":"is associated w\/"}},{"data":{"source":"HP:0002630","target":"Orphanet:309031","Edge_Type":"hpodis","label":"is associated w\/"}},{"data":{"source":"HP:0002244","target":"Orphanet:309031","Edge_Type":"hpodis","label":"is associated w\/"}},{"data":{"source":"HP:0003119","target":"Orphanet:309031","Edge_Type":"hpodis","label":"is associated w\/"}},{"data":{"source":"HP:0002024","target":"Orphanet:309031","Edge_Type":"hpodis","label":"is associated w\/"}},{"data":{"source":"HP:0002242","target":"Orphanet:309031","Edge_Type":"hpodis","label":"is associated w\/"}},{"data":{"source":"HP:0032180","target":"Orphanet:309031","Edge_Type":"hpodis","label":"is associated w\/"}},{"data":{"source":"HP:0025033","target":"Orphanet:309031","Edge_Type":"hpodis","label":"is associated w\/"}},{"data":{"source":"HP:0012718","target":"Orphanet:309031","Edge_Type":"hpodis","label":"is associated w\/"}},{"data":{"source":"P16233","target":"Orphanet:309031","Edge_Type":"Disease","label":"is related to"}},{"data":{"source":"P16233","target":"Orphanet:309108","Edge_Type":"Disease","label":"is related to"}},{"data":{"source":"P16233","target":"Orphanet:309111","Edge_Type":"Disease","label":"is related to"}},{"data":{"source":"P04118","target":"DB08222","Edge_Type":"Drug","label":"targets"}},{"data":{"source":"P16233","target":"DB08222","Edge_Type":"Drug","label":"targets"}},{"data":{"source":"P16233","target":"DB06586","Edge_Type":"Drug","label":"targets"}},{"data":{"source":"P16233","target":"DB01083","Edge_Type":"Drug","label":"targets"}},{"data":{"source":"P04118","target":"DB02451","Edge_Type":"Drug","label":"targets"}},{"data":{"source":"P16233","target":"DB02451","Edge_Type":"Drug","label":"targets"}},{"data":{"source":"P04118","target":"DB04233","Edge_Type":"Drug","label":"targets"}},{"data":{"source":"P16233","target":"DB04233","Edge_Type":"Drug","label":"targets"}},{"data":{"source":"P04118","target":"R-HSA-192456","Edge_Type":"Pathway","label":"is involved in"}},{"data":{"source":"P16233","target":"R-HSA-192456","Edge_Type":"Pathway","label":"is involved in"}},{"data":{"source":"P04118","target":"R-HSA-975634","Edge_Type":"Pathway","label":"is involved in"}},{"data":{"source":"P16233","target":"R-HSA-975634","Edge_Type":"Pathway","label":"is involved in"}},{"data":{"source":"P16233","target":"HP:0045014","Edge_Type":"HPO","label":"is associated w\/"}},{"data":{"source":"P16233","target":"HP:0002570","Edge_Type":"HPO","label":"is associated w\/"}},{"data":{"source":"P16233","target":"HP:0002630","Edge_Type":"HPO","label":"is associated w\/"}},{"data":{"source":"P16233","target":"HP:0002244","Edge_Type":"HPO","label":"is associated w\/"}},{"data":{"source":"P16233","target":"HP:0003119","Edge_Type":"HPO","label":"is associated w\/"}},{"data":{"source":"P16233","target":"HP:0002024","Edge_Type":"HPO","label":"is associated w\/"}},{"data":{"source":"P16233","target":"HP:0002242","Edge_Type":"HPO","label":"is associated w\/"}},{"data":{"source":"P16233","target":"HP:0032180","Edge_Type":"HPO","label":"is associated w\/"}},{"data":{"source":"P16233","target":"HP:0025033","Edge_Type":"HPO","label":"is associated w\/"}},{"data":{"source":"P16233","target":"HP:0012718","Edge_Type":"HPO","label":"is associated w\/"}},{"data":{"source":"H02330","target":"hsa00561","Edge_Type":"kegg_dis_path","label":"modulates"}},{"data":{"source":"H02330","target":"hsa04972","Edge_Type":"kegg_dis_path","label":"modulates"}},{"data":{"source":"H02330","target":"hsa04975","Edge_Type":"kegg_dis_path","label":"modulates"}},{"data":{"source":"H02330","target":"hsa04977","Edge_Type":"kegg_dis_path","label":"modulates"}},{"data":{"source":"P04118","target":"hsa04975","Edge_Type":"kegg_path_prot","label":"is involved in"}},{"data":{"source":"P16233","target":"hsa04975","Edge_Type":"kegg_path_prot","label":"is involved in"}},{"data":{"source":"P16233","target":"hsa04977","Edge_Type":"kegg_path_prot","label":"is involved in"}},{"data":{"source":"P16233","target":"hsa00561","Edge_Type":"kegg_path_prot","label":"is involved in"}},{"data":{"source":"P16233","target":"hsa04972","Edge_Type":"kegg_path_prot","label":"is involved in"}},{"data":{"source":"P16233","target":"hsa01100","Edge_Type":"kegg_path_prot","label":"is involved in"}},{"data":{"source":"P16233","target":"H02330","Edge_Type":"kegg_dis_prot","label":"is related to"}}]}