Core Proteins,Interacting Proteins,Pathways,HPO terms,Diseases,Targeting Drugs,Experimental Bioactive Compounds (pChEMBL),Predicted interacting Compounds
EIF4E (P06730),EIF4G3 (O43432); EIF4EBP2 (Q13542); EMX2 (Q04743); EIF4EBP3 (O60516); LRPPRC (P42704); GEMIN5 (Q8TEQ6); EIF4G1 (Q04637); EIF4EBP1 (Q13541); TDO2 (P48775); EIF4ENIF1 (Q9NRA8),R-HSA-72662 Activation of the mRNA upon binding of the cap-binding complex and eIFs- and subsequent binding to 43S[scr:6887]; R-HSA-166208 mTORC1-mediated signalling[scr:2096]; R-HSA-429947 Deadenylation of mRNA[scr:857]; R-HSA-1169408 ISG15 antiviral mechanism[scr:651]; R-HSA-72649 Translation initiation complex formation[scr:363]; R-HSA-72702 Ribosomal scanning and start codon recognition[scr:363]; R-HSA-156827 L13a-mediated translational silencing of Ceruloplasmin expression[scr:191]; R-HSA-72706 GTP hydrolysis and joining of the 60S ribosomal subunit[scr:190]; R-HSA-159227 Transport of the SLBP independent Mature mRNA[scr:153]; hsa03013 RNA transport[scr:178]; hsa04211 Longevity regulating pathway[scr:26]; hsa04066 HIF-1 signaling pathway[scr:21]; hsa04910 Insulin signaling pathway[scr:16]; hsa04150 mTOR signaling pathway[scr:15]; hsa04151 PI3K-Akt signaling pathway[scr:6],,EFO:0003758 autism (EFO)[scr:30]; H02111 Autism (KEGG)[scr:28],DB08217 S-[(1-Hydroxy-2-2-5-5-tetramethyl-2-5-dihydro-1H-pyrrol-3-yl)methyl] methanesulfonothioate[scr:9999999]; DB02716 7-methyl-guanosine-5'-triphosphate[scr:397]; DB05165 LY2275796[scr:397]; DB01649 7-methyl-GpppA[scr:199]; DB01960 7-methyl-7-8-dihydroguanosine-5'-diphosphate[scr:132],,
CEACAM5 (P06731),CEACAM5 (P06731),,,,DB08217 S-[(1-Hydroxy-2-2-5-5-tetramethyl-2-5-dihydro-1H-pyrrol-3-yl)methyl] methanesulfonothioate[scr:9999999]; DB05097 Labetuzumab[scr:0],,
EIF4G3 (O43432),EIF4E (P06730),R-HSA-1169408 ISG15 antiviral mechanism[scr:651]; hsa03013 RNA transport[scr:178],,,,,
EIF4EBP2 (Q13542),EIF4E (P06730),hsa03013 RNA transport[scr:178]; hsa04213 Longevity regulating pathway[scr:9],,,,,
EMX2 (Q04743),EIF4E (P06730),,HP:0010636 Schizencephaly[scr:50],Orphanet:799 Schizencephaly (EFO)[scr:100]; H01160 Schizencephaly (KEGG)[scr:102],,,
EIF4EBP3 (O60516),EIF4E (P06730),hsa03013 RNA transport[scr:178],,,,,
LRPPRC (P42704),EIF4E (P06730),,HP:0001414 Microvesicular hepatic steatosis[scr:32]; HP:0006565 Increased hepatocellular lipid droplets[scr:25],Orphanet:70472 Congenital lactic acidosis- Saguenay-Lac-Saint-Jean type (EFO)[scr:300]; Orphanet:506 Leigh syndrome (EFO)[scr:13]; H01368 Cytochrome c oxidase (COX) deficiency (KEGG)[scr:20]; H01354 Leigh syndrome (KEGG)[scr:17],,,
GEMIN5 (Q8TEQ6),EIF4E (P06730),hsa03013 RNA transport[scr:178],,,,,
EIF4G1 (Q04637),EIF4E (P06730); EIF4G1 (Q04637),R-HSA-72662 Activation of the mRNA upon binding of the cap-binding complex and eIFs- and subsequent binding to 43S[scr:6887]; R-HSA-166208 mTORC1-mediated signalling[scr:2096]; R-HSA-429947 Deadenylation of mRNA[scr:857]; R-HSA-1169408 ISG15 antiviral mechanism[scr:651]; R-HSA-72649 Translation initiation complex formation[scr:363]; R-HSA-72702 Ribosomal scanning and start codon recognition[scr:363]; R-HSA-156827 L13a-mediated translational silencing of Ceruloplasmin expression[scr:191]; R-HSA-72706 GTP hydrolysis and joining of the 60S ribosomal subunit[scr:190]; hsa03013 RNA transport[scr:178],HP:0005340 Spastic/hyperactive bladder[scr:39]; HP:0031435 Monotonic speech[scr:39]; HP:0000744 Low frustration tolerance[scr:25]; HP:0004926 Orthostatic hypotension due to autonomic dysfunction[scr:22]; HP:0003587 Insidious onset[scr:20]; HP:0002367 Visual hallucinations[scr:20]; HP:0002548 Parkinsonism with favorable response to dopaminergic medication[scr:19],Orphanet:411602 Hereditary late-onset Parkinson disease (EFO)[scr:60]; Orphanet:2828 Young adult-onset Parkinsonism (EFO)[scr:25]; H00057 Parkinson disease (KEGG)[scr:19],,,
EIF4EBP1 (Q13541),EIF4E (P06730),R-HSA-72662 Activation of the mRNA upon binding of the cap-binding complex and eIFs- and subsequent binding to 43S[scr:6887]; R-HSA-166208 mTORC1-mediated signalling[scr:2096]; hsa03013 RNA transport[scr:178]; hsa04211 Longevity regulating pathway[scr:26]; hsa04066 HIF-1 signaling pathway[scr:21]; hsa04910 Insulin signaling pathway[scr:16]; hsa04150 mTOR signaling pathway[scr:15]; hsa04012 ErbB signaling pathway[scr:7]; hsa04151 PI3K-Akt signaling pathway[scr:6]; hsa04152 AMPK signaling pathway[scr:5],,,,,
TDO2 (P48775),EIF4E (P06730); TDO2 (P48775),R-HSA-71240 Tryptophan catabolism[scr:383]; hsa00380 Tryptophan metabolism[scr:14],,Orphanet:2224 Hypertryptophanemia (EFO)[scr:300],,,
EIF4ENIF1 (Q9NRA8),EIF4E (P06730),,,,,,
