Core Proteins,Interacting Proteins,Pathways,HPO terms,Diseases,Targeting Drugs,Experimental Bioactive Compounds (pChEMBL),Predicted interacting Compounds
TRPA1 (O75762),TRPA1 (O75762),R-HSA-3295583 TRP channels[scr:9182]; hsa04750 Inflammatory mediator regulation of TRP channels[scr:256],,Orphanet:391389 Familial episodic pain syndrome with predominantly upper body involvement (EFO)[scr:900]; Orphanet:391384 Familial episodic pain syndrome (EFO)[scr:450]; H01391 Familial episodic pain syndrome (KEGG)[scr:306],DB01744 Camphor[scr:9999999]; DB11345 (S)-camphor[scr:4769]; DB14050 Cannabidivarin[scr:1590]; DB00825 Levomenthol[scr:894]; DB14011 Nabiximols[scr:795]; DB14009 Medical Cannabis[scr:795],,
TRPM8 (Q7Z2W7),,R-HSA-3295583 TRP channels[scr:9182]; hsa04750 Inflammatory mediator regulation of TRP channels[scr:256],,,DB01744 Camphor[scr:9999999]; DB11345 (S)-camphor[scr:4769]; DB00825 Levomenthol[scr:894]; DB14011 Nabiximols[scr:795]; DB14009 Medical Cannabis[scr:795],,CHEMBL524468 [scr:58]; CHEMBL316595 [scr:43.5]; CHEMBL112296 [scr:41.95]; CHEMBL408577 [scr:40.15]; CHEMBL456445 [scr:40.15]; CHEMBL524117 [scr:40.15]; CHEMBL463133 [scr:37.89]
TRPV1 (Q8NER1),,R-HSA-3295583 TRP channels[scr:9182]; hsa04750 Inflammatory mediator regulation of TRP channels[scr:256]; hsa04080 Neuroactive ligand-receptor interaction[scr:5],,,DB01744 Camphor[scr:9999999]; DB11345 (S)-camphor[scr:4769]; DB14050 Cannabidivarin[scr:1590]; DB11324 Nonivamide[scr:1192]; DB06515 Resiniferatoxin[scr:1192]; DB09120 Zucapsaicin[scr:1192]; DB11131 Capsicum oleoresin[scr:1192]; DB14011 Nabiximols[scr:795]; DB14009 Medical Cannabis[scr:795],,CHEMBL325494 [scr:65.25]; CHEMBL326993 [scr:43.5]; CHEMBL316595 [scr:43.5]; CHEMBL112296 [scr:41.95]; CHEMBL408577 [scr:40.15]; CHEMBL456445 [scr:40.15]; CHEMBL463133 [scr:37.89]
TRPV3 (Q8NET8),,R-HSA-3295583 TRP channels[scr:9182]; hsa04750 Inflammatory mediator regulation of TRP channels[scr:256],HP:0031057 Skin fissure[scr:353]; HP:0008392 Subungual hyperkeratosis[scr:212]; HP:0002289 Alopecia universalis[scr:176]; HP:0009723 Abnormality of the subungual region[scr:118]; HP:0007410 Palmoplantar hyperhidrosis[scr:106]; HP:0006089 Palmar hyperhidrosis[scr:76]; HP:0001036 Parakeratosis[scr:56]; HP:0031013 Ankylosis[scr:53]; HP:0000970 Anhidrosis[scr:48]; HP:0100526 Neoplasm of the lung[scr:21],Orphanet:659 Mutilating palmoplantar keratoderma with periorificial keratotic plaques (EFO)[scr:450]; Orphanet:2337 Non-epidermolytic palmoplantar keratoderma (EFO)[scr:225]; H02263 Focal nonepidermolytic palmoplantar keratoderma (KEGG)[scr:458],DB01744 Camphor[scr:9999999]; DB11345 (S)-camphor[scr:4769]; DB00825 Levomenthol[scr:894]; DB14011 Nabiximols[scr:795]; DB14009 Medical Cannabis[scr:795],,CHEMBL529218 [scr:65.25]; CHEMBL524468 [scr:58]; CHEMBL112296 [scr:41.95]; CHEMBL524117 [scr:40.15]; CHEMBL463133 [scr:37.89]
