{"options":{"search_start":1613060289,"tax_ids":[9606],"num_of_fn_nodes":10,"num_of_pathways":10,"num_of_phenotypes":10,"num_of_drugs":10,"num_of_diseases":10,"num_of_compounds":10,"chembl_compounds":0,"predictions":1,"reviewed_filter":1,"fn":1,"chembl":1,"search_finish":1613060319,"search_runtime":30},"search":[{"Drug":[{"DB00521":"Carteolol"}]}],"nodes":[{"data":{"id":"P07550","display_name":"ADRB2","Node_Type":"Protein"}},{"data":{"id":"P08588","display_name":"ADRB1","Node_Type":"Protein"}},{"data":{"id":"P30542","display_name":"ADORA1","Node_Type":"Protein_N"}},{"data":{"id":"Q5TCQ9","display_name":"MAGI3","Node_Type":"Protein_N"}},{"data":{"id":"P21554","display_name":"CNR1","Node_Type":"Protein_N"}},{"data":{"id":"Q99685","display_name":"MGLL","Node_Type":"Protein_N"}},{"data":{"id":"Q86UL8","display_name":"MAGI2","Node_Type":"Protein_N"}},{"data":{"id":"P21917","display_name":"DRD4","Node_Type":"Protein_N"}},{"data":{"id":"P02686","display_name":"MBP","Node_Type":"Protein_N"}},{"data":{"id":"O14745","display_name":"SLC9A3R1","Node_Type":"Protein_N"}},{"data":{"id":"Q96B67","display_name":"ARRDC3","Node_Type":"Protein_N"}},{"data":{"id":"P04156","display_name":"PRNP","Node_Type":"Protein_N"}},{"data":{"id":"EFO:0004720","display_name":"prion disease","Node_Type":"Disease","enrichScore":300.083}},{"data":{"id":"Orphanet:157941","display_name":"Huntington disease-like 1","Node_Type":"Disease","enrichScore":300.083}},{"data":{"id":"Orphanet:282166","display_name":"Inherited Creutzfeldt-Jakob disease","Node_Type":"Disease","enrichScore":300.083}},{"data":{"id":"Orphanet:356","display_name":"Gerstmann-Straussler-Scheinker syndrome","Node_Type":"Disease","enrichScore":300.083}},{"data":{"id":"Orphanet:466","display_name":"Fatal familial insomnia","Node_Type":"Disease","enrichScore":300.083}},{"data":{"id":"Orphanet:244305","display_name":"Dominant hypophosphatemia with nephrolithiasis or osteoporosis","Node_Type":"Disease","enrichScore":150.042}},{"data":{"id":"EFO:0001073","display_name":"obesity","Node_Type":"Disease","enrichScore":30.008}},{"data":{"id":"Orphanet:71529","display_name":"Obesity due to melanocortin 4 receptor deficiency","Node_Type":"Disease","enrichScore":30.008}},{"data":{"id":"Orphanet:77828","display_name":"Genetic obesity","Node_Type":"Disease","enrichScore":30.008}},{"data":{"id":"Orphanet:656","display_name":"Familial idiopathic steroid-resistant nephrotic syndrome","Node_Type":"Disease","enrichScore":15.004}},{"data":{"id":"DB00521","display_name":"Carteolol","Node_Type":"Drug","enrichScore":9999999}},{"data":{"id":"DB04861","display_name":"Nebivolol","Node_Type":"Drug","enrichScore":794.833}},{"data":{"id":"DB01214","display_name":"Metipranolol","Node_Type":"Drug","enrichScore":794.833}},{"data":{"id":"DB00335","display_name":"Atenolol","Node_Type":"Drug","enrichScore":794.833}},{"data":{"id":"DB09013","display_name":"Befunolol","Node_Type":"Drug","enrichScore":794.833}},{"data":{"id":"DB01291","display_name":"Pirbuterol","Node_Type":"Drug","enrichScore":794.833}},{"data":{"id":"DB00264","display_name":"Metoprolol","Node_Type":"Drug","enrichScore":794.833}},{"data":{"id":"DB01210","display_name":"Levobunolol","Node_Type":"Drug","enrichScore":794.833}},{"data":{"id":"DB00221","display_name":"Isoetharine","Node_Type":"Drug","enrichScore":794.833}},{"data":{"id":"DB01203","display_name":"Nadolol","Node_Type":"Drug","enrichScore":794.833}},{"data":{"id":"R-HSA-390696","display_name":"Adrenoceptors","Node_Type":"Pathway","enrichScore":2380.556}},{"data":{"id":"R-HSA-417973","display_name":"Adenosine P1 receptors","Node_Type":"Pathway","enrichScore":1339.063}},{"data":{"id":"R-HSA-426048","display_name":"Arachidonate production from DAG","Node_Type":"Pathway","enrichScore":1071.25}},{"data":{"id":"R-HSA-390651","display_name":"Dopamine receptors","Node_Type":"Pathway","enrichScore":1071.25}},{"data":{"id":"R-HSA-1482883","display_name":"Acyl chain remodeling of DAG and TAG","Node_Type":"Pathway","enrichScore":669.531}},{"data":{"id":"R-HSA-373076","display_name":"Class A\/1 (Rhodopsin-like receptors)","Node_Type":"Pathway","enrichScore":281.908}},{"data":{"id":"R-HSA-373753","display_name":"Nephrin family interactions","Node_Type":"Pathway","enrichScore":232.88}},{"data":{"id":"R-HSA-163560","display_name":"Triglyceride catabolism","Node_Type":"Pathway","enrichScore":223.177}},{"data":{"id":"R-HSA-418594","display_name":"G alpha (i) signalling events","Node_Type":"Pathway","enrichScore":182.599}},{"data":{"id":"R-HSA-418555","display_name":"G alpha (s) signalling events","Node_Type":"Pathway","enrichScore":144.764}},{"data":{"id":"HP:0040201","display_name":"Simultanapraxia","Node_Type":"HPO","enrichScore":352.583}},{"data":{"id":"HP:0011176","display_name":"EEG with constitutional variants","Node_Type":"HPO","enrichScore":352.583}},{"data":{"id":"HP:0010542","display_name":"Vestibular nystagmus","Node_Type":"HPO","enrichScore":352.583}},{"data":{"id":"HP:0100292","display_name":"Amyloidosis of peripheral nerves","Node_Type":"HPO","enrichScore":352.583}},{"data":{"id":"HP:0040200","display_name":"Motor impersistence","Node_Type":"HPO","enrichScore":352.583}},{"data":{"id":"HP:0010846","display_name":"EEG with persistent abnormal rhythmic activity","Node_Type":"HPO","enrichScore":352.583}},{"data":{"id":"HP:0007017","display_name":"Progressive forgetfulness","Node_Type":"HPO","enrichScore":176.292}},{"data":{"id":"HP:0040264","display_name":"Jaw pain","Node_Type":"HPO","enrichScore":176.292}},{"data":{"id":"HP:0011099","display_name":"Spastic hemiparesis","Node_Type":"HPO","enrichScore":176.292}},{"data":{"id":"HP:0025152","display_name":"Poor visual behavior for age","Node_Type":"HPO","enrichScore":176.292}},{"data":{"id":"CHEMBL2235517","display_name":"CHEMBL2235517","Node_Type":"Prediction","enrichScore":130.5}},{"data":{"id":"CHEMBL1567522","display_name":"CHEMBL1567522","Node_Type":"Prediction","enrichScore":130.5}},{"data":{"id":"CHEMBL3194932","display_name":"CHEMBL3194932","Node_Type":"Prediction","enrichScore":97.875}},{"data":{"id":"CHEMBL3212531","display_name":"CHEMBL3212531","Node_Type":"Prediction","enrichScore":97.875}},{"data":{"id":"CHEMBL1393726","display_name":"CHEMBL1393726","Node_Type":"Prediction","enrichScore":97.875}},{"data":{"id":"CHEMBL3198465","display_name":"CHEMBL3198465","Node_Type":"Prediction","enrichScore":97.875}},{"data":{"id":"CHEMBL3189881","display_name":"CHEMBL3189881","Node_Type":"Prediction","enrichScore":97.875}},{"data":{"id":"CHEMBL3086012","display_name":"CHEMBL3086012","Node_Type":"Prediction","enrichScore":97.875}},{"data":{"id":"CHEMBL1511963","display_name":"CHEMBL1511963","Node_Type":"Prediction","enrichScore":97.875}},{"data":{"id":"CHEMBL3644600","display_name":"CHEMBL3644600","Node_Type":"Prediction","enrichScore":97.875}},{"data":{"id":"hsa04923","display_name":"Regulation of lipolysis in adipocytes","Node_Type":"kegg_Pathway","enrichScore":162.81}},{"data":{"id":"hsa04924","display_name":"Renin secretion","Node_Type":"kegg_Pathway","enrichScore":67.48}},{"data":{"id":"hsa04080","display_name":"Neuroactive ligand-receptor interaction","Node_Type":"kegg_Pathway","enrichScore":41.654}},{"data":{"id":"hsa04022","display_name":"cGMP-PKG signaling pathway","Node_Type":"kegg_Pathway","enrichScore":29.645}},{"data":{"id":"hsa04970","display_name":"Salivary secretion","Node_Type":"kegg_Pathway","enrichScore":23.743}},{"data":{"id":"hsa04015","display_name":"Rap1 signaling pathway","Node_Type":"kegg_Pathway","enrichScore":23.634}},{"data":{"id":"hsa04024","display_name":"cAMP signaling pathway","Node_Type":"kegg_Pathway","enrichScore":22.998}},{"data":{"id":"hsa04723","display_name":"Retrograde endocannabinoid signaling","Node_Type":"kegg_Pathway","enrichScore":15.401}},{"data":{"id":"hsa04261","display_name":"Adrenergic signaling in cardiomyocytes","Node_Type":"kegg_Pathway","enrichScore":14.611}},{"data":{"id":"hsa04216","display_name":"Ferroptosis","Node_Type":"kegg_Pathway","enrichScore":14.246}},{"data":{"id":"H01633","display_name":"High blood pressure","Node_Type":"kegg_Disease","enrichScore":1000000}},{"data":{"id":"H00612","display_name":"Primary open angle glaucoma","Node_Type":"kegg_Disease","enrichScore":1000000}},{"data":{"id":"H00549","display_name":"Tetralogy of Fallot","Node_Type":"kegg_Disease","enrichScore":1000000}},{"data":{"id":"H01632","display_name":"Angina pectoris","Node_Type":"kegg_Disease","enrichScore":1000000}},{"data":{"id":"H00061","display_name":"Prion disease","Node_Type":"kegg_Disease","enrichScore":305.583}},{"data":{"id":"H01671","display_name":"Neurosis","Node_Type":"kegg_Disease","enrichScore":305.583}},{"data":{"id":"H00888","display_name":"Nephrolithiasis\/osteoporosis, hypophosphatemic","Node_Type":"kegg_Disease","enrichScore":152.792}},{"data":{"id":"H01895","display_name":"Attention deficit hyperactivity disorder (ADHD)","Node_Type":"kegg_Disease","enrichScore":101.861}},{"data":{"id":"H01243","display_name":"Huntington disease-like syndrome","Node_Type":"kegg_Disease","enrichScore":101.861}},{"data":{"id":"H01450","display_name":"Obsessive-compulsive disorder","Node_Type":"kegg_Disease","enrichScore":43.655}}],"edges":[{"data":{"source":"P07550","target":"P07550","Edge_Type":"PPI","label":"interacts w\/"}},{"data":{"source":"P30542","target":"P07550","Edge_Type":"PPI","label":"interacts w\/"}},{"data":{"source":"P30542","target":"P08588","Edge_Type":"PPI","label":"interacts w\/"}},{"data":{"source":"Q5TCQ9","target":"P07550","Edge_Type":"PPI","label":"interacts w\/"}},{"data":{"source":"Q5TCQ9","target":"P08588","Edge_Type":"PPI","label":"interacts w\/"}},{"data":{"source":"P21554","target":"P07550","Edge_Type":"PPI","label":"interacts w\/"}},{"data":{"source":"P21554","target":"P21554","Edge_Type":"PPI","label":"interacts w\/"}},{"data":{"source":"Q99685","target":"P07550","Edge_Type":"PPI","label":"interacts w\/"}},{"data":{"source":"Q86UL8","target":"P08588","Edge_Type":"PPI","label":"interacts w\/"}},{"data":{"source":"P21917","target":"P08588","Edge_Type":"PPI","label":"interacts w\/"}},{"data":{"source":"P21917","target":"P21917","Edge_Type":"PPI","label":"interacts w\/"}},{"data":{"source":"P02686","target":"P07550","Edge_Type":"PPI","label":"interacts w\/"}},{"data":{"source":"O14745","target":"P07550","Edge_Type":"PPI","label":"interacts w\/"}},{"data":{"source":"Q96B67","target":"P07550","Edge_Type":"PPI","label":"interacts w\/"}},{"data":{"source":"P04156","target":"P07550","Edge_Type":"PPI","label":"interacts w\/"}},{"data":{"source":"P04156","target":"P04156","Edge_Type":"PPI","label":"interacts w\/"}},{"data":{"source":"HP:0040201","target":"Orphanet:157941","Edge_Type":"hpodis","label":"is associated w\/"}},{"data":{"source":"HP:0011176","target":"Orphanet:282166","Edge_Type":"hpodis","label":"is associated w\/"}},{"data":{"source":"HP:0010542","target":"Orphanet:282166","Edge_Type":"hpodis","label":"is associated w\/"}},{"data":{"source":"HP:0100292","target":"Orphanet:282166","Edge_Type":"hpodis","label":"is associated w\/"}},{"data":{"source":"HP:0040200","target":"Orphanet:157941","Edge_Type":"hpodis","label":"is associated w\/"}},{"data":{"source":"HP:0010846","target":"Orphanet:282166","Edge_Type":"hpodis","label":"is associated w\/"}},{"data":{"source":"HP:0007017","target":"Orphanet:282166","Edge_Type":"hpodis","label":"is associated w\/"}},{"data":{"source":"HP:0011099","target":"Orphanet:282166","Edge_Type":"hpodis","label":"is associated w\/"}},{"data":{"source":"HP:0025152","target":"Orphanet:282166","Edge_Type":"hpodis","label":"is associated w\/"}},{"data":{"source":"P04156","target":"EFO:0004720","Edge_Type":"Disease","label":"is related to"}},{"data":{"source":"P04156","target":"Orphanet:157941","Edge_Type":"Disease","label":"is related to"}},{"data":{"source":"P04156","target":"Orphanet:282166","Edge_Type":"Disease","label":"is related to"}},{"data":{"source":"P04156","target":"Orphanet:356","Edge_Type":"Disease","label":"is related to"}},{"data":{"source":"P04156","target":"Orphanet:466","Edge_Type":"Disease","label":"is related to"}},{"data":{"source":"O14745","target":"Orphanet:244305","Edge_Type":"Disease","label":"is related to"}},{"data":{"source":"P21554","target":"EFO:0001073","Edge_Type":"Disease","label":"is related to"}},{"data":{"source":"P21554","target":"Orphanet:71529","Edge_Type":"Disease","label":"is related to"}},{"data":{"source":"P21554","target":"Orphanet:77828","Edge_Type":"Disease","label":"is related to"}},{"data":{"source":"Q86UL8","target":"Orphanet:656","Edge_Type":"Disease","label":"is related to"}},{"data":{"source":"P07550","target":"DB00521","Edge_Type":"Drug","label":"targets"}},{"data":{"source":"P08588","target":"DB00521","Edge_Type":"Drug","label":"targets"}},{"data":{"source":"P08588","target":"DB04861","Edge_Type":"Drug","label":"targets"}},{"data":{"source":"P07550","target":"DB04861","Edge_Type":"Drug","label":"targets"}},{"data":{"source":"P07550","target":"DB01214","Edge_Type":"Drug","label":"targets"}},{"data":{"source":"P08588","target":"DB01214","Edge_Type":"Drug","label":"targets"}},{"data":{"source":"P08588","target":"DB00335","Edge_Type":"Drug","label":"targets"}},{"data":{"source":"P07550","target":"DB00335","Edge_Type":"Drug","label":"targets"}},{"data":{"source":"P08588","target":"DB09013","Edge_Type":"Drug","label":"targets"}},{"data":{"source":"P07550","target":"DB09013","Edge_Type":"Drug","label":"targets"}},{"data":{"source":"P07550","target":"DB01291","Edge_Type":"Drug","label":"targets"}},{"data":{"source":"P08588","target":"DB01291","Edge_Type":"Drug","label":"targets"}},{"data":{"source":"P08588","target":"DB00264","Edge_Type":"Drug","label":"targets"}},{"data":{"source":"P07550","target":"DB00264","Edge_Type":"Drug","label":"targets"}},{"data":{"source":"P07550","target":"DB01210","Edge_Type":"Drug","label":"targets"}},{"data":{"source":"P08588","target":"DB01210","Edge_Type":"Drug","label":"targets"}},{"data":{"source":"P08588","target":"DB00221","Edge_Type":"Drug","label":"targets"}},{"data":{"source":"P07550","target":"DB00221","Edge_Type":"Drug","label":"targets"}},{"data":{"source":"P08588","target":"DB01203","Edge_Type":"Drug","label":"targets"}},{"data":{"source":"P07550","target":"DB01203","Edge_Type":"Drug","label":"targets"}},{"data":{"source":"P07550","target":"R-HSA-390696","Edge_Type":"Pathway","label":"is involved in"}},{"data":{"source":"P08588","target":"R-HSA-390696","Edge_Type":"Pathway","label":"is involved in"}},{"data":{"source":"P30542","target":"R-HSA-417973","Edge_Type":"Pathway","label":"is involved in"}},{"data":{"source":"Q99685","target":"R-HSA-426048","Edge_Type":"Pathway","label":"is involved in"}},{"data":{"source":"P21917","target":"R-HSA-390651","Edge_Type":"Pathway","label":"is involved in"}},{"data":{"source":"Q99685","target":"R-HSA-1482883","Edge_Type":"Pathway","label":"is involved in"}},{"data":{"source":"P21554","target":"R-HSA-373076","Edge_Type":"Pathway","label":"is involved in"}},{"data":{"source":"Q86UL8","target":"R-HSA-373753","Edge_Type":"Pathway","label":"is involved in"}},{"data":{"source":"Q99685","target":"R-HSA-163560","Edge_Type":"Pathway","label":"is involved in"}},{"data":{"source":"P30542","target":"R-HSA-418594","Edge_Type":"Pathway","label":"is involved in"}},{"data":{"source":"P21554","target":"R-HSA-418594","Edge_Type":"Pathway","label":"is involved in"}},{"data":{"source":"P21917","target":"R-HSA-418594","Edge_Type":"Pathway","label":"is involved in"}},{"data":{"source":"P07550","target":"R-HSA-418555","Edge_Type":"Pathway","label":"is involved in"}},{"data":{"source":"P08588","target":"R-HSA-418555","Edge_Type":"Pathway","label":"is involved in"}},{"data":{"source":"P04156","target":"HP:0040201","Edge_Type":"HPO","label":"is associated w\/"}},{"data":{"source":"P04156","target":"HP:0011176","Edge_Type":"HPO","label":"is associated w\/"}},{"data":{"source":"P04156","target":"HP:0010542","Edge_Type":"HPO","label":"is associated w\/"}},{"data":{"source":"P04156","target":"HP:0100292","Edge_Type":"HPO","label":"is associated w\/"}},{"data":{"source":"P04156","target":"HP:0040200","Edge_Type":"HPO","label":"is associated w\/"}},{"data":{"source":"P04156","target":"HP:0010846","Edge_Type":"HPO","label":"is associated w\/"}},{"data":{"source":"P04156","target":"HP:0007017","Edge_Type":"HPO","label":"is associated w\/"}},{"data":{"source":"P04156","target":"HP:0040264","Edge_Type":"HPO","label":"is associated w\/"}},{"data":{"source":"P04156","target":"HP:0011099","Edge_Type":"HPO","label":"is associated w\/"}},{"data":{"source":"P04156","target":"HP:0025152","Edge_Type":"HPO","label":"is associated w\/"}},{"data":{"source":"P07550","target":"CHEMBL2235517","Edge_Type":"Prediction","label":"targets"}},{"data":{"source":"P08588","target":"CHEMBL2235517","Edge_Type":"Prediction","label":"targets"}},{"data":{"source":"P21917","target":"CHEMBL2235517","Edge_Type":"Prediction","label":"targets"}},{"data":{"source":"P07550","target":"CHEMBL1567522","Edge_Type":"Prediction","label":"targets"}},{"data":{"source":"P08588","target":"CHEMBL1567522","Edge_Type":"Prediction","label":"targets"}},{"data":{"source":"P21917","target":"CHEMBL1567522","Edge_Type":"Prediction","label":"targets"}},{"data":{"source":"P07550","target":"CHEMBL3194932","Edge_Type":"Prediction","label":"targets"}},{"data":{"source":"P08588","target":"CHEMBL3194932","Edge_Type":"Prediction","label":"targets"}},{"data":{"source":"P21917","target":"CHEMBL3194932","Edge_Type":"Prediction","label":"targets"}},{"data":{"source":"P07550","target":"CHEMBL3212531","Edge_Type":"Prediction","label":"targets"}},{"data":{"source":"P08588","target":"CHEMBL3212531","Edge_Type":"Prediction","label":"targets"}},{"data":{"source":"P21917","target":"CHEMBL3212531","Edge_Type":"Prediction","label":"targets"}},{"data":{"source":"P07550","target":"CHEMBL1393726","Edge_Type":"Prediction","label":"targets"}},{"data":{"source":"P08588","target":"CHEMBL1393726","Edge_Type":"Prediction","label":"targets"}},{"data":{"source":"P21917","target":"CHEMBL1393726","Edge_Type":"Prediction","label":"targets"}},{"data":{"source":"P07550","target":"CHEMBL3198465","Edge_Type":"Prediction","label":"targets"}},{"data":{"source":"P08588","target":"CHEMBL3198465","Edge_Type":"Prediction","label":"targets"}},{"data":{"source":"P21917","target":"CHEMBL3198465","Edge_Type":"Prediction","label":"targets"}},{"data":{"source":"P07550","target":"CHEMBL3189881","Edge_Type":"Prediction","label":"targets"}},{"data":{"source":"P08588","target":"CHEMBL3189881","Edge_Type":"Prediction","label":"targets"}},{"data":{"source":"P21917","target":"CHEMBL3189881","Edge_Type":"Prediction","label":"targets"}},{"data":{"source":"P07550","target":"CHEMBL3086012","Edge_Type":"Prediction","label":"targets"}},{"data":{"source":"P08588","target":"CHEMBL3086012","Edge_Type":"Prediction","label":"targets"}},{"data":{"source":"P21917","target":"CHEMBL3086012","Edge_Type":"Prediction","label":"targets"}},{"data":{"source":"P07550","target":"CHEMBL1511963","Edge_Type":"Prediction","label":"targets"}},{"data":{"source":"P08588","target":"CHEMBL1511963","Edge_Type":"Prediction","label":"targets"}},{"data":{"source":"P21917","target":"CHEMBL1511963","Edge_Type":"Prediction","label":"targets"}},{"data":{"source":"P07550","target":"CHEMBL3644600","Edge_Type":"Prediction","label":"targets"}},{"data":{"source":"P08588","target":"CHEMBL3644600","Edge_Type":"Prediction","label":"targets"}},{"data":{"source":"P21917","target":"CHEMBL3644600","Edge_Type":"Prediction","label":"targets"}},{"data":{"source":"H01633","target":"DB00521","Edge_Type":"kegg_dis_drug","label":"indicates"}},{"data":{"source":"H01633","target":"DB00264","Edge_Type":"kegg_dis_drug","label":"indicates"}},{"data":{"source":"H01633","target":"DB01203","Edge_Type":"kegg_dis_drug","label":"indicates"}},{"data":{"source":"H01633","target":"DB00335","Edge_Type":"kegg_dis_drug","label":"indicates"}},{"data":{"source":"H00612","target":"DB01210","Edge_Type":"kegg_dis_drug","label":"indicates"}},{"data":{"source":"H00612","target":"DB01214","Edge_Type":"kegg_dis_drug","label":"indicates"}},{"data":{"source":"H00612","target":"DB00521","Edge_Type":"kegg_dis_drug","label":"indicates"}},{"data":{"source":"H00549","target":"DB00521","Edge_Type":"kegg_dis_drug","label":"indicates"}},{"data":{"source":"H01632","target":"DB00264","Edge_Type":"kegg_dis_drug","label":"indicates"}},{"data":{"source":"H01632","target":"DB01203","Edge_Type":"kegg_dis_drug","label":"indicates"}},{"data":{"source":"H01632","target":"DB00335","Edge_Type":"kegg_dis_drug","label":"indicates"}},{"data":{"source":"H01632","target":"DB00521","Edge_Type":"kegg_dis_drug","label":"indicates"}},{"data":{"source":"H01671","target":"hsa04080","Edge_Type":"kegg_dis_path","label":"modulates"}},{"data":{"source":"H01895","target":"hsa04080","Edge_Type":"kegg_dis_path","label":"modulates"}},{"data":{"source":"P07550","target":"hsa04923","Edge_Type":"kegg_path_prot","label":"is involved in"}},{"data":{"source":"P08588","target":"hsa04923","Edge_Type":"kegg_path_prot","label":"is involved in"}},{"data":{"source":"P30542","target":"hsa04923","Edge_Type":"kegg_path_prot","label":"is involved in"}},{"data":{"source":"Q99685","target":"hsa04923","Edge_Type":"kegg_path_prot","label":"is involved in"}},{"data":{"source":"P07550","target":"hsa04924","Edge_Type":"kegg_path_prot","label":"is involved in"}},{"data":{"source":"P08588","target":"hsa04924","Edge_Type":"kegg_path_prot","label":"is involved in"}},{"data":{"source":"P30542","target":"hsa04924","Edge_Type":"kegg_path_prot","label":"is involved in"}},{"data":{"source":"P07550","target":"hsa04080","Edge_Type":"kegg_path_prot","label":"is involved in"}},{"data":{"source":"P08588","target":"hsa04080","Edge_Type":"kegg_path_prot","label":"is involved in"}},{"data":{"source":"P30542","target":"hsa04080","Edge_Type":"kegg_path_prot","label":"is involved in"}},{"data":{"source":"P21554","target":"hsa04080","Edge_Type":"kegg_path_prot","label":"is involved in"}},{"data":{"source":"P21917","target":"hsa04080","Edge_Type":"kegg_path_prot","label":"is involved in"}},{"data":{"source":"P07550","target":"hsa04022","Edge_Type":"kegg_path_prot","label":"is involved in"}},{"data":{"source":"P08588","target":"hsa04022","Edge_Type":"kegg_path_prot","label":"is involved in"}},{"data":{"source":"P30542","target":"hsa04022","Edge_Type":"kegg_path_prot","label":"is involved in"}},{"data":{"source":"P07550","target":"hsa04970","Edge_Type":"kegg_path_prot","label":"is involved in"}},{"data":{"source":"P08588","target":"hsa04970","Edge_Type":"kegg_path_prot","label":"is involved in"}},{"data":{"source":"Q5TCQ9","target":"hsa04015","Edge_Type":"kegg_path_prot","label":"is involved in"}},{"data":{"source":"P21554","target":"hsa04015","Edge_Type":"kegg_path_prot","label":"is involved in"}},{"data":{"source":"Q86UL8","target":"hsa04015","Edge_Type":"kegg_path_prot","label":"is involved in"}},{"data":{"source":"P07550","target":"hsa04024","Edge_Type":"kegg_path_prot","label":"is involved in"}},{"data":{"source":"P08588","target":"hsa04024","Edge_Type":"kegg_path_prot","label":"is involved in"}},{"data":{"source":"P30542","target":"hsa04024","Edge_Type":"kegg_path_prot","label":"is involved in"}},{"data":{"source":"P21554","target":"hsa04723","Edge_Type":"kegg_path_prot","label":"is involved in"}},{"data":{"source":"Q99685","target":"hsa04723","Edge_Type":"kegg_path_prot","label":"is involved in"}},{"data":{"source":"P07550","target":"hsa04261","Edge_Type":"kegg_path_prot","label":"is involved in"}},{"data":{"source":"P08588","target":"hsa04261","Edge_Type":"kegg_path_prot","label":"is involved in"}},{"data":{"source":"P04156","target":"hsa04216","Edge_Type":"kegg_path_prot","label":"is involved in"}},{"data":{"source":"P04156","target":"H00061","Edge_Type":"kegg_dis_prot","label":"is related to"}},{"data":{"source":"P21917","target":"H01671","Edge_Type":"kegg_dis_prot","label":"is related to"}},{"data":{"source":"O14745","target":"H00888","Edge_Type":"kegg_dis_prot","label":"is related to"}},{"data":{"source":"P21917","target":"H01895","Edge_Type":"kegg_dis_prot","label":"is related to"}},{"data":{"source":"P04156","target":"H01243","Edge_Type":"kegg_dis_prot","label":"is related to"}},{"data":{"source":"P21917","target":"H01450","Edge_Type":"kegg_dis_prot","label":"is related to"}}]}