Core Proteins,Interacting Proteins,Pathways,HPO terms,Diseases,Targeting Drugs,Experimental Bioactive Compounds (pChEMBL),Predicted interacting Compounds
CYP3A4 (P08684),,R-HSA-9027307 Biosynthesis of maresin-like SPMs[scr:1530]; R-HSA-5423646 Aflatoxin activation and detoxification[scr:459]; R-HSA-211981 Xenobiotics[scr:399]; hsa00591 Linoleic acid metabolism[scr:35]; hsa00140 Steroid hormone biosynthesis[scr:16]; hsa00830 Retinol metabolism[scr:15]; hsa00982 Drug metabolism[scr:14]; hsa00980 Metabolism of xenobiotics by cytochrome P450[scr:13]; hsa04976 Bile secretion[scr:13]; hsa00983 Drug metabolism[scr:12]; hsa01100 Metabolic pathways[scr:1],,,DB00673 Aprepitant[scr:9999999]; DB06634 Casopitant[scr:1363]; DB05478 Pradefovir Mesylate[scr:681],,CHEMBL395322 [scr:31.96]; CHEMBL398448 [scr:31.96]; CHEMBL187299 [scr:22.37]; CHEMBL489310 [scr:21.65]
TACR1 (P25103),TAC1 (P20366); TMEM147 (Q9BVK8); CCDC167 (Q9P0B6),R-HSA-380095 Tachykinin receptors bind tachykinins[scr:29383]; R-HSA-416476 G alpha (q) signalling events[scr:835]; R-HSA-8856825 Cargo recognition for clathrin-mediated endocytosis[scr:87]; R-HSA-8856828 Clathrin-mediated endocytosis[scr:71]; hsa04080 Neuroactive ligand-receptor interaction[scr:46]; hsa04020 Calcium signaling pathway[scr:20],,,DB00673 Aprepitant[scr:9999999]; DB06634 Casopitant[scr:1363]; DB05466 R673[scr:681]; DB12436 Vofopitant[scr:681]; DB09048 Netupitant[scr:681]; DB05790 SR 140333[scr:681]; DB05421 CP-122721[scr:681]; DB11949 Vestipitant[scr:681],,CHEMBL395322 [scr:31.96]; CHEMBL398448 [scr:31.96]; CHEMBL525003 [scr:27.12]; CHEMBL1807271 [scr:24.86]; CHEMBL1809064 [scr:24.86]; CHEMBL526913 [scr:22.95]; CHEMBL1808905 [scr:22.95]; CHEMBL187299 [scr:22.37]; CHEMBL489310 [scr:21.65]; CHEMBL314189 [scr:21.31]
TACR3 (P29371),TAC3 (Q9UHF0),R-HSA-380095 Tachykinin receptors bind tachykinins[scr:29383]; R-HSA-416476 G alpha (q) signalling events[scr:835]; hsa04080 Neuroactive ligand-receptor interaction[scr:46]; hsa04020 Calcium signaling pathway[scr:20],HP:0030019 Increased female libido[scr:134]; HP:0003782 Eunuchoid habitus[scr:115]; HP:0008197 Absence of pubertal development[scr:110]; HP:0031845 Abnormal libido[scr:110]; HP:0000134 Female hypogonadism[scr:93]; HP:0030260 Microphallus[scr:76]; HP:0000026 Male hypogonadism[scr:71]; HP:0002761 Generalized joint laxity[scr:67]; HP:0003187 Breast hypoplasia[scr:60]; HP:0000458 Anosmia[scr:59],Orphanet:432 Normosmic congenital hypogonadotropic hypogonadism (EFO)[scr:108]; Orphanet:478 Kallmann syndrome (EFO)[scr:29]; H00255 Hypogonadotropic hypogonadism (KEGG)[scr:91],DB00673 Aprepitant[scr:9999999]; DB06429 Talnetant[scr:681],,CHEMBL395322 [scr:31.96]; CHEMBL398448 [scr:31.96]; CHEMBL525003 [scr:27.12]; CHEMBL1807271 [scr:24.86]; CHEMBL1809064 [scr:24.86]; CHEMBL526913 [scr:22.95]; CHEMBL1808905 [scr:22.95]; CHEMBL187299 [scr:22.37]; CHEMBL489310 [scr:21.65]; CHEMBL314189 [scr:21.31]
TAC3 (Q9UHF0),TACR3 (P29371),R-HSA-380095 Tachykinin receptors bind tachykinins[scr:29383]; R-HSA-416476 G alpha (q) signalling events[scr:835]; hsa04080 Neuroactive ligand-receptor interaction[scr:46],HP:0030019 Increased female libido[scr:134]; HP:0003782 Eunuchoid habitus[scr:115]; HP:0008197 Absence of pubertal development[scr:110]; HP:0031845 Abnormal libido[scr:110]; HP:0000134 Female hypogonadism[scr:93]; HP:0000026 Male hypogonadism[scr:71]; HP:0002761 Generalized joint laxity[scr:67]; HP:0003187 Breast hypoplasia[scr:60]; HP:0000458 Anosmia[scr:59],Orphanet:432 Normosmic congenital hypogonadotropic hypogonadism (EFO)[scr:108]; H00255 Hypogonadotropic hypogonadism (KEGG)[scr:91],,,
TAC1 (P20366),TACR1 (P25103),R-HSA-380095 Tachykinin receptors bind tachykinins[scr:29383]; R-HSA-416476 G alpha (q) signalling events[scr:835]; hsa04080 Neuroactive ligand-receptor interaction[scr:46],,,,,
TMEM147 (Q9BVK8),TACR1 (P25103),,,,,,
CCDC167 (Q9P0B6),TACR1 (P25103),,,,,,
