Core Proteins,Interacting Proteins,Pathways,HPO terms,Diseases,Targeting Drugs,Experimental Bioactive Compounds (pChEMBL),Predicted interacting Compounds
ACHE (P22303),COLQ (Q9Y215); ENO1 (P06733),R-HSA-112311 Neurotransmitter clearance[scr:1148]; R-HSA-422085 Synthesis- secretion- and deacylation of Ghrelin[scr:242],,,DB01364 Ephedrine[scr:9999999]; DB02166 Propidium[scr:341]; DB08996 Dimetacrine[scr:341]; DB02226 3-8-Diamino-6-Phenyl-5-[6-[1-[2-[(1-2-3-4-Tetrahydro-9-Acridinyl)Amino]Ethyl]-1h-1-2-3-Triazol-4-Yl]Hexyl]-Phenanthridinium[scr:341]; DB02404 1-Deoxy-1-Thio-Heptaethylene Glycol[scr:341],,
SLC6A2 (P23975),,R-HSA-5619109 Defective SLC6A2 causes orthostatic intolerance (OI)[scr:4591]; R-HSA-442660 Na+/Cl- dependent neurotransmitter transporters[scr:967]; hsa04721 Synaptic vesicle cycle[scr:25],HP:0012173 Orthostatic tachycardia[scr:302],EFO:1000645 orthostatic intolerance (EFO)[scr:257]; H01031 Orthostatic intolerance (KEGG)[scr:262],DB01364 Ephedrine[scr:9999999]; DB01576 Dextroamphetamine[scr:511]; DB01579 Phendimetrazine[scr:454]; DB09185 Viloxazine[scr:341],,
ADRA1A (P35348),CXCR4 (P61073),R-HSA-390696 Adrenoceptors[scr:510]; hsa04020 Calcium signaling pathway[scr:10],,,DB01364 Ephedrine[scr:9999999]; DB06706 Isometheptene[scr:681]; DB01576 Dextroamphetamine[scr:511]; DB01579 Phendimetrazine[scr:454]; DB00610 Metaraminol[scr:341],,CHEMBL2322865 [scr:37.29]; CHEMBL3953123 [scr:37.29]; CHEMBL2304318 [scr:37.29]; CHEMBL1546320 [scr:37.29]; CHEMBL1546359 [scr:37.29]; CHEMBL3958782 [scr:37.29]; CHEMBL1563413 [scr:37.29]; CHEMBL2338804 [scr:37.29]; CHEMBL3930529 [scr:37.29]; CHEMBL3922878 [scr:37.29]
SLC18A2 (Q05940),BRICD5 (Q6PL45); CXCR2 (P25025); TOMM6 (Q96B49); CFHR5 (Q9BXR6); MFSD5 (Q6N075); NKG7 (Q16617); SLC7A1 (P30825),R-HSA-442660 Na+/Cl- dependent neurotransmitter transporters[scr:967]; R-HSA-181429 Serotonin Neurotransmitter Release Cycle[scr:255]; R-HSA-181430 Norepinephrine Neurotransmitter Release Cycle[scr:255]; hsa04721 Synaptic vesicle cycle[scr:25],HP:0030215 Inappropriate crying[scr:151],Orphanet:238455 Infantile dystonia-parkinsonism (EFO)[scr:129],DB01364 Ephedrine[scr:9999999]; DB06706 Isometheptene[scr:681]; DB01576 Dextroamphetamine[scr:511],,
BRICD5 (Q6PL45),SLC18A2 (Q05940),,,,,,
COLQ (Q9Y215),ACHE (P22303),,HP:0030203 Unfavorable response of muscle weakness to acetylcholine esterase inhibitors[scr:151]; HP:0003436 Prolonged miniature endplate currents[scr:101]; HP:0030211 Slow pupillary light response[scr:76],Orphanet:98915 Synaptic congenital myasthenic syndromes (EFO)[scr:257]; Orphanet:590 Congenital myasthenic syndromes (EFO)[scr:13]; H00770 Congenital myasthenic syndrome (KEGG)[scr:10],,,
CXCR2 (P25025),SLC18A2 (Q05940),R-HSA-380108 Chemokine receptors bind chemokines[scr:383]; hsa04061 Viral protein interaction with cytokine and cytokine receptor[scr:19]; hsa04062 Chemokine signaling pathway[scr:10]; hsa04144 Endocytosis[scr:8]; hsa04060 Cytokine-cytokine receptor interaction[scr:7],,,,,
TOMM6 (Q96B49),SLC18A2 (Q05940),,,,,,
CFHR5 (Q9BXR6),SLC18A2 (Q05940),,,Orphanet:329931 C3 glomerulonephritis (EFO)[scr:257]; Orphanet:329918 Non-immunoglobulin-mediated membranoproliferative glomerulonephritis (EFO)[scr:129]; Orphanet:54370 Primary membranoproliferative glomerulonephritis (EFO)[scr:86]; H01726 Membranoproliferative glomerulonephritis (KEGG)[scr:87],,,
MFSD5 (Q6N075),SLC18A2 (Q05940),,,,,,
NKG7 (Q16617),SLC18A2 (Q05940),,,,,,
SLC7A1 (P30825),SLC18A2 (Q05940),,,,,,
ENO1 (P06733),ACHE (P22303),hsa00010 Glycolysis / Gluconeogenesis[scr:7]; hsa03018 RNA degradation[scr:6]; hsa01230 Biosynthesis of amino acids[scr:6],,,,,
CXCR4 (P61073),ADRA1A (P35348); CXCR4 (P61073),R-HSA-173107 Binding and entry of HIV virion[scr:1148]; R-HSA-380108 Chemokine receptors bind chemokines[scr:383]; R-HSA-376176 Signaling by ROBO receptors[scr:306]; hsa04061 Viral protein interaction with cytokine and cytokine receptor[scr:19]; hsa04672 Intestinal immune network for IgA production[scr:11]; hsa04062 Chemokine signaling pathway[scr:10]; hsa04020 Calcium signaling pathway[scr:10]; hsa04144 Endocytosis[scr:8]; hsa04060 Cytokine-cytokine receptor interaction[scr:7],HP:0031160 Myelokathexis[scr:302]; HP:0000166 Severe periodontitis[scr:151]; HP:0011850 Parotitis[scr:101]; HP:0032241 Cervical neoplasm[scr:76]; HP:0030079 Cervix cancer[scr:76],Orphanet:51636 WHIM syndrome (EFO)[scr:257]; H00097 Chemokine receptor defect (KEGG)[scr:262],,,
