Core Proteins,Interacting Proteins,Pathways,HPO terms,Diseases,Targeting Drugs,Experimental Bioactive Compounds (pChEMBL),Predicted interacting Compounds
CACNA1G (O43497),,hsa04020 Calcium signaling pathway[scr:160]; hsa04713 Circadian entrainment[scr:91]; hsa04925 Aldosterone synthesis and secretion[scr:90],,,DB04841 Flunarizine[scr:9999999]; DB00153 Ergocalciferol[scr:1651],,
CACNA1H (O95180),,hsa04020 Calcium signaling pathway[scr:160]; hsa04713 Circadian entrainment[scr:91]; hsa04925 Aldosterone synthesis and secretion[scr:90],,,DB04841 Flunarizine[scr:9999999]; DB00153 Ergocalciferol[scr:1651],,
LMNA (P02545),TMPO (P42166); ZMPSTE24 (O75844); ALOX12 (P18054); LMNB2 (Q03252),,HP:0009002 Loss of truncal subcutaneous adipose tissue[scr:488]; HP:0001870 Acroosteolysis of distal phalanges (feet)[scr:325]; HP:0012478 Temporomandibular joint ankylosis[scr:325]; HP:0010189 Osteolytic defects of the distal phalanges of the toes[scr:325]; HP:0011414 Hydropic placenta[scr:325]; HP:0005253 Increased anterioposterior diameter of thorax[scr:325]; HP:0011832 Narrow nasal tip[scr:325]; HP:0006224 Tapering pointed ends of distal finger phalanges[scr:217]; HP:0000905 Progressive clavicular acroosteolysis[scr:217],Orphanet:1662 Lethal restrictive dermopathy (EFO)[scr:277]; Orphanet:2457 Mandibuloacral dysplasia (EFO)[scr:277]; Orphanet:98855 Autosomal recessive Emery-Dreifuss muscular dystrophy (EFO)[scr:139]; Orphanet:90153 Mandibuloacral dysplasia with type A lipodystrophy (EFO)[scr:139]; Orphanet:740 Hutchinson-Gilford progeria syndrome (EFO)[scr:139]; Orphanet:300751 Familial dilated cardiomyopathy with conduction defect due to LMNA mutation (EFO)[scr:139]; H00663 Restrictive dermopathy (KEGG)[scr:282]; H00665 Mandibuloacral dysplasia (KEGG)[scr:282]; H00601 Hutchinson-Gilford progeria syndrome (KEGG)[scr:141]; H00420 Familial partial lipodystrophy (KEGG)[scr:81],DB04841 Flunarizine[scr:9999999],,
ADRA2A (P08913),ADRA2A (P08913); ADRA2C (P18825),R-HSA-392023 Adrenaline signalling through Alpha-2 adrenergic receptor[scr:3296]; R-HSA-390696 Adrenoceptors[scr:1099]; hsa04080 Neuroactive ligand-receptor interaction[scr:93],,,DB04841 Flunarizine[scr:9999999]; DB00433 Prochlorperazine[scr:2935]; DB00502 Haloperidol[scr:2620]; DB00715 Paroxetine[scr:2293]; DB01175 Escitalopram[scr:1957]; DB00477 Chlorpromazine[scr:1016]; DB00656 Trazodone[scr:943],,
CALM1 (P0DP23),,R-HSA-111997 CaM pathway[scr:2472]; hsa04020 Calcium signaling pathway[scr:160]; hsa04020 Calcium signaling pathway[scr:160]; hsa04020 Calcium signaling pathway[scr:160]; hsa04750 Inflammatory mediator regulation of TRP channels[scr:157]; hsa04750 Inflammatory mediator regulation of TRP channels[scr:157]; hsa04750 Inflammatory mediator regulation of TRP channels[scr:157]; hsa04713 Circadian entrainment[scr:91]; hsa04713 Circadian entrainment[scr:91]; hsa04713 Circadian entrainment[scr:91]; hsa04925 Aldosterone synthesis and secretion[scr:90]; hsa04925 Aldosterone synthesis and secretion[scr:90]; hsa04925 Aldosterone synthesis and secretion[scr:90]; hsa04744 Phototransduction[scr:70]; hsa04744 Phototransduction[scr:70]; hsa04744 Phototransduction[scr:70]; hsa04971 Gastric acid secretion[scr:51]; hsa04971 Gastric acid secretion[scr:51]; hsa04971 Gastric acid secretion[scr:51]; hsa04728 Dopaminergic synapse[scr:47]; hsa04728 Dopaminergic synapse[scr:47]; hsa04728 Dopaminergic synapse[scr:47]; hsa04970 Salivary secretion[scr:44]; hsa04970 Salivary secretion[scr:44]; hsa04970 Salivary secretion[scr:44],,,DB04841 Flunarizine[scr:9999999]; DB00477 Chlorpromazine[scr:1016],,
DRD2 (P14416),DRD2 (P14416); SIGMAR1 (Q99720); NTSR1 (P30989),R-HSA-390651 Dopamine receptors[scr:1978]; hsa04080 Neuroactive ligand-receptor interaction[scr:93]; hsa04728 Dopaminergic synapse[scr:47],,H01611 Alcohol dependence (KEGG)[scr:71],DB04841 Flunarizine[scr:9999999]; DB00433 Prochlorperazine[scr:2935]; DB00502 Haloperidol[scr:2620]; DB00715 Paroxetine[scr:2293]; DB01175 Escitalopram[scr:1957]; DB00477 Chlorpromazine[scr:1016]; DB06077 Lumateperone[scr:825],,
ADRA2C (P18825),ADRA2C (P18825); ADRA2A (P08913); CNPY2 (Q9Y2B0),R-HSA-392023 Adrenaline signalling through Alpha-2 adrenergic receptor[scr:3296]; R-HSA-390696 Adrenoceptors[scr:1099]; hsa04080 Neuroactive ligand-receptor interaction[scr:93],,,DB04841 Flunarizine[scr:9999999]; DB00433 Prochlorperazine[scr:2935]; DB00502 Haloperidol[scr:2620]; DB00715 Paroxetine[scr:2293]; DB01175 Escitalopram[scr:1957]; DB00477 Chlorpromazine[scr:1016],,
CHRM3 (P20309),NALCN (Q8IZF0),hsa04020 Calcium signaling pathway[scr:160]; hsa04080 Neuroactive ligand-receptor interaction[scr:93]; hsa04971 Gastric acid secretion[scr:51]; hsa04970 Salivary secretion[scr:44],,Orphanet:2970 Prune belly syndrome (EFO)[scr:139]; H02129 Prune belly syndrome (KEGG)[scr:141],DB04841 Flunarizine[scr:9999999]; DB00502 Haloperidol[scr:2620]; DB00715 Paroxetine[scr:2293]; DB00477 Chlorpromazine[scr:1016],,
HTR2A (P28223),HTR2A (P28223); HTR2C (P28335); HTR1A (P08908); CNR1 (P21554),R-HSA-390666 Serotonin receptors[scr:1854]; hsa04020 Calcium signaling pathway[scr:160]; hsa04750 Inflammatory mediator regulation of TRP channels[scr:157]; hsa04080 Neuroactive ligand-receptor interaction[scr:93]; hsa04726 Serotonergic synapse[scr:83],HP:0012166 Skin-picking[scr:325],H01450 Obsessive-compulsive disorder (KEGG)[scr:81]; H01611 Alcohol dependence (KEGG)[scr:71]; H01646 Major depressive disorder (KEGG)[scr:47]; H01649 Schizophrenia (KEGG)[scr:47],DB04841 Flunarizine[scr:9999999]; DB00502 Haloperidol[scr:2620]; DB00715 Paroxetine[scr:2293]; DB01175 Escitalopram[scr:1957]; DB00924 Cyclobenzaprine[scr:1651]; DB00477 Chlorpromazine[scr:1016]; DB00656 Trazodone[scr:943]; DB06077 Lumateperone[scr:825],,
HTR2C (P28335),HTR2C (P28335); HTR2A (P28223),R-HSA-390666 Serotonin receptors[scr:1854]; hsa04020 Calcium signaling pathway[scr:160]; hsa04750 Inflammatory mediator regulation of TRP channels[scr:157]; hsa04080 Neuroactive ligand-receptor interaction[scr:93]; hsa04726 Serotonergic synapse[scr:83],,,DB04841 Flunarizine[scr:9999999]; DB00502 Haloperidol[scr:2620]; DB00715 Paroxetine[scr:2293]; DB01175 Escitalopram[scr:1957]; DB00924 Cyclobenzaprine[scr:1651]; DB00477 Chlorpromazine[scr:1016]; DB00656 Trazodone[scr:943],,CHEMBL2024510 [scr:80.31]; CHEMBL1643356 [scr:64.25]; CHEMBL1681844 [scr:64.25]; CHEMBL3953042 [scr:64.25]; CHEMBL3692610 [scr:60.23]; CHEMBL3214536 [scr:60.23]; CHEMBL3589742 [scr:60.23]; CHEMBL3580950 [scr:60.23]; CHEMBL3216833 [scr:60.23]
SLC6A4 (P31645),,R-HSA-380615 Serotonin clearance from the synaptic cleft[scr:2472]; hsa04726 Serotonergic synapse[scr:83],HP:0012166 Skin-picking[scr:325],H01450 Obsessive-compulsive disorder (KEGG)[scr:81],DB04841 Flunarizine[scr:9999999]; DB00715 Paroxetine[scr:2293]; DB01175 Escitalopram[scr:1957]; DB00924 Cyclobenzaprine[scr:1651]; DB00656 Trazodone[scr:943]; DB06077 Lumateperone[scr:825],,CHEMBL2024510 [scr:80.31]; CHEMBL1643356 [scr:64.25]; CHEMBL1681844 [scr:64.25]; CHEMBL3953042 [scr:64.25]; CHEMBL3692610 [scr:60.23]; CHEMBL3214536 [scr:60.23]; CHEMBL3589742 [scr:60.23]; CHEMBL3580950 [scr:60.23]; CHEMBL3216833 [scr:60.23]; CHEMBL3805878 [scr:60.23]
HRH1 (P35367),,hsa04020 Calcium signaling pathway[scr:160]; hsa04750 Inflammatory mediator regulation of TRP channels[scr:157]; hsa04080 Neuroactive ligand-receptor interaction[scr:93],,,DB04841 Flunarizine[scr:9999999]; DB00433 Prochlorperazine[scr:2935]; DB00502 Haloperidol[scr:2620]; DB00715 Paroxetine[scr:2293]; DB01175 Escitalopram[scr:1957]; DB00477 Chlorpromazine[scr:1016]; DB00656 Trazodone[scr:943],,CHEMBL2024510 [scr:80.31]; CHEMBL1643356 [scr:64.25]; CHEMBL1681844 [scr:64.25]; CHEMBL3953042 [scr:64.25]; CHEMBL3692610 [scr:60.23]; CHEMBL3589742 [scr:60.23]; CHEMBL3580950 [scr:60.23]; CHEMBL3805878 [scr:60.23]
DRD3 (P35462),,R-HSA-390651 Dopamine receptors[scr:1978]; hsa04080 Neuroactive ligand-receptor interaction[scr:93]; hsa04728 Dopaminergic synapse[scr:47],,H01649 Schizophrenia (KEGG)[scr:47],DB04841 Flunarizine[scr:9999999]; DB00502 Haloperidol[scr:2620]; DB00477 Chlorpromazine[scr:1016],,
CYP2J2 (P51589),,hsa04750 Inflammatory mediator regulation of TRP channels[scr:157]; hsa04726 Serotonergic synapse[scr:83],,,DB04841 Flunarizine[scr:9999999],,
SIGMAR1 (Q99720),DRD2 (P14416),,,Orphanet:139552 Distal hereditary motor neuropathy- Jerash type (EFO)[scr:139],DB04841 Flunarizine[scr:9999999]; DB00502 Haloperidol[scr:2620],,
CACNA1I (Q9P0X4),CATSPER2 (Q96P56),hsa04020 Calcium signaling pathway[scr:160]; hsa04713 Circadian entrainment[scr:91]; hsa04925 Aldosterone synthesis and secretion[scr:90],,,DB04841 Flunarizine[scr:9999999]; DB00153 Ergocalciferol[scr:1651],,
CATSPER2 (Q96P56),CACNA1I (Q9P0X4),,,,,,
TMPO (P42166),LMNA (P02545),,,,,,
HTR1A (P08908),HTR2A (P28223),R-HSA-390666 Serotonin receptors[scr:1854]; hsa04080 Neuroactive ligand-receptor interaction[scr:93]; hsa04726 Serotonergic synapse[scr:83],,,DB00502 Haloperidol[scr:2620]; DB00715 Paroxetine[scr:2293]; DB01175 Escitalopram[scr:1957]; DB00477 Chlorpromazine[scr:1016]; DB00656 Trazodone[scr:943],,CHEMBL2024510 [scr:80.31]; CHEMBL1643356 [scr:64.25]; CHEMBL1681844 [scr:64.25]; CHEMBL3953042 [scr:64.25]; CHEMBL3214536 [scr:60.23]; CHEMBL3216833 [scr:60.23]; CHEMBL3805878 [scr:60.23]
CNR1 (P21554),HTR2A (P28223); CNR1 (P21554),hsa04080 Neuroactive ligand-receptor interaction[scr:93],,,,,
CNPY2 (Q9Y2B0),ADRA2C (P18825),,,,,,
NTSR1 (P30989),DRD2 (P14416); NTSR1 (P30989),hsa04020 Calcium signaling pathway[scr:160]; hsa04080 Neuroactive ligand-receptor interaction[scr:93],,,,,
NALCN (Q8IZF0),CHRM3 (P20309),,,Orphanet:371364 Hypotonia-speech impairment-severe cognitive delay syndrome (EFO)[scr:139]; H01922 Infantile hypotonia with psychomotor retardation and characteristic facies (KEGG)[scr:35],,,
ZMPSTE24 (O75844),LMNA (P02545),,HP:0009002 Loss of truncal subcutaneous adipose tissue[scr:488]; HP:0001870 Acroosteolysis of distal phalanges (feet)[scr:325]; HP:0012478 Temporomandibular joint ankylosis[scr:325]; HP:0010189 Osteolytic defects of the distal phalanges of the toes[scr:325]; HP:0011414 Hydropic placenta[scr:325]; HP:0005253 Increased anterioposterior diameter of thorax[scr:325]; HP:0011832 Narrow nasal tip[scr:325]; HP:0006224 Tapering pointed ends of distal finger phalanges[scr:217]; HP:0000905 Progressive clavicular acroosteolysis[scr:217],Orphanet:1662 Lethal restrictive dermopathy (EFO)[scr:277]; Orphanet:2457 Mandibuloacral dysplasia (EFO)[scr:277]; Orphanet:90154 Mandibuloacral dysplasia with type B lipodystrophy (EFO)[scr:139]; H00663 Restrictive dermopathy (KEGG)[scr:282]; H00665 Mandibuloacral dysplasia (KEGG)[scr:282],,,
ALOX12 (P18054),LMNA (P02545),R-HSA-2142696 Synthesis of Hepoxilins (HX) and Trioxilins (TrX)[scr:2472]; R-HSA-9026290 Biosynthesis of DPAn-3-derived maresins[scr:1236]; R-HSA-9025106 Biosynthesis of DPAn-6 SPMs[scr:1236]; R-HSA-9018677 Biosynthesis of DHA-derived SPMs[scr:824]; hsa04750 Inflammatory mediator regulation of TRP channels[scr:157]; hsa04726 Serotonergic synapse[scr:83],,,,,
LMNB2 (Q03252),LMNA (P02545); LMNB2 (Q03252),,HP:0009002 Loss of truncal subcutaneous adipose tissue[scr:488],H00420 Familial partial lipodystrophy (KEGG)[scr:81],,,
