Core Proteins,Interacting Proteins,Pathways,HPO terms,Diseases,Targeting Drugs,Experimental Bioactive Compounds (pChEMBL),Predicted interacting Compounds
AURKA (O14965),PTPRD (P23468); INCENP (Q9NQS7); INCENP (Q9NQS7); AURKAIP1 (Q9NWT8); BIRC5 (O15392),R-HSA-8854521 Interaction between PHLDA1 and AURKA[scr:2143]; R-HSA-4615885 SUMOylation of DNA replication proteins[scr:1490]; hsa04914 Progesterone-mediated oocyte maturation[scr:77]; hsa04114 Oocyte meiosis[scr:32],,,DB07562 N-[4-(2-4-DIMETHYL-THIAZOL-5-YL)-PYRIMIDIN-2-YL]-N'-N'-DIMETHYL-BENZENE-1-4-DIAMINE[scr:9999999],,
CCNA2 (P20248),CDK2 (P24941); UHRF2 (Q96PU4),R-HSA-68911 G2 Phase[scr:3428]; R-HSA-69563 p53-Dependent G1 DNA Damage Response[scr:2449]; R-HSA-69273 Cyclin A/B1/B2 associated events during G2/M transition[scr:1543]; R-HSA-170145 Phosphorylation of proteins involved in the G2/M transition by Cyclin A:Cdc2 complexes[scr:1428]; R-HSA-6804116 TP53 Regulates Transcription of Genes Involved in G1 Cell Cycle Arrest[scr:1224]; R-HSA-1538133 G0 and Early G1[scr:952]; hsa04914 Progesterone-mediated oocyte maturation[scr:77]; hsa04110 Cell cycle[scr:33]; hsa04218 Cellular senescence[scr:25]; hsa04152 AMPK signaling pathway[scr:4],,,DB07562 N-[4-(2-4-DIMETHYL-THIAZOL-5-YL)-PYRIMIDIN-2-YL]-N'-N'-DIMETHYL-BENZENE-1-4-DIAMINE[scr:9999999]; DB07126 O6-CYCLOHEXYLMETHOXY-2-(4'-SULPHAMOYLANILINO) PURINE[scr:636]; DB08241 4-(6-CYCLOHEXYLMETHOXY-9H-PURIN-2-YLAMINO)--BENZAMIDE[scr:636]; DB08233 6-CYCLOHEXYLMETHYLOXY-2-(4'-HYDROXYANILINO)PURINE[scr:636]; DB08219 4-Methyl-5-[(2Z)-2-{[4-(4-morpholinyl)phenyl]imino}-2-5-dihydro-4-pyrimidinyl]-1-3-thiazol-2-amine[scr:636]; DB08218 HYDROXY(OXO)(3-{[(2Z)-4-[3-(1H-1-2-4-TRIAZOL-1-YLMETHYL)PHENYL]PYRIMIDIN-2(5H)-YLIDENE]AMINO}PHENYL)AMMONIUM[scr:636]; DB08182 4-(4-propoxy-1H-pyrrolo[2-3-b]pyridin-3-yl)pyrimidin-2-amine[scr:636]; DB08178 4-(4-methoxy-1H-pyrrolo[2-3-b]pyridin-3-yl)pyrimidin-2-amine[scr:636]; DB06844 4-[(7-OXO-7H-THIAZOLO[5-4-E]INDOL-8-YLMETHYL)-AMINO]-N-PYRIDIN-2-YL-BENZENESULFONAMIDE[scr:636]; DB06944 N-(3-cyclopropyl-1H-pyrazol-5-yl)-2-(2-naphthyl)acetamide[scr:636],,
CDK2 (P24941),CCNA2 (P20248); MAPK15 (Q8TD08); CDKN3 (Q16667); UHRF2 (Q96PU4); CCNB2 (O95067); STOML1 (Q9UBI4); SCML2 (Q9UQR0); SCML2 (Q9UQR0),R-HSA-68911 G2 Phase[scr:3428]; R-HSA-69563 p53-Dependent G1 DNA Damage Response[scr:2449]; R-HSA-69273 Cyclin A/B1/B2 associated events during G2/M transition[scr:1543]; R-HSA-6804116 TP53 Regulates Transcription of Genes Involved in G1 Cell Cycle Arrest[scr:1224]; R-HSA-69200 Phosphorylation of proteins involved in G1/S transition by active Cyclin E:Cdk2 complexes[scr:1071]; R-HSA-1538133 G0 and Early G1[scr:952]; hsa04914 Progesterone-mediated oocyte maturation[scr:77]; hsa04110 Cell cycle[scr:33]; hsa04114 Oocyte meiosis[scr:32]; hsa04115 p53 signaling pathway[scr:25]; hsa04218 Cellular senescence[scr:25]; hsa04068 FoxO signaling pathway[scr:14],,,DB07562 N-[4-(2-4-DIMETHYL-THIAZOL-5-YL)-PYRIMIDIN-2-YL]-N'-N'-DIMETHYL-BENZENE-1-4-DIAMINE[scr:9999999]; DB07126 O6-CYCLOHEXYLMETHOXY-2-(4'-SULPHAMOYLANILINO) PURINE[scr:636]; DB08241 4-(6-CYCLOHEXYLMETHOXY-9H-PURIN-2-YLAMINO)--BENZAMIDE[scr:636]; DB08233 6-CYCLOHEXYLMETHYLOXY-2-(4'-HYDROXYANILINO)PURINE[scr:636]; DB08219 4-Methyl-5-[(2Z)-2-{[4-(4-morpholinyl)phenyl]imino}-2-5-dihydro-4-pyrimidinyl]-1-3-thiazol-2-amine[scr:636]; DB08218 HYDROXY(OXO)(3-{[(2Z)-4-[3-(1H-1-2-4-TRIAZOL-1-YLMETHYL)PHENYL]PYRIMIDIN-2(5H)-YLIDENE]AMINO}PHENYL)AMMONIUM[scr:636]; DB08182 4-(4-propoxy-1H-pyrrolo[2-3-b]pyridin-3-yl)pyrimidin-2-amine[scr:636]; DB08178 4-(4-methoxy-1H-pyrrolo[2-3-b]pyridin-3-yl)pyrimidin-2-amine[scr:636]; DB06844 4-[(7-OXO-7H-THIAZOLO[5-4-E]INDOL-8-YLMETHYL)-AMINO]-N-PYRIDIN-2-YL-BENZENESULFONAMIDE[scr:636]; DB06944 N-(3-cyclopropyl-1H-pyrazol-5-yl)-2-(2-naphthyl)acetamide[scr:636],,
CDK9 (P50750),,R-HSA-176034 Interactions of Tat with host cellular proteins[scr:2143],,,DB07562 N-[4-(2-4-DIMETHYL-THIAZOL-5-YL)-PYRIMIDIN-2-YL]-N'-N'-DIMETHYL-BENZENE-1-4-DIAMINE[scr:9999999],,
AURKB (Q96GD4),INCENP (Q9NQS7); INCENP (Q9NQS7); BIRC5 (O15392); BIRC5 (O15392); BIRC5 (O15392),R-HSA-4615885 SUMOylation of DNA replication proteins[scr:1490],,,DB07562 N-[4-(2-4-DIMETHYL-THIAZOL-5-YL)-PYRIMIDIN-2-YL]-N'-N'-DIMETHYL-BENZENE-1-4-DIAMINE[scr:9999999],,CHEMBL3653619 [scr:34.8]; CHEMBL3922034 [scr:34.8]; CHEMBL3642870 [scr:34.8]; CHEMBL3963190 [scr:34.8]; CHEMBL2047869 [scr:34.8]; CHEMBL3642135 [scr:34.8]; CHEMBL3985165 [scr:34.8]; CHEMBL3920718 [scr:34.8]; CHEMBL3641645 [scr:34.8]; CHEMBL3921400 [scr:34.8]
PTPRD (P23468),AURKA (O14965),,,,,,
MAPK15 (Q8TD08),CDK2 (P24941),hsa04657 IL-17 signaling pathway[scr:5],,,,,
CDKN3 (Q16667),CDK2 (P24941),,,EFO:0000182 hepatocellular carcinoma (EFO)[scr:40]; EFO:0000762 hepatocellular adenoma (EFO)[scr:34],,,
INCENP (Q9NQS7),AURKA (O14965); AURKB (Q96GD4); BIRC5 (O15392),R-HSA-4615885 SUMOylation of DNA replication proteins[scr:1490],,,,,
UHRF2 (Q96PU4),CCNA2 (P20248); CDK2 (P24941),,,,,,
CCNB2 (O95067),CDK2 (P24941),R-HSA-69273 Cyclin A/B1/B2 associated events during G2/M transition[scr:1543]; hsa04914 Progesterone-mediated oocyte maturation[scr:77]; hsa04110 Cell cycle[scr:33]; hsa04114 Oocyte meiosis[scr:32]; hsa04115 p53 signaling pathway[scr:25]; hsa04218 Cellular senescence[scr:25]; hsa04068 FoxO signaling pathway[scr:14],,,,,
AURKAIP1 (Q9NWT8),AURKA (O14965),,,,,,
STOML1 (Q9UBI4),CDK2 (P24941),,,,,,
SCML2 (Q9UQR0),CDK2 (P24941),,,,,,
BIRC5 (O15392),AURKA (O14965); AURKB (Q96GD4); BIRC5 (O15392); INCENP (Q9NQS7),R-HSA-4615885 SUMOylation of DNA replication proteins[scr:1490]; hsa04215 Apoptosis[scr:14]; hsa04210 Apoptosis[scr:3],,,,,
