Core Proteins,Interacting Proteins,Pathways,HPO terms,Diseases,Targeting Drugs,Experimental Bioactive Compounds (pChEMBL),Predicted interacting Compounds
ADRA2A (P08913),ADRA2A (P08913); ADRA2C (P18825),R-HSA-390696 Adrenoceptors[scr:8502]; R-HSA-392023 Adrenaline signalling through Alpha-2 adrenergic receptor[scr:4081]; hsa04080 Neuroactive ligand-receptor interaction[scr:95]; hsa04022 cGMP-PKG signaling pathway[scr:47],,,DB00590 Doxazosin[scr:9999999]; DB00433 Prochlorperazine[scr:8175]; DB00715 Paroxetine[scr:3435]; DB01175 Escitalopram[scr:3066]; DB00477 Chlorpromazine[scr:1965]; DB00457 Prazosin[scr:1817]; DB01069 Promethazine[scr:1672]; DB06229 Ocaperidone[scr:1672],,
ADRA2C (P18825),ADRA2C (P18825); ADRA2A (P08913); CNPY2 (Q9Y2B0); KRT34 (O76011),R-HSA-390696 Adrenoceptors[scr:8502]; R-HSA-392023 Adrenaline signalling through Alpha-2 adrenergic receptor[scr:4081]; hsa04080 Neuroactive ligand-receptor interaction[scr:95]; hsa04022 cGMP-PKG signaling pathway[scr:47],,,DB00590 Doxazosin[scr:9999999]; DB00433 Prochlorperazine[scr:8175]; DB00715 Paroxetine[scr:3435]; DB01175 Escitalopram[scr:3066]; DB00477 Chlorpromazine[scr:1965]; DB01069 Promethazine[scr:1672]; DB06229 Ocaperidone[scr:1672],,
ADRA1D (P25100),ADRA1D (P25100); CXCR4 (P61073); SNTB2 (Q13425); SNTA1 (Q13424),R-HSA-390696 Adrenoceptors[scr:8502]; R-HSA-416476 G alpha (q) signalling events[scr:626]; hsa04080 Neuroactive ligand-receptor interaction[scr:95]; hsa04020 Calcium signaling pathway[scr:80]; hsa04022 cGMP-PKG signaling pathway[scr:47]; hsa04970 Salivary secretion[scr:31]; hsa04270 Vascular smooth muscle contraction[scr:21]; hsa04261 Adrenergic signaling in cardiomyocytes[scr:19],,,DB00590 Doxazosin[scr:9999999]; DB00433 Prochlorperazine[scr:8175]; DB00715 Paroxetine[scr:3435]; DB01175 Escitalopram[scr:3066]; DB00490 Buspirone[scr:2839]; DB00477 Chlorpromazine[scr:1965]; DB00457 Prazosin[scr:1817]; DB01069 Promethazine[scr:1672]; DB06229 Ocaperidone[scr:1672],,CHEMBL1576301 [scr:124.29]; CHEMBL1586126 [scr:99.43]; CHEMBL3189813 [scr:88.78]; CHEMBL3605370 [scr:88.78]; CHEMBL1598015 [scr:88.78]; CHEMBL2356804 [scr:79.54]; CHEMBL3911188 [scr:79.54]; CHEMBL3745882 [scr:79.54]
HTR2C (P28335),HTR2C (P28335); HTR2B (P41595); HTR2A (P28223); HTR2A (P28223),R-HSA-390666 Serotonin receptors[scr:2296]; R-HSA-416476 G alpha (q) signalling events[scr:626]; hsa04080 Neuroactive ligand-receptor interaction[scr:95]; hsa04020 Calcium signaling pathway[scr:80]; hsa04540 Gap junction[scr:57]; hsa04750 Inflammatory mediator regulation of TRP channels[scr:27]; hsa04726 Serotonergic synapse[scr:26],,,DB00590 Doxazosin[scr:9999999]; DB00715 Paroxetine[scr:3435]; DB01175 Escitalopram[scr:3066]; DB00924 Cyclobenzaprine[scr:2044]; DB00477 Chlorpromazine[scr:1965]; DB06229 Ocaperidone[scr:1672],,CHEMBL1576301 [scr:124.29]; CHEMBL2323023 [scr:99.43]; CHEMBL3189813 [scr:88.78]; CHEMBL3605370 [scr:88.78]; CHEMBL1598015 [scr:88.78]; CHEMBL3669274 [scr:79.54]
ADRA1A (P35348),CXCR4 (P61073),R-HSA-390696 Adrenoceptors[scr:8502]; R-HSA-416476 G alpha (q) signalling events[scr:626]; hsa04080 Neuroactive ligand-receptor interaction[scr:95]; hsa04020 Calcium signaling pathway[scr:80]; hsa04022 cGMP-PKG signaling pathway[scr:47]; hsa04970 Salivary secretion[scr:31]; hsa04270 Vascular smooth muscle contraction[scr:21]; hsa04261 Adrenergic signaling in cardiomyocytes[scr:19],,,DB00590 Doxazosin[scr:9999999]; DB00433 Prochlorperazine[scr:8175]; DB00715 Paroxetine[scr:3435]; DB01175 Escitalopram[scr:3066]; DB00490 Buspirone[scr:2839]; DB00477 Chlorpromazine[scr:1965]; DB00457 Prazosin[scr:1817]; DB01069 Promethazine[scr:1672]; DB06229 Ocaperidone[scr:1672],,CHEMBL1576301 [scr:124.29]; CHEMBL1586126 [scr:99.43]; CHEMBL2323023 [scr:99.43]; CHEMBL3189813 [scr:88.78]; CHEMBL3605370 [scr:88.78]; CHEMBL1598015 [scr:88.78]; CHEMBL2356804 [scr:79.54]; CHEMBL3911188 [scr:79.54]; CHEMBL3669274 [scr:79.54]; CHEMBL3745882 [scr:79.54]
ADRA1B (P35368),CXCR4 (P61073); DRD4 (P21917),R-HSA-390696 Adrenoceptors[scr:8502]; R-HSA-416476 G alpha (q) signalling events[scr:626]; hsa04080 Neuroactive ligand-receptor interaction[scr:95]; hsa04020 Calcium signaling pathway[scr:80]; hsa04022 cGMP-PKG signaling pathway[scr:47]; hsa04970 Salivary secretion[scr:31]; hsa04270 Vascular smooth muscle contraction[scr:21]; hsa04261 Adrenergic signaling in cardiomyocytes[scr:19],,,DB00590 Doxazosin[scr:9999999]; DB00433 Prochlorperazine[scr:8175]; DB00715 Paroxetine[scr:3435]; DB01175 Escitalopram[scr:3066]; DB00490 Buspirone[scr:2839]; DB00477 Chlorpromazine[scr:1965]; DB00457 Prazosin[scr:1817]; DB01069 Promethazine[scr:1672]; DB06229 Ocaperidone[scr:1672],,CHEMBL1576301 [scr:124.29]; CHEMBL1586126 [scr:99.43]; CHEMBL2323023 [scr:99.43]; CHEMBL3189813 [scr:88.78]; CHEMBL3605370 [scr:88.78]; CHEMBL1598015 [scr:88.78]; CHEMBL2356804 [scr:79.54]; CHEMBL3911188 [scr:79.54]; CHEMBL3669274 [scr:79.54]; CHEMBL3745882 [scr:79.54]
HTR2B (P41595),HTR2C (P28335); HTR2A (P28223),R-HSA-390666 Serotonin receptors[scr:2296]; R-HSA-416476 G alpha (q) signalling events[scr:626]; hsa04080 Neuroactive ligand-receptor interaction[scr:95]; hsa04020 Calcium signaling pathway[scr:80]; hsa04540 Gap junction[scr:57]; hsa04750 Inflammatory mediator regulation of TRP channels[scr:27]; hsa04726 Serotonergic synapse[scr:26],,,DB00590 Doxazosin[scr:9999999]; DB00715 Paroxetine[scr:3435]; DB00924 Cyclobenzaprine[scr:2044]; DB00477 Chlorpromazine[scr:1965]; DB06229 Ocaperidone[scr:1672],,
SLC6A3 (Q01959),RIT2 (Q99578); DRD2 (P14416),R-HSA-379401 Dopamine clearance from the synaptic cleft[scr:3061]; R-HSA-5660724 Defective SLC6A3 causes Parkinsonism-dystonia infantile (PKDYS)[scr:3061]; R-HSA-5619081 Defective SLC6A3 causes Parkinsonism-dystonia infantile (PKDYS)[scr:3061]; hsa04728 Dopaminergic synapse[scr:21],HP:0031931 Ocular flutter[scr:101],Orphanet:238455 Infantile dystonia-parkinsonism (EFO)[scr:86],DB00590 Doxazosin[scr:9999999]; DB01175 Escitalopram[scr:3066],,
KCNH2 (Q12809),KCNH2 (Q12809); FRMD8 (Q9BZ67),R-HSA-1296072 Voltage gated Potassium channels[scr:641],HP:0500018 Abnormal cardiac exercise stress test[scr:50]; HP:0001688 Sinus bradycardia[scr:42],Orphanet:101016 Romano-Ward syndrome (EFO)[scr:62]; Orphanet:51083 Familial short QT syndrome (EFO)[scr:57]; Orphanet:768 Familial long QT syndrome (EFO)[scr:49]; H00725 Short QT syndrome (KEGG)[scr:58]; H00720 Long QT syndrome (KEGG)[scr:37],DB00590 Doxazosin[scr:9999999]; DB00477 Chlorpromazine[scr:1965]; DB00457 Prazosin[scr:1817]; DB01069 Promethazine[scr:1672],,
KCNH6 (Q9H252),,R-HSA-1296072 Voltage gated Potassium channels[scr:641],,,DB00590 Doxazosin[scr:9999999]; DB01069 Promethazine[scr:1672],,
KCNH7 (Q9NS40),,R-HSA-1296072 Voltage gated Potassium channels[scr:641],,,DB00590 Doxazosin[scr:9999999]; DB01069 Promethazine[scr:1672],,
HTR2A (P28223),HTR2C (P28335); HTR2B (P41595); HTR2A (P28223),R-HSA-390666 Serotonin receptors[scr:2296]; R-HSA-416476 G alpha (q) signalling events[scr:626]; hsa04080 Neuroactive ligand-receptor interaction[scr:95]; hsa04020 Calcium signaling pathway[scr:80]; hsa04540 Gap junction[scr:57]; hsa04750 Inflammatory mediator regulation of TRP channels[scr:27]; hsa04726 Serotonergic synapse[scr:26],HP:0012166 Skin-picking[scr:101],H01450 Obsessive-compulsive disorder (KEGG)[scr:100]; H01611 Alcohol dependence (KEGG)[scr:87]; H01646 Major depressive disorder (KEGG)[scr:58]; H01649 Schizophrenia (KEGG)[scr:15],DB00715 Paroxetine[scr:3435]; DB01175 Escitalopram[scr:3066]; DB00924 Cyclobenzaprine[scr:2044]; DB00477 Chlorpromazine[scr:1965]; DB06229 Ocaperidone[scr:1672],,
CXCR4 (P61073),ADRA1D (P25100); ADRA1A (P35348); ADRA1B (P35368); CXCR4 (P61073),R-HSA-173107 Binding and entry of HIV virion[scr:765]; hsa04020 Calcium signaling pathway[scr:80],HP:0031160 Myelokathexis[scr:201]; HP:0000166 Severe periodontitis[scr:101]; HP:0011850 Parotitis[scr:67]; HP:0032241 Cervical neoplasm[scr:50]; HP:0030079 Cervix cancer[scr:50],Orphanet:51636 WHIM syndrome (EFO)[scr:171]; H00097 Chemokine receptor defect (KEGG)[scr:175],,,
CNPY2 (Q9Y2B0),ADRA2C (P18825),,,,,,
RIT2 (Q99578),SLC6A3 (Q01959),,,,,,
SNTB2 (Q13425),ADRA1D (P25100),,,,,,
FRMD8 (Q9BZ67),KCNH2 (Q12809),,,,,,
SNTA1 (Q13424),ADRA1D (P25100),,HP:0500018 Abnormal cardiac exercise stress test[scr:50]; HP:0001688 Sinus bradycardia[scr:42],Orphanet:101016 Romano-Ward syndrome (EFO)[scr:62]; Orphanet:768 Familial long QT syndrome (EFO)[scr:49]; MONDO:0013062 long QT syndrome 12 (EFO)[scr:0]; H00720 Long QT syndrome (KEGG)[scr:37],,,
KRT34 (O76011),ADRA2C (P18825),,,,,,
DRD2 (P14416),SLC6A3 (Q01959); DRD2 (P14416); DRD4 (P21917),R-HSA-390651 Dopamine receptors[scr:2449]; hsa04080 Neuroactive ligand-receptor interaction[scr:95]; hsa04540 Gap junction[scr:57]; hsa04728 Dopaminergic synapse[scr:21],HP:0010531 Spinal myoclonus[scr:50],EFO:0003829 alcohol dependence (EFO)[scr:34]; H01611 Alcohol dependence (KEGG)[scr:87],DB00433 Prochlorperazine[scr:8175]; DB00715 Paroxetine[scr:3435]; DB01175 Escitalopram[scr:3066]; DB00490 Buspirone[scr:2839]; DB00477 Chlorpromazine[scr:1965]; DB01069 Promethazine[scr:1672]; DB06229 Ocaperidone[scr:1672],,
DRD4 (P21917),ADRA1B (P35368); DRD4 (P21917),R-HSA-390651 Dopamine receptors[scr:2449]; hsa04080 Neuroactive ligand-receptor interaction[scr:95]; hsa04728 Dopaminergic synapse[scr:21],,H01671 Neurosis (KEGG)[scr:175]; H01450 Obsessive-compulsive disorder (KEGG)[scr:100]; H01895 Attention deficit hyperactivity disorder (ADHD) (KEGG)[scr:58],DB00490 Buspirone[scr:2839]; DB00477 Chlorpromazine[scr:1965],,CHEMBL1576301 [scr:124.29]; CHEMBL1586126 [scr:99.43]; CHEMBL2323023 [scr:99.43]; CHEMBL3189813 [scr:88.78]; CHEMBL3605370 [scr:88.78]; CHEMBL1598015 [scr:88.78]; CHEMBL2356804 [scr:79.54]; CHEMBL3911188 [scr:79.54]; CHEMBL3669274 [scr:79.54]; CHEMBL3745882 [scr:79.54]
