Core Proteins,Interacting Proteins,Pathways,HPO terms,Diseases,Targeting Drugs,Experimental Bioactive Compounds (pChEMBL),Predicted interacting Compounds
CACNB4 (O00305),,R-HSA-5576893 Phase 2 - plateau phase[scr:3716]; R-HSA-419037 NCAM1 interactions[scr:2389]; R-HSA-5576892 Phase 0 - rapid depolarisation[scr:2280]; R-HSA-112308 Presynaptic depolarization and calcium channel opening[scr:2090]; hsa04260 Cardiac muscle contraction[scr:124]; hsa04261 Adrenergic signaling in cardiomyocytes[scr:107]; hsa04921 Oxytocin signaling pathway[scr:67],,Orphanet:211067 Episodic ataxia type 5 (EFO)[scr:88],DB01118 Amiodarone[scr:9999999]; DB00153 Ergocalciferol[scr:9422]; DB00243 Ranolazine[scr:4711]; DB13746 Bioallethrin[scr:3141]; DB00252 Phenytoin[scr:1884]; DB09236 Lacidipine[scr:931]; DB04855 Dronedarone[scr:931]; DB01388 Mibefradil[scr:857],,
CACNA1F (O60840),,R-HSA-5576893 Phase 2 - plateau phase[scr:3716]; R-HSA-5576892 Phase 0 - rapid depolarisation[scr:2280]; hsa04020 Calcium signaling pathway[scr:142]; hsa04924 Renin secretion[scr:140]; hsa04260 Cardiac muscle contraction[scr:124]; hsa04261 Adrenergic signaling in cardiomyocytes[scr:107]; hsa04725 Cholinergic synapse[scr:95]; hsa04726 Serotonergic synapse[scr:94]; hsa04022 cGMP-PKG signaling pathway[scr:78]; hsa04921 Oxytocin signaling pathway[scr:67]; hsa04929 GnRH secretion[scr:65],HP:0030512 Difficulty adjusting to changes in luminance[scr:103],Orphanet:178333 Åland Islands eye disease (EFO)[scr:88]; H00690 Aland Island eye disease (KEGG)[scr:89],DB01118 Amiodarone[scr:9999999]; DB00153 Ergocalciferol[scr:9422]; DB00243 Ranolazine[scr:4711]; DB13746 Bioallethrin[scr:3141]; DB00252 Phenytoin[scr:1884]; DB09236 Lacidipine[scr:931]; DB04855 Dronedarone[scr:931]; DB01388 Mibefradil[scr:857],,
FYN (P06241),FYN (P06241),hsa04725 Cholinergic synapse[scr:95],,,DB01118 Amiodarone[scr:9999999],,
ADRB2 (P07550),ADRB2 (P07550); HTR2C (P28335); ADORA1 (P30542); MAGI3 (Q5TCQ9),R-HSA-390696 Adrenoceptors[scr:2787]; hsa04020 Calcium signaling pathway[scr:142]; hsa04924 Renin secretion[scr:140]; hsa04261 Adrenergic signaling in cardiomyocytes[scr:107]; hsa04080 Neuroactive ligand-receptor interaction[scr:96]; hsa04022 cGMP-PKG signaling pathway[scr:78],,H02106 Genetic obesity (KEGG)[scr:60],DB01118 Amiodarone[scr:9999999]; DB00715 Paroxetine[scr:2094],,CHEMBL1939069 [scr:50.93]; CHEMBL3906499 [scr:38.2]; CHEMBL3192183 [scr:38.2]; CHEMBL2449501 [scr:38.2]; CHEMBL3207616 [scr:38.2]; CHEMBL3193609 [scr:38.2]; CHEMBL1981464 [scr:38.2]
CHRM4 (P08173),HTR2C (P28335),R-HSA-390648 Muscarinic acetylcholine receptors[scr:2822]; hsa04080 Neuroactive ligand-receptor interaction[scr:96]; hsa04725 Cholinergic synapse[scr:95],,,DB01118 Amiodarone[scr:9999999]; DB00715 Paroxetine[scr:2094],,CHEMBL3906499 [scr:38.2]; CHEMBL3962958 [scr:38.2]; CHEMBL3192183 [scr:38.2]; CHEMBL3207616 [scr:38.2]; CHEMBL3664367 [scr:38.2]; CHEMBL1981464 [scr:38.2]; CHEMBL2348941 [scr:33.95]
ADRB1 (P08588),ADORA1 (P30542); MAGI3 (Q5TCQ9); MAGI2 (Q86UL8),R-HSA-390696 Adrenoceptors[scr:2787]; hsa04020 Calcium signaling pathway[scr:142]; hsa04924 Renin secretion[scr:140]; hsa04261 Adrenergic signaling in cardiomyocytes[scr:107]; hsa04080 Neuroactive ligand-receptor interaction[scr:96]; hsa04022 cGMP-PKG signaling pathway[scr:78],,,DB01118 Amiodarone[scr:9999999]; DB00243 Ranolazine[scr:4711]; DB00715 Paroxetine[scr:2094]; DB04855 Dronedarone[scr:931],,CHEMBL1939069 [scr:50.93]; CHEMBL3906499 [scr:38.2]; CHEMBL2449501 [scr:38.2]; CHEMBL3193609 [scr:38.2]; CHEMBL3664367 [scr:38.2]; CHEMBL1981464 [scr:38.2]; CHEMBL2348941 [scr:33.95]
ADRA2A (P08913),ADRA2A (P08913),R-HSA-390696 Adrenoceptors[scr:2787]; R-HSA-400042 Adrenaline-noradrenaline inhibits insulin secretion[scr:1400]; hsa04080 Neuroactive ligand-receptor interaction[scr:96]; hsa04022 cGMP-PKG signaling pathway[scr:78],,,DB01118 Amiodarone[scr:9999999]; DB00715 Paroxetine[scr:2094]; DB04855 Dronedarone[scr:931],,
THRA (P10827),,R-HSA-4090294 SUMOylation of intracellular receptors[scr:836]; hsa04080 Neuroactive ligand-receptor interaction[scr:96],HP:0002930 Impaired sensitivity to thyroid hormone[scr:206],Orphanet:97927 Peripheral resistance to thyroid hormones (EFO)[scr:88],DB01118 Amiodarone[scr:9999999]; DB04855 Dronedarone[scr:931],,
THRB (P10828),,R-HSA-4090294 SUMOylation of intracellular receptors[scr:836]; hsa04080 Neuroactive ligand-receptor interaction[scr:96],HP:0002930 Impaired sensitivity to thyroid hormone[scr:206],Orphanet:165994 Selective pituitary resistance to thyroid hormone (EFO)[scr:88]; H00249 Thyroid hormone resistance syndrome (KEGG)[scr:89],DB01118 Amiodarone[scr:9999999],,CHEMBL1939069 [scr:50.93]; CHEMBL3962958 [scr:38.2]; CHEMBL2449501 [scr:38.2]; CHEMBL3193609 [scr:38.2]; CHEMBL2348941 [scr:33.95]
CHRM1 (P11229),,R-HSA-390648 Muscarinic acetylcholine receptors[scr:2822]; hsa04020 Calcium signaling pathway[scr:142]; hsa04080 Neuroactive ligand-receptor interaction[scr:96]; hsa04725 Cholinergic synapse[scr:95],,,DB01118 Amiodarone[scr:9999999]; DB00715 Paroxetine[scr:2094],,
CYP2C9 (P11712),,hsa04726 Serotonergic synapse[scr:94],,,DB01118 Amiodarone[scr:9999999],,
ADRB3 (P13945),,R-HSA-390696 Adrenoceptors[scr:2787]; hsa04020 Calcium signaling pathway[scr:142]; hsa04924 Renin secretion[scr:140]; hsa04080 Neuroactive ligand-receptor interaction[scr:96]; hsa04022 cGMP-PKG signaling pathway[scr:78],,H02106 Genetic obesity (KEGG)[scr:60],DB01118 Amiodarone[scr:9999999]; DB00715 Paroxetine[scr:2094],,
CHRM3 (P20309),,R-HSA-390648 Muscarinic acetylcholine receptors[scr:2822]; hsa04020 Calcium signaling pathway[scr:142]; hsa04080 Neuroactive ligand-receptor interaction[scr:96]; hsa04725 Cholinergic synapse[scr:95],HP:0005199 Aplasia of the abdominal wall musculature[scr:103],Orphanet:2970 Prune belly syndrome (EFO)[scr:88]; H02129 Prune belly syndrome (KEGG)[scr:89],DB01118 Amiodarone[scr:9999999]; DB00715 Paroxetine[scr:2094],,
HTR2C (P28335),HTR2C (P28335); ADRB2 (P07550); CHRM4 (P08173); HTR2B (P41595); HTR2A (P28223); HTR2A (P28223),R-HSA-390666 Serotonin receptors[scr:1176]; hsa04020 Calcium signaling pathway[scr:142]; hsa04080 Neuroactive ligand-receptor interaction[scr:96]; hsa04726 Serotonergic synapse[scr:94],,,DB01118 Amiodarone[scr:9999999]; DB00715 Paroxetine[scr:2094]; DB00924 Cyclobenzaprine[scr:1047],,CHEMBL1939069 [scr:50.93]; CHEMBL3962958 [scr:38.2]; CHEMBL3192183 [scr:38.2]; CHEMBL3207616 [scr:38.2]; CHEMBL3664367 [scr:38.2]; CHEMBL2348941 [scr:33.95]
DRD3 (P35462),,hsa04080 Neuroactive ligand-receptor interaction[scr:96],,,DB01118 Amiodarone[scr:9999999],,
PPARG (P37231),PPARG (P37231),R-HSA-4090294 SUMOylation of intracellular receptors[scr:836],HP:0012273 Increased carotid artery intimal medial thickness[scr:103],H02106 Genetic obesity (KEGG)[scr:60],DB01118 Amiodarone[scr:9999999],,
HTR2B (P41595),HTR2C (P28335); HTR2A (P28223),R-HSA-390666 Serotonin receptors[scr:1176]; hsa04020 Calcium signaling pathway[scr:142]; hsa04080 Neuroactive ligand-receptor interaction[scr:96]; hsa04726 Serotonergic synapse[scr:94],,,DB01118 Amiodarone[scr:9999999]; DB00715 Paroxetine[scr:2094]; DB00924 Cyclobenzaprine[scr:1047],,
CACNB3 (P54284),CACNA1C (Q13936),R-HSA-5576893 Phase 2 - plateau phase[scr:3716]; R-HSA-419037 NCAM1 interactions[scr:2389]; R-HSA-5576892 Phase 0 - rapid depolarisation[scr:2280]; R-HSA-112308 Presynaptic depolarization and calcium channel opening[scr:2090]; R-HSA-400042 Adrenaline-noradrenaline inhibits insulin secretion[scr:1400]; hsa04260 Cardiac muscle contraction[scr:124]; hsa04261 Adrenergic signaling in cardiomyocytes[scr:107]; hsa04921 Oxytocin signaling pathway[scr:67],,,DB01118 Amiodarone[scr:9999999]; DB00153 Ergocalciferol[scr:9422]; DB00243 Ranolazine[scr:4711]; DB13746 Bioallethrin[scr:3141]; DB00252 Phenytoin[scr:1884]; DB09236 Lacidipine[scr:931]; DB04855 Dronedarone[scr:931]; DB01388 Mibefradil[scr:857],,
CACNA1D (Q01668),,R-HSA-5576893 Phase 2 - plateau phase[scr:3716]; R-HSA-419037 NCAM1 interactions[scr:2389]; R-HSA-5576892 Phase 0 - rapid depolarisation[scr:2280]; R-HSA-400042 Adrenaline-noradrenaline inhibits insulin secretion[scr:1400]; hsa04020 Calcium signaling pathway[scr:142]; hsa04924 Renin secretion[scr:140]; hsa04260 Cardiac muscle contraction[scr:124]; hsa04261 Adrenergic signaling in cardiomyocytes[scr:107]; hsa04725 Cholinergic synapse[scr:95]; hsa04726 Serotonergic synapse[scr:94]; hsa04022 cGMP-PKG signaling pathway[scr:78]; hsa04921 Oxytocin signaling pathway[scr:67]; hsa04929 GnRH secretion[scr:65],HP:0011706 Second degree atrioventricular block[scr:103],Orphanet:369929 Aldosterone-producing adenoma with seizures and neurological abnormalities (EFO)[scr:88]; Orphanet:324321 Sinoatrial node dysfunction and deafness (EFO)[scr:88],DB01118 Amiodarone[scr:9999999]; DB00153 Ergocalciferol[scr:9422]; DB00243 Ranolazine[scr:4711]; DB13746 Bioallethrin[scr:3141]; DB00252 Phenytoin[scr:1884]; DB09236 Lacidipine[scr:931]; DB04855 Dronedarone[scr:931]; DB01388 Mibefradil[scr:857],,
CACNB1 (Q02641),CACNA1C (Q13936),R-HSA-5576893 Phase 2 - plateau phase[scr:3716]; R-HSA-419037 NCAM1 interactions[scr:2389]; R-HSA-5576892 Phase 0 - rapid depolarisation[scr:2280]; R-HSA-112308 Presynaptic depolarization and calcium channel opening[scr:2090]; hsa04260 Cardiac muscle contraction[scr:124]; hsa04261 Adrenergic signaling in cardiomyocytes[scr:107]; hsa04921 Oxytocin signaling pathway[scr:67],,,DB01118 Amiodarone[scr:9999999]; DB00153 Ergocalciferol[scr:9422]; DB00243 Ranolazine[scr:4711]; DB13746 Bioallethrin[scr:3141]; DB00252 Phenytoin[scr:1884]; DB09236 Lacidipine[scr:931]; DB04855 Dronedarone[scr:931]; DB01388 Mibefradil[scr:857],,
PPARA (Q07869),,R-HSA-4090294 SUMOylation of intracellular receptors[scr:836],,,DB01118 Amiodarone[scr:9999999],,
CACNB2 (Q08289),CACNA1C (Q13936),R-HSA-5576893 Phase 2 - plateau phase[scr:3716]; R-HSA-419037 NCAM1 interactions[scr:2389]; R-HSA-5576892 Phase 0 - rapid depolarisation[scr:2280]; R-HSA-112308 Presynaptic depolarization and calcium channel opening[scr:2090]; R-HSA-400042 Adrenaline-noradrenaline inhibits insulin secretion[scr:1400]; hsa04260 Cardiac muscle contraction[scr:124]; hsa04261 Adrenergic signaling in cardiomyocytes[scr:107]; hsa04921 Oxytocin signaling pathway[scr:67],HP:0012232 Shortened QT interval[scr:133],,DB01118 Amiodarone[scr:9999999]; DB00153 Ergocalciferol[scr:9422]; DB00243 Ranolazine[scr:4711]; DB13746 Bioallethrin[scr:3141]; DB00252 Phenytoin[scr:1884]; DB09236 Lacidipine[scr:931]; DB04855 Dronedarone[scr:931]; DB01388 Mibefradil[scr:857],,
KCNH2 (Q12809),KCNH2 (Q12809),,HP:0012232 Shortened QT interval[scr:133],,DB01118 Amiodarone[scr:9999999]; DB00252 Phenytoin[scr:1884]; DB04855 Dronedarone[scr:931],,
CACNA1S (Q13698),,R-HSA-5576893 Phase 2 - plateau phase[scr:3716]; R-HSA-419037 NCAM1 interactions[scr:2389]; R-HSA-5576892 Phase 0 - rapid depolarisation[scr:2280]; hsa04020 Calcium signaling pathway[scr:142]; hsa04924 Renin secretion[scr:140]; hsa04260 Cardiac muscle contraction[scr:124]; hsa04261 Adrenergic signaling in cardiomyocytes[scr:107]; hsa04725 Cholinergic synapse[scr:95]; hsa04726 Serotonergic synapse[scr:94]; hsa04022 cGMP-PKG signaling pathway[scr:78]; hsa04921 Oxytocin signaling pathway[scr:67]; hsa04929 GnRH secretion[scr:65],HP:0011706 Second degree atrioventricular block[scr:103],H00746 Hypokalemic periodic paralysis (HypoPP) (KEGG)[scr:45],DB01118 Amiodarone[scr:9999999]; DB00153 Ergocalciferol[scr:9422]; DB00243 Ranolazine[scr:4711]; DB13746 Bioallethrin[scr:3141]; DB00252 Phenytoin[scr:1884]; DB09236 Lacidipine[scr:931]; DB04855 Dronedarone[scr:931]; DB01388 Mibefradil[scr:857],,
CACNA1C (Q13936),CACNB1 (Q02641); CACNB2 (Q08289); CACNB3 (P54284),R-HSA-5576893 Phase 2 - plateau phase[scr:3716]; R-HSA-419037 NCAM1 interactions[scr:2389]; R-HSA-5576892 Phase 0 - rapid depolarisation[scr:2280]; R-HSA-400042 Adrenaline-noradrenaline inhibits insulin secretion[scr:1400]; hsa04020 Calcium signaling pathway[scr:142]; hsa04924 Renin secretion[scr:140]; hsa04260 Cardiac muscle contraction[scr:124]; hsa04261 Adrenergic signaling in cardiomyocytes[scr:107]; hsa04725 Cholinergic synapse[scr:95]; hsa04726 Serotonergic synapse[scr:94]; hsa04022 cGMP-PKG signaling pathway[scr:78]; hsa04921 Oxytocin signaling pathway[scr:67]; hsa04929 GnRH secretion[scr:65],HP:0012232 Shortened QT interval[scr:133]; HP:0012272 J wave[scr:103],,DB01118 Amiodarone[scr:9999999]; DB00153 Ergocalciferol[scr:9422]; DB00243 Ranolazine[scr:4711]; DB13746 Bioallethrin[scr:3141]; DB00252 Phenytoin[scr:1884]; DB09236 Lacidipine[scr:931]; DB04855 Dronedarone[scr:931]; DB01388 Mibefradil[scr:857],,
EBP (Q15125),EBP (Q15125); NINJ1 (Q92982); MFSD6 (Q6ZSS7); NDUFB11 (Q9NX14); NEU1 (Q99519); ORMDL3 (Q8N138),,HP:0008131 Tarsal stippling[scr:103]; HP:0004241 Stippled calcification in carpal bones[scr:103],Orphanet:35173 X-linked dominant chondrodysplasia punctata (EFO)[scr:88]; Orphanet:401973 MEND syndrome (EFO)[scr:88]; H02248 MEND syndrome (KEGG)[scr:89]; H01194 X-linked chondrodysplasia punctata (KEGG)[scr:45],DB01118 Amiodarone[scr:9999999],,
PPARGC1B (Q86YN6),,,,H02106 Genetic obesity (KEGG)[scr:60],DB01118 Amiodarone[scr:9999999],,
SIGMAR1 (Q99720),,,,Orphanet:139552 Distal hereditary motor neuropathy- Jerash type (EFO)[scr:88],DB01118 Amiodarone[scr:9999999],,
KCNH6 (Q9H252),,,,,DB01118 Amiodarone[scr:9999999],,
KCNH7 (Q9NS40),,,,,DB01118 Amiodarone[scr:9999999],,
CACNA1I (Q9P0X4),CATSPER2 (Q96P56),R-HSA-419037 NCAM1 interactions[scr:2389]; hsa04020 Calcium signaling pathway[scr:142]; hsa04929 GnRH secretion[scr:65],,,DB01118 Amiodarone[scr:9999999]; DB00153 Ergocalciferol[scr:9422]; DB13746 Bioallethrin[scr:3141]; DB01388 Mibefradil[scr:857],,
ADORA1 (P30542),ADRB2 (P07550); ADRB1 (P08588),hsa04924 Renin secretion[scr:140]; hsa04080 Neuroactive ligand-receptor interaction[scr:96]; hsa04022 cGMP-PKG signaling pathway[scr:78],,,,,
HTR2A (P28223),HTR2C (P28335); HTR2B (P41595); HTR2A (P28223),R-HSA-390666 Serotonin receptors[scr:1176]; hsa04020 Calcium signaling pathway[scr:142]; hsa04080 Neuroactive ligand-receptor interaction[scr:96]; hsa04726 Serotonergic synapse[scr:94],,,DB00715 Paroxetine[scr:2094]; DB00924 Cyclobenzaprine[scr:1047],,
MAGI3 (Q5TCQ9),ADRB2 (P07550); ADRB1 (P08588),,,,,,
CATSPER2 (Q96P56),CACNA1I (Q9P0X4),,,,,,
NINJ1 (Q92982),EBP (Q15125),,,,,,
MFSD6 (Q6ZSS7),EBP (Q15125),,,,,,
NDUFB11 (Q9NX14),EBP (Q15125),,,,,,
NEU1 (Q99519),EBP (Q15125),R-HSA-4341670 Defective NEU1 causes sialidosis[scr:1568],HP:0012061 Urinary excretion of sialylated oligosaccharides[scr:103],H00142 Sialidosis (KEGG)[scr:89],,,
MAGI2 (Q86UL8),ADRB1 (P08588),,,,,,
ORMDL3 (Q8N138),EBP (Q15125),,,,,,
