Core Proteins,Interacting Proteins,Pathways,HPO terms,Diseases,Targeting Drugs,Experimental Bioactive Compounds (pChEMBL),Predicted interacting Compounds
AOC3 (Q16853),DARS2 (Q6PI48); STX1A (Q16623); CREB3L1 (Q96BA8); SGTA (O43765); ARL13B (Q3SXY8); CLDN9 (O95484); CPLX4 (Q7Z7G2); FNDC9 (Q8TBE3); HSD17B13 (Q7Z5P4),hsa00360 Phenylalanine metabolism[scr:43]; hsa00410 beta-Alanine metabolism[scr:23]; hsa00350 Tyrosine metabolism[scr:20]; hsa00260 Glycine- serine and threonine metabolism[scr:16],,,DB04334 6-hydroxydopa quinone[scr:9999999]; DB01275 Hydralazine[scr:238]; DB00780 Phenelzine[scr:79],,
DARS2 (Q6PI48),AOC3 (Q16853),R-HSA-379726 Mitochondrial tRNA aminoacylation[scr:306]; hsa00970 Aminoacyl-tRNA biosynthesis[scr:16],,Orphanet:137898 Leukoencephalopathy with brain stem and spinal cord involvement - high lactate (EFO)[scr:360]; H00871 Leukoencephalopathy with brain stem and spinal cord involvement and lactate elevation (KEGG)[scr:367],DB00128 Aspartic acid[scr:24],,
STX1A (Q16623),AOC3 (Q16853); STX1A (Q16623); ARL13B (Q3SXY8),R-HSA-5250971 Toxicity of botulinum toxin type C (BoNT/C)[scr:2143]; R-HSA-888590 GABA synthesis- release- reuptake and degradation[scr:494]; R-HSA-5682910 LGI-ADAM interactions[scr:459]; R-HSA-264642 Acetylcholine Neurotransmitter Release Cycle[scr:378]; R-HSA-181430 Norepinephrine Neurotransmitter Release Cycle[scr:357]; R-HSA-181429 Serotonin Neurotransmitter Release Cycle[scr:357]; hsa04721 Synaptic vesicle cycle[scr:35]; hsa04911 Insulin secretion[scr:31]; hsa04130 SNARE interactions in vesicular transport[scr:21],HP:0002613 Biliary cirrhosis[scr:24]; HP:0012092 Abnormality of exocrine pancreas physiology[scr:9]; HP:0001738 Exocrine pancreatic insufficiency[scr:9],H01439 Williams-Beuren syndrome (KEGG)[scr:13],,,
CREB3L1 (Q96BA8),AOC3 (Q16853),R-HSA-8874211 CREB3 factors activate genes[scr:714]; hsa04911 Insulin secretion[scr:31]; hsa04962 Vasopressin-regulated water reabsorption[scr:15]; hsa04927 Cortisol synthesis and secretion[scr:10],HP:0000923 Beaded ribs[scr:71]; HP:0002953 Vertebral compression fractures[scr:17]; HP:0003027 Mesomelia[scr:14],Orphanet:666 Osteogenesis imperfecta (EFO)[scr:23]; H00506 Osteogenesis imperfecta (KEGG)[scr:24],,,
SGTA (O43765),AOC3 (Q16853); SGTA (O43765),,,,,,
ARL13B (Q3SXY8),AOC3 (Q16853); STX1A (Q16623),R-HSA-5624958 ARL13B-mediated ciliary trafficking of INPP5E[scr:2143],HP:0002085 Occipital encephalocele[scr:16]; HP:0002876 Episodic tachypnea[scr:14]; HP:0002419 Molar tooth sign on MRI[scr:12]; HP:0002418 Abnormality of midbrain morphology[scr:8],Orphanet:475 Joubert syndrome (EFO)[scr:19]; H00530 Joubert syndrome (KEGG)[scr:11],,,
CLDN9 (O95484),AOC3 (Q16853),,,,,,
CPLX4 (Q7Z7G2),AOC3 (Q16853),hsa04721 Synaptic vesicle cycle[scr:35],,,,,
FNDC9 (Q8TBE3),AOC3 (Q16853),,,,,,
HSD17B13 (Q7Z5P4),AOC3 (Q16853),R-HSA-8964572 Lipid particle organization[scr:1071],,,,,
