Core Proteins,Interacting Proteins,Pathways,HPO terms,Diseases,Targeting Drugs,Experimental Bioactive Compounds (pChEMBL),Predicted interacting Compounds
GABRG2 (P18507),NOVA1 (P51513); GABARAP (O95166),R-HSA-977443 GABA receptor activation[scr:8264]; R-HSA-1236394 Signaling by ERBB4[scr:1169]; hsa04727 GABAergic synapse[scr:246]; hsa04723 Retrograde endocannabinoid signaling[scr:83]; hsa04080 Neuroactive ligand-receptor interaction[scr:36],HP:0010849 EEG with spike-wave complexes (>3.5 Hz)[scr:169]; HP:0011147 Typical absence seizure[scr:141],Orphanet:64280 Childhood absence epilepsy (EFO)[scr:180]; Orphanet:36387 Generalized epilepsy with febrile seizures-plus (EFO)[scr:120]; Orphanet:1934 Early infantile epileptic encephalopathy (EFO)[scr:58]; H02215 Childhood absence epilepsy (KEGG)[scr:183]; H00783 Febrile seizures (KEGG)[scr:92],DB13994 AZD-7325[scr:9999999]; DB00603 Medroxyprogesterone acetate[scr:4292]; DB01215 Estazolam[scr:1807]; DB01588 Prazepam[scr:1807]; DB01589 Quazepam[scr:1807]; DB00842 Oxazepam[scr:1807]; DB00801 Halazepam[scr:1807]; DB00425 Zolpidem[scr:1717]; DB00897 Triazolam[scr:1717],,
GABRA3 (P34903),,R-HSA-977443 GABA receptor activation[scr:8264]; hsa04727 GABAergic synapse[scr:246]; hsa04723 Retrograde endocannabinoid signaling[scr:83]; hsa04742 Taste transduction[scr:68]; hsa04080 Neuroactive ligand-receptor interaction[scr:36],HP:0011785 Thyrotoxicosis with toxic multinodular goiter[scr:282]; HP:0011786 Thyrotoxicosis with toxic single thyroid nodule[scr:282]; HP:0011706 Second degree atrioventricular block[scr:212]; HP:0008285 Transient hypophosphatemia[scr:212]; HP:0012726 Episodic hypokalemia[scr:169]; HP:0003752 Episodic flaccid weakness[scr:169]; HP:0100647 Graves disease[scr:169]; HP:0011784 Thyrotoxicosis with diffuse goiter[scr:141],,DB13994 AZD-7325[scr:9999999]; DB00603 Medroxyprogesterone acetate[scr:4292]; DB04903 Pagoclone[scr:1908]; DB01215 Estazolam[scr:1807]; DB01588 Prazepam[scr:1807]; DB01589 Quazepam[scr:1807]; DB00842 Oxazepam[scr:1807]; DB00801 Halazepam[scr:1807]; DB00425 Zolpidem[scr:1717]; DB00897 Triazolam[scr:1717],,
GABRA2 (P47869),,R-HSA-977443 GABA receptor activation[scr:8264]; hsa04727 GABAergic synapse[scr:246]; hsa04723 Retrograde endocannabinoid signaling[scr:83]; hsa04742 Taste transduction[scr:68]; hsa04080 Neuroactive ligand-receptor interaction[scr:36],,EFO:0003829 alcohol dependence (EFO)[scr:144]; Orphanet:1934 Early infantile epileptic encephalopathy (EFO)[scr:58]; H01611 Alcohol dependence (KEGG)[scr:92],DB13994 AZD-7325[scr:9999999]; DB00603 Medroxyprogesterone acetate[scr:4292]; DB04903 Pagoclone[scr:1908]; DB01215 Estazolam[scr:1807]; DB01588 Prazepam[scr:1807]; DB01589 Quazepam[scr:1807]; DB00842 Oxazepam[scr:1807]; DB00801 Halazepam[scr:1807]; DB00425 Zolpidem[scr:1717]; DB00897 Triazolam[scr:1717],,CHEMBL1808413 [scr:20.88]; CHEMBL1809016 [scr:14.91]; CHEMBL1807538 [scr:14.91]; CHEMBL1808526 [scr:14.91]; CHEMBL1807053 [scr:13.05]; CHEMBL525953 [scr:13.05]; CHEMBL1808518 [scr:13.05]; CHEMBL530550 [scr:13.05]; CHEMBL1806865 [scr:11.6]; CHEMBL524181 [scr:9.49]
NOVA1 (P51513),GABRG2 (P18507),,,,,,
GABARAP (O95166),GABRG2 (P18507),R-HSA-8854214 TBC/RABGAPs[scr:292]; R-HSA-1632852 Macroautophagy[scr:189]; hsa04727 GABAergic synapse[scr:246]; hsa04136 Autophagy[scr:43]; hsa04137 Mitophagy[scr:21]; hsa04068 FoxO signaling pathway[scr:11]; hsa04140 Autophagy[scr:10]; hsa04371 Apelin signaling pathway[scr:10]; hsa04621 NOD-like receptor signaling pathway[scr:8],,,,,
