{"options":{"search_start":1613056978,"tax_ids":[9606],"num_of_fn_nodes":10,"num_of_pathways":10,"num_of_phenotypes":10,"num_of_drugs":10,"num_of_diseases":10,"num_of_compounds":10,"chembl_compounds":0,"predictions":1,"reviewed_filter":1,"fn":1,"chembl":1,"search_finish":1613056987,"search_runtime":9},"search":[{"Drug":[{"DB00613":"Amodiaquine"}]}],"nodes":[{"data":{"id":"P10635","display_name":"CYP2D6","Node_Type":"Protein"}},{"data":{"id":"P50135","display_name":"HNMT","Node_Type":"Protein"}},{"data":{"id":"P51589","display_name":"CYP2J2","Node_Type":"Protein"}},{"data":{"id":"Orphanet:88616","display_name":"Autosomal recessive non-syndromic intellectual disability","Node_Type":"Disease","enrichScore":37.51}},{"data":{"id":"DB00613","display_name":"Amodiaquine","Node_Type":"Drug","enrichScore":9999999}},{"data":{"id":"DB04655","display_name":"Metoprine","Node_Type":"Drug","enrichScore":1589.667}},{"data":{"id":"DB07106","display_name":"SKF-91488","Node_Type":"Drug","enrichScore":1589.667}},{"data":{"id":"DB13875","display_name":"Harmaline","Node_Type":"Drug","enrichScore":1589.667}},{"data":{"id":"DB11994","display_name":"Diacerein","Node_Type":"Drug","enrichScore":144.515}},{"data":{"id":"DB14011","display_name":"Nabiximols","Node_Type":"Drug","enrichScore":66.236}},{"data":{"id":"DB09061","display_name":"Cannabidiol","Node_Type":"Drug","enrichScore":61.141}},{"data":{"id":"DB01752","display_name":"S-adenosyl-L-homocysteine","Node_Type":"Drug","enrichScore":45.419}},{"data":{"id":"R-HSA-211935","display_name":"Fatty acids","Node_Type":"Pathway","enrichScore":5713.333}},{"data":{"id":"R-HSA-211981","display_name":"Xenobiotics","Node_Type":"Pathway","enrichScore":3726.087}},{"data":{"id":"R-HSA-9027307","display_name":"Biosynthesis of maresin-like SPMs","Node_Type":"Pathway","enrichScore":3570.833}},{"data":{"id":"R-HSA-2408508","display_name":"Metabolism of ingested SeMet, Sec, MeSec into H2Se","Node_Type":"Pathway","enrichScore":2678.125}},{"data":{"id":"R-HSA-70921","display_name":"Histidine catabolism","Node_Type":"Pathway","enrichScore":2678.125}},{"data":{"id":"R-HSA-2142670","display_name":"Synthesis of epoxy (EET) and dihydroxyeicosatrienoic acids (DHET)","Node_Type":"Pathway","enrichScore":2678.125}},{"data":{"id":"R-HSA-211999","display_name":"CYP2E1 reactions","Node_Type":"Pathway","enrichScore":1947.727}},{"data":{"id":"R-HSA-211958","display_name":"Miscellaneous substrates","Node_Type":"Pathway","enrichScore":1785.417}},{"data":{"id":"HP:0007048","display_name":"Large basal ganglia","Node_Type":"HPO","enrichScore":33.579}},{"data":{"id":"HP:0040288","display_name":"Nasogastric tube feeding","Node_Type":"HPO","enrichScore":31.341}},{"data":{"id":"HP:0010841","display_name":"Multifocal epileptiform discharges","Node_Type":"HPO","enrichScore":23.904}},{"data":{"id":"HP:0011185","display_name":"EEG with focal epileptiform discharges","Node_Type":"HPO","enrichScore":18.804}},{"data":{"id":"HP:0002539","display_name":"Cortical dysplasia","Node_Type":"HPO","enrichScore":18.804}},{"data":{"id":"HP:0001426","display_name":"Multifactorial inheritance","Node_Type":"HPO","enrichScore":18.557}},{"data":{"id":"HP:0011097","display_name":"Epileptic spasm","Node_Type":"HPO","enrichScore":16.027}},{"data":{"id":"HP:0001331","display_name":"Absent septum pellucidum","Node_Type":"HPO","enrichScore":14.246}},{"data":{"id":"HP:0007375","display_name":"Abnormality of the septum pellucidum","Node_Type":"HPO","enrichScore":13.305}},{"data":{"id":"HP:0100710","display_name":"Impulsivity","Node_Type":"HPO","enrichScore":12.481}},{"data":{"id":"hsa00340","display_name":"Histidine metabolism","Node_Type":"kegg_Pathway","enrichScore":103.606}},{"data":{"id":"hsa00591","display_name":"Linoleic acid metabolism","Node_Type":"kegg_Pathway","enrichScore":81.405}},{"data":{"id":"hsa04726","display_name":"Serotonergic synapse","Node_Type":"kegg_Pathway","enrichScore":79.977}},{"data":{"id":"hsa04913","display_name":"Ovarian steroidogenesis","Node_Type":"kegg_Pathway","enrichScore":43.833}},{"data":{"id":"hsa00590","display_name":"Arachidonic acid metabolism","Node_Type":"kegg_Pathway","enrichScore":36.763}},{"data":{"id":"hsa00982","display_name":"Drug metabolism","Node_Type":"kegg_Pathway","enrichScore":33.034}},{"data":{"id":"hsa00980","display_name":"Metabolism of xenobiotics by cytochrome P450","Node_Type":"kegg_Pathway","enrichScore":31.224}},{"data":{"id":"hsa04750","display_name":"Inflammatory mediator regulation of TRP channels","Node_Type":"kegg_Pathway","enrichScore":21.302}},{"data":{"id":"hsa01100","display_name":"Metabolic pathways","Node_Type":"kegg_Pathway","enrichScore":6.165}},{"data":{"id":"H01171","display_name":"Poor drug metabolism","Node_Type":"kegg_Disease","enrichScore":611.167}},{"data":{"id":"H00768","display_name":"Autosomal recessive mental retardation","Node_Type":"kegg_Disease","enrichScore":32.167}}],"edges":[{"data":{"source":"HP:0007048","target":"Orphanet:88616","Edge_Type":"hpodis","label":"is associated w\/"}},{"data":{"source":"HP:0040288","target":"Orphanet:88616","Edge_Type":"hpodis","label":"is associated w\/"}},{"data":{"source":"HP:0010841","target":"Orphanet:88616","Edge_Type":"hpodis","label":"is associated w\/"}},{"data":{"source":"HP:0011185","target":"Orphanet:88616","Edge_Type":"hpodis","label":"is associated w\/"}},{"data":{"source":"HP:0011185","target":"Orphanet:88616","Edge_Type":"hpodis","label":"is associated w\/"}},{"data":{"source":"HP:0002539","target":"Orphanet:88616","Edge_Type":"hpodis","label":"is associated w\/"}},{"data":{"source":"HP:0011097","target":"Orphanet:88616","Edge_Type":"hpodis","label":"is associated w\/"}},{"data":{"source":"HP:0001331","target":"Orphanet:88616","Edge_Type":"hpodis","label":"is associated w\/"}},{"data":{"source":"HP:0007375","target":"Orphanet:88616","Edge_Type":"hpodis","label":"is associated w\/"}},{"data":{"source":"HP:0100710","target":"Orphanet:88616","Edge_Type":"hpodis","label":"is associated w\/"}},{"data":{"source":"P50135","target":"Orphanet:88616","Edge_Type":"Disease","label":"is related to"}},{"data":{"source":"P50135","target":"DB00613","Edge_Type":"Drug","label":"targets"}},{"data":{"source":"P10635","target":"DB00613","Edge_Type":"Chembl","label":"targets","pchembl_value":6.19}},{"data":{"source":"P51589","target":"DB00613","Edge_Type":"Chembl","label":"targets","pchembl_value":6}},{"data":{"source":"P50135","target":"DB04655","Edge_Type":"Drug","label":"targets"}},{"data":{"source":"P50135","target":"DB07106","Edge_Type":"Drug","label":"targets"}},{"data":{"source":"P50135","target":"DB13875","Edge_Type":"Drug","label":"targets"}},{"data":{"source":"P10635","target":"DB11994","Edge_Type":"Drug","label":"targets"}},{"data":{"source":"P10635","target":"DB14011","Edge_Type":"Drug","label":"targets"}},{"data":{"source":"P10635","target":"DB09061","Edge_Type":"Drug","label":"targets"}},{"data":{"source":"P50135","target":"DB01752","Edge_Type":"Drug","label":"targets"}},{"data":{"source":"P10635","target":"R-HSA-211935","Edge_Type":"Pathway","label":"is involved in"}},{"data":{"source":"P51589","target":"R-HSA-211935","Edge_Type":"Pathway","label":"is involved in"}},{"data":{"source":"P10635","target":"R-HSA-211981","Edge_Type":"Pathway","label":"is involved in"}},{"data":{"source":"P51589","target":"R-HSA-211981","Edge_Type":"Pathway","label":"is involved in"}},{"data":{"source":"P10635","target":"R-HSA-9027307","Edge_Type":"Pathway","label":"is involved in"}},{"data":{"source":"P50135","target":"R-HSA-2408508","Edge_Type":"Pathway","label":"is involved in"}},{"data":{"source":"P50135","target":"R-HSA-70921","Edge_Type":"Pathway","label":"is involved in"}},{"data":{"source":"P51589","target":"R-HSA-2142670","Edge_Type":"Pathway","label":"is involved in"}},{"data":{"source":"P10635","target":"R-HSA-211999","Edge_Type":"Pathway","label":"is involved in"}},{"data":{"source":"P10635","target":"R-HSA-211958","Edge_Type":"Pathway","label":"is involved in"}},{"data":{"source":"P50135","target":"HP:0007048","Edge_Type":"HPO","label":"is associated w\/"}},{"data":{"source":"P50135","target":"HP:0040288","Edge_Type":"HPO","label":"is associated w\/"}},{"data":{"source":"P50135","target":"HP:0010841","Edge_Type":"HPO","label":"is associated w\/"}},{"data":{"source":"P50135","target":"HP:0011185","Edge_Type":"HPO","label":"is associated w\/"}},{"data":{"source":"P50135","target":"HP:0002539","Edge_Type":"HPO","label":"is associated w\/"}},{"data":{"source":"P50135","target":"HP:0001426","Edge_Type":"HPO","label":"is associated w\/"}},{"data":{"source":"P50135","target":"HP:0011097","Edge_Type":"HPO","label":"is associated w\/"}},{"data":{"source":"P50135","target":"HP:0001331","Edge_Type":"HPO","label":"is associated w\/"}},{"data":{"source":"P50135","target":"HP:0007375","Edge_Type":"HPO","label":"is associated w\/"}},{"data":{"source":"P50135","target":"HP:0100710","Edge_Type":"HPO","label":"is associated w\/"}},{"data":{"source":"H01171","target":"hsa00982","Edge_Type":"kegg_dis_path","label":"modulates"}},{"data":{"source":"P50135","target":"hsa00340","Edge_Type":"kegg_path_prot","label":"is involved in"}},{"data":{"source":"P51589","target":"hsa00591","Edge_Type":"kegg_path_prot","label":"is involved in"}},{"data":{"source":"P10635","target":"hsa04726","Edge_Type":"kegg_path_prot","label":"is involved in"}},{"data":{"source":"P51589","target":"hsa04726","Edge_Type":"kegg_path_prot","label":"is involved in"}},{"data":{"source":"P51589","target":"hsa04913","Edge_Type":"kegg_path_prot","label":"is involved in"}},{"data":{"source":"P51589","target":"hsa00590","Edge_Type":"kegg_path_prot","label":"is involved in"}},{"data":{"source":"P10635","target":"hsa00982","Edge_Type":"kegg_path_prot","label":"is involved in"}},{"data":{"source":"P10635","target":"hsa00980","Edge_Type":"kegg_path_prot","label":"is involved in"}},{"data":{"source":"P51589","target":"hsa04750","Edge_Type":"kegg_path_prot","label":"is involved in"}},{"data":{"source":"P50135","target":"hsa01100","Edge_Type":"kegg_path_prot","label":"is involved in"}},{"data":{"source":"P51589","target":"hsa01100","Edge_Type":"kegg_path_prot","label":"is involved in"}},{"data":{"source":"P10635","target":"H01171","Edge_Type":"kegg_dis_prot","label":"is related to"}},{"data":{"source":"P50135","target":"H00768","Edge_Type":"kegg_dis_prot","label":"is related to"}}]}