Core Proteins,Interacting Proteins,Pathways,HPO terms,Diseases,Targeting Drugs,Experimental Bioactive Compounds (pChEMBL),Predicted interacting Compounds
ANXA1 (P04083),LNPK (Q9C0E8),R-HSA-444473 Formyl peptide receptors bind formyl peptides and many other ligands[scr:420]; R-HSA-445355 Smooth Muscle Contraction[scr:388],,,DB00591 Fluocinolone acetonide[scr:9999999]; DB01222 Budesonide[scr:1122]; DB00959 Methylprednisolone[scr:1122]; DB01013 Clobetasol propionate[scr:1122]; DB00288 Amcinonide[scr:561],,
NR3C1 (P04150),TMF1 (P82094); KIAA0408 (Q6ZU52),R-HSA-8849473 PTK6 Expression[scr:3025]; R-HSA-400253 Circadian Clock[scr:597]; R-HSA-383280 Nuclear Receptor transcription pathway[scr:297],HP:0002292 Frontal balding[scr:62]; HP:0012030 Increased urinary cortisol level[scr:31],Orphanet:786 Glucocorticoid resistance (EFO)[scr:212]; H01702 Glucocorticoid resistance syndrome (KEGG)[scr:216]; H01709 Glucocorticoid-induced osteonecrosis (KEGG)[scr:36],DB00591 Fluocinolone acetonide[scr:9999999]; DB01222 Budesonide[scr:1122]; DB00959 Methylprednisolone[scr:1122]; DB01013 Clobetasol propionate[scr:1122]; DB00288 Amcinonide[scr:561]; DB09095 Difluocortolone[scr:561]; DB01410 Ciclesonide[scr:281]; DB08906 Fluticasone furoate[scr:281]; DB00838 Clocortolone[scr:281]; DB00846 Flurandrenolide[scr:281],,CHEMBL1587810 [scr:30.71]; CHEMBL2369809 [scr:30.71]; CHEMBL1542290 [scr:30.71]; CHEMBL2338179 [scr:30.71]; CHEMBL3618491 [scr:30.71]; CHEMBL1516134 [scr:30.71]; CHEMBL3903355 [scr:30.71]; CHEMBL1515845 [scr:30.71]; CHEMBL1515843 [scr:30.71]; CHEMBL2035036 [scr:30.71]
ANXA2 (P07355),ANXA2 (P07355); CCR10 (P46092); PCSK9 (Q8NBP7),R-HSA-445355 Smooth Muscle Contraction[scr:388]; R-HSA-75205 Dissolution of Fibrin Clot[scr:291],,,DB00591 Fluocinolone acetonide[scr:9999999],,
ANXA5 (P08758),,,,EFO:1000954 habitual abortion (EFO)[scr:53],DB00591 Fluocinolone acetonide[scr:9999999],,
ANXA4 (P09525),,,,,DB00591 Fluocinolone acetonide[scr:9999999],,
ANXA3 (P12429),,,,,DB00591 Fluocinolone acetonide[scr:9999999]; DB09095 Difluocortolone[scr:561],,
HIF1A (Q16665),EGLN2 (Q96KS0); BHLHE41 (Q9C0J9); SEPTIN9 (Q9UHD8); ESRRA (P11474); OS9 (Q13438),R-HSA-8849473 PTK6 Expression[scr:3025]; R-HSA-8857538 PTK6 promotes HIF1A stabilization[scr:630]; R-HSA-400253 Circadian Clock[scr:597]; R-HSA-1234158 Regulation of gene expression by Hypoxia-inducible Factor[scr:344]; R-HSA-1234176 Oxygen-dependent proline hydroxylation of Hypoxia-inducible Factor Alpha[scr:229]; hsa04066 HIF-1 signaling pathway[scr:15]; hsa04137 Mitophagy[scr:6]; hsa04659 Th17 cell differentiation[scr:4]; hsa04919 Thyroid hormone signaling pathway[scr:3]; hsa04140 Autophagy[scr:3],,H01509 Tonsillar cancer (KEGG)[scr:72],DB00591 Fluocinolone acetonide[scr:9999999],,
TMF1 (P82094),NR3C1 (P04150),,,,,,
EGLN2 (Q96KS0),HIF1A (Q16665),R-HSA-1234176 Oxygen-dependent proline hydroxylation of Hypoxia-inducible Factor Alpha[scr:229]; hsa04066 HIF-1 signaling pathway[scr:15],,,,,
LNPK (Q9C0E8),ANXA1 (P04083),,,MONDO:0060761 neurodevelopmental disorder with epilepsy and hypoplasia of the corpus callosum (EFO)[scr:0],,,
BHLHE41 (Q9C0J9),HIF1A (Q16665),R-HSA-400253 Circadian Clock[scr:597]; hsa04710 Circadian rhythm[scr:13],,,,,
CCR10 (P46092),ANXA2 (P07355),hsa04672 Intestinal immune network for IgA production[scr:9]; hsa04061 Viral protein interaction with cytokine and cytokine receptor[scr:4],,,,,
PCSK9 (Q8NBP7),ANXA2 (P07355),R-HSA-8866427 VLDLR internalisation and degradation[scr:315]; hsa04979 Cholesterol metabolism[scr:8],HP:0006693 Myocardial steatosis[scr:41]; HP:0007201 Cerebral artery atherosclerosis[scr:41]; HP:3000062 Abnormal internal carotid artery morphology[scr:36]; HP:0030882 Coronary artery aneurysm[scr:36],EFO:0004911 familial hypercholesterolemia (EFO)[scr:42]; MONDO:0011369 hypercholesterolemia- autosomal dominant- 3 (EFO)[scr:0]; H00155 Familial hypercholesterolemia (KEGG)[scr:72],,,
SEPTIN9 (Q9UHD8),HIF1A (Q16665),,HP:0410010 Abnormality of somatic nerve plexus[scr:124]; HP:0410009 Abnormality of the somatic nervous system[scr:124]; HP:0045052 Abnormality of the brachial nerve plexus[scr:124]; HP:0045054 Brachial plexus neuropathy[scr:124],H01131 Hereditary neuralgic amyotrophy (KEGG)[scr:216],,,
KIAA0408 (Q6ZU52),NR3C1 (P04150),,,,,,
ESRRA (P11474),HIF1A (Q16665),R-HSA-383280 Nuclear Receptor transcription pathway[scr:297],,,,,
OS9 (Q13438),HIF1A (Q16665),hsa04141 Protein processing in endoplasmic reticulum[scr:2],,,,,
