Core Proteins,Interacting Proteins,Pathways,HPO terms,Diseases,Targeting Drugs,Experimental Bioactive Compounds (pChEMBL),Predicted interacting Compounds
TUBB (P07437),TUBA1A (Q71U36); JUN (P05412); TINF2 (Q9BSI4); LRRK2 (Q5S007),hsa04540 Gap junction[scr:75]; hsa04145 Phagosome[scr:45],HP:0006768 Localized neuroblastoma[scr:235]; HP:0007522 Increased number of skin folds[scr:157],Orphanet:2505 Multiple benign circumferential skin creases on limbs (EFO)[scr:200]; Orphanet:183506 Genetic central nervous system malformation (EFO)[scr:80],DB00541 Vincristine[scr:9999999]; DB00570 Vinblastine[scr:795]; DB01179 Podofilox[scr:707]; DB11641 Vinflunine[scr:530]; DB05284 CA4P[scr:530]; DB00361 Vinorelbine[scr:530]; DB03010 Patupilone[scr:477]; DB01873 Epothilone D[scr:477]; DB05147 CYT997[scr:341]; DB11731 Depatuxizumab mafodotin[scr:265],,
TUBA4A (P68366),CLIP1 (P30622); POC5 (Q8NA72); TCP11L2 (Q8N4U5),R-HSA-5626467 RHO GTPases activate IQGAPs[scr:2009]; R-HSA-190840 Microtubule-dependent trafficking of connexons from Golgi to the plasma membrane[scr:1428]; R-HSA-5617833 Cilium Assembly[scr:1360]; R-HSA-389977 Post-chaperonin tubulin folding pathway[scr:1242]; R-HSA-389960 Formation of tubulin folding intermediates by CCT/TriC[scr:1099]; R-HSA-389957 Prefoldin mediated transfer of substrate to CCT/TriC[scr:1020]; R-HSA-9619483 Activation of AMPK downstream of NMDARs[scr:985]; hsa04540 Gap junction[scr:75]; hsa04210 Apoptosis[scr:49]; hsa04145 Phagosome[scr:45]; hsa04530 Tight junction[scr:40],,EFO:0000253 amyotrophic lateral sclerosis (EFO)[scr:44],DB00541 Vincristine[scr:9999999]; DB01179 Podofilox[scr:707]; DB03010 Patupilone[scr:477]; DB01873 Epothilone D[scr:477]; DB05147 CYT997[scr:341],,
TUBA1A (Q71U36),TUBB (P07437); TUBA1A (Q71U36); JUN (P05412),R-HSA-5626467 RHO GTPases activate IQGAPs[scr:2009]; R-HSA-190840 Microtubule-dependent trafficking of connexons from Golgi to the plasma membrane[scr:1428]; R-HSA-5617833 Cilium Assembly[scr:1360]; R-HSA-389977 Post-chaperonin tubulin folding pathway[scr:1242]; R-HSA-389960 Formation of tubulin folding intermediates by CCT/TriC[scr:1099]; R-HSA-389957 Prefoldin mediated transfer of substrate to CCT/TriC[scr:1020]; R-HSA-9619483 Activation of AMPK downstream of NMDARs[scr:985]; hsa04540 Gap junction[scr:75]; hsa04210 Apoptosis[scr:49]; hsa04145 Phagosome[scr:45]; hsa04530 Tight junction[scr:40],,Orphanet:171680 Lissencephaly due to TUBA1A mutation (EFO)[scr:400],DB00570 Vinblastine[scr:795]; DB03010 Patupilone[scr:477]; DB01873 Epothilone D[scr:477]; DB05147 CYT997[scr:341],,
CLIP1 (P30622),TUBA4A (P68366); TUBA1A (Q71U36),R-HSA-5626467 RHO GTPases activate IQGAPs[scr:2009],,,,,
POC5 (Q8NA72),TUBA4A (P68366),,,,,,
JUN (P05412),TUBB (P07437); JUN (P05412); TUBA1A (Q71U36),hsa04210 Apoptosis[scr:49]; hsa04530 Tight junction[scr:40]; hsa04137 Mitophagy[scr:12]; hsa04662 B cell receptor signaling pathway[scr:10]; hsa04012 ErbB signaling pathway[scr:9]; hsa04658 Th1 and Th2 cell differentiation[scr:8]; hsa04657 IL-17 signaling pathway[scr:8]; hsa04912 GnRH signaling pathway[scr:8],,,DB00570 Vinblastine[scr:795],,
TINF2 (Q9BSI4),TUBB (P07437),R-HSA-110331 Cleavage of the damaged purine[scr:2381]; R-HSA-110330 Recognition and association of DNA glycosylase with site containing an affected purine[scr:2381],HP:0007617 Fine- reticulate skin pigmentation[scr:470]; HP:0007898 Exudative retinopathy[scr:157]; HP:0000555 Leukocoria[scr:118]; HP:0001147 Retinal exudate[scr:67]; HP:0007588 Reticular hyperpigmentation[scr:67]; HP:0007427 Reticulated skin pigmentation[scr:59]; HP:0006515 Interstitial pneumonitis[scr:59]; HP:0008402 Ridged fingernail[scr:52],Orphanet:3088 Revesz syndrome (EFO)[scr:400]; Orphanet:1775 Dyskeratosis congenita (EFO)[scr:40]; H00921 Revesz syndrome (KEGG)[scr:407],,,
LRRK2 (Q5S007),TUBB (P07437); LRRK2 (Q5S007),R-HSA-8857538 PTK6 promotes HIF1A stabilization[scr:1190],,Orphanet:411602 Hereditary late-onset Parkinson disease (EFO)[scr:80]; MONDO:0008199 late-onset Parkinson disease (EFO)[scr:36]; EFO:0002508 Parkinson's disease (EFO)[scr:33]; Orphanet:2828 Young adult-onset Parkinsonism (EFO)[scr:33],,,CHEMBL1928672 [scr:58]; CHEMBL1517505 [scr:58]; CHEMBL3938818 [scr:58]; CHEMBL1609468 [scr:58]; CHEMBL3939299 [scr:58]; CHEMBL3939634 [scr:58]; CHEMBL1611010 [scr:58]; CHEMBL2089119 [scr:58]; CHEMBL3940036 [scr:58]; CHEMBL1518705 [scr:58]
TCP11L2 (Q8N4U5),TUBA4A (P68366),,,,,,
