Core Proteins,Interacting Proteins,Pathways,HPO terms,Diseases,Targeting Drugs,Experimental Bioactive Compounds (pChEMBL),Predicted interacting Compounds
LMNA (P02545),TMPO (P42166); ALOX12 (P18054); LMNB2 (Q03252); ZMPSTE24 (O75844); PELI1 (Q96FA3); SREBF1 (P36956),R-HSA-352238 Breakdown of the nuclear lamina[scr:1648]; hsa04210 Apoptosis[scr:15],HP:0009002 Loss of truncal subcutaneous adipose tissue[scr:976]; HP:0011832 Narrow nasal tip[scr:651]; HP:0010189 Osteolytic defects of the distal phalanges of the toes[scr:651]; HP:0012478 Temporomandibular joint ankylosis[scr:651]; HP:0000291 Abnormality of facial adipose tissue[scr:651]; HP:0005253 Increased anterioposterior diameter of thorax[scr:651]; HP:0011414 Hydropic placenta[scr:651]; HP:0001870 Acroosteolysis of distal phalanges (feet)[scr:651]; HP:0006224 Tapering pointed ends of distal finger phalanges[scr:434],Orphanet:2457 Mandibuloacral dysplasia (EFO)[scr:554]; Orphanet:1662 Lethal restrictive dermopathy (EFO)[scr:554]; Orphanet:90153 Mandibuloacral dysplasia with type A lipodystrophy (EFO)[scr:277]; Orphanet:740 Hutchinson-Gilford progeria syndrome (EFO)[scr:277]; Orphanet:2229 Dilated cardiomyopathy - hypergonadotropic hypogonadism (EFO)[scr:277]; H00665 Mandibuloacral dysplasia (KEGG)[scr:564]; H00663 Restrictive dermopathy (KEGG)[scr:564]; H00420 Familial partial lipodystrophy (KEGG)[scr:363]; H00601 Hutchinson-Gilford progeria syndrome (KEGG)[scr:282]; H00563 Emery-Dreifuss muscular dystrophy (KEGG)[scr:56]; H00590 Congenital muscular dystrophies (CMD/MDC) (KEGG)[scr:56],DB00912 Repaglinide[scr:9999999],,
PPARG (P37231),PPARG (P37231); SMARCD3 (Q6STE5); SMARCD3 (Q6STE5); ADCY4 (Q8NFM4); NR1H2 (P55055),R-HSA-9022707 MECP2 regulates transcription factors[scr:989]; hsa04211 Longevity regulating pathway[scr:24]; hsa04714 Thermogenesis[scr:20]; hsa04152 AMPK signaling pathway[scr:18],HP:0000291 Abnormality of facial adipose tissue[scr:651],Orphanet:79083 Familial partial lipodystrophy associated with PPARG mutations (EFO)[scr:277]; H00409 Type 2 diabetes mellitus (KEGG)[scr:1000000]; H00420 Familial partial lipodystrophy (KEGG)[scr:363],DB00912 Repaglinide[scr:9999999]; DB01252 Mitiglinide[scr:734]; DB00731 Nateglinide[scr:734]; DB01067 Glipizide[scr:734]; DB11133 Omega-3 fatty acids[scr:489]; DB07723 3-(5-methoxy-1H-indol-3-yl)propanoic acid[scr:367]; DB07053 2-{5-[3-(7-PROPYL-3-TRIFLUOROMETHYLBENZO[D]ISOXAZOL-6-YLOXY)PROPOXY]INDOL-1-YL}ETHANOIC ACID[scr:367]; DB06926 (9Z-11E-13S)-13-hydroxyoctadeca-9-11-dienoic acid[scr:367],,
ABCC8 (Q09428),KCNJ11 (Q14654),R-HSA-5683177 Defective ABCC8 can cause hypoglycemias and hyperglycemias[scr:9888]; R-HSA-1296025 ATP sensitive Potassium channels[scr:4944]; hsa04911 Insulin secretion[scr:54]; hsa02010 ABC transporters[scr:12],HP:0040025 Clinodactyly of the 4th finger[scr:651],Orphanet:276525 Familial hyperinsulinism (EFO)[scr:554]; Orphanet:79643 Autosomal recessive hyperinsulinism due to SUR1 deficiency (EFO)[scr:277]; Orphanet:79134 DEND syndrome (EFO)[scr:277]; H00513 Transient neonatal diabetes mellitus (KEGG)[scr:282]; H01267 Familial hyperinsulinemic hypoglycemia (KEGG)[scr:161]; H00512 Permanent neonatal diabetes mellitus (KEGG)[scr:125],DB00912 Repaglinide[scr:9999999]; DB01252 Mitiglinide[scr:734]; DB00839 Tolazamide[scr:734]; DB00731 Nateglinide[scr:734]; DB01067 Glipizide[scr:734]; DB00222 Glimepiride[scr:489],,
SMARCD3 (Q6STE5),PPARG (P37231),R-HSA-1368082 RORA activates gene expression[scr:1099]; hsa04714 Thermogenesis[scr:20],,,,,
TMPO (P42166),LMNA (P02545),,,,,,
ALOX12 (P18054),LMNA (P02545),R-HSA-2142696 Synthesis of Hepoxilins (HX) and Trioxilins (TrX)[scr:4944]; R-HSA-9026290 Biosynthesis of DPAn-3-derived maresins[scr:2472]; R-HSA-9025106 Biosynthesis of DPAn-6 SPMs[scr:2472]; R-HSA-9018677 Biosynthesis of DHA-derived SPMs[scr:1648]; hsa04750 Inflammatory mediator regulation of TRP channels[scr:20],,,,,CHEMBL551249 [scr:40.15]; CHEMBL1822108 [scr:40.15]; CHEMBL553548 [scr:40.15]; CHEMBL547077 [scr:40.15]; CHEMBL556311 [scr:40.15]; CHEMBL361646 [scr:40.15]; CHEMBL551228 [scr:40.15]; CHEMBL552572 [scr:20.08]; CHEMBL542964 [scr:20.08]; CHEMBL550418 [scr:20.08]
LMNB2 (Q03252),LMNA (P02545); LMNB2 (Q03252),hsa04210 Apoptosis[scr:15],HP:0009002 Loss of truncal subcutaneous adipose tissue[scr:976]; HP:0000291 Abnormality of facial adipose tissue[scr:651],H00420 Familial partial lipodystrophy (KEGG)[scr:363],,,
ADCY4 (Q8NFM4),PPARG (P37231),hsa04911 Insulin secretion[scr:54]; hsa04211 Longevity regulating pathway[scr:24]; hsa04714 Thermogenesis[scr:20]; hsa04750 Inflammatory mediator regulation of TRP channels[scr:20]; hsa04913 Ovarian steroidogenesis[scr:10]; hsa04923 Regulation of lipolysis in adipocytes[scr:9],,,,,
ZMPSTE24 (O75844),LMNA (P02545),hsa00900 Terpenoid backbone biosynthesis[scr:24],HP:0009002 Loss of truncal subcutaneous adipose tissue[scr:976]; HP:0011832 Narrow nasal tip[scr:651]; HP:0010189 Osteolytic defects of the distal phalanges of the toes[scr:651]; HP:0012478 Temporomandibular joint ankylosis[scr:651]; HP:0000291 Abnormality of facial adipose tissue[scr:651]; HP:0005253 Increased anterioposterior diameter of thorax[scr:651]; HP:0011414 Hydropic placenta[scr:651]; HP:0001870 Acroosteolysis of distal phalanges (feet)[scr:651]; HP:0006224 Tapering pointed ends of distal finger phalanges[scr:434],Orphanet:2457 Mandibuloacral dysplasia (EFO)[scr:554]; Orphanet:1662 Lethal restrictive dermopathy (EFO)[scr:554]; H00665 Mandibuloacral dysplasia (KEGG)[scr:564]; H00663 Restrictive dermopathy (KEGG)[scr:564],,,
KCNJ11 (Q14654),ABCC8 (Q09428),R-HSA-5683177 Defective ABCC8 can cause hypoglycemias and hyperglycemias[scr:9888]; R-HSA-5678420 Defective ABCC9 causes dilated cardiomyopathy 10- familial atrial fibrillation 12 and hypertrichotic osteochondrodysplasia[scr:4944]; R-HSA-1296025 ATP sensitive Potassium channels[scr:4944]; hsa04911 Insulin secretion[scr:54],HP:0040025 Clinodactyly of the 4th finger[scr:651],Orphanet:276525 Familial hyperinsulinism (EFO)[scr:554]; Orphanet:79644 Autosomal recessive hyperinsulinism due to Kir6.2 deficiency (EFO)[scr:277]; Orphanet:79134 DEND syndrome (EFO)[scr:277]; H00409 Type 2 diabetes mellitus (KEGG)[scr:1000000]; H00513 Transient neonatal diabetes mellitus (KEGG)[scr:282]; H01267 Familial hyperinsulinemic hypoglycemia (KEGG)[scr:161]; H00512 Permanent neonatal diabetes mellitus (KEGG)[scr:125],DB00839 Tolazamide[scr:734]; DB00222 Glimepiride[scr:489],,
PELI1 (Q96FA3),LMNA (P02545),,,,,,
SREBF1 (P36956),LMNA (P02545),R-HSA-1368082 RORA activates gene expression[scr:1099]; hsa04152 AMPK signaling pathway[scr:18],,,DB11133 Omega-3 fatty acids[scr:489],,
NR1H2 (P55055),PPARG (P37231),,,,,,
