{"options":{"search_start":1613055847,"tax_ids":[9606],"num_of_fn_nodes":10,"num_of_pathways":10,"num_of_phenotypes":10,"num_of_drugs":10,"num_of_diseases":10,"num_of_compounds":10,"chembl_compounds":0,"predictions":1,"reviewed_filter":1,"fn":1,"chembl":1,"search_finish":1613055860,"search_runtime":13},"search":[{"Drug":[{"DB00798":"Gentamicin"}]}],"nodes":[{"data":{"id":"P00374","display_name":"DHFR","Node_Type":"Protein"}},{"data":{"id":"P98164","display_name":"LRP2","Node_Type":"Protein"}},{"data":{"id":"Orphanet:2143","display_name":"Donnai-Barrow syndrome","Node_Type":"Disease","enrichScore":1800.5}},{"data":{"id":"Orphanet:319651","display_name":"Constitutional megaloblastic anemia with severe neurologic disease","Node_Type":"Disease","enrichScore":1800.5}},{"data":{"id":"DB00798","display_name":"Gentamicin","Node_Type":"Drug","enrichScore":9999999}},{"data":{"id":"DB08642","display_name":"(2R,6S)-6-{[methyl(3,4,5-trimethoxyphenyl)amino]methyl}-1,2,5,6,7,8-hexahydroquinazoline-2,4-diamine","Node_Type":"Drug","enrichScore":2384.5}},{"data":{"id":"DB07142","display_name":"5-[(3R)-3-(5-methoxy-3',5'-dimethylbiphenyl-3-yl)but-1-yn-1-yl]-6-methylpyrimidine-2,4-diamine","Node_Type":"Drug","enrichScore":2384.5}},{"data":{"id":"DB03351","display_name":"Sri-9439","Node_Type":"Drug","enrichScore":2384.5}},{"data":{"id":"DB07140","display_name":"5-[(3R)-3-(5-methoxybiphenyl-3-yl)but-1-yn-1-yl]-6-methylpyrimidine-2,4-diamine","Node_Type":"Drug","enrichScore":2384.5}},{"data":{"id":"DB03060","display_name":"Sri-9662","Node_Type":"Drug","enrichScore":2384.5}},{"data":{"id":"DB02919","display_name":"2,4-Diamino-6-[N-(3',4',5'-Trimethoxybenzyl)-N-Methylamino]Pyrido[2,3-D]Pyrimidine","Node_Type":"Drug","enrichScore":2384.5}},{"data":{"id":"DB02583","display_name":"N6-(2,5-Dimethoxy-Benzyl)-N6-Methyl-Pyrido[2,3-D]Pyrimidine-2,4,6-Triamine","Node_Type":"Drug","enrichScore":2384.5}},{"data":{"id":"DB07141","display_name":"5-[(3R)-3-(5-methoxy-4'-methylbiphenyl-3-yl)but-1-yn-1-yl]-6-methylpyrimidine-2,4-diamine","Node_Type":"Drug","enrichScore":2384.5}},{"data":{"id":"DB02104","display_name":"2,4-Diamino-5-Methyl-6-[(3,4,5-Trimethoxy-N-Methylanilino)Methyl]Pyrido[2,3-D]Pyrimidine","Node_Type":"Drug","enrichScore":2384.5}},{"data":{"id":"R-HSA-1474151","display_name":"Tetrahydrobiopterin (BH4) synthesis, recycling, salvage and regulation","Node_Type":"Pathway","enrichScore":3213.75}},{"data":{"id":"R-HSA-196791","display_name":"Vitamin D (calciferol) metabolism","Node_Type":"Pathway","enrichScore":2921.591}},{"data":{"id":"R-HSA-196757","display_name":"Metabolism of folate and pterines","Node_Type":"Pathway","enrichScore":1890.441}},{"data":{"id":"R-HSA-975634","display_name":"Retinoid metabolism and transport","Node_Type":"Pathway","enrichScore":730.398}},{"data":{"id":"R-HSA-8856825","display_name":"Cargo recognition for clathrin-mediated endocytosis","Node_Type":"Pathway","enrichScore":306.071}},{"data":{"id":"R-HSA-8856828","display_name":"Clathrin-mediated endocytosis","Node_Type":"Pathway","enrichScore":249.128}},{"data":{"id":"R-HSA-69205","display_name":"G1\/S-Specific Transcription","Node_Type":"Pathway","enrichScore":0}},{"data":{"id":"HP:0100876","display_name":"Infra-orbital crease","Node_Type":"HPO","enrichScore":2115.5}},{"data":{"id":"HP:0005574","display_name":"Non-acidotic proximal tubulopathy","Node_Type":"HPO","enrichScore":2115.5}},{"data":{"id":"HP:0025097","display_name":"Eyelid myoclonus","Node_Type":"HPO","enrichScore":705.167}},{"data":{"id":"HP:0003126","display_name":"Low-molecular-weight proteinuria","Node_Type":"HPO","enrichScore":528.875}},{"data":{"id":"HP:0009110","display_name":"Diaphragmatic eventration","Node_Type":"HPO","enrichScore":235.056}},{"data":{"id":"HP:0000349","display_name":"Widow's peak","Node_Type":"HPO","enrichScore":192.318}},{"data":{"id":"HP:0001889","display_name":"Megaloblastic anemia","Node_Type":"HPO","enrichScore":117.528}},{"data":{"id":"HP:0007676","display_name":"Hypoplasia of the iris","Node_Type":"HPO","enrichScore":68.242}},{"data":{"id":"HP:0009890","display_name":"High anterior hairline","Node_Type":"HPO","enrichScore":64.106}},{"data":{"id":"HP:0001338","display_name":"Partial agenesis of the corpus callosum","Node_Type":"HPO","enrichScore":62.221}},{"data":{"id":"hsa00670","display_name":"One carbon pool by folate","Node_Type":"kegg_Pathway","enrichScore":179.947}},{"data":{"id":"hsa00790","display_name":"Folate biosynthesis","Node_Type":"kegg_Pathway","enrichScore":131.5}},{"data":{"id":"hsa04979","display_name":"Cholesterol metabolism","Node_Type":"kegg_Pathway","enrichScore":71.229}},{"data":{"id":"hsa04340","display_name":"Hedgehog signaling pathway","Node_Type":"kegg_Pathway","enrichScore":68.38}},{"data":{"id":"hsa04918","display_name":"Thyroid hormone synthesis","Node_Type":"kegg_Pathway","enrichScore":45.587}},{"data":{"id":"hsa01100","display_name":"Metabolic pathways","Node_Type":"kegg_Pathway","enrichScore":2.312}},{"data":{"id":"H00334","display_name":"Bacterial endocarditis","Node_Type":"kegg_Disease","enrichScore":1000000}},{"data":{"id":"H01644","display_name":"Blepharitis","Node_Type":"kegg_Disease","enrichScore":1000000}},{"data":{"id":"H01366","display_name":"Bacterial conjunctivitis","Node_Type":"kegg_Disease","enrichScore":1000000}},{"data":{"id":"H01197","display_name":"Dihydrofolate reductase deficiency","Node_Type":"kegg_Disease","enrichScore":1833.5}},{"data":{"id":"H00886","display_name":"Donnai-Barrow syndrome","Node_Type":"kegg_Disease","enrichScore":1833.5}}],"edges":[{"data":{"source":"HP:0100876","target":"Orphanet:2143","Edge_Type":"hpodis","label":"is associated w\/"}},{"data":{"source":"HP:0005574","target":"Orphanet:2143","Edge_Type":"hpodis","label":"is associated w\/"}},{"data":{"source":"HP:0025097","target":"Orphanet:319651","Edge_Type":"hpodis","label":"is associated w\/"}},{"data":{"source":"HP:0003126","target":"Orphanet:2143","Edge_Type":"hpodis","label":"is associated w\/"}},{"data":{"source":"HP:0009110","target":"Orphanet:2143","Edge_Type":"hpodis","label":"is associated w\/"}},{"data":{"source":"HP:0000349","target":"Orphanet:2143","Edge_Type":"hpodis","label":"is associated w\/"}},{"data":{"source":"HP:0001889","target":"Orphanet:319651","Edge_Type":"hpodis","label":"is associated w\/"}},{"data":{"source":"HP:0007676","target":"Orphanet:2143","Edge_Type":"hpodis","label":"is associated w\/"}},{"data":{"source":"HP:0009890","target":"Orphanet:2143","Edge_Type":"hpodis","label":"is associated w\/"}},{"data":{"source":"HP:0001338","target":"Orphanet:2143","Edge_Type":"hpodis","label":"is associated w\/"}},{"data":{"source":"P98164","target":"Orphanet:2143","Edge_Type":"Disease","label":"is related to"}},{"data":{"source":"P00374","target":"Orphanet:319651","Edge_Type":"Disease","label":"is related to"}},{"data":{"source":"P98164","target":"DB00798","Edge_Type":"Drug","label":"targets"}},{"data":{"source":"P00374","target":"DB00798","Edge_Type":"Drug","label":"targets"}},{"data":{"source":"P00374","target":"DB08642","Edge_Type":"Drug","label":"targets"}},{"data":{"source":"P00374","target":"DB07142","Edge_Type":"Drug","label":"targets"}},{"data":{"source":"P00374","target":"DB03351","Edge_Type":"Drug","label":"targets"}},{"data":{"source":"P00374","target":"DB07140","Edge_Type":"Drug","label":"targets"}},{"data":{"source":"P00374","target":"DB03060","Edge_Type":"Drug","label":"targets"}},{"data":{"source":"P00374","target":"DB02919","Edge_Type":"Drug","label":"targets"}},{"data":{"source":"P00374","target":"DB02583","Edge_Type":"Drug","label":"targets"}},{"data":{"source":"P00374","target":"DB07141","Edge_Type":"Drug","label":"targets"}},{"data":{"source":"P00374","target":"DB02104","Edge_Type":"Drug","label":"targets"}},{"data":{"source":"P00374","target":"R-HSA-1474151","Edge_Type":"Pathway","label":"is involved in"}},{"data":{"source":"P98164","target":"R-HSA-196791","Edge_Type":"Pathway","label":"is involved in"}},{"data":{"source":"P00374","target":"R-HSA-196757","Edge_Type":"Pathway","label":"is involved in"}},{"data":{"source":"P98164","target":"R-HSA-975634","Edge_Type":"Pathway","label":"is involved in"}},{"data":{"source":"P98164","target":"R-HSA-8856825","Edge_Type":"Pathway","label":"is involved in"}},{"data":{"source":"P98164","target":"R-HSA-8856828","Edge_Type":"Pathway","label":"is involved in"}},{"data":{"source":"P00374","target":"R-HSA-69205","Edge_Type":"Pathway","label":"is involved in"}},{"data":{"source":"P98164","target":"HP:0100876","Edge_Type":"HPO","label":"is associated w\/"}},{"data":{"source":"P98164","target":"HP:0005574","Edge_Type":"HPO","label":"is associated w\/"}},{"data":{"source":"P00374","target":"HP:0025097","Edge_Type":"HPO","label":"is associated w\/"}},{"data":{"source":"P98164","target":"HP:0003126","Edge_Type":"HPO","label":"is associated w\/"}},{"data":{"source":"P98164","target":"HP:0009110","Edge_Type":"HPO","label":"is associated w\/"}},{"data":{"source":"P98164","target":"HP:0000349","Edge_Type":"HPO","label":"is associated w\/"}},{"data":{"source":"P00374","target":"HP:0001889","Edge_Type":"HPO","label":"is associated w\/"}},{"data":{"source":"P98164","target":"HP:0007676","Edge_Type":"HPO","label":"is associated w\/"}},{"data":{"source":"P98164","target":"HP:0009890","Edge_Type":"HPO","label":"is associated w\/"}},{"data":{"source":"P98164","target":"HP:0001338","Edge_Type":"HPO","label":"is associated w\/"}},{"data":{"source":"H00334","target":"DB00798","Edge_Type":"kegg_dis_drug","label":"indicates"}},{"data":{"source":"H01644","target":"DB00798","Edge_Type":"kegg_dis_drug","label":"indicates"}},{"data":{"source":"H01366","target":"DB00798","Edge_Type":"kegg_dis_drug","label":"indicates"}},{"data":{"source":"H01197","target":"hsa00670","Edge_Type":"kegg_dis_path","label":"modulates"}},{"data":{"source":"H01197","target":"hsa00790","Edge_Type":"kegg_dis_path","label":"modulates"}},{"data":{"source":"H00886","target":"hsa04340","Edge_Type":"kegg_dis_path","label":"modulates"}},{"data":{"source":"P00374","target":"hsa00670","Edge_Type":"kegg_path_prot","label":"is involved in"}},{"data":{"source":"P00374","target":"hsa00790","Edge_Type":"kegg_path_prot","label":"is involved in"}},{"data":{"source":"P98164","target":"hsa04979","Edge_Type":"kegg_path_prot","label":"is involved in"}},{"data":{"source":"P98164","target":"hsa04340","Edge_Type":"kegg_path_prot","label":"is involved in"}},{"data":{"source":"P98164","target":"hsa04918","Edge_Type":"kegg_path_prot","label":"is involved in"}},{"data":{"source":"P00374","target":"hsa01100","Edge_Type":"kegg_path_prot","label":"is involved in"}},{"data":{"source":"P00374","target":"H01197","Edge_Type":"kegg_dis_prot","label":"is related to"}},{"data":{"source":"P98164","target":"H00886","Edge_Type":"kegg_dis_prot","label":"is related to"}}]}