Core Proteins,Interacting Proteins,Pathways,HPO terms,Diseases,Targeting Drugs,Experimental Bioactive Compounds (pChEMBL),Predicted interacting Compounds
SLC2A1 (P11166),SLC2A1 (P11166),hsa04920 Adipocytokine signaling pathway[scr:4]; hsa04976 Bile secretion[scr:4]; hsa04911 Insulin secretion[scr:3]; hsa04066 HIF-1 signaling pathway[scr:3]; hsa04922 Glucagon signaling pathway[scr:2]; hsa04919 Thyroid hormone signaling pathway[scr:2],HP:0011972 Hypoglycorrhachia[scr:169]; HP:0011973 Paroxysmal lethargy[scr:169]; HP:0031884 Abnormal CSF glucose level[scr:169],Orphanet:168577 Hereditary cryohydrocytosis with reduced stomatin (EFO)[scr:144]; Orphanet:53583 Paroxysmal dystonic choreathetosis with episodic ataxia and spasticity (EFO)[scr:144]; Orphanet:71277 Encephalopathy due to GLUT1 deficiency (EFO)[scr:144]; H00836 GLUT1 deficiency syndrome (KEGG)[scr:147]; H00232 Hereditary stomatocytosis (KEGG)[scr:24]; H00808 Idiopathic generalized epilepsies (KEGG)[scr:18]; H00831 Primary dystonia (KEGG)[scr:7],DB07374 Anisomycin[scr:9999999]; DB11059 Carboxymethylcellulose[scr:191]; DB02709 Resveratrol[scr:8],,
RPL3 (P39023),,R-HSA-192823 Viral mRNA Translation[scr:3457]; R-HSA-156902 Peptide chain elongation[scr:3457]; R-HSA-2408557 Selenocysteine synthesis[scr:3309]; R-HSA-72764 Eukaryotic Translation Termination[scr:3309]; R-HSA-975956 Nonsense Mediated Decay (NMD) independent of the Exon Junction Complex (EJC)[scr:3241]; R-HSA-72689 Formation of a pool of free 40S subunits[scr:3050]; R-HSA-156827 L13a-mediated translational silencing of Ceruloplasmin expression[scr:2778]; R-HSA-72706 GTP hydrolysis and joining of the 60S ribosomal subunit[scr:2753]; R-HSA-1799339 SRP-dependent cotranslational protein targeting to membrane[scr:2753]; R-HSA-975957 Nonsense Mediated Decay (NMD) enhanced by the Exon Junction Complex (EJC)[scr:2682]; hsa03010 Ribosome[scr:301],,,DB07374 Anisomycin[scr:9999999]; DB02494 (S)-3-phenyllactic acid[scr:2149]; DB08437 Puromycin[scr:2113]; DB04865 Omacetaxine mepesuccinate[scr:95]; DB09092 Xanthinol[scr:32],,
RPL13A (P40429),,R-HSA-192823 Viral mRNA Translation[scr:3457]; R-HSA-156902 Peptide chain elongation[scr:3457]; R-HSA-2408557 Selenocysteine synthesis[scr:3309]; R-HSA-72764 Eukaryotic Translation Termination[scr:3309]; R-HSA-975956 Nonsense Mediated Decay (NMD) independent of the Exon Junction Complex (EJC)[scr:3241]; R-HSA-72689 Formation of a pool of free 40S subunits[scr:3050]; R-HSA-156827 L13a-mediated translational silencing of Ceruloplasmin expression[scr:2778]; R-HSA-72706 GTP hydrolysis and joining of the 60S ribosomal subunit[scr:2753]; R-HSA-1799339 SRP-dependent cotranslational protein targeting to membrane[scr:2753]; R-HSA-975957 Nonsense Mediated Decay (NMD) enhanced by the Exon Junction Complex (EJC)[scr:2682]; hsa03010 Ribosome[scr:301],,,DB07374 Anisomycin[scr:9999999]; DB02494 (S)-3-phenyllactic acid[scr:2149]; DB08437 Puromycin[scr:2113],,
SNU13 (P55769),SMN1 (Q16637); NUFIP1 (Q9UHK0),hsa03008 Ribosome biogenesis in eukaryotes[scr:14],,,DB07374 Anisomycin[scr:9999999]; DB02494 (S)-3-phenyllactic acid[scr:2149],,
RPL15 (P61313),,R-HSA-192823 Viral mRNA Translation[scr:3457]; R-HSA-156902 Peptide chain elongation[scr:3457]; R-HSA-2408557 Selenocysteine synthesis[scr:3309]; R-HSA-72764 Eukaryotic Translation Termination[scr:3309]; R-HSA-975956 Nonsense Mediated Decay (NMD) independent of the Exon Junction Complex (EJC)[scr:3241]; R-HSA-72689 Formation of a pool of free 40S subunits[scr:3050]; R-HSA-156827 L13a-mediated translational silencing of Ceruloplasmin expression[scr:2778]; R-HSA-72706 GTP hydrolysis and joining of the 60S ribosomal subunit[scr:2753]; R-HSA-1799339 SRP-dependent cotranslational protein targeting to membrane[scr:2753]; R-HSA-975957 Nonsense Mediated Decay (NMD) enhanced by the Exon Junction Complex (EJC)[scr:2682]; hsa03010 Ribosome[scr:301],HP:0030270 Elevated red cell adenosine deaminase level[scr:56],H00237 Diamond-Blackfan anemia (KEGG)[scr:42],DB07374 Anisomycin[scr:9999999]; DB02494 (S)-3-phenyllactic acid[scr:2149]; DB08437 Puromycin[scr:2113],,
RPL37 (P61927),,R-HSA-192823 Viral mRNA Translation[scr:3457]; R-HSA-156902 Peptide chain elongation[scr:3457]; R-HSA-2408557 Selenocysteine synthesis[scr:3309]; R-HSA-72764 Eukaryotic Translation Termination[scr:3309]; R-HSA-975956 Nonsense Mediated Decay (NMD) independent of the Exon Junction Complex (EJC)[scr:3241]; R-HSA-72689 Formation of a pool of free 40S subunits[scr:3050]; R-HSA-156827 L13a-mediated translational silencing of Ceruloplasmin expression[scr:2778]; R-HSA-72706 GTP hydrolysis and joining of the 60S ribosomal subunit[scr:2753]; R-HSA-1799339 SRP-dependent cotranslational protein targeting to membrane[scr:2753]; R-HSA-975957 Nonsense Mediated Decay (NMD) enhanced by the Exon Junction Complex (EJC)[scr:2682]; hsa03010 Ribosome[scr:301],,,DB07374 Anisomycin[scr:9999999]; DB02494 (S)-3-phenyllactic acid[scr:2149]; DB08437 Puromycin[scr:2113]; DB04602 PUROMYCIN AMINONUCLEOSIDE-5'-MONOPHOSPHATE[scr:191]; DB04805 Virginiamycin S1[scr:191],,
RPL23A (P62750),,R-HSA-192823 Viral mRNA Translation[scr:3457]; R-HSA-156902 Peptide chain elongation[scr:3457]; R-HSA-2408557 Selenocysteine synthesis[scr:3309]; R-HSA-72764 Eukaryotic Translation Termination[scr:3309]; R-HSA-975956 Nonsense Mediated Decay (NMD) independent of the Exon Junction Complex (EJC)[scr:3241]; R-HSA-72689 Formation of a pool of free 40S subunits[scr:3050]; R-HSA-156827 L13a-mediated translational silencing of Ceruloplasmin expression[scr:2778]; R-HSA-72706 GTP hydrolysis and joining of the 60S ribosomal subunit[scr:2753]; R-HSA-1799339 SRP-dependent cotranslational protein targeting to membrane[scr:2753]; R-HSA-975957 Nonsense Mediated Decay (NMD) enhanced by the Exon Junction Complex (EJC)[scr:2682]; hsa03010 Ribosome[scr:301],,,DB07374 Anisomycin[scr:9999999]; DB02494 (S)-3-phenyllactic acid[scr:2149]; DB08437 Puromycin[scr:2113]; DB11638 Artenimol[scr:2],,
RPL23 (P62829),BCCIP (Q9P287),R-HSA-192823 Viral mRNA Translation[scr:3457]; R-HSA-156902 Peptide chain elongation[scr:3457]; R-HSA-2408557 Selenocysteine synthesis[scr:3309]; R-HSA-72764 Eukaryotic Translation Termination[scr:3309]; R-HSA-975956 Nonsense Mediated Decay (NMD) independent of the Exon Junction Complex (EJC)[scr:3241]; R-HSA-72689 Formation of a pool of free 40S subunits[scr:3050]; R-HSA-156827 L13a-mediated translational silencing of Ceruloplasmin expression[scr:2778]; R-HSA-72706 GTP hydrolysis and joining of the 60S ribosomal subunit[scr:2753]; R-HSA-1799339 SRP-dependent cotranslational protein targeting to membrane[scr:2753]; R-HSA-975957 Nonsense Mediated Decay (NMD) enhanced by the Exon Junction Complex (EJC)[scr:2682]; hsa03010 Ribosome[scr:301],,,DB07374 Anisomycin[scr:9999999]; DB02494 (S)-3-phenyllactic acid[scr:2149]; DB08437 Puromycin[scr:2113],,
RPL11 (P62913),IP6K1 (Q92551),R-HSA-192823 Viral mRNA Translation[scr:3457]; R-HSA-156902 Peptide chain elongation[scr:3457]; R-HSA-2408557 Selenocysteine synthesis[scr:3309]; R-HSA-72764 Eukaryotic Translation Termination[scr:3309]; R-HSA-975956 Nonsense Mediated Decay (NMD) independent of the Exon Junction Complex (EJC)[scr:3241]; R-HSA-72689 Formation of a pool of free 40S subunits[scr:3050]; R-HSA-156827 L13a-mediated translational silencing of Ceruloplasmin expression[scr:2778]; R-HSA-72706 GTP hydrolysis and joining of the 60S ribosomal subunit[scr:2753]; R-HSA-1799339 SRP-dependent cotranslational protein targeting to membrane[scr:2753]; R-HSA-975957 Nonsense Mediated Decay (NMD) enhanced by the Exon Junction Complex (EJC)[scr:2682]; hsa03010 Ribosome[scr:301],HP:0010487 Small hypothenar eminence[scr:169],H00237 Diamond-Blackfan anemia (KEGG)[scr:42],DB07374 Anisomycin[scr:9999999]; DB02494 (S)-3-phenyllactic acid[scr:2149]; DB08437 Puromycin[scr:2113],,
RPL8 (P62917),,R-HSA-192823 Viral mRNA Translation[scr:3457]; R-HSA-156902 Peptide chain elongation[scr:3457]; R-HSA-2408557 Selenocysteine synthesis[scr:3309]; R-HSA-72764 Eukaryotic Translation Termination[scr:3309]; R-HSA-975956 Nonsense Mediated Decay (NMD) independent of the Exon Junction Complex (EJC)[scr:3241]; R-HSA-72689 Formation of a pool of free 40S subunits[scr:3050]; R-HSA-156827 L13a-mediated translational silencing of Ceruloplasmin expression[scr:2778]; R-HSA-72706 GTP hydrolysis and joining of the 60S ribosomal subunit[scr:2753]; R-HSA-1799339 SRP-dependent cotranslational protein targeting to membrane[scr:2753]; R-HSA-975957 Nonsense Mediated Decay (NMD) enhanced by the Exon Junction Complex (EJC)[scr:2682]; hsa03010 Ribosome[scr:301],,,DB07374 Anisomycin[scr:9999999]; DB02494 (S)-3-phenyllactic acid[scr:2149]; DB08437 Puromycin[scr:2113],,
RPL19 (P84098),,R-HSA-192823 Viral mRNA Translation[scr:3457]; R-HSA-156902 Peptide chain elongation[scr:3457]; R-HSA-2408557 Selenocysteine synthesis[scr:3309]; R-HSA-72764 Eukaryotic Translation Termination[scr:3309]; R-HSA-975956 Nonsense Mediated Decay (NMD) independent of the Exon Junction Complex (EJC)[scr:3241]; R-HSA-72689 Formation of a pool of free 40S subunits[scr:3050]; R-HSA-156827 L13a-mediated translational silencing of Ceruloplasmin expression[scr:2778]; R-HSA-72706 GTP hydrolysis and joining of the 60S ribosomal subunit[scr:2753]; R-HSA-1799339 SRP-dependent cotranslational protein targeting to membrane[scr:2753]; R-HSA-975957 Nonsense Mediated Decay (NMD) enhanced by the Exon Junction Complex (EJC)[scr:2682]; hsa03010 Ribosome[scr:301],,,DB07374 Anisomycin[scr:9999999]; DB02494 (S)-3-phenyllactic acid[scr:2149]; DB08437 Puromycin[scr:2113],,
SMN1 (Q16637),SMN1 (Q16637); SNU13 (P55769); WRAP53 (Q9BUR4); SETX (Q7Z333); POP7 (O75817); KRTAP6-1 (Q3LI64); GEMIN5 (Q8TEQ6); GEMIN2 (O14893); GEMIN2 (O14893),hsa03013 RNA transport[scr:44]; hsa03013 RNA transport[scr:44],HP:0002398 Degeneration of anterior horn cells[scr:45]; HP:0006802 Abnormal anterior horn cell morphology[scr:42],MONDO:0009669 Werdnig-Hoffmann disease (EFO)[scr:144]; Orphanet:70 Proximal spinal muscular atrophy (EFO)[scr:144]; Orphanet:83330 Proximal spinal muscular atrophy type 1 (EFO)[scr:144]; Orphanet:83418 Proximal spinal muscular atrophy type 2 (EFO)[scr:144]; Orphanet:83419 Proximal spinal muscular atrophy type 3 (EFO)[scr:144]; Orphanet:83420 Proximal spinal muscular atrophy type 4 (EFO)[scr:144]; H00455 Spinal muscular atrophy (KEGG)[scr:73]; H00455 Spinal muscular atrophy (KEGG)[scr:73],DB07374 Anisomycin[scr:9999999],,
RPL10L (Q96L21),,R-HSA-192823 Viral mRNA Translation[scr:3457]; R-HSA-156902 Peptide chain elongation[scr:3457]; R-HSA-2408557 Selenocysteine synthesis[scr:3309]; R-HSA-72764 Eukaryotic Translation Termination[scr:3309]; R-HSA-975956 Nonsense Mediated Decay (NMD) independent of the Exon Junction Complex (EJC)[scr:3241]; R-HSA-72689 Formation of a pool of free 40S subunits[scr:3050]; R-HSA-156827 L13a-mediated translational silencing of Ceruloplasmin expression[scr:2778]; R-HSA-72706 GTP hydrolysis and joining of the 60S ribosomal subunit[scr:2753]; R-HSA-1799339 SRP-dependent cotranslational protein targeting to membrane[scr:2753]; R-HSA-975957 Nonsense Mediated Decay (NMD) enhanced by the Exon Junction Complex (EJC)[scr:2682]; hsa03010 Ribosome[scr:301],,,DB07374 Anisomycin[scr:9999999]; DB02494 (S)-3-phenyllactic acid[scr:2149]; DB08437 Puromycin[scr:2113],,
RSL24D1 (Q9UHA3),DNMT3L (Q9UJW3),hsa03010 Ribosome[scr:301],,,DB07374 Anisomycin[scr:9999999]; DB02494 (S)-3-phenyllactic acid[scr:2149]; DB08437 Puromycin[scr:2113],,
RPL26L1 (Q9UNX3),,R-HSA-192823 Viral mRNA Translation[scr:3457]; R-HSA-156902 Peptide chain elongation[scr:3457]; R-HSA-2408557 Selenocysteine synthesis[scr:3309]; R-HSA-72764 Eukaryotic Translation Termination[scr:3309]; R-HSA-975956 Nonsense Mediated Decay (NMD) independent of the Exon Junction Complex (EJC)[scr:3241]; R-HSA-72689 Formation of a pool of free 40S subunits[scr:3050]; R-HSA-156827 L13a-mediated translational silencing of Ceruloplasmin expression[scr:2778]; R-HSA-72706 GTP hydrolysis and joining of the 60S ribosomal subunit[scr:2753]; R-HSA-1799339 SRP-dependent cotranslational protein targeting to membrane[scr:2753]; R-HSA-975957 Nonsense Mediated Decay (NMD) enhanced by the Exon Junction Complex (EJC)[scr:2682]; hsa03010 Ribosome[scr:301],,,DB07374 Anisomycin[scr:9999999]; DB02494 (S)-3-phenyllactic acid[scr:2149]; DB08437 Puromycin[scr:2113],,
IP6K1 (Q92551),RPL11 (P62913),hsa04070 Phosphatidylinositol signaling system[scr:3],,,,,
BCCIP (Q9P287),RPL23 (P62829),,,,,,
DNMT3L (Q9UJW3),RSL24D1 (Q9UHA3),,,,,,
WRAP53 (Q9BUR4),SMN1 (Q16637); WRAP53 (Q9BUR4),,,H00507 Dyskeratosis congenita (KEGG)[scr:16],,,
SETX (Q7Z333),SMN1 (Q16637); SETX (Q7Z333),,HP:0006825 Pallor of dorsal columns of the spinal cord[scr:169]; HP:0003405 Diffuse axonal swelling[scr:85]; HP:0011397 Abnormality of the dorsal column of the spinal cord[scr:56]; HP:0002398 Degeneration of anterior horn cells[scr:45]; HP:0006802 Abnormal anterior horn cell morphology[scr:42],Orphanet:357043 Amyotrophic lateral sclerosis type 4 (EFO)[scr:144]; H00848 Ataxia with ocular apraxia (KEGG)[scr:37]; H00058 Amyotrophic lateral sclerosis (ALS) (KEGG)[scr:6]; H01891 Autosomal recessive spinocerebellar ataxias (KEGG)[scr:6],,,
POP7 (O75817),SMN1 (Q16637),hsa03013 RNA transport[scr:44]; hsa03008 Ribosome biogenesis in eukaryotes[scr:14],,,,,
KRTAP6-1 (Q3LI64),SMN1 (Q16637),,,,,,
GEMIN5 (Q8TEQ6),SMN1 (Q16637),hsa03013 RNA transport[scr:44],,,,,
GEMIN2 (O14893),SMN1 (Q16637),hsa03013 RNA transport[scr:44],,,,,
NUFIP1 (Q9UHK0),SNU13 (P55769),,,,,,
