{"options":{"search_start":1613058273,"tax_ids":[9606],"num_of_fn_nodes":10,"num_of_pathways":10,"num_of_phenotypes":10,"num_of_drugs":10,"num_of_diseases":10,"num_of_compounds":10,"chembl_compounds":0,"predictions":1,"reviewed_filter":1,"fn":1,"chembl":1,"search_finish":1613058303,"search_runtime":30},"search":[{"Drug":[{"DB07131":"(S)-N-(4-carbamimidoylbenzyl)-1-(3-cyclohexylpropanoyl)pyrrolidine-2-carboxamide"}]}],"nodes":[{"data":{"id":"P00734","display_name":"F2","Node_Type":"Protein"}},{"data":{"id":"P07477","display_name":"PRSS1","Node_Type":"Protein"}},{"data":{"id":"P07204","display_name":"THBD","Node_Type":"Protein_N"}},{"data":{"id":"Orphanet:325","display_name":"Congenital factor II deficiency","Node_Type":"Disease","enrichScore":1200.333}},{"data":{"id":"Orphanet:217023","display_name":"Atypical hemolytic-uremic syndrome with thrombomodulin anomaly","Node_Type":"Disease","enrichScore":1200.333}},{"data":{"id":"HP:0004936","display_name":"Venous thrombosis","Node_Type":"Disease","enrichScore":960.267}},{"data":{"id":"EFO:0000342","display_name":"chronic pancreatitis","Node_Type":"Disease","enrichScore":400.111}},{"data":{"id":"Orphanet:676","display_name":"Hereditary chronic pancreatitis","Node_Type":"Disease","enrichScore":400.111}},{"data":{"id":"EFO:1000954","display_name":"habitual abortion","Node_Type":"Disease","enrichScore":300.083}},{"data":{"id":"EFO:0000712","display_name":"stroke","Node_Type":"Disease","enrichScore":150.042}},{"data":{"id":"Orphanet:2134","display_name":"Atypical hemolytic-uremic syndrome","Node_Type":"Disease","enrichScore":133.37}},{"data":{"id":"DB07131","display_name":"(S)-N-(4-carbamimidoylbenzyl)-1-(3-cyclohexylpropanoyl)pyrrolidine-2-carboxamide","Node_Type":"Drug","enrichScore":9999999}},{"data":{"id":"DB07095","display_name":"(S)-N-(4-carbamimidoylbenzyl)-1-(3-cyclopentylpropanoyl)pyrrolidine-2-carboxamide","Node_Type":"Drug","enrichScore":3179.333}},{"data":{"id":"DB06845","display_name":"(S)-N-(4-carbamimidoylbenzyl)-1-(2-(cyclopentylamino)ethanoyl)pyrrolidine-2-carboxamide","Node_Type":"Drug","enrichScore":3179.333}},{"data":{"id":"DB08254","display_name":"2-Naphthalenesulfonic acid","Node_Type":"Drug","enrichScore":3179.333}},{"data":{"id":"DB07091","display_name":"(S)-N-(4-carbamimidoylbenzyl)-1-(2-(cyclohexyloxy)ethanoyl)pyrrolidine-2-carboxamide","Node_Type":"Drug","enrichScore":3179.333}},{"data":{"id":"DB07088","display_name":"(S)-N-(4-carbamimidoylbenzyl)-1-(2-(cyclopentyloxy)ethanoyl)pyrrolidine-2-carboxamide","Node_Type":"Drug","enrichScore":3179.333}},{"data":{"id":"DB06858","display_name":"N-cyclooctylglycyl-N-(4-carbamimidoylbenzyl)-L-prolinamide","Node_Type":"Drug","enrichScore":3179.333}},{"data":{"id":"DB06853","display_name":"N-cycloheptylglycyl-N-(4-carbamimidoylbenzyl)-L-prolinamide","Node_Type":"Drug","enrichScore":3179.333}},{"data":{"id":"DB06850","display_name":"(S)-N-(4-carbamimidoylbenzyl)-1-(2-(cyclohexylamino)ethanoyl)pyrrolidine-2-carboxamide","Node_Type":"Drug","enrichScore":3179.333}},{"data":{"id":"DB01767","display_name":"Hemi-Babim","Node_Type":"Drug","enrichScore":3179.333}},{"data":{"id":"R-HSA-140875","display_name":"Common Pathway of Fibrin Clot Formation","Node_Type":"Pathway","enrichScore":3895.455}},{"data":{"id":"R-HSA-159763","display_name":"Transport of gamma-carboxylated protein precursors from the endoplasmic reticulum to the Golgi apparatus","Node_Type":"Pathway","enrichScore":2380.556}},{"data":{"id":"R-HSA-159740","display_name":"Gamma-carboxylation of protein precursors","Node_Type":"Pathway","enrichScore":2142.5}},{"data":{"id":"R-HSA-159782","display_name":"Removal of aminoterminal propeptides from gamma-carboxylated proteins","Node_Type":"Pathway","enrichScore":2142.5}},{"data":{"id":"R-HSA-76009","display_name":"Platelet Aggregation (Plug Formation)","Node_Type":"Pathway","enrichScore":2142.5}},{"data":{"id":"R-HSA-196741","display_name":"Cobalamin (Cbl, vitamin B12) transport and metabolism","Node_Type":"Pathway","enrichScore":1020.238}},{"data":{"id":"R-HSA-140837","display_name":"Intrinsic Pathway of Fibrin Clot Formation","Node_Type":"Pathway","enrichScore":973.864}},{"data":{"id":"R-HSA-456926","display_name":"Thrombin signalling through proteinase activated receptors (PARs)","Node_Type":"Pathway","enrichScore":669.531}},{"data":{"id":"R-HSA-1592389","display_name":"Activation of Matrix Metalloproteinases","Node_Type":"Pathway","enrichScore":649.242}},{"data":{"id":"R-HSA-202733","display_name":"Cell surface interactions at the vascular wall","Node_Type":"Pathway","enrichScore":567.55}},{"data":{"id":"HP:0030138","display_name":"Excessive bleeding from superficial cuts","Node_Type":"HPO","enrichScore":1410.333}},{"data":{"id":"HP:0040250","display_name":"Reduced prothrombin antigen","Node_Type":"HPO","enrichScore":705.167}},{"data":{"id":"HP:0002625","display_name":"Deep venous thrombosis","Node_Type":"HPO","enrichScore":376.089}},{"data":{"id":"HP:0030137","display_name":"Prolonged bleeding following circumcision","Node_Type":"HPO","enrichScore":282.067}},{"data":{"id":"HP:0004419","display_name":"Recurrent thrombophlebitis","Node_Type":"HPO","enrichScore":282.067}},{"data":{"id":"HP:0005206","display_name":"Pancreatic pseudocyst","Node_Type":"HPO","enrichScore":282.067}},{"data":{"id":"HP:0011884","display_name":"Abnormal umbilical stump bleeding","Node_Type":"HPO","enrichScore":282.067}},{"data":{"id":"HP:0012233","display_name":"Intramuscular hematoma","Node_Type":"HPO","enrichScore":235.056}},{"data":{"id":"HP:0011891","display_name":"Post-partum hemorrhage","Node_Type":"HPO","enrichScore":235.056}},{"data":{"id":"HP:0005213","display_name":"Pancreatic calcification","Node_Type":"HPO","enrichScore":201.476}},{"data":{"id":"CHEMBL2181549","display_name":"CHEMBL2181549","Node_Type":"Prediction","enrichScore":174}},{"data":{"id":"CHEMBL3780897","display_name":"CHEMBL3780897","Node_Type":"Prediction","enrichScore":174}},{"data":{"id":"CHEMBL3685286","display_name":"CHEMBL3685286","Node_Type":"Prediction","enrichScore":174}},{"data":{"id":"CHEMBL2315578","display_name":"CHEMBL2315578","Node_Type":"Prediction","enrichScore":174}},{"data":{"id":"CHEMBL1601190","display_name":"CHEMBL1601190","Node_Type":"Prediction","enrichScore":174}},{"data":{"id":"CHEMBL1564057","display_name":"CHEMBL1564057","Node_Type":"Prediction","enrichScore":174}},{"data":{"id":"CHEMBL3799221","display_name":"CHEMBL3799221","Node_Type":"Prediction","enrichScore":174}},{"data":{"id":"CHEMBL3753503","display_name":"CHEMBL3753503","Node_Type":"Prediction","enrichScore":174}},{"data":{"id":"CHEMBL3952712","display_name":"CHEMBL3952712","Node_Type":"Prediction","enrichScore":174}},{"data":{"id":"CHEMBL3652716","display_name":"CHEMBL3652716","Node_Type":"Prediction","enrichScore":174}},{"data":{"id":"hsa04610","display_name":"Complement and coagulation cascades","Node_Type":"kegg_Pathway","enrichScore":106.016}},{"data":{"id":"hsa04080","display_name":"Neuroactive ligand-receptor interaction","Node_Type":"kegg_Pathway","enrichScore":26.659}},{"data":{"id":"hsa04974","display_name":"Protein digestion and absorption","Node_Type":"kegg_Pathway","enrichScore":23.993}},{"data":{"id":"hsa04972","display_name":"Pancreatic secretion","Node_Type":"kegg_Pathway","enrichScore":22.568}},{"data":{"id":"hsa04611","display_name":"Platelet activation","Node_Type":"kegg_Pathway","enrichScore":18.235}},{"data":{"id":"hsa04072","display_name":"Phospholipase D signaling pathway","Node_Type":"kegg_Pathway","enrichScore":15.401}},{"data":{"id":"hsa04810","display_name":"Regulation of actin cytoskeleton","Node_Type":"kegg_Pathway","enrichScore":10.701}},{"data":{"id":"H01254","display_name":"Congenital prothrombin deficiency","Node_Type":"kegg_Disease","enrichScore":1222.333}},{"data":{"id":"H00223","display_name":"Inherited thrombophilia","Node_Type":"kegg_Disease","enrichScore":349.238}},{"data":{"id":"H00933","display_name":"Hereditary pancreatitis","Node_Type":"kegg_Disease","enrichScore":244.467}},{"data":{"id":"H01434","display_name":"Atypical hemolytic uremic syndrome","Node_Type":"kegg_Disease","enrichScore":152.792}}],"edges":[{"data":{"source":"P07204","target":"P00734","Edge_Type":"PPI","label":"interacts w\/"}},{"data":{"source":"HP:0030138","target":"Orphanet:325","Edge_Type":"hpodis","label":"is associated w\/"}},{"data":{"source":"HP:0040250","target":"Orphanet:325","Edge_Type":"hpodis","label":"is associated w\/"}},{"data":{"source":"HP:0002625","target":"HP:0004936","Edge_Type":"hpodis","label":"is associated w\/"}},{"data":{"source":"HP:0002625","target":"HP:0004936","Edge_Type":"hpodis","label":"is associated w\/"}},{"data":{"source":"HP:0002625","target":"HP:0004936","Edge_Type":"hpodis","label":"is associated w\/"}},{"data":{"source":"HP:0002625","target":"HP:0004936","Edge_Type":"hpodis","label":"is associated w\/"}},{"data":{"source":"HP:0002625","target":"HP:0004936","Edge_Type":"hpodis","label":"is associated w\/"}},{"data":{"source":"HP:0030137","target":"Orphanet:325","Edge_Type":"hpodis","label":"is associated w\/"}},{"data":{"source":"HP:0004419","target":"HP:0004936","Edge_Type":"hpodis","label":"is associated w\/"}},{"data":{"source":"HP:0005206","target":"EFO:0000342","Edge_Type":"hpodis","label":"is associated w\/"}},{"data":{"source":"HP:0011884","target":"Orphanet:325","Edge_Type":"hpodis","label":"is associated w\/"}},{"data":{"source":"HP:0012233","target":"Orphanet:325","Edge_Type":"hpodis","label":"is associated w\/"}},{"data":{"source":"HP:0011891","target":"Orphanet:325","Edge_Type":"hpodis","label":"is associated w\/"}},{"data":{"source":"HP:0005213","target":"Orphanet:676","Edge_Type":"hpodis","label":"is associated w\/"}},{"data":{"source":"HP:0005213","target":"EFO:0000342","Edge_Type":"hpodis","label":"is associated w\/"}},{"data":{"source":"HP:0005213","target":"EFO:0000342","Edge_Type":"hpodis","label":"is associated w\/"}},{"data":{"source":"P00734","target":"Orphanet:325","Edge_Type":"Disease","label":"is related to"}},{"data":{"source":"P07204","target":"Orphanet:217023","Edge_Type":"Disease","label":"is related to"}},{"data":{"source":"P07204","target":"HP:0004936","Edge_Type":"Disease","label":"is related to"}},{"data":{"source":"P00734","target":"HP:0004936","Edge_Type":"Disease","label":"is related to"}},{"data":{"source":"P07477","target":"EFO:0000342","Edge_Type":"Disease","label":"is related to"}},{"data":{"source":"P07477","target":"Orphanet:676","Edge_Type":"Disease","label":"is related to"}},{"data":{"source":"P00734","target":"EFO:1000954","Edge_Type":"Disease","label":"is related to"}},{"data":{"source":"P00734","target":"EFO:0000712","Edge_Type":"Disease","label":"is related to"}},{"data":{"source":"P07204","target":"Orphanet:2134","Edge_Type":"Disease","label":"is related to"}},{"data":{"source":"P07477","target":"DB07131","Edge_Type":"Drug","label":"targets"}},{"data":{"source":"P00734","target":"DB07131","Edge_Type":"Drug","label":"targets"}},{"data":{"source":"P07477","target":"DB07095","Edge_Type":"Drug","label":"targets"}},{"data":{"source":"P00734","target":"DB07095","Edge_Type":"Drug","label":"targets"}},{"data":{"source":"P07477","target":"DB06845","Edge_Type":"Drug","label":"targets"}},{"data":{"source":"P00734","target":"DB06845","Edge_Type":"Drug","label":"targets"}},{"data":{"source":"P00734","target":"DB08254","Edge_Type":"Drug","label":"targets"}},{"data":{"source":"P07477","target":"DB08254","Edge_Type":"Drug","label":"targets"}},{"data":{"source":"P07477","target":"DB07091","Edge_Type":"Drug","label":"targets"}},{"data":{"source":"P00734","target":"DB07091","Edge_Type":"Drug","label":"targets"}},{"data":{"source":"P07477","target":"DB07088","Edge_Type":"Drug","label":"targets"}},{"data":{"source":"P00734","target":"DB07088","Edge_Type":"Drug","label":"targets"}},{"data":{"source":"P00734","target":"DB06858","Edge_Type":"Drug","label":"targets"}},{"data":{"source":"P07477","target":"DB06858","Edge_Type":"Drug","label":"targets"}},{"data":{"source":"P07477","target":"DB06853","Edge_Type":"Drug","label":"targets"}},{"data":{"source":"P00734","target":"DB06853","Edge_Type":"Drug","label":"targets"}},{"data":{"source":"P07477","target":"DB06850","Edge_Type":"Drug","label":"targets"}},{"data":{"source":"P00734","target":"DB06850","Edge_Type":"Drug","label":"targets"}},{"data":{"source":"P07477","target":"DB01767","Edge_Type":"Drug","label":"targets"}},{"data":{"source":"P00734","target":"DB01767","Edge_Type":"Drug","label":"targets"}},{"data":{"source":"P00734","target":"R-HSA-140875","Edge_Type":"Pathway","label":"is involved in"}},{"data":{"source":"P07204","target":"R-HSA-140875","Edge_Type":"Pathway","label":"is involved in"}},{"data":{"source":"P00734","target":"R-HSA-159763","Edge_Type":"Pathway","label":"is involved in"}},{"data":{"source":"P00734","target":"R-HSA-159740","Edge_Type":"Pathway","label":"is involved in"}},{"data":{"source":"P00734","target":"R-HSA-159782","Edge_Type":"Pathway","label":"is involved in"}},{"data":{"source":"P00734","target":"R-HSA-76009","Edge_Type":"Pathway","label":"is involved in"}},{"data":{"source":"P07477","target":"R-HSA-196741","Edge_Type":"Pathway","label":"is involved in"}},{"data":{"source":"P00734","target":"R-HSA-140837","Edge_Type":"Pathway","label":"is involved in"}},{"data":{"source":"P00734","target":"R-HSA-456926","Edge_Type":"Pathway","label":"is involved in"}},{"data":{"source":"P07477","target":"R-HSA-1592389","Edge_Type":"Pathway","label":"is involved in"}},{"data":{"source":"P00734","target":"R-HSA-202733","Edge_Type":"Pathway","label":"is involved in"}},{"data":{"source":"P07204","target":"R-HSA-202733","Edge_Type":"Pathway","label":"is involved in"}},{"data":{"source":"P00734","target":"HP:0030138","Edge_Type":"HPO","label":"is associated w\/"}},{"data":{"source":"P00734","target":"HP:0040250","Edge_Type":"HPO","label":"is associated w\/"}},{"data":{"source":"P00734","target":"HP:0002625","Edge_Type":"HPO","label":"is associated w\/"}},{"data":{"source":"P07204","target":"HP:0002625","Edge_Type":"HPO","label":"is associated w\/"}},{"data":{"source":"P00734","target":"HP:0030137","Edge_Type":"HPO","label":"is associated w\/"}},{"data":{"source":"P00734","target":"HP:0004419","Edge_Type":"HPO","label":"is associated w\/"}},{"data":{"source":"P07477","target":"HP:0005206","Edge_Type":"HPO","label":"is associated w\/"}},{"data":{"source":"P00734","target":"HP:0011884","Edge_Type":"HPO","label":"is associated w\/"}},{"data":{"source":"P00734","target":"HP:0012233","Edge_Type":"HPO","label":"is associated w\/"}},{"data":{"source":"P00734","target":"HP:0011891","Edge_Type":"HPO","label":"is associated w\/"}},{"data":{"source":"P07477","target":"HP:0005213","Edge_Type":"HPO","label":"is associated w\/"}},{"data":{"source":"P07477","target":"CHEMBL2181549","Edge_Type":"Prediction","label":"targets"}},{"data":{"source":"P07477","target":"CHEMBL3780897","Edge_Type":"Prediction","label":"targets"}},{"data":{"source":"P07477","target":"CHEMBL3685286","Edge_Type":"Prediction","label":"targets"}},{"data":{"source":"P07477","target":"CHEMBL2315578","Edge_Type":"Prediction","label":"targets"}},{"data":{"source":"P07477","target":"CHEMBL1601190","Edge_Type":"Prediction","label":"targets"}},{"data":{"source":"P07477","target":"CHEMBL1564057","Edge_Type":"Prediction","label":"targets"}},{"data":{"source":"P07477","target":"CHEMBL3799221","Edge_Type":"Prediction","label":"targets"}},{"data":{"source":"P07477","target":"CHEMBL3753503","Edge_Type":"Prediction","label":"targets"}},{"data":{"source":"P07477","target":"CHEMBL3952712","Edge_Type":"Prediction","label":"targets"}},{"data":{"source":"P07477","target":"CHEMBL3652716","Edge_Type":"Prediction","label":"targets"}},{"data":{"source":"H01254","target":"hsa04610","Edge_Type":"kegg_dis_path","label":"modulates"}},{"data":{"source":"H00223","target":"hsa04610","Edge_Type":"kegg_dis_path","label":"modulates"}},{"data":{"source":"H00933","target":"hsa04972","Edge_Type":"kegg_dis_path","label":"modulates"}},{"data":{"source":"H00933","target":"hsa04974","Edge_Type":"kegg_dis_path","label":"modulates"}},{"data":{"source":"H01434","target":"hsa04610","Edge_Type":"kegg_dis_path","label":"modulates"}},{"data":{"source":"P00734","target":"hsa04610","Edge_Type":"kegg_path_prot","label":"is involved in"}},{"data":{"source":"P07204","target":"hsa04610","Edge_Type":"kegg_path_prot","label":"is involved in"}},{"data":{"source":"P00734","target":"hsa04080","Edge_Type":"kegg_path_prot","label":"is involved in"}},{"data":{"source":"P07477","target":"hsa04080","Edge_Type":"kegg_path_prot","label":"is involved in"}},{"data":{"source":"P07477","target":"hsa04974","Edge_Type":"kegg_path_prot","label":"is involved in"}},{"data":{"source":"P07477","target":"hsa04972","Edge_Type":"kegg_path_prot","label":"is involved in"}},{"data":{"source":"P00734","target":"hsa04611","Edge_Type":"kegg_path_prot","label":"is involved in"}},{"data":{"source":"P00734","target":"hsa04072","Edge_Type":"kegg_path_prot","label":"is involved in"}},{"data":{"source":"P00734","target":"hsa04810","Edge_Type":"kegg_path_prot","label":"is involved in"}},{"data":{"source":"P00734","target":"H01254","Edge_Type":"kegg_dis_prot","label":"is related to"}},{"data":{"source":"P00734","target":"H00223","Edge_Type":"kegg_dis_prot","label":"is related to"}},{"data":{"source":"P07204","target":"H00223","Edge_Type":"kegg_dis_prot","label":"is related to"}},{"data":{"source":"P07477","target":"H00933","Edge_Type":"kegg_dis_prot","label":"is related to"}},{"data":{"source":"P07204","target":"H01434","Edge_Type":"kegg_dis_prot","label":"is related to"}}]}