Core Proteins,Interacting Proteins,Pathways,HPO terms,Diseases,Targeting Drugs,Experimental Bioactive Compounds (pChEMBL),Predicted interacting Compounds
PRKACA (P17612),AKIP1 (Q9NQ31); PRKAR1B (P31321); APOBEC3G (Q9HC16); PRKAR2B (P31323); AVPI1 (Q5T686); PRKAR1A (P10644),R-HSA-442720 CREB1 phosphorylation through the activation of Adenylate Cyclase[scr:11159]; R-HSA-163615 PKA activation[scr:7877]; R-HSA-164378 PKA activation in glucagon signalling[scr:7439]; R-HSA-180024 DARPP-32 events[scr:5579]; R-HSA-111931 PKA-mediated phosphorylation of CREB[scr:4285]; R-HSA-163358 PKA-mediated phosphorylation of key metabolic factors[scr:4285]; R-HSA-381676 Glucagon-like Peptide-1 (GLP1) regulates insulin secretion[scr:3114]; R-HSA-432040 Vasopressin regulates renal water homeostasis via Aquaporins[scr:3043]; R-HSA-8963896 HDL assembly[scr:2678]; R-HSA-9010642 ROBO receptors bind AKAP5[scr:2381]; hsa04910 Insulin signaling pathway[scr:98]; hsa04962 Vasopressin-regulated water reabsorption[scr:51]; hsa04340 Hedgehog signaling pathway[scr:46]; hsa04913 Ovarian steroidogenesis[scr:44]; hsa04961 Endocrine and other factor-regulated calcium reabsorption[scr:42]; hsa04923 Regulation of lipolysis in adipocytes[scr:41]; hsa04213 Longevity regulating pathway[scr:36]; hsa04927 Cortisol synthesis and secretion[scr:35]; hsa04976 Bile secretion[scr:31]; hsa04720 Long-term potentiation[scr:31],HP:0500011 Moon facies[scr:353]; HP:0001579 Primary hypercortisolism[scr:353]; HP:0001580 Pigmented micronodular adrenocortical disease[scr:353]; HP:0000849 Adrenocortical abnormality[scr:282],Orphanet:189439 Primary pigmented nodular adrenocortical disease (EFO)[scr:300]; H01431 Cushing syndrome (KEGG)[scr:68]; H02049 Bilateral macronodular adrenal hyperplasia (KEGG)[scr:34],DB07857 (2R)-2-(4-chlorophenyl)-2-[4-(1H-pyrazol-4-yl)phenyl]ethanamine[scr:9999999]; DB07856 6-{4-[4-(4-CHLOROPHENYL)PIPERIDIN-4-YL]PHENYL}-9H-PURINE[scr:795]; DB07860 (2R)-2-(4-CHLOROPHENYL)-2-PHENYLETHANAMINE[scr:795]; DB07855 (S)-1-PHENYL-1-[4-(9H-PURIN-6-YL)PHENYL]METHANAMINE[scr:795]; DB07854 N-METHYL-1-[4-(9H-PURIN-6-YL)PHENYL]METHANAMINE[scr:795]; DB07583 (4R-2S)-5'-(4-(4-CHLOROBENZYLOXY)PYRROLIDIN-2-YLMETHANESULFONYL)ISOQUINOLINE[scr:795]; DB07204 (1S)-1-(1H-INDOL-3-YLMETHYL)-2-(2-PYRIDIN-4-YL-[1-7]NAPHTYRIDIN-5-YLOXY)-EHYLAMINE[scr:795]; DB07996 5-(2-methylpiperazine-1-sulfonyl)isoquinoline[scr:795]; DB07107 (1S)-2-(1H-INDOL-3-YL)-1-[({5-[(E)-2-PYRIDIN-4-YLVINYL]PYRIDIN-3-YL}OXY)METHYL]ETHYLAMINE[scr:795]; DB07997 N-[2-(METHYLAMINO)ETHYL]-5-ISOQUINOLINESULFONAMIDE[scr:795]; DB12348 5-amino-1-3-4-thiadiazole-2-thiol[scr:1000000],,CHEMBL543745 [scr:21.75]; CHEMBL543886 [scr:21.75]; CHEMBL362062 [scr:21.75]; CHEMBL371119 [scr:21.75]; CHEMBL387480 [scr:21.75]; CHEMBL357404 [scr:21.75]; CHEMBL351626 [scr:21.75]; CHEMBL1824858 [scr:21.75]; CHEMBL1824360 [scr:21.75]
PKIA (P61925),PRC1 (O43663); CASP6 (P55212); PRKACB (P22694); XPO1 (O14980),,,,DB07857 (2R)-2-(4-chlorophenyl)-2-[4-(1H-pyrazol-4-yl)phenyl]ethanamine[scr:9999999]; DB07856 6-{4-[4-(4-CHLOROPHENYL)PIPERIDIN-4-YL]PHENYL}-9H-PURINE[scr:795]; DB07860 (2R)-2-(4-CHLOROPHENYL)-2-PHENYLETHANAMINE[scr:795]; DB07855 (S)-1-PHENYL-1-[4-(9H-PURIN-6-YL)PHENYL]METHANAMINE[scr:795]; DB07854 N-METHYL-1-[4-(9H-PURIN-6-YL)PHENYL]METHANAMINE[scr:795]; DB07583 (4R-2S)-5'-(4-(4-CHLOROBENZYLOXY)PYRROLIDIN-2-YLMETHANESULFONYL)ISOQUINOLINE[scr:795]; DB07204 (1S)-1-(1H-INDOL-3-YLMETHYL)-2-(2-PYRIDIN-4-YL-[1-7]NAPHTYRIDIN-5-YLOXY)-EHYLAMINE[scr:795]; DB07996 5-(2-methylpiperazine-1-sulfonyl)isoquinoline[scr:795]; DB07107 (1S)-2-(1H-INDOL-3-YL)-1-[({5-[(E)-2-PYRIDIN-4-YLVINYL]PYRIDIN-3-YL}OXY)METHYL]ETHYLAMINE[scr:795]; DB07997 N-[2-(METHYLAMINO)ETHYL]-5-ISOQUINOLINESULFONAMIDE[scr:795],,
PRC1 (O43663),PKIA (P61925),,,,,,
AKIP1 (Q9NQ31),PRKACA (P17612),,,,,,
PRKAR1B (P31321),PRKACA (P17612); PRKAR1A (P10644),R-HSA-442720 CREB1 phosphorylation through the activation of Adenylate Cyclase[scr:11159]; R-HSA-163615 PKA activation[scr:7877]; R-HSA-164378 PKA activation in glucagon signalling[scr:7439]; R-HSA-180024 DARPP-32 events[scr:5579]; R-HSA-381676 Glucagon-like Peptide-1 (GLP1) regulates insulin secretion[scr:3114]; R-HSA-432040 Vasopressin regulates renal water homeostasis via Aquaporins[scr:3043]; hsa04910 Insulin signaling pathway[scr:98],,,,,
APOBEC3G (Q9HC16),PRKACA (P17612); APOBEC3G (Q9HC16),,,,,,
CASP6 (P55212),PKIA (P61925); CASP6 (P55212),,,,,,
PRKAR2B (P31323),PRKACA (P17612),R-HSA-442720 CREB1 phosphorylation through the activation of Adenylate Cyclase[scr:11159]; R-HSA-163615 PKA activation[scr:7877]; R-HSA-164378 PKA activation in glucagon signalling[scr:7439]; R-HSA-180024 DARPP-32 events[scr:5579]; R-HSA-381676 Glucagon-like Peptide-1 (GLP1) regulates insulin secretion[scr:3114]; R-HSA-432040 Vasopressin regulates renal water homeostasis via Aquaporins[scr:3043]; hsa04910 Insulin signaling pathway[scr:98],,,,,
PRKACB (P22694),PKIA (P61925); AVPI1 (Q5T686),R-HSA-442720 CREB1 phosphorylation through the activation of Adenylate Cyclase[scr:11159]; R-HSA-163615 PKA activation[scr:7877]; R-HSA-164378 PKA activation in glucagon signalling[scr:7439]; R-HSA-180024 DARPP-32 events[scr:5579]; R-HSA-111931 PKA-mediated phosphorylation of CREB[scr:4285]; R-HSA-163358 PKA-mediated phosphorylation of key metabolic factors[scr:4285]; R-HSA-381676 Glucagon-like Peptide-1 (GLP1) regulates insulin secretion[scr:3114]; R-HSA-432040 Vasopressin regulates renal water homeostasis via Aquaporins[scr:3043]; R-HSA-8963896 HDL assembly[scr:2678]; R-HSA-9010642 ROBO receptors bind AKAP5[scr:2381]; hsa04910 Insulin signaling pathway[scr:98]; hsa04962 Vasopressin-regulated water reabsorption[scr:51]; hsa04340 Hedgehog signaling pathway[scr:46]; hsa04913 Ovarian steroidogenesis[scr:44]; hsa04961 Endocrine and other factor-regulated calcium reabsorption[scr:42]; hsa04923 Regulation of lipolysis in adipocytes[scr:41]; hsa04213 Longevity regulating pathway[scr:36]; hsa04927 Cortisol synthesis and secretion[scr:35]; hsa04976 Bile secretion[scr:31]; hsa04720 Long-term potentiation[scr:31],,,,,
AVPI1 (Q5T686),PRKACA (P17612); PRKACB (P22694),,,,,,
XPO1 (O14980),PKIA (P61925),,,,,,
PRKAR1A (P10644),PRKACA (P17612); PRKAR1B (P31321),R-HSA-442720 CREB1 phosphorylation through the activation of Adenylate Cyclase[scr:11159]; R-HSA-163615 PKA activation[scr:7877]; R-HSA-164378 PKA activation in glucagon signalling[scr:7439]; R-HSA-180024 DARPP-32 events[scr:5579]; R-HSA-381676 Glucagon-like Peptide-1 (GLP1) regulates insulin secretion[scr:3114]; R-HSA-432040 Vasopressin regulates renal water homeostasis via Aquaporins[scr:3043]; hsa04910 Insulin signaling pathway[scr:98],HP:0005756 Neonatal epiphyseal stippling[scr:353]; HP:0006769 Myxoid subcutaneous tumors[scr:353]; HP:0006691 Pulmonic valve myxoma[scr:353]; HP:0001579 Primary hypercortisolism[scr:353]; HP:0008225 Thyroid follicular hyperplasia[scr:353]; HP:0001580 Pigmented micronodular adrenocortical disease[scr:353]; HP:0000849 Adrenocortical abnormality[scr:282]; HP:0009593 Peripheral Schwannoma[scr:176]; HP:0100814 Blue nevus[scr:176],Orphanet:1359 Carney complex (EFO)[scr:300]; Orphanet:189439 Primary pigmented nodular adrenocortical disease (EFO)[scr:300]; Orphanet:615 Familial atrial myxoma (EFO)[scr:300]; Orphanet:280651 Acrodysostosis with multiple hormone resistance (EFO)[scr:150]; Orphanet:950 Acrodysostosis (EFO)[scr:150]; H01820 Carney complex (KEGG)[scr:306]; H02211 Acrodysostosis (KEGG)[scr:153]; H00260 Pigmented micronodular adrenocortical disease (KEGG)[scr:102]; H01431 Cushing syndrome (KEGG)[scr:68]; H01102 Pituitary adenomas (KEGG)[scr:28],,,
