{"options":{"search_start":1613058568,"tax_ids":[9606],"num_of_fn_nodes":10,"num_of_pathways":10,"num_of_phenotypes":10,"num_of_drugs":10,"num_of_diseases":10,"num_of_compounds":10,"chembl_compounds":0,"predictions":1,"reviewed_filter":1,"fn":1,"chembl":1,"search_finish":1613058579,"search_runtime":11},"search":[{"Drug":[{"DB02142":"Pyridoxamine-5'-Phosphate"}]}],"nodes":[{"data":{"id":"O15382","display_name":"BCAT2","Node_Type":"Protein"}},{"data":{"id":"Q16773","display_name":"KYAT1","Node_Type":"Protein"}},{"data":{"id":"P10809","display_name":"HSPD1","Node_Type":"Protein_N"}},{"data":{"id":"Q08AM6","display_name":"VAC14","Node_Type":"Protein_N"}},{"data":{"id":"Q15645","display_name":"TRIP13","Node_Type":"Protein_N"}},{"data":{"id":"Orphanet:100994","display_name":"Autosomal dominant spastic paraplegia type 13","Node_Type":"Disease","enrichScore":720.2}},{"data":{"id":"Orphanet:280288","display_name":"Pelizaeus-Merzbacher-like disease due to HSPD1 mutation","Node_Type":"Disease","enrichScore":720.2}},{"data":{"id":"Orphanet:1052","display_name":"Mosaic variegated aneuploidy syndrome","Node_Type":"Disease","enrichScore":240.067}},{"data":{"id":"Orphanet:280270","display_name":"Pelizaeus-Merzbacher-like disease","Node_Type":"Disease","enrichScore":180.05}},{"data":{"id":"MONDO:0014889","display_name":"striatonigral degeneration, childhood-onset","Node_Type":"Disease","enrichScore":0}},{"data":{"id":"DB02142","display_name":"Pyridoxamine-5'-Phosphate","Node_Type":"Drug","enrichScore":9999999}},{"data":{"id":"DB02635","display_name":"N-[O-Phosphono-Pyridoxyl]-Isoleucine","Node_Type":"Drug","enrichScore":953.8}},{"data":{"id":"DB02556","display_name":"D-Phenylalanine","Node_Type":"Drug","enrichScore":476.9}},{"data":{"id":"DB07950","display_name":"Indoleacetic acid","Node_Type":"Drug","enrichScore":317.933}},{"data":{"id":"DB04074","display_name":"alpha-Ketoisovalerate","Node_Type":"Drug","enrichScore":238.45}},{"data":{"id":"DB00167","display_name":"Isoleucine","Node_Type":"Drug","enrichScore":190.76}},{"data":{"id":"DB00149","display_name":"Leucine","Node_Type":"Drug","enrichScore":158.967}},{"data":{"id":"DB04083","display_name":"N(6)-(pyridoxal phosphate)-L-lysine","Node_Type":"Drug","enrichScore":105.978}},{"data":{"id":"DB00114","display_name":"Pyridoxal phosphate","Node_Type":"Drug","enrichScore":71.985}},{"data":{"id":"DB00142","display_name":"Glutamic acid","Node_Type":"Drug","enrichScore":13.823}},{"data":{"id":"R-HSA-8869496","display_name":"TFAP2A acts as a transcriptional repressor during retinoic acid induced cell differentiation","Node_Type":"Pathway","enrichScore":2571}},{"data":{"id":"R-HSA-1660517","display_name":"Synthesis of PIPs at the late endosome membrane","Node_Type":"Pathway","enrichScore":1168.636}},{"data":{"id":"R-HSA-71240","display_name":"Tryptophan catabolism","Node_Type":"Pathway","enrichScore":918.214}},{"data":{"id":"R-HSA-1660516","display_name":"Synthesis of PIPs at the early endosome membrane","Node_Type":"Pathway","enrichScore":803.438}},{"data":{"id":"R-HSA-1660514","display_name":"Synthesis of PIPs at the Golgi membrane","Node_Type":"Pathway","enrichScore":714.167}},{"data":{"id":"R-HSA-70895","display_name":"Branched-chain amino acid catabolism","Node_Type":"Pathway","enrichScore":676.579}},{"data":{"id":"R-HSA-1268020","display_name":"Mitochondrial protein import","Node_Type":"Pathway","enrichScore":197.769}},{"data":{"id":"R-HSA-8964208","display_name":"Phenylalanine metabolism","Node_Type":"Pathway","enrichScore":0}},{"data":{"id":"R-HSA-8964539","display_name":"Glutamate and glutamine metabolism","Node_Type":"Pathway","enrichScore":0}},{"data":{"id":"HP:0010102","display_name":"Aplasia of the distal phalanx of the hallux","Node_Type":"HPO","enrichScore":423.1}},{"data":{"id":"HP:0012294","display_name":"Abnormality of the occipital bone","Node_Type":"HPO","enrichScore":423.1}},{"data":{"id":"HP:0040111","display_name":"Bilateral external ear deformity","Node_Type":"HPO","enrichScore":423.1}},{"data":{"id":"HP:0009881","display_name":"Aplasia of the distal phalanges of the hand","Node_Type":"HPO","enrichScore":423.1}},{"data":{"id":"HP:0010110","display_name":"Aplasia of the phalanges of the hallux","Node_Type":"HPO","enrichScore":423.1}},{"data":{"id":"HP:0012809","display_name":"Narrow nasal base","Node_Type":"HPO","enrichScore":423.1}},{"data":{"id":"HP:0010645","display_name":"Aplasia of the distal phalanges of the toes","Node_Type":"HPO","enrichScore":423.1}},{"data":{"id":"HP:0004993","display_name":"Slender long bones with narrow diaphyses","Node_Type":"HPO","enrichScore":282.067}},{"data":{"id":"HP:0010085","display_name":"Aplasia\/Hypoplasia of the proximal phalanx of the hallux","Node_Type":"HPO","enrichScore":282.067}},{"data":{"id":"HP:0005793","display_name":"Shortening of all distal phalanges of the toes","Node_Type":"HPO","enrichScore":282.067}},{"data":{"id":"hsa00290","display_name":"Valine, leucine and isoleucine biosynthesis","Node_Type":"kegg_Pathway","enrichScore":341.9}},{"data":{"id":"hsa00270","display_name":"Cysteine and methionine metabolism","Node_Type":"kegg_Pathway","enrichScore":107.263}},{"data":{"id":"hsa01210","display_name":"2-Oxocarboxylic acid metabolism","Node_Type":"kegg_Pathway","enrichScore":80.447}},{"data":{"id":"hsa00450","display_name":"Selenocompound metabolism","Node_Type":"kegg_Pathway","enrichScore":80.447}},{"data":{"id":"hsa00770","display_name":"Pantothenate and CoA biosynthesis","Node_Type":"kegg_Pathway","enrichScore":71.979}},{"data":{"id":"hsa00380","display_name":"Tryptophan metabolism","Node_Type":"kegg_Pathway","enrichScore":32.562}},{"data":{"id":"hsa00280","display_name":"Valine, leucine and isoleucine degradation","Node_Type":"kegg_Pathway","enrichScore":28.492}},{"data":{"id":"hsa01230","display_name":"Biosynthesis of amino acids","Node_Type":"kegg_Pathway","enrichScore":17.995}},{"data":{"id":"hsa03018","display_name":"RNA degradation","Node_Type":"kegg_Pathway","enrichScore":17.995}},{"data":{"id":"hsa01100","display_name":"Metabolic pathways","Node_Type":"kegg_Pathway","enrichScore":3.699}},{"data":{"id":"H01288","display_name":"Mosaic variegated aneuploidy syndrome","Node_Type":"kegg_Disease","enrichScore":244.467}},{"data":{"id":"H00679","display_name":"Hypomyelinating leukodystrophy","Node_Type":"kegg_Disease","enrichScore":56.415}},{"data":{"id":"H00266","display_name":"Hereditary spastic paraplegia","Node_Type":"kegg_Disease","enrichScore":13.581}}],"edges":[{"data":{"source":"P10809","target":"O15382","Edge_Type":"PPI","label":"interacts w\/"}},{"data":{"source":"Q08AM6","target":"Q16773","Edge_Type":"PPI","label":"interacts w\/"}},{"data":{"source":"Q08AM6","target":"Q08AM6","Edge_Type":"PPI","label":"interacts w\/"}},{"data":{"source":"Q15645","target":"Q16773","Edge_Type":"PPI","label":"interacts w\/"}},{"data":{"source":"Q15645","target":"Q15645","Edge_Type":"PPI","label":"interacts w\/"}},{"data":{"source":"P10809","target":"Orphanet:100994","Edge_Type":"Disease","label":"is related to"}},{"data":{"source":"P10809","target":"Orphanet:280288","Edge_Type":"Disease","label":"is related to"}},{"data":{"source":"Q15645","target":"Orphanet:1052","Edge_Type":"Disease","label":"is related to"}},{"data":{"source":"P10809","target":"Orphanet:280270","Edge_Type":"Disease","label":"is related to"}},{"data":{"source":"Q08AM6","target":"MONDO:0014889","Edge_Type":"Disease","label":"is related to"}},{"data":{"source":"Q16773","target":"DB02142","Edge_Type":"Drug","label":"targets"}},{"data":{"source":"O15382","target":"DB02142","Edge_Type":"Drug","label":"targets"}},{"data":{"source":"O15382","target":"DB02635","Edge_Type":"Drug","label":"targets"}},{"data":{"source":"Q16773","target":"DB02556","Edge_Type":"Drug","label":"targets"}},{"data":{"source":"Q16773","target":"DB07950","Edge_Type":"Drug","label":"targets"}},{"data":{"source":"O15382","target":"DB04074","Edge_Type":"Drug","label":"targets"}},{"data":{"source":"O15382","target":"DB00167","Edge_Type":"Drug","label":"targets"}},{"data":{"source":"O15382","target":"DB00149","Edge_Type":"Drug","label":"targets"}},{"data":{"source":"Q16773","target":"DB04083","Edge_Type":"Drug","label":"targets"}},{"data":{"source":"Q16773","target":"DB00114","Edge_Type":"Drug","label":"targets"}},{"data":{"source":"O15382","target":"DB00114","Edge_Type":"Drug","label":"targets"}},{"data":{"source":"O15382","target":"DB00142","Edge_Type":"Drug","label":"targets"}},{"data":{"source":"P10809","target":"R-HSA-8869496","Edge_Type":"Pathway","label":"is involved in"}},{"data":{"source":"Q08AM6","target":"R-HSA-1660517","Edge_Type":"Pathway","label":"is involved in"}},{"data":{"source":"Q16773","target":"R-HSA-71240","Edge_Type":"Pathway","label":"is involved in"}},{"data":{"source":"Q08AM6","target":"R-HSA-1660516","Edge_Type":"Pathway","label":"is involved in"}},{"data":{"source":"Q08AM6","target":"R-HSA-1660514","Edge_Type":"Pathway","label":"is involved in"}},{"data":{"source":"O15382","target":"R-HSA-70895","Edge_Type":"Pathway","label":"is involved in"}},{"data":{"source":"P10809","target":"R-HSA-1268020","Edge_Type":"Pathway","label":"is involved in"}},{"data":{"source":"Q16773","target":"R-HSA-8964208","Edge_Type":"Pathway","label":"is involved in"}},{"data":{"source":"Q16773","target":"R-HSA-8964539","Edge_Type":"Pathway","label":"is involved in"}},{"data":{"source":"Q08AM6","target":"HP:0010102","Edge_Type":"HPO","label":"is associated w\/"}},{"data":{"source":"Q08AM6","target":"HP:0012294","Edge_Type":"HPO","label":"is associated w\/"}},{"data":{"source":"Q08AM6","target":"HP:0040111","Edge_Type":"HPO","label":"is associated w\/"}},{"data":{"source":"Q08AM6","target":"HP:0009881","Edge_Type":"HPO","label":"is associated w\/"}},{"data":{"source":"Q08AM6","target":"HP:0010110","Edge_Type":"HPO","label":"is associated w\/"}},{"data":{"source":"Q08AM6","target":"HP:0012809","Edge_Type":"HPO","label":"is associated w\/"}},{"data":{"source":"Q08AM6","target":"HP:0010645","Edge_Type":"HPO","label":"is associated w\/"}},{"data":{"source":"Q08AM6","target":"HP:0004993","Edge_Type":"HPO","label":"is associated w\/"}},{"data":{"source":"Q08AM6","target":"HP:0010085","Edge_Type":"HPO","label":"is associated w\/"}},{"data":{"source":"Q08AM6","target":"HP:0005793","Edge_Type":"HPO","label":"is associated w\/"}},{"data":{"source":"O15382","target":"hsa00290","Edge_Type":"kegg_path_prot","label":"is involved in"}},{"data":{"source":"O15382","target":"hsa00270","Edge_Type":"kegg_path_prot","label":"is involved in"}},{"data":{"source":"Q16773","target":"hsa00270","Edge_Type":"kegg_path_prot","label":"is involved in"}},{"data":{"source":"O15382","target":"hsa01210","Edge_Type":"kegg_path_prot","label":"is involved in"}},{"data":{"source":"Q16773","target":"hsa00450","Edge_Type":"kegg_path_prot","label":"is involved in"}},{"data":{"source":"O15382","target":"hsa00770","Edge_Type":"kegg_path_prot","label":"is involved in"}},{"data":{"source":"Q16773","target":"hsa00380","Edge_Type":"kegg_path_prot","label":"is involved in"}},{"data":{"source":"O15382","target":"hsa00280","Edge_Type":"kegg_path_prot","label":"is involved in"}},{"data":{"source":"O15382","target":"hsa01230","Edge_Type":"kegg_path_prot","label":"is involved in"}},{"data":{"source":"P10809","target":"hsa03018","Edge_Type":"kegg_path_prot","label":"is involved in"}},{"data":{"source":"O15382","target":"hsa01100","Edge_Type":"kegg_path_prot","label":"is involved in"}},{"data":{"source":"Q16773","target":"hsa01100","Edge_Type":"kegg_path_prot","label":"is involved in"}},{"data":{"source":"Q15645","target":"H01288","Edge_Type":"kegg_dis_prot","label":"is related to"}},{"data":{"source":"P10809","target":"H00679","Edge_Type":"kegg_dis_prot","label":"is related to"}},{"data":{"source":"P10809","target":"H00266","Edge_Type":"kegg_dis_prot","label":"is related to"}}]}