Core Proteins,Interacting Proteins,Pathways,HPO terms,Diseases,Targeting Drugs,Experimental Bioactive Compounds (pChEMBL),Predicted interacting Compounds
GSR (P00390),,R-HSA-2408550 Metabolism of ingested H2SeO4 and H2SeO3 into H2Se[scr:3214]; R-HSA-3299685 Detoxification of Reactive Oxygen Species[scr:3127]; R-HSA-499943 Interconversion of nucleotide di- and triphosphates[scr:1714]; hsa00480 Glutathione metabolism[scr:24]; hsa04918 Thyroid hormone synthesis[scr:18],,,DB02153 3-sulfino-L-alanine[scr:9999999]; DB03867 3-nitro-L-tyrosine[scr:954]; DB07393 2-(2-PHENYL-3-PYRIDIN-2-YL-4-5-6-7-TETRAHYDRO-2H-ISOPHOSPHINDOL-1-YL)PYRIDINE[scr:954]; DB00262 Carmustine[scr:954]; DB01644 3-6-dihydroxy-xanthene-9-propionic acid[scr:954]; DB02553 Glutathionylspermidine disulfide[scr:954]; DB02895 3-(Prop-2-Ene-1-Sulfinyl)-Propene-1-Thiol[scr:954]; DB07714 6-(3-METHYL-1-4-DIOXO-1-4-DIHYDRONAPHTHALEN-2-YL)HEXANOIC ACID[scr:954],,
PRDX2 (P32119),TXN (P10599); STAT3 (P40763),R-HSA-3299685 Detoxification of Reactive Oxygen Species[scr:3127],,,DB02153 3-sulfino-L-alanine[scr:9999999],,
PAPOLA (P51003),,hsa03015 mRNA surveillance pathway[scr:16],,,DB02153 3-sulfino-L-alanine[scr:9999999]; DB01860 Cordycepin Triphosphate[scr:954]; DB03896 Triphosphoric acid[scr:954],,
TXN (P10599),PRDX2 (P32119),R-HSA-3299685 Detoxification of Reactive Oxygen Species[scr:3127]; R-HSA-5676934 Protein repair[scr:2143]; R-HSA-499943 Interconversion of nucleotide di- and triphosphates[scr:1714],,,,,
STAT3 (P40763),PRDX2 (P32119); STAT3 (P40763),R-HSA-198745 Signalling to STAT3[scr:4285]; R-HSA-8875791 MET activates STAT3[scr:4285]; R-HSA-8849474 PTK6 Activates STAT3[scr:3214]; R-HSA-111453 BH3-only proteins associate with and inactivate anti-apoptotic BCL-2 members[scr:1428]; R-HSA-9020933 Interleukin-23 signaling[scr:1428]; R-HSA-8985947 Interleukin-9 signaling[scr:1428]; hsa04920 Adipocytokine signaling pathway[scr:20]; hsa04917 Prolactin signaling pathway[scr:20]; hsa04659 Th17 cell differentiation[scr:13]; hsa04066 HIF-1 signaling pathway[scr:13]; hsa04935 Growth hormone synthesis- secretion and action[scr:11]; hsa04068 FoxO signaling pathway[scr:11]; hsa04550 Signaling pathways regulating pluripotency of stem cells[scr:10],HP:0012594 Microalbuminuria[scr:121]; HP:0006274 Reduced pancreatic beta cells[scr:121]; HP:0006515 Interstitial pneumonitis[scr:106]; HP:0012592 Albuminuria[scr:94]; HP:0001818 Paronychia[scr:85]; HP:0000976 Eczematoid dermatitis[scr:85]; HP:0002726 Recurrent Staphylococcus aureus infections[scr:85]; HP:0006335 Persistence of primary teeth[scr:71]; HP:0007499 Recurrent staphylococcal infections[scr:71]; HP:0005425 Recurrent sinopulmonary infections[scr:65],Orphanet:2314 Autosomal dominant hyper-IgE syndrome (EFO)[scr:720]; EFO:0003775 obsolete_Job's syndrome (EFO)[scr:360]; EFO:0005140 autoimmune disease (EFO)[scr:240]; H01968 Hyper-IgE syndrome (KEGG)[scr:183]; H00016 Oral cancer (KEGG)[scr:92]; H00107 Other well-defined immunodeficiency syndromes (KEGG)[scr:81],,,
