{"options":{"search_start":1613060669,"tax_ids":[9606],"num_of_fn_nodes":10,"num_of_pathways":10,"num_of_phenotypes":10,"num_of_drugs":10,"num_of_diseases":10,"num_of_compounds":10,"chembl_compounds":0,"predictions":1,"reviewed_filter":1,"fn":1,"chembl":1,"search_finish":1613060675,"search_runtime":6},"search":[{"Drug":[{"DB12228":"Telcagepant"}]}],"nodes":[{"data":{"id":"P06881","display_name":"CALCA","Node_Type":"Protein"}},{"data":{"id":"P10092","display_name":"CALCB","Node_Type":"Protein"}},{"data":{"id":"Q16602","display_name":"CALCRL","Node_Type":"Protein"}},{"data":{"id":"O60895","display_name":"RAMP2","Node_Type":"Protein_N"}},{"data":{"id":"O60894","display_name":"RAMP1","Node_Type":"Protein_N"}},{"data":{"id":"Q99828","display_name":"CIB1","Node_Type":"Protein_N"}},{"data":{"id":"Orphanet:302","display_name":"Epidermodysplasia verruciformis","Node_Type":"Disease","enrichScore":300.083}},{"data":{"id":"DB12228","display_name":"Telcagepant","Node_Type":"Drug","enrichScore":9999999}},{"data":{"id":"DB04869","display_name":"Olcegepant","Node_Type":"Drug","enrichScore":1589.667}},{"data":{"id":"DB14040","display_name":"Eptinezumab","Node_Type":"Drug","enrichScore":1589.667}},{"data":{"id":"DB14041","display_name":"Fremanezumab","Node_Type":"Drug","enrichScore":1589.667}},{"data":{"id":"DB14042","display_name":"Galcanezumab","Node_Type":"Drug","enrichScore":1589.667}},{"data":{"id":"DB01278","display_name":"Pramlintide","Node_Type":"Drug","enrichScore":794.833}},{"data":{"id":"DB14039","display_name":"Erenumab","Node_Type":"Drug","enrichScore":794.833}},{"data":{"id":"DB11093","display_name":"Calcium citrate","Node_Type":"Drug","enrichScore":24.086}},{"data":{"id":"DB11348","display_name":"Calcium Phosphate","Node_Type":"Drug","enrichScore":24.086}},{"data":{"id":"DB14481","display_name":"Calcium phosphate dihydrate","Node_Type":"Drug","enrichScore":24.086}},{"data":{"id":"R-HSA-419812","display_name":"Calcitonin-like ligand receptors","Node_Type":"Pathway","enrichScore":24346.591}},{"data":{"id":"R-HSA-418555","display_name":"G alpha (s) signalling events","Node_Type":"Pathway","enrichScore":1809.544}},{"data":{"id":"HP:0010610","display_name":"Palmar pits","Node_Type":"HPO","enrichScore":141.033}},{"data":{"id":"HP:0200039","display_name":"Pustule","Node_Type":"HPO","enrichScore":39.176}},{"data":{"id":"HP:0200035","display_name":"Skin plaque","Node_Type":"HPO","enrichScore":35.258}},{"data":{"id":"HP:0001051","display_name":"Seborrheic dermatitis","Node_Type":"HPO","enrichScore":30.659}},{"data":{"id":"HP:0200043","display_name":"Verrucae","Node_Type":"HPO","enrichScore":29.382}},{"data":{"id":"HP:0025092","display_name":"Epidermal acanthosis","Node_Type":"HPO","enrichScore":18.557}},{"data":{"id":"HP:0012740","display_name":"Papilloma","Node_Type":"HPO","enrichScore":16.027}},{"data":{"id":"HP:0002671","display_name":"Basal cell carcinoma","Node_Type":"HPO","enrichScore":15.004}},{"data":{"id":"HP:0100276","display_name":"Skin pit","Node_Type":"HPO","enrichScore":12.592}},{"data":{"id":"HP:0007565","display_name":"Multiple cafe-au-lait spots","Node_Type":"HPO","enrichScore":11.952}},{"data":{"id":"hsa04270","display_name":"Vascular smooth muscle contraction","Node_Type":"kegg_Pathway","enrichScore":132.135}},{"data":{"id":"hsa04080","display_name":"Neuroactive ligand-receptor interaction","Node_Type":"kegg_Pathway","enrichScore":13.329}}],"edges":[{"data":{"source":"Q16602","target":"P06881","Edge_Type":"PPI","label":"interacts w\/"}},{"data":{"source":"O60895","target":"Q16602","Edge_Type":"PPI","label":"interacts w\/"}},{"data":{"source":"O60894","target":"Q16602","Edge_Type":"PPI","label":"interacts w\/"}},{"data":{"source":"Q99828","target":"P10092","Edge_Type":"PPI","label":"interacts w\/"}},{"data":{"source":"HP:0010610","target":"Orphanet:302","Edge_Type":"hpodis","label":"is associated w\/"}},{"data":{"source":"HP:0200039","target":"Orphanet:302","Edge_Type":"hpodis","label":"is associated w\/"}},{"data":{"source":"HP:0200035","target":"Orphanet:302","Edge_Type":"hpodis","label":"is associated w\/"}},{"data":{"source":"HP:0001051","target":"Orphanet:302","Edge_Type":"hpodis","label":"is associated w\/"}},{"data":{"source":"HP:0200043","target":"Orphanet:302","Edge_Type":"hpodis","label":"is associated w\/"}},{"data":{"source":"HP:0200043","target":"Orphanet:302","Edge_Type":"hpodis","label":"is associated w\/"}},{"data":{"source":"HP:0025092","target":"Orphanet:302","Edge_Type":"hpodis","label":"is associated w\/"}},{"data":{"source":"HP:0012740","target":"Orphanet:302","Edge_Type":"hpodis","label":"is associated w\/"}},{"data":{"source":"HP:0012740","target":"Orphanet:302","Edge_Type":"hpodis","label":"is associated w\/"}},{"data":{"source":"HP:0002671","target":"Orphanet:302","Edge_Type":"hpodis","label":"is associated w\/"}},{"data":{"source":"HP:0002671","target":"Orphanet:302","Edge_Type":"hpodis","label":"is associated w\/"}},{"data":{"source":"HP:0100276","target":"Orphanet:302","Edge_Type":"hpodis","label":"is associated w\/"}},{"data":{"source":"HP:0007565","target":"Orphanet:302","Edge_Type":"hpodis","label":"is associated w\/"}},{"data":{"source":"Q99828","target":"Orphanet:302","Edge_Type":"Disease","label":"is related to"}},{"data":{"source":"P06881","target":"DB12228","Edge_Type":"Drug","label":"targets"}},{"data":{"source":"P10092","target":"DB12228","Edge_Type":"Drug","label":"targets"}},{"data":{"source":"Q16602","target":"DB12228","Edge_Type":"Drug","label":"targets"}},{"data":{"source":"P06881","target":"DB04869","Edge_Type":"Drug","label":"targets"}},{"data":{"source":"Q16602","target":"DB04869","Edge_Type":"Drug","label":"targets"}},{"data":{"source":"P06881","target":"DB14040","Edge_Type":"Drug","label":"targets"}},{"data":{"source":"P10092","target":"DB14040","Edge_Type":"Drug","label":"targets"}},{"data":{"source":"P06881","target":"DB14041","Edge_Type":"Drug","label":"targets"}},{"data":{"source":"P10092","target":"DB14041","Edge_Type":"Drug","label":"targets"}},{"data":{"source":"P06881","target":"DB14042","Edge_Type":"Drug","label":"targets"}},{"data":{"source":"P10092","target":"DB14042","Edge_Type":"Drug","label":"targets"}},{"data":{"source":"O60894","target":"DB01278","Edge_Type":"Drug","label":"targets"}},{"data":{"source":"O60895","target":"DB01278","Edge_Type":"Drug","label":"targets"}},{"data":{"source":"Q16602","target":"DB14039","Edge_Type":"Drug","label":"targets"}},{"data":{"source":"Q99828","target":"DB11093","Edge_Type":"Drug","label":"targets"}},{"data":{"source":"Q99828","target":"DB11348","Edge_Type":"Drug","label":"targets"}},{"data":{"source":"Q99828","target":"DB14481","Edge_Type":"Drug","label":"targets"}},{"data":{"source":"P06881","target":"R-HSA-419812","Edge_Type":"Pathway","label":"is involved in"}},{"data":{"source":"P10092","target":"R-HSA-419812","Edge_Type":"Pathway","label":"is involved in"}},{"data":{"source":"Q16602","target":"R-HSA-419812","Edge_Type":"Pathway","label":"is involved in"}},{"data":{"source":"O60895","target":"R-HSA-419812","Edge_Type":"Pathway","label":"is involved in"}},{"data":{"source":"O60894","target":"R-HSA-419812","Edge_Type":"Pathway","label":"is involved in"}},{"data":{"source":"P06881","target":"R-HSA-418555","Edge_Type":"Pathway","label":"is involved in"}},{"data":{"source":"P10092","target":"R-HSA-418555","Edge_Type":"Pathway","label":"is involved in"}},{"data":{"source":"Q16602","target":"R-HSA-418555","Edge_Type":"Pathway","label":"is involved in"}},{"data":{"source":"O60895","target":"R-HSA-418555","Edge_Type":"Pathway","label":"is involved in"}},{"data":{"source":"O60894","target":"R-HSA-418555","Edge_Type":"Pathway","label":"is involved in"}},{"data":{"source":"Q99828","target":"HP:0010610","Edge_Type":"HPO","label":"is associated w\/"}},{"data":{"source":"Q99828","target":"HP:0200039","Edge_Type":"HPO","label":"is associated w\/"}},{"data":{"source":"Q99828","target":"HP:0200035","Edge_Type":"HPO","label":"is associated w\/"}},{"data":{"source":"Q99828","target":"HP:0001051","Edge_Type":"HPO","label":"is associated w\/"}},{"data":{"source":"Q99828","target":"HP:0200043","Edge_Type":"HPO","label":"is associated w\/"}},{"data":{"source":"Q99828","target":"HP:0025092","Edge_Type":"HPO","label":"is associated w\/"}},{"data":{"source":"Q99828","target":"HP:0012740","Edge_Type":"HPO","label":"is associated w\/"}},{"data":{"source":"Q99828","target":"HP:0002671","Edge_Type":"HPO","label":"is associated w\/"}},{"data":{"source":"Q99828","target":"HP:0100276","Edge_Type":"HPO","label":"is associated w\/"}},{"data":{"source":"Q99828","target":"HP:0007565","Edge_Type":"HPO","label":"is associated w\/"}},{"data":{"source":"P10092","target":"hsa04270","Edge_Type":"kegg_path_prot","label":"is involved in"}},{"data":{"source":"Q16602","target":"hsa04270","Edge_Type":"kegg_path_prot","label":"is involved in"}},{"data":{"source":"O60895","target":"hsa04270","Edge_Type":"kegg_path_prot","label":"is involved in"}},{"data":{"source":"O60894","target":"hsa04270","Edge_Type":"kegg_path_prot","label":"is involved in"}},{"data":{"source":"P10092","target":"hsa04080","Edge_Type":"kegg_path_prot","label":"is involved in"}},{"data":{"source":"Q16602","target":"hsa04080","Edge_Type":"kegg_path_prot","label":"is involved in"}}]}