{"options":{"search_start":1613059384,"tax_ids":[9606],"num_of_fn_nodes":10,"num_of_pathways":10,"num_of_phenotypes":10,"num_of_drugs":10,"num_of_diseases":10,"num_of_compounds":10,"chembl_compounds":0,"predictions":1,"reviewed_filter":1,"fn":1,"chembl":1,"search_finish":1613059418,"search_runtime":34},"search":[{"Drug":[{"DB01083":"Orlistat"}]}],"nodes":[{"data":{"id":"O95870","display_name":"ABHD16A","Node_Type":"Protein"}},{"data":{"id":"P07098","display_name":"LIPF","Node_Type":"Protein"}},{"data":{"id":"P16233","display_name":"PNLIP","Node_Type":"Protein"}},{"data":{"id":"P49327","display_name":"FASN","Node_Type":"Protein"}},{"data":{"id":"Q13093","display_name":"PLA2G7","Node_Type":"Protein"}},{"data":{"id":"Q8N2K0","display_name":"ABHD12","Node_Type":"Protein"}},{"data":{"id":"Q8NCG7","display_name":"DAGLB","Node_Type":"Protein"}},{"data":{"id":"Q9BV23","display_name":"ABHD6","Node_Type":"Protein"}},{"data":{"id":"Q9Y4D2","display_name":"DAGLA","Node_Type":"Protein"}},{"data":{"id":"O75841","display_name":"UPK1B","Node_Type":"Protein_N"}},{"data":{"id":"Q92989","display_name":"CLP1","Node_Type":"Protein_N"}},{"data":{"id":"P61266","display_name":"STX1B","Node_Type":"Protein_N"}},{"data":{"id":"Q96Q45","display_name":"TMEM237","Node_Type":"Protein_N"}},{"data":{"id":"Q07864","display_name":"POLE","Node_Type":"Protein_N"}},{"data":{"id":"Q86WB7","display_name":"UNC93A","Node_Type":"Protein_N"}},{"data":{"id":"Q01628","display_name":"IFITM3","Node_Type":"Protein_N"}},{"data":{"id":"Q9NX94","display_name":"WBP1L","Node_Type":"Protein_N"}},{"data":{"id":"Q8TDT2","display_name":"GPR152","Node_Type":"Protein_N"}},{"data":{"id":"Q9NPE6","display_name":"SPAG4","Node_Type":"Protein_N"}},{"data":{"id":"Orphanet:171848","display_name":"Polyneuropathy - hearing loss - ataxia - retinitis pigmentosa - cataract","Node_Type":"Disease","enrichScore":189.526}},{"data":{"id":"Orphanet:101110","display_name":"Spinocerebellar ataxia type 20","Node_Type":"Disease","enrichScore":189.526}},{"data":{"id":"Orphanet:309031","display_name":"Pancreatic triacylglycerol lipase deficiency","Node_Type":"Disease","enrichScore":189.526}},{"data":{"id":"Orphanet:309108","display_name":"Pancreatic colipase deficiency","Node_Type":"Disease","enrichScore":189.526}},{"data":{"id":"Orphanet:309111","display_name":"Combined pancreatic lipase-colipase deficiency","Node_Type":"Disease","enrichScore":189.526}},{"data":{"id":"Orphanet:352712","display_name":"Facial dysmorphism - immunodeficiency - livedo - short stature","Node_Type":"Disease","enrichScore":189.526}},{"data":{"id":"EFO:0000274","display_name":"atopic eczema","Node_Type":"Disease","enrichScore":63.175}},{"data":{"id":"Orphanet:220497","display_name":"Joubert syndrome with renal defect","Node_Type":"Disease","enrichScore":63.175}},{"data":{"id":"EFO:0005842","display_name":"colorectal cancer","Node_Type":"Disease","enrichScore":47.382}},{"data":{"id":"MONDO:0010940","display_name":"inherited susceptibility to asthma","Node_Type":"Disease","enrichScore":31.588}},{"data":{"id":"DB01083","display_name":"Orlistat","Node_Type":"Drug","enrichScore":9999999}},{"data":{"id":"DB02457","display_name":"Undecyl-Phosphinic Acid Butyl Ester","Node_Type":"Drug","enrichScore":251}},{"data":{"id":"DB05119","display_name":"Rilapladib","Node_Type":"Drug","enrichScore":251}},{"data":{"id":"DB06586","display_name":"Cetilistat","Node_Type":"Drug","enrichScore":251}},{"data":{"id":"DB08222","display_name":"METHOXYUNDECYLPHOSPHINIC ACID","Node_Type":"Drug","enrichScore":125.5}},{"data":{"id":"DB07821","display_name":"(1R)-1,2,2-trimethylpropyl (R)-methylphosphinate","Node_Type":"Drug","enrichScore":83.667}},{"data":{"id":"DB01034","display_name":"Cerulenin","Node_Type":"Drug","enrichScore":62.75}},{"data":{"id":"DB00242","display_name":"Cladribine","Node_Type":"Drug","enrichScore":27.889}},{"data":{"id":"DB02451","display_name":"B-nonylglucoside","Node_Type":"Drug","enrichScore":19.308}},{"data":{"id":"DB04233","display_name":"(Hydroxyethyloxy)Tri(Ethyloxy)Octane","Node_Type":"Drug","enrichScore":13.944}},{"data":{"id":"R-HSA-426048","display_name":"Arachidonate production from DAG","Node_Type":"Pathway","enrichScore":10825.263}},{"data":{"id":"R-HSA-192456","display_name":"Digestion of dietary lipid","Node_Type":"Pathway","enrichScore":1933.083}},{"data":{"id":"R-HSA-5250971","display_name":"Toxicity of botulinum toxin type C (BoNT\/C)","Node_Type":"Pathway","enrichScore":1127.632}},{"data":{"id":"R-HSA-163765","display_name":"ChREBP activates metabolic gene expression","Node_Type":"Pathway","enrichScore":422.862}},{"data":{"id":"R-HSA-68952","display_name":"DNA replication initiation","Node_Type":"Pathway","enrichScore":422.862}},{"data":{"id":"R-HSA-174430","display_name":"Telomere C-strand synthesis initiation","Node_Type":"Pathway","enrichScore":422.862}},{"data":{"id":"R-HSA-199220","display_name":"Vitamin B5 (pantothenate) metabolism","Node_Type":"Pathway","enrichScore":375.877}},{"data":{"id":"R-HSA-75105","display_name":"Fatty acyl-CoA biosynthesis","Node_Type":"Pathway","enrichScore":260.223}},{"data":{"id":"R-HSA-5682910","display_name":"LGI-ADAM interactions","Node_Type":"Pathway","enrichScore":241.635}},{"data":{"id":"R-HSA-422085","display_name":"Synthesis, secretion, and deacylation of Ghrelin","Node_Type":"Pathway","enrichScore":178.047}},{"data":{"id":"HP:0040178","display_name":"Increased level of platelet-activating factor","Node_Type":"HPO","enrichScore":222.684}},{"data":{"id":"HP:0040177","display_name":"Abnormal level of platelet-activating factor","Node_Type":"HPO","enrichScore":222.684}},{"data":{"id":"HP:0040175","display_name":"Platelet-activating factor acetylhydrolase deficiency","Node_Type":"HPO","enrichScore":222.684}},{"data":{"id":"HP:0040176","display_name":"Abnormal circulating phospholipid concentration","Node_Type":"HPO","enrichScore":222.684}},{"data":{"id":"HP:0025405","display_name":"Visual fixation instability","Node_Type":"HPO","enrichScore":111.342}},{"data":{"id":"HP:0007421","display_name":"Telangiectases of the cheeks","Node_Type":"HPO","enrichScore":111.342}},{"data":{"id":"HP:0025404","display_name":"Abnormal visual fixation","Node_Type":"HPO","enrichScore":74.228}},{"data":{"id":"HP:0008244","display_name":"Congenital adrenal hypoplasia","Node_Type":"HPO","enrichScore":74.228}},{"data":{"id":"HP:0025514","display_name":"Morning glory anomaly","Node_Type":"HPO","enrichScore":44.537}},{"data":{"id":"HP:0040276","display_name":"Adenocarcinoma of the colon","Node_Type":"HPO","enrichScore":44.537}},{"data":{"id":"CHEMBL528547","display_name":"CHEMBL528547","Node_Type":"Prediction","enrichScore":13.737}},{"data":{"id":"CHEMBL2079545","display_name":"CHEMBL2079545","Node_Type":"Prediction","enrichScore":13.737}},{"data":{"id":"CHEMBL1808984","display_name":"CHEMBL1808984","Node_Type":"Prediction","enrichScore":10.989}},{"data":{"id":"CHEMBL1807620","display_name":"CHEMBL1807620","Node_Type":"Prediction","enrichScore":10.989}},{"data":{"id":"CHEMBL525712","display_name":"CHEMBL525712","Node_Type":"Prediction","enrichScore":9.99}},{"data":{"id":"CHEMBL1809111","display_name":"CHEMBL1809111","Node_Type":"Prediction","enrichScore":9.99}},{"data":{"id":"CHEMBL526929","display_name":"CHEMBL526929","Node_Type":"Prediction","enrichScore":9.158}},{"data":{"id":"CHEMBL531079","display_name":"CHEMBL531079","Node_Type":"Prediction","enrichScore":9.158}},{"data":{"id":"CHEMBL523844","display_name":"CHEMBL523844","Node_Type":"Prediction","enrichScore":9.158}},{"data":{"id":"CHEMBL526556","display_name":"CHEMBL526556","Node_Type":"Prediction","enrichScore":8.453}},{"data":{"id":"hsa04975","display_name":"Fat digestion and absorption","Node_Type":"kegg_Pathway","enrichScore":37.884}},{"data":{"id":"hsa00561","display_name":"Glycerolipid metabolism","Node_Type":"kegg_Pathway","enrichScore":23.993}},{"data":{"id":"hsa04723","display_name":"Retrograde endocannabinoid signaling","Node_Type":"kegg_Pathway","enrichScore":21.885}},{"data":{"id":"hsa00061","display_name":"Fatty acid biosynthesis","Node_Type":"kegg_Pathway","enrichScore":19.994}},{"data":{"id":"hsa04977","display_name":"Vitamin digestion and absorption","Node_Type":"kegg_Pathway","enrichScore":15.648}},{"data":{"id":"hsa04925","display_name":"Aldosterone synthesis and secretion","Node_Type":"kegg_Pathway","enrichScore":13.71}},{"data":{"id":"hsa04130","display_name":"SNARE interactions in vesicular transport","Node_Type":"kegg_Pathway","enrichScore":10.906}},{"data":{"id":"hsa03410","display_name":"Base excision repair","Node_Type":"kegg_Pathway","enrichScore":10.906}},{"data":{"id":"hsa03030","display_name":"DNA replication","Node_Type":"kegg_Pathway","enrichScore":9.997}},{"data":{"id":"hsa03420","display_name":"Nucleotide excision repair","Node_Type":"kegg_Pathway","enrichScore":7.824}},{"data":{"id":"H02330","display_name":"Pancreatic lipase deficiency","Node_Type":"kegg_Disease","enrichScore":193}},{"data":{"id":"H01115","display_name":"Polyneuropathy, hearing loss, ataxia, retinitis pigmentosa, and cataract","Node_Type":"kegg_Disease","enrichScore":193}},{"data":{"id":"H02369","display_name":"IMAGE-I syndrome","Node_Type":"kegg_Disease","enrichScore":193}},{"data":{"id":"H02370","display_name":"FILS syndrome","Node_Type":"kegg_Disease","enrichScore":193}},{"data":{"id":"H00783","display_name":"Febrile seizures","Node_Type":"kegg_Disease","enrichScore":24.125}},{"data":{"id":"H00897","display_name":"Pontocerebellar hypoplasia","Node_Type":"kegg_Disease","enrichScore":12.867}},{"data":{"id":"H00530","display_name":"Joubert syndrome","Node_Type":"kegg_Disease","enrichScore":5.848}}],"edges":[{"data":{"source":"O75841","target":"Q9Y4D2","Edge_Type":"PPI","label":"interacts w\/"}},{"data":{"source":"Q92989","target":"Q8NCG7","Edge_Type":"PPI","label":"interacts w\/"}},{"data":{"source":"P61266","target":"O95870","Edge_Type":"PPI","label":"interacts w\/"}},{"data":{"source":"Q96Q45","target":"O95870","Edge_Type":"PPI","label":"interacts w\/"}},{"data":{"source":"Q96Q45","target":"Q8TDT2","Edge_Type":"PPI","label":"interacts w\/"}},{"data":{"source":"Q96Q45","target":"O75841","Edge_Type":"PPI","label":"interacts w\/"}},{"data":{"source":"Q07864","target":"O95870","Edge_Type":"PPI","label":"interacts w\/"}},{"data":{"source":"Q86WB7","target":"O95870","Edge_Type":"PPI","label":"interacts w\/"}},{"data":{"source":"Q01628","target":"O95870","Edge_Type":"PPI","label":"interacts w\/"}},{"data":{"source":"Q9NX94","target":"O95870","Edge_Type":"PPI","label":"interacts w\/"}},{"data":{"source":"Q8TDT2","target":"O95870","Edge_Type":"PPI","label":"interacts w\/"}},{"data":{"source":"Q8TDT2","target":"Q8TDT2","Edge_Type":"PPI","label":"interacts w\/"}},{"data":{"source":"Q8TDT2","target":"P61266","Edge_Type":"PPI","label":"interacts w\/"}},{"data":{"source":"Q9NPE6","target":"O95870","Edge_Type":"PPI","label":"interacts w\/"}},{"data":{"source":"HP:0007421","target":"Orphanet:352712","Edge_Type":"hpodis","label":"is associated w\/"}},{"data":{"source":"HP:0025514","target":"Orphanet:220497","Edge_Type":"hpodis","label":"is associated w\/"}},{"data":{"source":"Q8N2K0","target":"Orphanet:171848","Edge_Type":"Disease","label":"is related to"}},{"data":{"source":"Q9Y4D2","target":"Orphanet:101110","Edge_Type":"Disease","label":"is related to"}},{"data":{"source":"P16233","target":"Orphanet:309031","Edge_Type":"Disease","label":"is related to"}},{"data":{"source":"P16233","target":"Orphanet:309108","Edge_Type":"Disease","label":"is related to"}},{"data":{"source":"P16233","target":"Orphanet:309111","Edge_Type":"Disease","label":"is related to"}},{"data":{"source":"Q07864","target":"Orphanet:352712","Edge_Type":"Disease","label":"is related to"}},{"data":{"source":"Q13093","target":"EFO:0000274","Edge_Type":"Disease","label":"is related to"}},{"data":{"source":"Q96Q45","target":"Orphanet:220497","Edge_Type":"Disease","label":"is related to"}},{"data":{"source":"Q07864","target":"EFO:0005842","Edge_Type":"Disease","label":"is related to"}},{"data":{"source":"Q13093","target":"MONDO:0010940","Edge_Type":"Disease","label":"is related to"}},{"data":{"source":"P16233","target":"DB01083","Edge_Type":"Drug","label":"targets"}},{"data":{"source":"P07098","target":"DB01083","Edge_Type":"Drug","label":"targets"}},{"data":{"source":"P49327","target":"DB01083","Edge_Type":"Drug","label":"targets"}},{"data":{"source":"O95870","target":"DB01083","Edge_Type":"Chembl","label":"targets","pchembl_value":7.52}},{"data":{"source":"Q13093","target":"DB01083","Edge_Type":"Chembl","label":"targets","pchembl_value":7.3}},{"data":{"source":"Q8N2K0","target":"DB01083","Edge_Type":"Chembl","label":"targets","pchembl_value":6.72}},{"data":{"source":"Q8NCG7","target":"DB01083","Edge_Type":"Chembl","label":"targets","pchembl_value":6.38}},{"data":{"source":"Q9BV23","target":"DB01083","Edge_Type":"Chembl","label":"targets","pchembl_value":7.32}},{"data":{"source":"Q9Y4D2","target":"DB01083","Edge_Type":"Chembl","label":"targets","pchembl_value":6}},{"data":{"source":"P07098","target":"DB02457","Edge_Type":"Drug","label":"targets"}},{"data":{"source":"Q13093","target":"DB05119","Edge_Type":"Drug","label":"targets"}},{"data":{"source":"P16233","target":"DB06586","Edge_Type":"Drug","label":"targets"}},{"data":{"source":"P16233","target":"DB08222","Edge_Type":"Drug","label":"targets"}},{"data":{"source":"Q13093","target":"DB07821","Edge_Type":"Drug","label":"targets"}},{"data":{"source":"P49327","target":"DB01034","Edge_Type":"Drug","label":"targets"}},{"data":{"source":"Q07864","target":"DB00242","Edge_Type":"Drug","label":"targets"}},{"data":{"source":"P16233","target":"DB02451","Edge_Type":"Drug","label":"targets"}},{"data":{"source":"P16233","target":"DB04233","Edge_Type":"Drug","label":"targets"}},{"data":{"source":"Q8N2K0","target":"R-HSA-426048","Edge_Type":"Pathway","label":"is involved in"}},{"data":{"source":"Q8NCG7","target":"R-HSA-426048","Edge_Type":"Pathway","label":"is involved in"}},{"data":{"source":"Q9BV23","target":"R-HSA-426048","Edge_Type":"Pathway","label":"is involved in"}},{"data":{"source":"Q9Y4D2","target":"R-HSA-426048","Edge_Type":"Pathway","label":"is involved in"}},{"data":{"source":"P07098","target":"R-HSA-192456","Edge_Type":"Pathway","label":"is involved in"}},{"data":{"source":"P16233","target":"R-HSA-192456","Edge_Type":"Pathway","label":"is involved in"}},{"data":{"source":"P61266","target":"R-HSA-5250971","Edge_Type":"Pathway","label":"is involved in"}},{"data":{"source":"P49327","target":"R-HSA-163765","Edge_Type":"Pathway","label":"is involved in"}},{"data":{"source":"Q07864","target":"R-HSA-68952","Edge_Type":"Pathway","label":"is involved in"}},{"data":{"source":"Q07864","target":"R-HSA-174430","Edge_Type":"Pathway","label":"is involved in"}},{"data":{"source":"P49327","target":"R-HSA-199220","Edge_Type":"Pathway","label":"is involved in"}},{"data":{"source":"P49327","target":"R-HSA-75105","Edge_Type":"Pathway","label":"is involved in"}},{"data":{"source":"P61266","target":"R-HSA-5682910","Edge_Type":"Pathway","label":"is involved in"}},{"data":{"source":"Q13093","target":"R-HSA-422085","Edge_Type":"Pathway","label":"is involved in"}},{"data":{"source":"Q13093","target":"HP:0040178","Edge_Type":"HPO","label":"is associated w\/"}},{"data":{"source":"Q13093","target":"HP:0040177","Edge_Type":"HPO","label":"is associated w\/"}},{"data":{"source":"Q13093","target":"HP:0040175","Edge_Type":"HPO","label":"is associated w\/"}},{"data":{"source":"Q13093","target":"HP:0040176","Edge_Type":"HPO","label":"is associated w\/"}},{"data":{"source":"Q92989","target":"HP:0025405","Edge_Type":"HPO","label":"is associated w\/"}},{"data":{"source":"Q07864","target":"HP:0007421","Edge_Type":"HPO","label":"is associated w\/"}},{"data":{"source":"Q92989","target":"HP:0025404","Edge_Type":"HPO","label":"is associated w\/"}},{"data":{"source":"Q07864","target":"HP:0008244","Edge_Type":"HPO","label":"is associated w\/"}},{"data":{"source":"Q96Q45","target":"HP:0025514","Edge_Type":"HPO","label":"is associated w\/"}},{"data":{"source":"Q07864","target":"HP:0040276","Edge_Type":"HPO","label":"is associated w\/"}},{"data":{"source":"P49327","target":"CHEMBL528547","Edge_Type":"Prediction","label":"targets"}},{"data":{"source":"Q13093","target":"CHEMBL528547","Edge_Type":"Prediction","label":"targets"}},{"data":{"source":"P49327","target":"CHEMBL2079545","Edge_Type":"Prediction","label":"targets"}},{"data":{"source":"Q13093","target":"CHEMBL2079545","Edge_Type":"Prediction","label":"targets"}},{"data":{"source":"P49327","target":"CHEMBL1808984","Edge_Type":"Prediction","label":"targets"}},{"data":{"source":"Q13093","target":"CHEMBL1808984","Edge_Type":"Prediction","label":"targets"}},{"data":{"source":"P49327","target":"CHEMBL1807620","Edge_Type":"Prediction","label":"targets"}},{"data":{"source":"Q13093","target":"CHEMBL1807620","Edge_Type":"Prediction","label":"targets"}},{"data":{"source":"P49327","target":"CHEMBL525712","Edge_Type":"Prediction","label":"targets"}},{"data":{"source":"Q13093","target":"CHEMBL525712","Edge_Type":"Prediction","label":"targets"}},{"data":{"source":"P49327","target":"CHEMBL1809111","Edge_Type":"Prediction","label":"targets"}},{"data":{"source":"Q13093","target":"CHEMBL1809111","Edge_Type":"Prediction","label":"targets"}},{"data":{"source":"P49327","target":"CHEMBL526929","Edge_Type":"Prediction","label":"targets"}},{"data":{"source":"Q13093","target":"CHEMBL526929","Edge_Type":"Prediction","label":"targets"}},{"data":{"source":"P49327","target":"CHEMBL531079","Edge_Type":"Prediction","label":"targets"}},{"data":{"source":"Q13093","target":"CHEMBL531079","Edge_Type":"Prediction","label":"targets"}},{"data":{"source":"P49327","target":"CHEMBL523844","Edge_Type":"Prediction","label":"targets"}},{"data":{"source":"Q13093","target":"CHEMBL523844","Edge_Type":"Prediction","label":"targets"}},{"data":{"source":"P49327","target":"CHEMBL526556","Edge_Type":"Prediction","label":"targets"}},{"data":{"source":"Q13093","target":"CHEMBL526556","Edge_Type":"Prediction","label":"targets"}},{"data":{"source":"H02330","target":"hsa00561","Edge_Type":"kegg_dis_path","label":"modulates"}},{"data":{"source":"H02330","target":"hsa04975","Edge_Type":"kegg_dis_path","label":"modulates"}},{"data":{"source":"H02330","target":"hsa04977","Edge_Type":"kegg_dis_path","label":"modulates"}},{"data":{"source":"H02369","target":"hsa03030","Edge_Type":"kegg_dis_path","label":"modulates"}},{"data":{"source":"H02369","target":"hsa03410","Edge_Type":"kegg_dis_path","label":"modulates"}},{"data":{"source":"H02369","target":"hsa03420","Edge_Type":"kegg_dis_path","label":"modulates"}},{"data":{"source":"H02370","target":"hsa03030","Edge_Type":"kegg_dis_path","label":"modulates"}},{"data":{"source":"H02370","target":"hsa03410","Edge_Type":"kegg_dis_path","label":"modulates"}},{"data":{"source":"H02370","target":"hsa03420","Edge_Type":"kegg_dis_path","label":"modulates"}},{"data":{"source":"P07098","target":"hsa04975","Edge_Type":"kegg_path_prot","label":"is involved in"}},{"data":{"source":"P16233","target":"hsa04975","Edge_Type":"kegg_path_prot","label":"is involved in"}},{"data":{"source":"P07098","target":"hsa00561","Edge_Type":"kegg_path_prot","label":"is involved in"}},{"data":{"source":"P16233","target":"hsa00561","Edge_Type":"kegg_path_prot","label":"is involved in"}},{"data":{"source":"Q8NCG7","target":"hsa04723","Edge_Type":"kegg_path_prot","label":"is involved in"}},{"data":{"source":"Q9BV23","target":"hsa04723","Edge_Type":"kegg_path_prot","label":"is involved in"}},{"data":{"source":"Q9Y4D2","target":"hsa04723","Edge_Type":"kegg_path_prot","label":"is involved in"}},{"data":{"source":"P49327","target":"hsa00061","Edge_Type":"kegg_path_prot","label":"is involved in"}},{"data":{"source":"P16233","target":"hsa04977","Edge_Type":"kegg_path_prot","label":"is involved in"}},{"data":{"source":"Q8NCG7","target":"hsa04925","Edge_Type":"kegg_path_prot","label":"is involved in"}},{"data":{"source":"Q9Y4D2","target":"hsa04925","Edge_Type":"kegg_path_prot","label":"is involved in"}},{"data":{"source":"P61266","target":"hsa04130","Edge_Type":"kegg_path_prot","label":"is involved in"}},{"data":{"source":"Q07864","target":"hsa03410","Edge_Type":"kegg_path_prot","label":"is involved in"}},{"data":{"source":"Q07864","target":"hsa03030","Edge_Type":"kegg_path_prot","label":"is involved in"}},{"data":{"source":"Q07864","target":"hsa03420","Edge_Type":"kegg_path_prot","label":"is involved in"}},{"data":{"source":"P16233","target":"H02330","Edge_Type":"kegg_dis_prot","label":"is related to"}},{"data":{"source":"Q8N2K0","target":"H01115","Edge_Type":"kegg_dis_prot","label":"is related to"}},{"data":{"source":"Q07864","target":"H02369","Edge_Type":"kegg_dis_prot","label":"is related to"}},{"data":{"source":"Q07864","target":"H02370","Edge_Type":"kegg_dis_prot","label":"is related to"}},{"data":{"source":"P61266","target":"H00783","Edge_Type":"kegg_dis_prot","label":"is related to"}},{"data":{"source":"Q92989","target":"H00897","Edge_Type":"kegg_dis_prot","label":"is related to"}},{"data":{"source":"Q96Q45","target":"H00530","Edge_Type":"kegg_dis_prot","label":"is related to"}}]}