{"options":{"search_start":1613059540,"tax_ids":[9606],"num_of_fn_nodes":10,"num_of_pathways":10,"num_of_phenotypes":10,"num_of_drugs":10,"num_of_diseases":10,"num_of_compounds":10,"chembl_compounds":0,"predictions":1,"reviewed_filter":1,"fn":1,"chembl":1,"search_finish":1613059580,"search_runtime":40},"search":[{"Drug":[{"DB00433":"Prochlorperazine"}]}],"nodes":[{"data":{"id":"P02545","display_name":"LMNA","Node_Type":"Protein"}},{"data":{"id":"P08173","display_name":"CHRM4","Node_Type":"Protein"}},{"data":{"id":"P08912","display_name":"CHRM5","Node_Type":"Protein"}},{"data":{"id":"P08913","display_name":"ADRA2A","Node_Type":"Protein"}},{"data":{"id":"P11229","display_name":"CHRM1","Node_Type":"Protein"}},{"data":{"id":"P14416","display_name":"DRD2","Node_Type":"Protein"}},{"data":{"id":"P18089","display_name":"ADRA2B","Node_Type":"Protein"}},{"data":{"id":"P18825","display_name":"ADRA2C","Node_Type":"Protein"}},{"data":{"id":"P21728","display_name":"DRD1","Node_Type":"Protein"}},{"data":{"id":"P25100","display_name":"ADRA1D","Node_Type":"Protein"}},{"data":{"id":"P28223","display_name":"HTR2A","Node_Type":"Protein"}},{"data":{"id":"P28335","display_name":"HTR2C","Node_Type":"Protein"}},{"data":{"id":"P35348","display_name":"ADRA1A","Node_Type":"Protein"}},{"data":{"id":"P35367","display_name":"HRH1","Node_Type":"Protein"}},{"data":{"id":"P35368","display_name":"ADRA1B","Node_Type":"Protein"}},{"data":{"id":"P35462","display_name":"DRD3","Node_Type":"Protein"}},{"data":{"id":"P41595","display_name":"HTR2B","Node_Type":"Protein"}},{"data":{"id":"P50406","display_name":"HTR6","Node_Type":"Protein"}},{"data":{"id":"Q99720","display_name":"SIGMAR1","Node_Type":"Protein"}},{"data":{"id":"P21917","display_name":"DRD4","Node_Type":"Protein_N"}},{"data":{"id":"P61073","display_name":"CXCR4","Node_Type":"Protein_N"}},{"data":{"id":"P42166","display_name":"TMPO","Node_Type":"Protein_N"}},{"data":{"id":"P08908","display_name":"HTR1A","Node_Type":"Protein_N"}},{"data":{"id":"Q9Y2B0","display_name":"CNPY2","Node_Type":"Protein_N"}},{"data":{"id":"Q9ULW5","display_name":"RAB26","Node_Type":"Protein_N"}},{"data":{"id":"P30989","display_name":"NTSR1","Node_Type":"Protein_N"}},{"data":{"id":"Q13425","display_name":"SNTB2","Node_Type":"Protein_N"}},{"data":{"id":"P20309","display_name":"CHRM3","Node_Type":"Protein_N"}},{"data":{"id":"P21554","display_name":"CNR1","Node_Type":"Protein_N"}},{"data":{"id":"Orphanet:98856","display_name":"Charcot-Marie-Tooth disease type 2B1","Node_Type":"Disease","enrichScore":124.172}},{"data":{"id":"Orphanet:168796","display_name":"Heart-hand syndrome, Slovenian type","Node_Type":"Disease","enrichScore":124.172}},{"data":{"id":"Orphanet:98855","display_name":"Autosomal recessive Emery-Dreifuss muscular dystrophy","Node_Type":"Disease","enrichScore":124.172}},{"data":{"id":"Orphanet:90153","display_name":"Mandibuloacral dysplasia with type A lipodystrophy","Node_Type":"Disease","enrichScore":124.172}},{"data":{"id":"Orphanet:740","display_name":"Hutchinson-Gilford progeria syndrome","Node_Type":"Disease","enrichScore":124.172}},{"data":{"id":"Orphanet:51636","display_name":"WHIM syndrome","Node_Type":"Disease","enrichScore":124.172}},{"data":{"id":"Orphanet:300751","display_name":"Familial dilated cardiomyopathy with conduction defect due to LMNA mutation","Node_Type":"Disease","enrichScore":124.172}},{"data":{"id":"Orphanet:2970","display_name":"Prune belly syndrome","Node_Type":"Disease","enrichScore":124.172}},{"data":{"id":"EFO:0000463","display_name":"obsolete_Emery-Dreifuss muscular dystrophy","Node_Type":"Disease","enrichScore":124.172}},{"data":{"id":"Orphanet:2229","display_name":"Dilated cardiomyopathy - hypergonadotropic hypogonadism","Node_Type":"Disease","enrichScore":124.172}},{"data":{"id":"DB00433","display_name":"Prochlorperazine","Node_Type":"Drug","enrichScore":9999999}},{"data":{"id":"DB00715","display_name":"Paroxetine","Node_Type":"Drug","enrichScore":8222.414}},{"data":{"id":"DB00502","display_name":"Haloperidol","Node_Type":"Drug","enrichScore":4604.552}},{"data":{"id":"DB00490","display_name":"Buspirone","Node_Type":"Drug","enrichScore":4028.983}},{"data":{"id":"DB01175","display_name":"Escitalopram","Node_Type":"Drug","enrichScore":3946.759}},{"data":{"id":"DB00477","display_name":"Chlorpromazine","Node_Type":"Drug","enrichScore":3345.89}},{"data":{"id":"DB00924","display_name":"Cyclobenzaprine","Node_Type":"Drug","enrichScore":2631.172}},{"data":{"id":"DB01403","display_name":"Methotrimeprazine","Node_Type":"Drug","enrichScore":2501.345}},{"data":{"id":"DB01238","display_name":"Aripiprazole","Node_Type":"Drug","enrichScore":2374.633}},{"data":{"id":"DB01224","display_name":"Quetiapine","Node_Type":"Drug","enrichScore":2283.301}},{"data":{"id":"R-HSA-390696","display_name":"Adrenoceptors","Node_Type":"Pathway","enrichScore":8865.517}},{"data":{"id":"R-HSA-390648","display_name":"Muscarinic acetylcholine receptors","Node_Type":"Pathway","enrichScore":7092.414}},{"data":{"id":"R-HSA-390651","display_name":"Dopamine receptors","Node_Type":"Pathway","enrichScore":7092.414}},{"data":{"id":"R-HSA-392023","display_name":"Adrenaline signalling through Alpha-2 adrenergic receptor","Node_Type":"Pathway","enrichScore":6649.138}},{"data":{"id":"R-HSA-390666","display_name":"Serotonin receptors","Node_Type":"Pathway","enrichScore":4617.457}},{"data":{"id":"R-HSA-416476","display_name":"G alpha (q) signalling events","Node_Type":"Pathway","enrichScore":1523.761}},{"data":{"id":"R-HSA-352238","display_name":"Breakdown of the nuclear lamina","Node_Type":"Pathway","enrichScore":738.793}},{"data":{"id":"R-HSA-418594","display_name":"G alpha (i) signalling events","Node_Type":"Pathway","enrichScore":680.025}},{"data":{"id":"R-HSA-390650","display_name":"Histamine receptors","Node_Type":"Pathway","enrichScore":554.095}},{"data":{"id":"R-HSA-173107","display_name":"Binding and entry of HIV virion","Node_Type":"Pathway","enrichScore":554.095}},{"data":{"id":"HP:0100362","display_name":"Aplasia of the phalanges of the 3rd toe","Node_Type":"HPO","enrichScore":145.897}},{"data":{"id":"HP:0008985","display_name":"Increased intramuscular fat","Node_Type":"HPO","enrichScore":145.897}},{"data":{"id":"HP:0012645","display_name":"Enlarged peripheral nerve","Node_Type":"HPO","enrichScore":145.897}},{"data":{"id":"HP:0012723","display_name":"Sinoatrial block","Node_Type":"HPO","enrichScore":145.897}},{"data":{"id":"HP:0008739","display_name":"Labial pseudohypertrophy","Node_Type":"HPO","enrichScore":145.897}},{"data":{"id":"HP:0005199","display_name":"Aplasia of the abdominal wall musculature","Node_Type":"HPO","enrichScore":145.897}},{"data":{"id":"HP:0031160","display_name":"Myelokathexis","Node_Type":"HPO","enrichScore":145.897}},{"data":{"id":"HP:0010359","display_name":"Aplasia\/Hypoplasia of the phalanges of the 3rd toe","Node_Type":"HPO","enrichScore":145.897}},{"data":{"id":"HP:0010330","display_name":"Abnormality of the phalanges of the 3rd toe","Node_Type":"HPO","enrichScore":145.897}},{"data":{"id":"HP:0000287","display_name":"Increased facial adipose tissue","Node_Type":"HPO","enrichScore":145.897}},{"data":{"id":"CHEMBL3262431","display_name":"CHEMBL3262431","Node_Type":"Prediction","enrichScore":144}},{"data":{"id":"CHEMBL1521883","display_name":"CHEMBL1521883","Node_Type":"Prediction","enrichScore":121.5}},{"data":{"id":"CHEMBL1729120","display_name":"CHEMBL1729120","Node_Type":"Prediction","enrichScore":121.5}},{"data":{"id":"CHEMBL3199292","display_name":"CHEMBL3199292","Node_Type":"Prediction","enrichScore":115.2}},{"data":{"id":"CHEMBL3742201","display_name":"CHEMBL3742201","Node_Type":"Prediction","enrichScore":110.25}},{"data":{"id":"CHEMBL3133863","display_name":"CHEMBL3133863","Node_Type":"Prediction","enrichScore":110.25}},{"data":{"id":"CHEMBL2431039","display_name":"CHEMBL2431039","Node_Type":"Prediction","enrichScore":110.25}},{"data":{"id":"CHEMBL3590088","display_name":"CHEMBL3590088","Node_Type":"Prediction","enrichScore":110.25}},{"data":{"id":"CHEMBL554419","display_name":"CHEMBL554419","Node_Type":"Prediction","enrichScore":108}},{"data":{"id":"CHEMBL3196037","display_name":"CHEMBL3196037","Node_Type":"Prediction","enrichScore":108}},{"data":{"id":"hsa04080","display_name":"Neuroactive ligand-receptor interaction","Node_Type":"kegg_Pathway","enrichScore":333.696}},{"data":{"id":"hsa04020","display_name":"Calcium signaling pathway","Node_Type":"kegg_Pathway","enrichScore":232.238}},{"data":{"id":"hsa04540","display_name":"Gap junction","Node_Type":"kegg_Pathway","enrichScore":64.778}},{"data":{"id":"hsa04726","display_name":"Serotonergic synapse","Node_Type":"kegg_Pathway","enrichScore":51.709}},{"data":{"id":"hsa04022","display_name":"cGMP-PKG signaling pathway","Node_Type":"kegg_Pathway","enrichScore":49.067}},{"data":{"id":"hsa04970","display_name":"Salivary secretion","Node_Type":"kegg_Pathway","enrichScore":39.299}},{"data":{"id":"hsa04750","display_name":"Inflammatory mediator regulation of TRP channels","Node_Type":"kegg_Pathway","enrichScore":35.259}},{"data":{"id":"hsa04725","display_name":"Cholinergic synapse","Node_Type":"kegg_Pathway","enrichScore":33.685}},{"data":{"id":"hsa04810","display_name":"Regulation of actin cytoskeleton","Node_Type":"kegg_Pathway","enrichScore":27.675}},{"data":{"id":"hsa04728","display_name":"Dopaminergic synapse","Node_Type":"kegg_Pathway","enrichScore":27.142}},{"data":{"id":"H01649","display_name":"Schizophrenia","Node_Type":"kegg_Disease","enrichScore":1000000}},{"data":{"id":"H02129","display_name":"Prune belly syndrome","Node_Type":"kegg_Disease","enrichScore":126.448}},{"data":{"id":"H00097","display_name":"Chemokine receptor defect","Node_Type":"kegg_Disease","enrichScore":126.448}},{"data":{"id":"H01671","display_name":"Neurosis","Node_Type":"kegg_Disease","enrichScore":126.448}},{"data":{"id":"H00601","display_name":"Hutchinson-Gilford progeria syndrome","Node_Type":"kegg_Disease","enrichScore":126.448}},{"data":{"id":"H01450","display_name":"Obsessive-compulsive disorder","Node_Type":"kegg_Disease","enrichScore":72.256}},{"data":{"id":"H00665","display_name":"Mandibuloacral dysplasia","Node_Type":"kegg_Disease","enrichScore":63.224}},{"data":{"id":"H00663","display_name":"Restrictive dermopathy","Node_Type":"kegg_Disease","enrichScore":63.224}},{"data":{"id":"H01611","display_name":"Alcohol dependence","Node_Type":"kegg_Disease","enrichScore":63.224}},{"data":{"id":"H01895","display_name":"Attention deficit hyperactivity disorder (ADHD)","Node_Type":"kegg_Disease","enrichScore":42.149}}],"edges":[{"data":{"source":"P08913","target":"P08913","Edge_Type":"PPI","label":"interacts w\/"}},{"data":{"source":"P14416","target":"P14416","Edge_Type":"PPI","label":"interacts w\/"}},{"data":{"source":"P18825","target":"P18825","Edge_Type":"PPI","label":"interacts w\/"}},{"data":{"source":"P18825","target":"P08913","Edge_Type":"PPI","label":"interacts w\/"}},{"data":{"source":"P25100","target":"P25100","Edge_Type":"PPI","label":"interacts w\/"}},{"data":{"source":"P28223","target":"P28223","Edge_Type":"PPI","label":"interacts w\/"}},{"data":{"source":"P28335","target":"P28335","Edge_Type":"PPI","label":"interacts w\/"}},{"data":{"source":"P28335","target":"P08173","Edge_Type":"PPI","label":"interacts w\/"}},{"data":{"source":"P28335","target":"P28223","Edge_Type":"PPI","label":"interacts w\/"}},{"data":{"source":"P41595","target":"P28223","Edge_Type":"PPI","label":"interacts w\/"}},{"data":{"source":"P41595","target":"P28335","Edge_Type":"PPI","label":"interacts w\/"}},{"data":{"source":"Q99720","target":"P14416","Edge_Type":"PPI","label":"interacts w\/"}},{"data":{"source":"P21917","target":"P14416","Edge_Type":"PPI","label":"interacts w\/"}},{"data":{"source":"P21917","target":"P35368","Edge_Type":"PPI","label":"interacts w\/"}},{"data":{"source":"P21917","target":"P21917","Edge_Type":"PPI","label":"interacts w\/"}},{"data":{"source":"P61073","target":"P25100","Edge_Type":"PPI","label":"interacts w\/"}},{"data":{"source":"P61073","target":"P35348","Edge_Type":"PPI","label":"interacts w\/"}},{"data":{"source":"P61073","target":"P35368","Edge_Type":"PPI","label":"interacts w\/"}},{"data":{"source":"P61073","target":"P61073","Edge_Type":"PPI","label":"interacts w\/"}},{"data":{"source":"P42166","target":"P02545","Edge_Type":"PPI","label":"interacts w\/"}},{"data":{"source":"P08908","target":"P28223","Edge_Type":"PPI","label":"interacts w\/"}},{"data":{"source":"Q9Y2B0","target":"P18825","Edge_Type":"PPI","label":"interacts w\/"}},{"data":{"source":"Q9ULW5","target":"P18089","Edge_Type":"PPI","label":"interacts w\/"}},{"data":{"source":"P30989","target":"P14416","Edge_Type":"PPI","label":"interacts w\/"}},{"data":{"source":"P30989","target":"P30989","Edge_Type":"PPI","label":"interacts w\/"}},{"data":{"source":"Q13425","target":"P25100","Edge_Type":"PPI","label":"interacts w\/"}},{"data":{"source":"P20309","target":"P08912","Edge_Type":"PPI","label":"interacts w\/"}},{"data":{"source":"P21554","target":"P28223","Edge_Type":"PPI","label":"interacts w\/"}},{"data":{"source":"P21554","target":"P21554","Edge_Type":"PPI","label":"interacts w\/"}},{"data":{"source":"HP:0100362","target":"Orphanet:2229","Edge_Type":"hpodis","label":"is associated w\/"}},{"data":{"source":"HP:0012723","target":"Orphanet:300751","Edge_Type":"hpodis","label":"is associated w\/"}},{"data":{"source":"HP:0005199","target":"Orphanet:2970","Edge_Type":"hpodis","label":"is associated w\/"}},{"data":{"source":"HP:0005199","target":"Orphanet:2970","Edge_Type":"hpodis","label":"is associated w\/"}},{"data":{"source":"HP:0031160","target":"Orphanet:51636","Edge_Type":"hpodis","label":"is associated w\/"}},{"data":{"source":"HP:0031160","target":"Orphanet:51636","Edge_Type":"hpodis","label":"is associated w\/"}},{"data":{"source":"HP:0010359","target":"Orphanet:2229","Edge_Type":"hpodis","label":"is associated w\/"}},{"data":{"source":"HP:0010330","target":"Orphanet:2229","Edge_Type":"hpodis","label":"is associated w\/"}},{"data":{"source":"HP:0000287","target":"Orphanet:90153","Edge_Type":"hpodis","label":"is associated w\/"}},{"data":{"source":"P02545","target":"Orphanet:98856","Edge_Type":"Disease","label":"is related to"}},{"data":{"source":"P02545","target":"Orphanet:168796","Edge_Type":"Disease","label":"is related to"}},{"data":{"source":"P02545","target":"Orphanet:98855","Edge_Type":"Disease","label":"is related to"}},{"data":{"source":"P02545","target":"Orphanet:90153","Edge_Type":"Disease","label":"is related to"}},{"data":{"source":"P02545","target":"Orphanet:740","Edge_Type":"Disease","label":"is related to"}},{"data":{"source":"P61073","target":"Orphanet:51636","Edge_Type":"Disease","label":"is related to"}},{"data":{"source":"P02545","target":"Orphanet:300751","Edge_Type":"Disease","label":"is related to"}},{"data":{"source":"P20309","target":"Orphanet:2970","Edge_Type":"Disease","label":"is related to"}},{"data":{"source":"P02545","target":"EFO:0000463","Edge_Type":"Disease","label":"is related to"}},{"data":{"source":"P02545","target":"Orphanet:2229","Edge_Type":"Disease","label":"is related to"}},{"data":{"source":"P14416","target":"DB00433","Edge_Type":"Drug","label":"targets"}},{"data":{"source":"P35367","target":"DB00433","Edge_Type":"Drug","label":"targets"}},{"data":{"source":"P35348","target":"DB00433","Edge_Type":"Drug","label":"targets"}},{"data":{"source":"P35368","target":"DB00433","Edge_Type":"Drug","label":"targets"}},{"data":{"source":"P25100","target":"DB00433","Edge_Type":"Drug","label":"targets"}},{"data":{"source":"P08913","target":"DB00433","Edge_Type":"Drug","label":"targets"}},{"data":{"source":"P18089","target":"DB00433","Edge_Type":"Drug","label":"targets"}},{"data":{"source":"P18825","target":"DB00433","Edge_Type":"Drug","label":"targets"}},{"data":{"source":"P02545","target":"DB00433","Edge_Type":"Chembl","label":"targets","pchembl_value":7.05}},{"data":{"source":"P08173","target":"DB00433","Edge_Type":"Chembl","label":"targets","pchembl_value":6.72}},{"data":{"source":"P08912","target":"DB00433","Edge_Type":"Chembl","label":"targets","pchembl_value":6.66}},{"data":{"source":"P11229","target":"DB00433","Edge_Type":"Chembl","label":"targets","pchembl_value":6.61}},{"data":{"source":"P21728","target":"DB00433","Edge_Type":"Chembl","label":"targets","pchembl_value":6.81}},{"data":{"source":"P28223","target":"DB00433","Edge_Type":"Chembl","label":"targets","pchembl_value":8.15}},{"data":{"source":"P28335","target":"DB00433","Edge_Type":"Chembl","label":"targets","pchembl_value":7.11}},{"data":{"source":"P35462","target":"DB00433","Edge_Type":"Chembl","label":"targets","pchembl_value":7.89}},{"data":{"source":"P41595","target":"DB00433","Edge_Type":"Chembl","label":"targets","pchembl_value":6.99}},{"data":{"source":"P50406","target":"DB00433","Edge_Type":"Chembl","label":"targets","pchembl_value":6.57}},{"data":{"source":"Q99720","target":"DB00433","Edge_Type":"Chembl","label":"targets","pchembl_value":7.27}},{"data":{"source":"P28223","target":"DB00715","Edge_Type":"Drug","label":"targets"}},{"data":{"source":"P35348","target":"DB00715","Edge_Type":"Drug","label":"targets"}},{"data":{"source":"P35368","target":"DB00715","Edge_Type":"Drug","label":"targets"}},{"data":{"source":"P25100","target":"DB00715","Edge_Type":"Drug","label":"targets"}},{"data":{"source":"P08913","target":"DB00715","Edge_Type":"Drug","label":"targets"}},{"data":{"source":"P18089","target":"DB00715","Edge_Type":"Drug","label":"targets"}},{"data":{"source":"P18825","target":"DB00715","Edge_Type":"Drug","label":"targets"}},{"data":{"source":"P14416","target":"DB00715","Edge_Type":"Drug","label":"targets"}},{"data":{"source":"P35367","target":"DB00715","Edge_Type":"Drug","label":"targets"}},{"data":{"source":"P08908","target":"DB00715","Edge_Type":"Drug","label":"targets"}},{"data":{"source":"P41595","target":"DB00715","Edge_Type":"Drug","label":"targets"}},{"data":{"source":"P28335","target":"DB00715","Edge_Type":"Drug","label":"targets"}},{"data":{"source":"P50406","target":"DB00715","Edge_Type":"Drug","label":"targets"}},{"data":{"source":"P11229","target":"DB00715","Edge_Type":"Drug","label":"targets"}},{"data":{"source":"P20309","target":"DB00715","Edge_Type":"Drug","label":"targets"}},{"data":{"source":"P08173","target":"DB00715","Edge_Type":"Drug","label":"targets"}},{"data":{"source":"P08912","target":"DB00715","Edge_Type":"Drug","label":"targets"}},{"data":{"source":"P21728","target":"DB00715","Edge_Type":"Drug","label":"targets"}},{"data":{"source":"P14416","target":"DB00502","Edge_Type":"Drug","label":"targets"}},{"data":{"source":"P21728","target":"DB00502","Edge_Type":"Drug","label":"targets"}},{"data":{"source":"P28223","target":"DB00502","Edge_Type":"Drug","label":"targets"}},{"data":{"source":"P35462","target":"DB00502","Edge_Type":"Drug","label":"targets"}},{"data":{"source":"P28335","target":"DB00502","Edge_Type":"Drug","label":"targets"}},{"data":{"source":"Q99720","target":"DB00502","Edge_Type":"Drug","label":"targets"}},{"data":{"source":"P35367","target":"DB00502","Edge_Type":"Drug","label":"targets"}},{"data":{"source":"P20309","target":"DB00502","Edge_Type":"Drug","label":"targets"}},{"data":{"source":"P35348","target":"DB00502","Edge_Type":"Drug","label":"targets"}},{"data":{"source":"P08913","target":"DB00502","Edge_Type":"Drug","label":"targets"}},{"data":{"source":"P18089","target":"DB00502","Edge_Type":"Drug","label":"targets"}},{"data":{"source":"P18825","target":"DB00502","Edge_Type":"Drug","label":"targets"}},{"data":{"source":"P08908","target":"DB00502","Edge_Type":"Drug","label":"targets"}},{"data":{"source":"P50406","target":"DB00502","Edge_Type":"Drug","label":"targets"}},{"data":{"source":"P08908","target":"DB00490","Edge_Type":"Drug","label":"targets"}},{"data":{"source":"P14416","target":"DB00490","Edge_Type":"Drug","label":"targets"}},{"data":{"source":"P35462","target":"DB00490","Edge_Type":"Drug","label":"targets"}},{"data":{"source":"P21917","target":"DB00490","Edge_Type":"Drug","label":"targets"}},{"data":{"source":"P35348","target":"DB00490","Edge_Type":"Drug","label":"targets"}},{"data":{"source":"P35368","target":"DB00490","Edge_Type":"Drug","label":"targets"}},{"data":{"source":"P25100","target":"DB00490","Edge_Type":"Drug","label":"targets"}},{"data":{"source":"P11229","target":"DB01175","Edge_Type":"Drug","label":"targets"}},{"data":{"source":"P35367","target":"DB01175","Edge_Type":"Drug","label":"targets"}},{"data":{"source":"P08908","target":"DB01175","Edge_Type":"Drug","label":"targets"}},{"data":{"source":"P28223","target":"DB01175","Edge_Type":"Drug","label":"targets"}},{"data":{"source":"P35348","target":"DB01175","Edge_Type":"Drug","label":"targets"}},{"data":{"source":"P35368","target":"DB01175","Edge_Type":"Drug","label":"targets"}},{"data":{"source":"P25100","target":"DB01175","Edge_Type":"Drug","label":"targets"}},{"data":{"source":"P28335","target":"DB01175","Edge_Type":"Drug","label":"targets"}},{"data":{"source":"P08913","target":"DB01175","Edge_Type":"Drug","label":"targets"}},{"data":{"source":"P18089","target":"DB01175","Edge_Type":"Drug","label":"targets"}},{"data":{"source":"P18825","target":"DB01175","Edge_Type":"Drug","label":"targets"}},{"data":{"source":"P14416","target":"DB01175","Edge_Type":"Drug","label":"targets"}},{"data":{"source":"P14416","target":"DB00477","Edge_Type":"Drug","label":"targets"}},{"data":{"source":"P21728","target":"DB00477","Edge_Type":"Drug","label":"targets"}},{"data":{"source":"P08908","target":"DB00477","Edge_Type":"Drug","label":"targets"}},{"data":{"source":"P28223","target":"DB00477","Edge_Type":"Drug","label":"targets"}},{"data":{"source":"P35348","target":"DB00477","Edge_Type":"Drug","label":"targets"}},{"data":{"source":"P35368","target":"DB00477","Edge_Type":"Drug","label":"targets"}},{"data":{"source":"P35367","target":"DB00477","Edge_Type":"Drug","label":"targets"}},{"data":{"source":"P35462","target":"DB00477","Edge_Type":"Drug","label":"targets"}},{"data":{"source":"P21917","target":"DB00477","Edge_Type":"Drug","label":"targets"}},{"data":{"source":"P28335","target":"DB00477","Edge_Type":"Drug","label":"targets"}},{"data":{"source":"P41595","target":"DB00477","Edge_Type":"Drug","label":"targets"}},{"data":{"source":"P25100","target":"DB00477","Edge_Type":"Drug","label":"targets"}},{"data":{"source":"P08913","target":"DB00477","Edge_Type":"Drug","label":"targets"}},{"data":{"source":"P18089","target":"DB00477","Edge_Type":"Drug","label":"targets"}},{"data":{"source":"P18825","target":"DB00477","Edge_Type":"Drug","label":"targets"}},{"data":{"source":"P11229","target":"DB00477","Edge_Type":"Drug","label":"targets"}},{"data":{"source":"P20309","target":"DB00477","Edge_Type":"Drug","label":"targets"}},{"data":{"source":"P50406","target":"DB00477","Edge_Type":"Drug","label":"targets"}},{"data":{"source":"P28223","target":"DB00924","Edge_Type":"Drug","label":"targets"}},{"data":{"source":"P41595","target":"DB00924","Edge_Type":"Drug","label":"targets"}},{"data":{"source":"P28335","target":"DB00924","Edge_Type":"Drug","label":"targets"}},{"data":{"source":"P50406","target":"DB00924","Edge_Type":"Drug","label":"targets"}},{"data":{"source":"P14416","target":"DB01403","Edge_Type":"Drug","label":"targets"}},{"data":{"source":"P21728","target":"DB01403","Edge_Type":"Drug","label":"targets"}},{"data":{"source":"P35462","target":"DB01403","Edge_Type":"Drug","label":"targets"}},{"data":{"source":"P21917","target":"DB01403","Edge_Type":"Drug","label":"targets"}},{"data":{"source":"P28223","target":"DB01403","Edge_Type":"Drug","label":"targets"}},{"data":{"source":"P28335","target":"DB01403","Edge_Type":"Drug","label":"targets"}},{"data":{"source":"P35367","target":"DB01403","Edge_Type":"Drug","label":"targets"}},{"data":{"source":"P11229","target":"DB01403","Edge_Type":"Drug","label":"targets"}},{"data":{"source":"P20309","target":"DB01403","Edge_Type":"Drug","label":"targets"}},{"data":{"source":"P08173","target":"DB01403","Edge_Type":"Drug","label":"targets"}},{"data":{"source":"P08912","target":"DB01403","Edge_Type":"Drug","label":"targets"}},{"data":{"source":"P35348","target":"DB01403","Edge_Type":"Drug","label":"targets"}},{"data":{"source":"P35368","target":"DB01403","Edge_Type":"Drug","label":"targets"}},{"data":{"source":"P25100","target":"DB01403","Edge_Type":"Drug","label":"targets"}},{"data":{"source":"P08913","target":"DB01403","Edge_Type":"Drug","label":"targets"}},{"data":{"source":"P18089","target":"DB01403","Edge_Type":"Drug","label":"targets"}},{"data":{"source":"P18825","target":"DB01403","Edge_Type":"Drug","label":"targets"}},{"data":{"source":"P08908","target":"DB01238","Edge_Type":"Drug","label":"targets"}},{"data":{"source":"P14416","target":"DB01238","Edge_Type":"Drug","label":"targets"}},{"data":{"source":"P28223","target":"DB01238","Edge_Type":"Drug","label":"targets"}},{"data":{"source":"P35348","target":"DB01238","Edge_Type":"Drug","label":"targets"}},{"data":{"source":"P35368","target":"DB01238","Edge_Type":"Drug","label":"targets"}},{"data":{"source":"P35462","target":"DB01238","Edge_Type":"Drug","label":"targets"}},{"data":{"source":"P08913","target":"DB01238","Edge_Type":"Drug","label":"targets"}},{"data":{"source":"P18825","target":"DB01238","Edge_Type":"Drug","label":"targets"}},{"data":{"source":"P35367","target":"DB01238","Edge_Type":"Drug","label":"targets"}},{"data":{"source":"P28335","target":"DB01238","Edge_Type":"Drug","label":"targets"}},{"data":{"source":"P50406","target":"DB01238","Edge_Type":"Drug","label":"targets"}},{"data":{"source":"P21728","target":"DB01238","Edge_Type":"Drug","label":"targets"}},{"data":{"source":"P21917","target":"DB01238","Edge_Type":"Drug","label":"targets"}},{"data":{"source":"P18089","target":"DB01238","Edge_Type":"Drug","label":"targets"}},{"data":{"source":"P41595","target":"DB01238","Edge_Type":"Drug","label":"targets"}},{"data":{"source":"P11229","target":"DB01238","Edge_Type":"Drug","label":"targets"}},{"data":{"source":"P20309","target":"DB01238","Edge_Type":"Drug","label":"targets"}},{"data":{"source":"P08173","target":"DB01238","Edge_Type":"Drug","label":"targets"}},{"data":{"source":"P08912","target":"DB01238","Edge_Type":"Drug","label":"targets"}},{"data":{"source":"P28223","target":"DB01224","Edge_Type":"Drug","label":"targets"}},{"data":{"source":"P14416","target":"DB01224","Edge_Type":"Drug","label":"targets"}},{"data":{"source":"P08908","target":"DB01224","Edge_Type":"Drug","label":"targets"}},{"data":{"source":"P28335","target":"DB01224","Edge_Type":"Drug","label":"targets"}},{"data":{"source":"P50406","target":"DB01224","Edge_Type":"Drug","label":"targets"}},{"data":{"source":"P21728","target":"DB01224","Edge_Type":"Drug","label":"targets"}},{"data":{"source":"P35462","target":"DB01224","Edge_Type":"Drug","label":"targets"}},{"data":{"source":"P21917","target":"DB01224","Edge_Type":"Drug","label":"targets"}},{"data":{"source":"P35367","target":"DB01224","Edge_Type":"Drug","label":"targets"}},{"data":{"source":"P35348","target":"DB01224","Edge_Type":"Drug","label":"targets"}},{"data":{"source":"P35368","target":"DB01224","Edge_Type":"Drug","label":"targets"}},{"data":{"source":"P25100","target":"DB01224","Edge_Type":"Drug","label":"targets"}},{"data":{"source":"P08913","target":"DB01224","Edge_Type":"Drug","label":"targets"}},{"data":{"source":"P18089","target":"DB01224","Edge_Type":"Drug","label":"targets"}},{"data":{"source":"P18825","target":"DB01224","Edge_Type":"Drug","label":"targets"}},{"data":{"source":"P11229","target":"DB01224","Edge_Type":"Drug","label":"targets"}},{"data":{"source":"P20309","target":"DB01224","Edge_Type":"Drug","label":"targets"}},{"data":{"source":"P08173","target":"DB01224","Edge_Type":"Drug","label":"targets"}},{"data":{"source":"P08912","target":"DB01224","Edge_Type":"Drug","label":"targets"}},{"data":{"source":"P08913","target":"R-HSA-390696","Edge_Type":"Pathway","label":"is involved in"}},{"data":{"source":"P18089","target":"R-HSA-390696","Edge_Type":"Pathway","label":"is involved in"}},{"data":{"source":"P18825","target":"R-HSA-390696","Edge_Type":"Pathway","label":"is involved in"}},{"data":{"source":"P25100","target":"R-HSA-390696","Edge_Type":"Pathway","label":"is involved in"}},{"data":{"source":"P35348","target":"R-HSA-390696","Edge_Type":"Pathway","label":"is involved in"}},{"data":{"source":"P35368","target":"R-HSA-390696","Edge_Type":"Pathway","label":"is involved in"}},{"data":{"source":"P08173","target":"R-HSA-390648","Edge_Type":"Pathway","label":"is involved in"}},{"data":{"source":"P08912","target":"R-HSA-390648","Edge_Type":"Pathway","label":"is involved in"}},{"data":{"source":"P11229","target":"R-HSA-390648","Edge_Type":"Pathway","label":"is involved in"}},{"data":{"source":"P20309","target":"R-HSA-390648","Edge_Type":"Pathway","label":"is involved in"}},{"data":{"source":"P14416","target":"R-HSA-390651","Edge_Type":"Pathway","label":"is involved in"}},{"data":{"source":"P21728","target":"R-HSA-390651","Edge_Type":"Pathway","label":"is involved in"}},{"data":{"source":"P35462","target":"R-HSA-390651","Edge_Type":"Pathway","label":"is involved in"}},{"data":{"source":"P21917","target":"R-HSA-390651","Edge_Type":"Pathway","label":"is involved in"}},{"data":{"source":"P08913","target":"R-HSA-392023","Edge_Type":"Pathway","label":"is involved in"}},{"data":{"source":"P18089","target":"R-HSA-392023","Edge_Type":"Pathway","label":"is involved in"}},{"data":{"source":"P18825","target":"R-HSA-392023","Edge_Type":"Pathway","label":"is involved in"}},{"data":{"source":"P28223","target":"R-HSA-390666","Edge_Type":"Pathway","label":"is involved in"}},{"data":{"source":"P28335","target":"R-HSA-390666","Edge_Type":"Pathway","label":"is involved in"}},{"data":{"source":"P41595","target":"R-HSA-390666","Edge_Type":"Pathway","label":"is involved in"}},{"data":{"source":"P50406","target":"R-HSA-390666","Edge_Type":"Pathway","label":"is involved in"}},{"data":{"source":"P08908","target":"R-HSA-390666","Edge_Type":"Pathway","label":"is involved in"}},{"data":{"source":"P08912","target":"R-HSA-416476","Edge_Type":"Pathway","label":"is involved in"}},{"data":{"source":"P11229","target":"R-HSA-416476","Edge_Type":"Pathway","label":"is involved in"}},{"data":{"source":"P25100","target":"R-HSA-416476","Edge_Type":"Pathway","label":"is involved in"}},{"data":{"source":"P28223","target":"R-HSA-416476","Edge_Type":"Pathway","label":"is involved in"}},{"data":{"source":"P28335","target":"R-HSA-416476","Edge_Type":"Pathway","label":"is involved in"}},{"data":{"source":"P35348","target":"R-HSA-416476","Edge_Type":"Pathway","label":"is involved in"}},{"data":{"source":"P35367","target":"R-HSA-416476","Edge_Type":"Pathway","label":"is involved in"}},{"data":{"source":"P35368","target":"R-HSA-416476","Edge_Type":"Pathway","label":"is involved in"}},{"data":{"source":"P41595","target":"R-HSA-416476","Edge_Type":"Pathway","label":"is involved in"}},{"data":{"source":"P30989","target":"R-HSA-416476","Edge_Type":"Pathway","label":"is involved in"}},{"data":{"source":"P20309","target":"R-HSA-416476","Edge_Type":"Pathway","label":"is involved in"}},{"data":{"source":"P02545","target":"R-HSA-352238","Edge_Type":"Pathway","label":"is involved in"}},{"data":{"source":"P08173","target":"R-HSA-418594","Edge_Type":"Pathway","label":"is involved in"}},{"data":{"source":"P08913","target":"R-HSA-418594","Edge_Type":"Pathway","label":"is involved in"}},{"data":{"source":"P18089","target":"R-HSA-418594","Edge_Type":"Pathway","label":"is involved in"}},{"data":{"source":"P18825","target":"R-HSA-418594","Edge_Type":"Pathway","label":"is involved in"}},{"data":{"source":"P35462","target":"R-HSA-418594","Edge_Type":"Pathway","label":"is involved in"}},{"data":{"source":"P21917","target":"R-HSA-418594","Edge_Type":"Pathway","label":"is involved in"}},{"data":{"source":"P61073","target":"R-HSA-418594","Edge_Type":"Pathway","label":"is involved in"}},{"data":{"source":"P08908","target":"R-HSA-418594","Edge_Type":"Pathway","label":"is involved in"}},{"data":{"source":"P21554","target":"R-HSA-418594","Edge_Type":"Pathway","label":"is involved in"}},{"data":{"source":"P35367","target":"R-HSA-390650","Edge_Type":"Pathway","label":"is involved in"}},{"data":{"source":"P61073","target":"R-HSA-173107","Edge_Type":"Pathway","label":"is involved in"}},{"data":{"source":"P02545","target":"HP:0100362","Edge_Type":"HPO","label":"is associated w\/"}},{"data":{"source":"P02545","target":"HP:0008985","Edge_Type":"HPO","label":"is associated w\/"}},{"data":{"source":"P02545","target":"HP:0012645","Edge_Type":"HPO","label":"is associated w\/"}},{"data":{"source":"P02545","target":"HP:0012723","Edge_Type":"HPO","label":"is associated w\/"}},{"data":{"source":"P02545","target":"HP:0008739","Edge_Type":"HPO","label":"is associated w\/"}},{"data":{"source":"P20309","target":"HP:0005199","Edge_Type":"HPO","label":"is associated w\/"}},{"data":{"source":"P61073","target":"HP:0031160","Edge_Type":"HPO","label":"is associated w\/"}},{"data":{"source":"P02545","target":"HP:0010359","Edge_Type":"HPO","label":"is associated w\/"}},{"data":{"source":"P02545","target":"HP:0010330","Edge_Type":"HPO","label":"is associated w\/"}},{"data":{"source":"P02545","target":"HP:0000287","Edge_Type":"HPO","label":"is associated w\/"}},{"data":{"source":"P21728","target":"CHEMBL3262431","Edge_Type":"Prediction","label":"targets"}},{"data":{"source":"P25100","target":"CHEMBL3262431","Edge_Type":"Prediction","label":"targets"}},{"data":{"source":"P28335","target":"CHEMBL3262431","Edge_Type":"Prediction","label":"targets"}},{"data":{"source":"P35348","target":"CHEMBL3262431","Edge_Type":"Prediction","label":"targets"}},{"data":{"source":"P35367","target":"CHEMBL3262431","Edge_Type":"Prediction","label":"targets"}},{"data":{"source":"P35368","target":"CHEMBL3262431","Edge_Type":"Prediction","label":"targets"}},{"data":{"source":"P21917","target":"CHEMBL3262431","Edge_Type":"Prediction","label":"targets"}},{"data":{"source":"P08908","target":"CHEMBL3262431","Edge_Type":"Prediction","label":"targets"}},{"data":{"source":"P08173","target":"CHEMBL1521883","Edge_Type":"Prediction","label":"targets"}},{"data":{"source":"P21728","target":"CHEMBL1521883","Edge_Type":"Prediction","label":"targets"}},{"data":{"source":"P25100","target":"CHEMBL1521883","Edge_Type":"Prediction","label":"targets"}},{"data":{"source":"P28335","target":"CHEMBL1521883","Edge_Type":"Prediction","label":"targets"}},{"data":{"source":"P35348","target":"CHEMBL1521883","Edge_Type":"Prediction","label":"targets"}},{"data":{"source":"P35367","target":"CHEMBL1521883","Edge_Type":"Prediction","label":"targets"}},{"data":{"source":"P35368","target":"CHEMBL1521883","Edge_Type":"Prediction","label":"targets"}},{"data":{"source":"P21917","target":"CHEMBL1521883","Edge_Type":"Prediction","label":"targets"}},{"data":{"source":"P08908","target":"CHEMBL1521883","Edge_Type":"Prediction","label":"targets"}},{"data":{"source":"P08173","target":"CHEMBL1729120","Edge_Type":"Prediction","label":"targets"}},{"data":{"source":"P21728","target":"CHEMBL1729120","Edge_Type":"Prediction","label":"targets"}},{"data":{"source":"P25100","target":"CHEMBL1729120","Edge_Type":"Prediction","label":"targets"}},{"data":{"source":"P28335","target":"CHEMBL1729120","Edge_Type":"Prediction","label":"targets"}},{"data":{"source":"P35348","target":"CHEMBL1729120","Edge_Type":"Prediction","label":"targets"}},{"data":{"source":"P35367","target":"CHEMBL1729120","Edge_Type":"Prediction","label":"targets"}},{"data":{"source":"P35368","target":"CHEMBL1729120","Edge_Type":"Prediction","label":"targets"}},{"data":{"source":"P21917","target":"CHEMBL1729120","Edge_Type":"Prediction","label":"targets"}},{"data":{"source":"P08908","target":"CHEMBL1729120","Edge_Type":"Prediction","label":"targets"}},{"data":{"source":"P08173","target":"CHEMBL3199292","Edge_Type":"Prediction","label":"targets"}},{"data":{"source":"P21728","target":"CHEMBL3199292","Edge_Type":"Prediction","label":"targets"}},{"data":{"source":"P25100","target":"CHEMBL3199292","Edge_Type":"Prediction","label":"targets"}},{"data":{"source":"P35348","target":"CHEMBL3199292","Edge_Type":"Prediction","label":"targets"}},{"data":{"source":"P35367","target":"CHEMBL3199292","Edge_Type":"Prediction","label":"targets"}},{"data":{"source":"P35368","target":"CHEMBL3199292","Edge_Type":"Prediction","label":"targets"}},{"data":{"source":"P21917","target":"CHEMBL3199292","Edge_Type":"Prediction","label":"targets"}},{"data":{"source":"P08908","target":"CHEMBL3199292","Edge_Type":"Prediction","label":"targets"}},{"data":{"source":"P21728","target":"CHEMBL3742201","Edge_Type":"Prediction","label":"targets"}},{"data":{"source":"P25100","target":"CHEMBL3742201","Edge_Type":"Prediction","label":"targets"}},{"data":{"source":"P35348","target":"CHEMBL3742201","Edge_Type":"Prediction","label":"targets"}},{"data":{"source":"P35367","target":"CHEMBL3742201","Edge_Type":"Prediction","label":"targets"}},{"data":{"source":"P35368","target":"CHEMBL3742201","Edge_Type":"Prediction","label":"targets"}},{"data":{"source":"P21917","target":"CHEMBL3742201","Edge_Type":"Prediction","label":"targets"}},{"data":{"source":"P08908","target":"CHEMBL3742201","Edge_Type":"Prediction","label":"targets"}},{"data":{"source":"P14416","target":"CHEMBL3133863","Edge_Type":"predictionChembl","label":"targets"}},{"data":{"source":"P35462","target":"CHEMBL3133863","Edge_Type":"predictionChembl","label":"targets"}},{"data":{"source":"P21728","target":"CHEMBL3133863","Edge_Type":"Prediction","label":"targets"}},{"data":{"source":"P25100","target":"CHEMBL3133863","Edge_Type":"Prediction","label":"targets"}},{"data":{"source":"P28335","target":"CHEMBL3133863","Edge_Type":"Prediction","label":"targets"}},{"data":{"source":"P35348","target":"CHEMBL3133863","Edge_Type":"Prediction","label":"targets"}},{"data":{"source":"P35368","target":"CHEMBL3133863","Edge_Type":"Prediction","label":"targets"}},{"data":{"source":"P21917","target":"CHEMBL3133863","Edge_Type":"Prediction","label":"targets"}},{"data":{"source":"P08908","target":"CHEMBL3133863","Edge_Type":"Prediction","label":"targets"}},{"data":{"source":"P21728","target":"CHEMBL2431039","Edge_Type":"Prediction","label":"targets"}},{"data":{"source":"P25100","target":"CHEMBL2431039","Edge_Type":"Prediction","label":"targets"}},{"data":{"source":"P35348","target":"CHEMBL2431039","Edge_Type":"Prediction","label":"targets"}},{"data":{"source":"P35367","target":"CHEMBL2431039","Edge_Type":"Prediction","label":"targets"}},{"data":{"source":"P35368","target":"CHEMBL2431039","Edge_Type":"Prediction","label":"targets"}},{"data":{"source":"P21917","target":"CHEMBL2431039","Edge_Type":"Prediction","label":"targets"}},{"data":{"source":"P08908","target":"CHEMBL2431039","Edge_Type":"Prediction","label":"targets"}},{"data":{"source":"P08173","target":"CHEMBL3590088","Edge_Type":"Prediction","label":"targets"}},{"data":{"source":"P21728","target":"CHEMBL3590088","Edge_Type":"Prediction","label":"targets"}},{"data":{"source":"P25100","target":"CHEMBL3590088","Edge_Type":"Prediction","label":"targets"}},{"data":{"source":"P28335","target":"CHEMBL3590088","Edge_Type":"Prediction","label":"targets"}},{"data":{"source":"P35348","target":"CHEMBL3590088","Edge_Type":"Prediction","label":"targets"}},{"data":{"source":"P35368","target":"CHEMBL3590088","Edge_Type":"Prediction","label":"targets"}},{"data":{"source":"P21917","target":"CHEMBL3590088","Edge_Type":"Prediction","label":"targets"}},{"data":{"source":"P21728","target":"CHEMBL554419","Edge_Type":"Prediction","label":"targets"}},{"data":{"source":"P35348","target":"CHEMBL554419","Edge_Type":"Prediction","label":"targets"}},{"data":{"source":"P35367","target":"CHEMBL554419","Edge_Type":"Prediction","label":"targets"}},{"data":{"source":"P35368","target":"CHEMBL554419","Edge_Type":"Prediction","label":"targets"}},{"data":{"source":"P21917","target":"CHEMBL554419","Edge_Type":"Prediction","label":"targets"}},{"data":{"source":"P08908","target":"CHEMBL554419","Edge_Type":"Prediction","label":"targets"}},{"data":{"source":"P02545","target":"CHEMBL3196037","Edge_Type":"predictionChembl","label":"targets"}},{"data":{"source":"P08173","target":"CHEMBL3196037","Edge_Type":"Prediction","label":"targets"}},{"data":{"source":"P21728","target":"CHEMBL3196037","Edge_Type":"Prediction","label":"targets"}},{"data":{"source":"P25100","target":"CHEMBL3196037","Edge_Type":"Prediction","label":"targets"}},{"data":{"source":"P28335","target":"CHEMBL3196037","Edge_Type":"Prediction","label":"targets"}},{"data":{"source":"P35348","target":"CHEMBL3196037","Edge_Type":"Prediction","label":"targets"}},{"data":{"source":"P35368","target":"CHEMBL3196037","Edge_Type":"Prediction","label":"targets"}},{"data":{"source":"H01649","target":"hsa04080","Edge_Type":"kegg_dis_path","label":"modulates"}},{"data":{"source":"H01649","target":"hsa04728","Edge_Type":"kegg_dis_path","label":"modulates"}},{"data":{"source":"H01649","target":"DB01238","Edge_Type":"kegg_dis_drug","label":"indicates"}},{"data":{"source":"H01649","target":"DB00433","Edge_Type":"kegg_dis_drug","label":"indicates"}},{"data":{"source":"H01649","target":"DB00477","Edge_Type":"kegg_dis_drug","label":"indicates"}},{"data":{"source":"H01649","target":"DB01224","Edge_Type":"kegg_dis_drug","label":"indicates"}},{"data":{"source":"H01649","target":"DB00502","Edge_Type":"kegg_dis_drug","label":"indicates"}},{"data":{"source":"H01671","target":"hsa04080","Edge_Type":"kegg_dis_path","label":"modulates"}},{"data":{"source":"H01671","target":"hsa04728","Edge_Type":"kegg_dis_path","label":"modulates"}},{"data":{"source":"H01450","target":"hsa04726","Edge_Type":"kegg_dis_path","label":"modulates"}},{"data":{"source":"H01450","target":"hsa04728","Edge_Type":"kegg_dis_path","label":"modulates"}},{"data":{"source":"H01450","target":"DB00715","Edge_Type":"kegg_dis_drug","label":"indicates"}},{"data":{"source":"H01611","target":"hsa04080","Edge_Type":"kegg_dis_path","label":"modulates"}},{"data":{"source":"H01895","target":"hsa04080","Edge_Type":"kegg_dis_path","label":"modulates"}},{"data":{"source":"H01895","target":"hsa04726","Edge_Type":"kegg_dis_path","label":"modulates"}},{"data":{"source":"H01895","target":"hsa04728","Edge_Type":"kegg_dis_path","label":"modulates"}},{"data":{"source":"P08173","target":"hsa04080","Edge_Type":"kegg_path_prot","label":"is involved in"}},{"data":{"source":"P08912","target":"hsa04080","Edge_Type":"kegg_path_prot","label":"is involved in"}},{"data":{"source":"P08913","target":"hsa04080","Edge_Type":"kegg_path_prot","label":"is involved in"}},{"data":{"source":"P11229","target":"hsa04080","Edge_Type":"kegg_path_prot","label":"is involved in"}},{"data":{"source":"P14416","target":"hsa04080","Edge_Type":"kegg_path_prot","label":"is involved in"}},{"data":{"source":"P18089","target":"hsa04080","Edge_Type":"kegg_path_prot","label":"is involved in"}},{"data":{"source":"P18825","target":"hsa04080","Edge_Type":"kegg_path_prot","label":"is involved in"}},{"data":{"source":"P21728","target":"hsa04080","Edge_Type":"kegg_path_prot","label":"is involved in"}},{"data":{"source":"P25100","target":"hsa04080","Edge_Type":"kegg_path_prot","label":"is involved in"}},{"data":{"source":"P28223","target":"hsa04080","Edge_Type":"kegg_path_prot","label":"is involved in"}},{"data":{"source":"P28335","target":"hsa04080","Edge_Type":"kegg_path_prot","label":"is involved in"}},{"data":{"source":"P35348","target":"hsa04080","Edge_Type":"kegg_path_prot","label":"is involved in"}},{"data":{"source":"P35367","target":"hsa04080","Edge_Type":"kegg_path_prot","label":"is involved in"}},{"data":{"source":"P35368","target":"hsa04080","Edge_Type":"kegg_path_prot","label":"is involved in"}},{"data":{"source":"P35462","target":"hsa04080","Edge_Type":"kegg_path_prot","label":"is involved in"}},{"data":{"source":"P41595","target":"hsa04080","Edge_Type":"kegg_path_prot","label":"is involved in"}},{"data":{"source":"P50406","target":"hsa04080","Edge_Type":"kegg_path_prot","label":"is involved in"}},{"data":{"source":"P21917","target":"hsa04080","Edge_Type":"kegg_path_prot","label":"is involved in"}},{"data":{"source":"P08908","target":"hsa04080","Edge_Type":"kegg_path_prot","label":"is involved in"}},{"data":{"source":"P30989","target":"hsa04080","Edge_Type":"kegg_path_prot","label":"is involved in"}},{"data":{"source":"P20309","target":"hsa04080","Edge_Type":"kegg_path_prot","label":"is involved in"}},{"data":{"source":"P21554","target":"hsa04080","Edge_Type":"kegg_path_prot","label":"is involved in"}},{"data":{"source":"P08912","target":"hsa04020","Edge_Type":"kegg_path_prot","label":"is involved in"}},{"data":{"source":"P11229","target":"hsa04020","Edge_Type":"kegg_path_prot","label":"is involved in"}},{"data":{"source":"P21728","target":"hsa04020","Edge_Type":"kegg_path_prot","label":"is involved in"}},{"data":{"source":"P25100","target":"hsa04020","Edge_Type":"kegg_path_prot","label":"is involved in"}},{"data":{"source":"P28223","target":"hsa04020","Edge_Type":"kegg_path_prot","label":"is involved in"}},{"data":{"source":"P28335","target":"hsa04020","Edge_Type":"kegg_path_prot","label":"is involved in"}},{"data":{"source":"P35348","target":"hsa04020","Edge_Type":"kegg_path_prot","label":"is involved in"}},{"data":{"source":"P35367","target":"hsa04020","Edge_Type":"kegg_path_prot","label":"is involved in"}},{"data":{"source":"P35368","target":"hsa04020","Edge_Type":"kegg_path_prot","label":"is involved in"}},{"data":{"source":"P41595","target":"hsa04020","Edge_Type":"kegg_path_prot","label":"is involved in"}},{"data":{"source":"P50406","target":"hsa04020","Edge_Type":"kegg_path_prot","label":"is involved in"}},{"data":{"source":"P61073","target":"hsa04020","Edge_Type":"kegg_path_prot","label":"is involved in"}},{"data":{"source":"P30989","target":"hsa04020","Edge_Type":"kegg_path_prot","label":"is involved in"}},{"data":{"source":"P20309","target":"hsa04020","Edge_Type":"kegg_path_prot","label":"is involved in"}},{"data":{"source":"P14416","target":"hsa04540","Edge_Type":"kegg_path_prot","label":"is involved in"}},{"data":{"source":"P21728","target":"hsa04540","Edge_Type":"kegg_path_prot","label":"is involved in"}},{"data":{"source":"P28223","target":"hsa04540","Edge_Type":"kegg_path_prot","label":"is involved in"}},{"data":{"source":"P28335","target":"hsa04540","Edge_Type":"kegg_path_prot","label":"is involved in"}},{"data":{"source":"P41595","target":"hsa04540","Edge_Type":"kegg_path_prot","label":"is involved in"}},{"data":{"source":"P28223","target":"hsa04726","Edge_Type":"kegg_path_prot","label":"is involved in"}},{"data":{"source":"P28335","target":"hsa04726","Edge_Type":"kegg_path_prot","label":"is involved in"}},{"data":{"source":"P41595","target":"hsa04726","Edge_Type":"kegg_path_prot","label":"is involved in"}},{"data":{"source":"P50406","target":"hsa04726","Edge_Type":"kegg_path_prot","label":"is involved in"}},{"data":{"source":"P08908","target":"hsa04726","Edge_Type":"kegg_path_prot","label":"is involved in"}},{"data":{"source":"P08913","target":"hsa04022","Edge_Type":"kegg_path_prot","label":"is involved in"}},{"data":{"source":"P18089","target":"hsa04022","Edge_Type":"kegg_path_prot","label":"is involved in"}},{"data":{"source":"P18825","target":"hsa04022","Edge_Type":"kegg_path_prot","label":"is involved in"}},{"data":{"source":"P25100","target":"hsa04022","Edge_Type":"kegg_path_prot","label":"is involved in"}},{"data":{"source":"P35348","target":"hsa04022","Edge_Type":"kegg_path_prot","label":"is involved in"}},{"data":{"source":"P35368","target":"hsa04022","Edge_Type":"kegg_path_prot","label":"is involved in"}},{"data":{"source":"P25100","target":"hsa04970","Edge_Type":"kegg_path_prot","label":"is involved in"}},{"data":{"source":"P35348","target":"hsa04970","Edge_Type":"kegg_path_prot","label":"is involved in"}},{"data":{"source":"P35368","target":"hsa04970","Edge_Type":"kegg_path_prot","label":"is involved in"}},{"data":{"source":"P20309","target":"hsa04970","Edge_Type":"kegg_path_prot","label":"is involved in"}},{"data":{"source":"P28223","target":"hsa04750","Edge_Type":"kegg_path_prot","label":"is involved in"}},{"data":{"source":"P28335","target":"hsa04750","Edge_Type":"kegg_path_prot","label":"is involved in"}},{"data":{"source":"P35367","target":"hsa04750","Edge_Type":"kegg_path_prot","label":"is involved in"}},{"data":{"source":"P41595","target":"hsa04750","Edge_Type":"kegg_path_prot","label":"is involved in"}},{"data":{"source":"P08173","target":"hsa04725","Edge_Type":"kegg_path_prot","label":"is involved in"}},{"data":{"source":"P08912","target":"hsa04725","Edge_Type":"kegg_path_prot","label":"is involved in"}},{"data":{"source":"P11229","target":"hsa04725","Edge_Type":"kegg_path_prot","label":"is involved in"}},{"data":{"source":"P20309","target":"hsa04725","Edge_Type":"kegg_path_prot","label":"is involved in"}},{"data":{"source":"P08173","target":"hsa04810","Edge_Type":"kegg_path_prot","label":"is involved in"}},{"data":{"source":"P08912","target":"hsa04810","Edge_Type":"kegg_path_prot","label":"is involved in"}},{"data":{"source":"P11229","target":"hsa04810","Edge_Type":"kegg_path_prot","label":"is involved in"}},{"data":{"source":"P61073","target":"hsa04810","Edge_Type":"kegg_path_prot","label":"is involved in"}},{"data":{"source":"P20309","target":"hsa04810","Edge_Type":"kegg_path_prot","label":"is involved in"}},{"data":{"source":"P14416","target":"hsa04728","Edge_Type":"kegg_path_prot","label":"is involved in"}},{"data":{"source":"P21728","target":"hsa04728","Edge_Type":"kegg_path_prot","label":"is involved in"}},{"data":{"source":"P35462","target":"hsa04728","Edge_Type":"kegg_path_prot","label":"is involved in"}},{"data":{"source":"P21917","target":"hsa04728","Edge_Type":"kegg_path_prot","label":"is involved in"}},{"data":{"source":"P28223","target":"H01649","Edge_Type":"kegg_dis_prot","label":"is related to"}},{"data":{"source":"P35462","target":"H01649","Edge_Type":"kegg_dis_prot","label":"is related to"}},{"data":{"source":"P20309","target":"H02129","Edge_Type":"kegg_dis_prot","label":"is related to"}},{"data":{"source":"P61073","target":"H00097","Edge_Type":"kegg_dis_prot","label":"is related to"}},{"data":{"source":"P21917","target":"H01671","Edge_Type":"kegg_dis_prot","label":"is related to"}},{"data":{"source":"P02545","target":"H00601","Edge_Type":"kegg_dis_prot","label":"is related to"}},{"data":{"source":"P28223","target":"H01450","Edge_Type":"kegg_dis_prot","label":"is related to"}},{"data":{"source":"P21917","target":"H01450","Edge_Type":"kegg_dis_prot","label":"is related to"}},{"data":{"source":"P02545","target":"H00665","Edge_Type":"kegg_dis_prot","label":"is related to"}},{"data":{"source":"P02545","target":"H00663","Edge_Type":"kegg_dis_prot","label":"is related to"}},{"data":{"source":"P14416","target":"H01611","Edge_Type":"kegg_dis_prot","label":"is related to"}},{"data":{"source":"P28223","target":"H01611","Edge_Type":"kegg_dis_prot","label":"is related to"}},{"data":{"source":"P21917","target":"H01895","Edge_Type":"kegg_dis_prot","label":"is related to"}}]}