{"options":{"search_start":1613055806,"tax_ids":[9606],"num_of_fn_nodes":10,"num_of_pathways":10,"num_of_phenotypes":10,"num_of_drugs":10,"num_of_diseases":10,"num_of_compounds":10,"chembl_compounds":0,"predictions":1,"reviewed_filter":1,"fn":1,"chembl":1,"search_finish":1613055847,"search_runtime":41},"search":[{"Drug":[{"DB00193":"Tramadol"}]}],"nodes":[{"data":{"id":"O15399","display_name":"GRIN2D","Node_Type":"Protein"}},{"data":{"id":"O60391","display_name":"GRIN3B","Node_Type":"Protein"}},{"data":{"id":"P08913","display_name":"ADRA2A","Node_Type":"Protein"}},{"data":{"id":"P11229","display_name":"CHRM1","Node_Type":"Protein"}},{"data":{"id":"P18089","display_name":"ADRA2B","Node_Type":"Protein"}},{"data":{"id":"P18825","display_name":"ADRA2C","Node_Type":"Protein"}},{"data":{"id":"P20309","display_name":"CHRM3","Node_Type":"Protein"}},{"data":{"id":"P23975","display_name":"SLC6A2","Node_Type":"Protein"}},{"data":{"id":"P25103","display_name":"TACR1","Node_Type":"Protein"}},{"data":{"id":"P28335","display_name":"HTR2C","Node_Type":"Protein"}},{"data":{"id":"P30542","display_name":"ADORA1","Node_Type":"Protein"}},{"data":{"id":"P31645","display_name":"SLC6A4","Node_Type":"Protein"}},{"data":{"id":"P35372","display_name":"OPRM1","Node_Type":"Protein"}},{"data":{"id":"P41143","display_name":"OPRD1","Node_Type":"Protein"}},{"data":{"id":"P41145","display_name":"OPRK1","Node_Type":"Protein"}},{"data":{"id":"Q05586","display_name":"GRIN1","Node_Type":"Protein"}},{"data":{"id":"Q12879","display_name":"GRIN2A","Node_Type":"Protein"}},{"data":{"id":"Q13224","display_name":"GRIN2B","Node_Type":"Protein"}},{"data":{"id":"Q14957","display_name":"GRIN2C","Node_Type":"Protein"}},{"data":{"id":"Q8NER1","display_name":"TRPV1","Node_Type":"Protein"}},{"data":{"id":"Q8TCU5","display_name":"GRIN3A","Node_Type":"Protein"}},{"data":{"id":"Q99250","display_name":"SCN2A","Node_Type":"Protein"}},{"data":{"id":"Q0VAQ4","display_name":"SMAGP","Node_Type":"Protein_N"}},{"data":{"id":"Q9NS64","display_name":"RPRM","Node_Type":"Protein_N"}},{"data":{"id":"P35212","display_name":"GJA4","Node_Type":"Protein_N"}},{"data":{"id":"Q01628","display_name":"IFITM3","Node_Type":"Protein_N"}},{"data":{"id":"Q8N386","display_name":"LRRC25","Node_Type":"Protein_N"}},{"data":{"id":"P01210","display_name":"PENK","Node_Type":"Protein_N"}},{"data":{"id":"Q8IV08","display_name":"PLD3","Node_Type":"Protein_N"}},{"data":{"id":"Q9NVC3","display_name":"SLC38A7","Node_Type":"Protein_N"}},{"data":{"id":"Q8N6R1","display_name":"SERP2","Node_Type":"Protein_N"}},{"data":{"id":"Q9BVK8","display_name":"TMEM147","Node_Type":"Protein_N"}},{"data":{"id":"EFO:0004242","display_name":"obsessive-compulsive disorder","Node_Type":"Disease","enrichScore":112.531}},{"data":{"id":"EFO:0009300","display_name":"neurodevelopmental disorder with or without hyperkinetic movements and seizures, autosomal dominant","Node_Type":"Disease","enrichScore":112.531}},{"data":{"id":"EFO:1000645","display_name":"orthostatic intolerance","Node_Type":"Disease","enrichScore":112.531}},{"data":{"id":"EFO:1001010","display_name":"Landau-Kleffner syndrome","Node_Type":"Disease","enrichScore":112.531}},{"data":{"id":"Orphanet:140927","display_name":"Benign familial neonatal-infantile seizures","Node_Type":"Disease","enrichScore":112.531}},{"data":{"id":"Orphanet:1945","display_name":"Rolandic epilepsy","Node_Type":"Disease","enrichScore":112.531}},{"data":{"id":"Orphanet:2970","display_name":"Prune belly syndrome","Node_Type":"Disease","enrichScore":112.531}},{"data":{"id":"Orphanet:725","display_name":"Continuous spikes and waves during sleep","Node_Type":"Disease","enrichScore":112.531}},{"data":{"id":"Orphanet:163721","display_name":"Rolandic epilepsy - speech dyspraxia","Node_Type":"Disease","enrichScore":56.266}},{"data":{"id":"Orphanet:94145","display_name":"Autosomal dominant cerebellar ataxia type 1","Node_Type":"Disease","enrichScore":56.266}},{"data":{"id":"DB00193","display_name":"Tramadol","Node_Type":"Drug","enrichScore":9999999}},{"data":{"id":"DB00843","display_name":"Donepezil","Node_Type":"Drug","enrichScore":3651.266}},{"data":{"id":"DB00333","display_name":"Methadone","Node_Type":"Drug","enrichScore":1724.504}},{"data":{"id":"DB01238","display_name":"Aripiprazole","Node_Type":"Drug","enrichScore":1722.801}},{"data":{"id":"DB01043","display_name":"Memantine","Node_Type":"Drug","enrichScore":1589.667}},{"data":{"id":"DB00289","display_name":"Atomoxetine","Node_Type":"Drug","enrichScore":1490.313}},{"data":{"id":"DB06738","display_name":"Ketobemidone","Node_Type":"Drug","enrichScore":1490.313}},{"data":{"id":"DB00924","display_name":"Cyclobenzaprine","Node_Type":"Drug","enrichScore":1341.281}},{"data":{"id":"DB04896","display_name":"Milnacipran","Node_Type":"Drug","enrichScore":1341.281}},{"data":{"id":"DB00433","display_name":"Prochlorperazine","Node_Type":"Drug","enrichScore":1341.281}},{"data":{"id":"R-HSA-392023","display_name":"Adrenaline signalling through Alpha-2 adrenergic receptor","Node_Type":"Pathway","enrichScore":6025.781}},{"data":{"id":"R-HSA-438066","display_name":"Unblocking of NMDA receptors, glutamate binding and activation","Node_Type":"Pathway","enrichScore":2391.183}},{"data":{"id":"R-HSA-8849932","display_name":"Synaptic adhesion-like molecules","Node_Type":"Pathway","enrichScore":2391.183}},{"data":{"id":"R-HSA-9617324","display_name":"Negative regulation of NMDA receptor-mediated neuronal transmission","Node_Type":"Pathway","enrichScore":2391.183}},{"data":{"id":"R-HSA-9620244","display_name":"Long-term potentiation","Node_Type":"Pathway","enrichScore":2183.254}},{"data":{"id":"R-HSA-390696","display_name":"Adrenoceptors","Node_Type":"Pathway","enrichScore":2008.594}},{"data":{"id":"R-HSA-380615","display_name":"Serotonin clearance from the synaptic cleft","Node_Type":"Pathway","enrichScore":2008.594}},{"data":{"id":"R-HSA-5619109","display_name":"Defective SLC6A2 causes orthostatic intolerance (OI)","Node_Type":"Pathway","enrichScore":2008.594}},{"data":{"id":"R-HSA-9022699","display_name":"MECP2 regulates neuronal receptors and channels","Node_Type":"Pathway","enrichScore":1890.441}},{"data":{"id":"R-HSA-390648","display_name":"Muscarinic acetylcholine receptors","Node_Type":"Pathway","enrichScore":1606.875}},{"data":{"id":"HP:0012173","display_name":"Orthostatic tachycardia","Node_Type":"HPO","enrichScore":132.219}},{"data":{"id":"HP:0005199","display_name":"Aplasia of the abdominal wall musculature","Node_Type":"HPO","enrichScore":132.219}},{"data":{"id":"HP:0010852","display_name":"EEG with photoparoxysmal response","Node_Type":"HPO","enrichScore":66.109}},{"data":{"id":"HP:0001351","display_name":"Jerk-locked premyoclonus spikes","Node_Type":"HPO","enrichScore":66.109}},{"data":{"id":"HP:0001340","display_name":"Enhancement of the C-reflex","Node_Type":"HPO","enrichScore":66.109}},{"data":{"id":"HP:0012557","display_name":"EEG with centrotemporal focal spike waves","Node_Type":"HPO","enrichScore":66.109}},{"data":{"id":"HP:0012166","display_name":"Skin-picking","Node_Type":"HPO","enrichScore":66.109}},{"data":{"id":"HP:0011196","display_name":"EEG with focal sharp waves","Node_Type":"HPO","enrichScore":66.109}},{"data":{"id":"HP:0011197","display_name":"EEG with focal spike waves","Node_Type":"HPO","enrichScore":66.109}},{"data":{"id":"HP:0031491","display_name":"Continuous spike and waves during slow sleep","Node_Type":"HPO","enrichScore":66.109}},{"data":{"id":"CHEMBL3916416","display_name":"CHEMBL3916416","Node_Type":"Prediction","enrichScore":32.625}},{"data":{"id":"CHEMBL2314254","display_name":"CHEMBL2314254","Node_Type":"Prediction","enrichScore":32.625}},{"data":{"id":"CHEMBL1607485","display_name":"CHEMBL1607485","Node_Type":"Prediction","enrichScore":32.625}},{"data":{"id":"CHEMBL1608002","display_name":"CHEMBL1608002","Node_Type":"Prediction","enrichScore":32.625}},{"data":{"id":"CHEMBL3197772","display_name":"CHEMBL3197772","Node_Type":"Prediction","enrichScore":32.625}},{"data":{"id":"CHEMBL2314308","display_name":"CHEMBL2314308","Node_Type":"Prediction","enrichScore":32.625}},{"data":{"id":"CHEMBL1994683","display_name":"CHEMBL1994683","Node_Type":"Prediction","enrichScore":32.625}},{"data":{"id":"CHEMBL1546468","display_name":"CHEMBL1546468","Node_Type":"Prediction","enrichScore":32.625}},{"data":{"id":"CHEMBL1609040","display_name":"CHEMBL1609040","Node_Type":"Prediction","enrichScore":32.625}},{"data":{"id":"CHEMBL3957910","display_name":"CHEMBL3957910","Node_Type":"Prediction","enrichScore":32.625}},{"data":{"id":"hsa04080","display_name":"Neuroactive ligand-receptor interaction","Node_Type":"kegg_Pathway","enrichScore":249.927}},{"data":{"id":"hsa04724","display_name":"Glutamatergic synapse","Node_Type":"kegg_Pathway","enrichScore":91.848}},{"data":{"id":"hsa04024","display_name":"cAMP signaling pathway","Node_Type":"kegg_Pathway","enrichScore":77.617}},{"data":{"id":"hsa04720","display_name":"Long-term potentiation","Node_Type":"kegg_Pathway","enrichScore":73.181}},{"data":{"id":"hsa04020","display_name":"Calcium signaling pathway","Node_Type":"kegg_Pathway","enrichScore":68.724}},{"data":{"id":"hsa04713","display_name":"Circadian entrainment","Node_Type":"kegg_Pathway","enrichScore":51.367}},{"data":{"id":"hsa04022","display_name":"cGMP-PKG signaling pathway","Node_Type":"kegg_Pathway","enrichScore":30.88}},{"data":{"id":"hsa04721","display_name":"Synaptic vesicle cycle","Node_Type":"kegg_Pathway","enrichScore":10.958}},{"data":{"id":"hsa04742","display_name":"Taste transduction","Node_Type":"kegg_Pathway","enrichScore":10.552}},{"data":{"id":"hsa04015","display_name":"Rap1 signaling pathway","Node_Type":"kegg_Pathway","enrichScore":8.863}},{"data":{"id":"H02129","display_name":"Prune belly syndrome","Node_Type":"kegg_Disease","enrichScore":114.594}},{"data":{"id":"H01031","display_name":"Orthostatic intolerance","Node_Type":"kegg_Disease","enrichScore":114.594}},{"data":{"id":"H01514","display_name":"Landau-Kleffner syndrome","Node_Type":"kegg_Disease","enrichScore":114.594}},{"data":{"id":"H01827","display_name":"Rolandic epilepsy, mental retardation, and speech dyspraxia","Node_Type":"kegg_Disease","enrichScore":57.297}},{"data":{"id":"H02362","display_name":"Benign familial infantile seizure","Node_Type":"kegg_Disease","enrichScore":38.198}},{"data":{"id":"H02213","display_name":"Familial adult myoclonic epilepsy","Node_Type":"kegg_Disease","enrichScore":22.919}},{"data":{"id":"H01703","display_name":"Eating Disorders","Node_Type":"kegg_Disease","enrichScore":22.919}},{"data":{"id":"H00606","display_name":"Early infantile epileptic encephalopathy","Node_Type":"kegg_Disease","enrichScore":17.48}},{"data":{"id":"H01450","display_name":"Obsessive-compulsive disorder","Node_Type":"kegg_Disease","enrichScore":16.371}},{"data":{"id":"H01611","display_name":"Alcohol dependence","Node_Type":"kegg_Disease","enrichScore":14.324}}],"edges":[{"data":{"source":"P08913","target":"P08913","Edge_Type":"PPI","label":"interacts w\/"}},{"data":{"source":"P18825","target":"P18825","Edge_Type":"PPI","label":"interacts w\/"}},{"data":{"source":"P18825","target":"P08913","Edge_Type":"PPI","label":"interacts w\/"}},{"data":{"source":"P28335","target":"P28335","Edge_Type":"PPI","label":"interacts w\/"}},{"data":{"source":"Q0VAQ4","target":"P35372","Edge_Type":"PPI","label":"interacts w\/"}},{"data":{"source":"Q0VAQ4","target":"P41143","Edge_Type":"PPI","label":"interacts w\/"}},{"data":{"source":"Q9NS64","target":"P35372","Edge_Type":"PPI","label":"interacts w\/"}},{"data":{"source":"Q9NS64","target":"P41143","Edge_Type":"PPI","label":"interacts w\/"}},{"data":{"source":"P35212","target":"P35372","Edge_Type":"PPI","label":"interacts w\/"}},{"data":{"source":"Q01628","target":"P35372","Edge_Type":"PPI","label":"interacts w\/"}},{"data":{"source":"Q8N386","target":"P35372","Edge_Type":"PPI","label":"interacts w\/"}},{"data":{"source":"P01210","target":"P35372","Edge_Type":"PPI","label":"interacts w\/"}},{"data":{"source":"Q8IV08","target":"P35372","Edge_Type":"PPI","label":"interacts w\/"}},{"data":{"source":"Q9NVC3","target":"P35372","Edge_Type":"PPI","label":"interacts w\/"}},{"data":{"source":"Q8N6R1","target":"P35372","Edge_Type":"PPI","label":"interacts w\/"}},{"data":{"source":"Q8N6R1","target":"Q9NVC3","Edge_Type":"PPI","label":"interacts w\/"}},{"data":{"source":"Q9BVK8","target":"P25103","Edge_Type":"PPI","label":"interacts w\/"}},{"data":{"source":"Q9BVK8","target":"P28335","Edge_Type":"PPI","label":"interacts w\/"}},{"data":{"source":"HP:0012173","target":"EFO:1000645","Edge_Type":"hpodis","label":"is associated w\/"}},{"data":{"source":"HP:0005199","target":"Orphanet:2970","Edge_Type":"hpodis","label":"is associated w\/"}},{"data":{"source":"HP:0005199","target":"Orphanet:2970","Edge_Type":"hpodis","label":"is associated w\/"}},{"data":{"source":"HP:0012557","target":"Orphanet:1945","Edge_Type":"hpodis","label":"is associated w\/"}},{"data":{"source":"HP:0012557","target":"EFO:1001010","Edge_Type":"hpodis","label":"is associated w\/"}},{"data":{"source":"HP:0012166","target":"EFO:0004242","Edge_Type":"hpodis","label":"is associated w\/"}},{"data":{"source":"HP:0011196","target":"Orphanet:163721","Edge_Type":"hpodis","label":"is associated w\/"}},{"data":{"source":"HP:0011197","target":"Orphanet:1945","Edge_Type":"hpodis","label":"is associated w\/"}},{"data":{"source":"HP:0011197","target":"EFO:1001010","Edge_Type":"hpodis","label":"is associated w\/"}},{"data":{"source":"HP:0031491","target":"Orphanet:163721","Edge_Type":"hpodis","label":"is associated w\/"}},{"data":{"source":"P31645","target":"EFO:0004242","Edge_Type":"Disease","label":"is related to"}},{"data":{"source":"Q05586","target":"EFO:0009300","Edge_Type":"Disease","label":"is related to"}},{"data":{"source":"P23975","target":"EFO:1000645","Edge_Type":"Disease","label":"is related to"}},{"data":{"source":"Q12879","target":"EFO:1001010","Edge_Type":"Disease","label":"is related to"}},{"data":{"source":"Q99250","target":"Orphanet:140927","Edge_Type":"Disease","label":"is related to"}},{"data":{"source":"Q12879","target":"Orphanet:1945","Edge_Type":"Disease","label":"is related to"}},{"data":{"source":"P20309","target":"Orphanet:2970","Edge_Type":"Disease","label":"is related to"}},{"data":{"source":"Q12879","target":"Orphanet:725","Edge_Type":"Disease","label":"is related to"}},{"data":{"source":"Q12879","target":"Orphanet:163721","Edge_Type":"Disease","label":"is related to"}},{"data":{"source":"Q8IV08","target":"Orphanet:94145","Edge_Type":"Disease","label":"is related to"}},{"data":{"source":"P35372","target":"DB00193","Edge_Type":"Drug","label":"targets"}},{"data":{"source":"P23975","target":"DB00193","Edge_Type":"Drug","label":"targets"}},{"data":{"source":"P31645","target":"DB00193","Edge_Type":"Drug","label":"targets"}},{"data":{"source":"P28335","target":"DB00193","Edge_Type":"Drug","label":"targets"}},{"data":{"source":"P41145","target":"DB00193","Edge_Type":"Drug","label":"targets"}},{"data":{"source":"P41143","target":"DB00193","Edge_Type":"Drug","label":"targets"}},{"data":{"source":"P20309","target":"DB00193","Edge_Type":"Drug","label":"targets"}},{"data":{"source":"P11229","target":"DB00193","Edge_Type":"Drug","label":"targets"}},{"data":{"source":"P25103","target":"DB00193","Edge_Type":"Drug","label":"targets"}},{"data":{"source":"Q99250","target":"DB00193","Edge_Type":"Drug","label":"targets"}},{"data":{"source":"Q8NER1","target":"DB00193","Edge_Type":"Drug","label":"targets"}},{"data":{"source":"Q05586","target":"DB00193","Edge_Type":"Drug","label":"targets"}},{"data":{"source":"Q12879","target":"DB00193","Edge_Type":"Drug","label":"targets"}},{"data":{"source":"Q13224","target":"DB00193","Edge_Type":"Drug","label":"targets"}},{"data":{"source":"Q14957","target":"DB00193","Edge_Type":"Drug","label":"targets"}},{"data":{"source":"O15399","target":"DB00193","Edge_Type":"Drug","label":"targets"}},{"data":{"source":"Q8TCU5","target":"DB00193","Edge_Type":"Drug","label":"targets"}},{"data":{"source":"O60391","target":"DB00193","Edge_Type":"Drug","label":"targets"}},{"data":{"source":"P30542","target":"DB00193","Edge_Type":"Drug","label":"targets"}},{"data":{"source":"P08913","target":"DB00193","Edge_Type":"Drug","label":"targets"}},{"data":{"source":"P18089","target":"DB00193","Edge_Type":"Drug","label":"targets"}},{"data":{"source":"P18825","target":"DB00193","Edge_Type":"Drug","label":"targets"}},{"data":{"source":"Q05586","target":"DB00843","Edge_Type":"Drug","label":"targets"}},{"data":{"source":"Q12879","target":"DB00843","Edge_Type":"Drug","label":"targets"}},{"data":{"source":"Q13224","target":"DB00843","Edge_Type":"Drug","label":"targets"}},{"data":{"source":"Q14957","target":"DB00843","Edge_Type":"Drug","label":"targets"}},{"data":{"source":"O15399","target":"DB00843","Edge_Type":"Drug","label":"targets"}},{"data":{"source":"Q8TCU5","target":"DB00843","Edge_Type":"Drug","label":"targets"}},{"data":{"source":"O60391","target":"DB00843","Edge_Type":"Drug","label":"targets"}},{"data":{"source":"P35372","target":"DB00333","Edge_Type":"Drug","label":"targets"}},{"data":{"source":"Q05586","target":"DB00333","Edge_Type":"Drug","label":"targets"}},{"data":{"source":"Q12879","target":"DB00333","Edge_Type":"Drug","label":"targets"}},{"data":{"source":"Q13224","target":"DB00333","Edge_Type":"Drug","label":"targets"}},{"data":{"source":"Q14957","target":"DB00333","Edge_Type":"Drug","label":"targets"}},{"data":{"source":"O15399","target":"DB00333","Edge_Type":"Drug","label":"targets"}},{"data":{"source":"Q8TCU5","target":"DB00333","Edge_Type":"Drug","label":"targets"}},{"data":{"source":"O60391","target":"DB00333","Edge_Type":"Drug","label":"targets"}},{"data":{"source":"P41143","target":"DB00333","Edge_Type":"Drug","label":"targets"}},{"data":{"source":"P08913","target":"DB01238","Edge_Type":"Drug","label":"targets"}},{"data":{"source":"P18825","target":"DB01238","Edge_Type":"Drug","label":"targets"}},{"data":{"source":"P28335","target":"DB01238","Edge_Type":"Drug","label":"targets"}},{"data":{"source":"P18089","target":"DB01238","Edge_Type":"Drug","label":"targets"}},{"data":{"source":"P11229","target":"DB01238","Edge_Type":"Drug","label":"targets"}},{"data":{"source":"P20309","target":"DB01238","Edge_Type":"Drug","label":"targets"}},{"data":{"source":"P41145","target":"DB01238","Edge_Type":"Drug","label":"targets"}},{"data":{"source":"P35372","target":"DB01238","Edge_Type":"Drug","label":"targets"}},{"data":{"source":"P41143","target":"DB01238","Edge_Type":"Drug","label":"targets"}},{"data":{"source":"Q05586","target":"DB01238","Edge_Type":"Drug","label":"targets"}},{"data":{"source":"Q12879","target":"DB01238","Edge_Type":"Drug","label":"targets"}},{"data":{"source":"Q13224","target":"DB01238","Edge_Type":"Drug","label":"targets"}},{"data":{"source":"Q14957","target":"DB01238","Edge_Type":"Drug","label":"targets"}},{"data":{"source":"O15399","target":"DB01238","Edge_Type":"Drug","label":"targets"}},{"data":{"source":"Q8TCU5","target":"DB01238","Edge_Type":"Drug","label":"targets"}},{"data":{"source":"O60391","target":"DB01238","Edge_Type":"Drug","label":"targets"}},{"data":{"source":"P31645","target":"DB01238","Edge_Type":"Drug","label":"targets"}},{"data":{"source":"Q05586","target":"DB01043","Edge_Type":"Drug","label":"targets"}},{"data":{"source":"Q12879","target":"DB01043","Edge_Type":"Drug","label":"targets"}},{"data":{"source":"Q13224","target":"DB01043","Edge_Type":"Drug","label":"targets"}},{"data":{"source":"Q14957","target":"DB01043","Edge_Type":"Drug","label":"targets"}},{"data":{"source":"O15399","target":"DB01043","Edge_Type":"Drug","label":"targets"}},{"data":{"source":"Q8TCU5","target":"DB01043","Edge_Type":"Drug","label":"targets"}},{"data":{"source":"O60391","target":"DB01043","Edge_Type":"Drug","label":"targets"}},{"data":{"source":"P23975","target":"DB00289","Edge_Type":"Drug","label":"targets"}},{"data":{"source":"P31645","target":"DB00289","Edge_Type":"Drug","label":"targets"}},{"data":{"source":"Q05586","target":"DB00289","Edge_Type":"Drug","label":"targets"}},{"data":{"source":"Q12879","target":"DB00289","Edge_Type":"Drug","label":"targets"}},{"data":{"source":"Q13224","target":"DB00289","Edge_Type":"Drug","label":"targets"}},{"data":{"source":"Q14957","target":"DB00289","Edge_Type":"Drug","label":"targets"}},{"data":{"source":"O15399","target":"DB00289","Edge_Type":"Drug","label":"targets"}},{"data":{"source":"Q8TCU5","target":"DB00289","Edge_Type":"Drug","label":"targets"}},{"data":{"source":"O60391","target":"DB00289","Edge_Type":"Drug","label":"targets"}},{"data":{"source":"P41145","target":"DB00289","Edge_Type":"Drug","label":"targets"}},{"data":{"source":"P35372","target":"DB06738","Edge_Type":"Drug","label":"targets"}},{"data":{"source":"P41145","target":"DB06738","Edge_Type":"Drug","label":"targets"}},{"data":{"source":"P41143","target":"DB06738","Edge_Type":"Drug","label":"targets"}},{"data":{"source":"Q05586","target":"DB06738","Edge_Type":"Drug","label":"targets"}},{"data":{"source":"Q12879","target":"DB06738","Edge_Type":"Drug","label":"targets"}},{"data":{"source":"Q13224","target":"DB06738","Edge_Type":"Drug","label":"targets"}},{"data":{"source":"Q14957","target":"DB06738","Edge_Type":"Drug","label":"targets"}},{"data":{"source":"O15399","target":"DB06738","Edge_Type":"Drug","label":"targets"}},{"data":{"source":"Q8TCU5","target":"DB06738","Edge_Type":"Drug","label":"targets"}},{"data":{"source":"O60391","target":"DB06738","Edge_Type":"Drug","label":"targets"}},{"data":{"source":"P28335","target":"DB00924","Edge_Type":"Drug","label":"targets"}},{"data":{"source":"P31645","target":"DB00924","Edge_Type":"Drug","label":"targets"}},{"data":{"source":"P23975","target":"DB00924","Edge_Type":"Drug","label":"targets"}},{"data":{"source":"P31645","target":"DB04896","Edge_Type":"Drug","label":"targets"}},{"data":{"source":"P23975","target":"DB04896","Edge_Type":"Drug","label":"targets"}},{"data":{"source":"Q05586","target":"DB04896","Edge_Type":"Drug","label":"targets"}},{"data":{"source":"Q12879","target":"DB04896","Edge_Type":"Drug","label":"targets"}},{"data":{"source":"Q13224","target":"DB04896","Edge_Type":"Drug","label":"targets"}},{"data":{"source":"Q14957","target":"DB04896","Edge_Type":"Drug","label":"targets"}},{"data":{"source":"O15399","target":"DB04896","Edge_Type":"Drug","label":"targets"}},{"data":{"source":"Q8TCU5","target":"DB04896","Edge_Type":"Drug","label":"targets"}},{"data":{"source":"O60391","target":"DB04896","Edge_Type":"Drug","label":"targets"}},{"data":{"source":"P08913","target":"DB00433","Edge_Type":"Drug","label":"targets"}},{"data":{"source":"P18089","target":"DB00433","Edge_Type":"Drug","label":"targets"}},{"data":{"source":"P18825","target":"DB00433","Edge_Type":"Drug","label":"targets"}},{"data":{"source":"P08913","target":"R-HSA-392023","Edge_Type":"Pathway","label":"is involved in"}},{"data":{"source":"P18089","target":"R-HSA-392023","Edge_Type":"Pathway","label":"is involved in"}},{"data":{"source":"P18825","target":"R-HSA-392023","Edge_Type":"Pathway","label":"is involved in"}},{"data":{"source":"O15399","target":"R-HSA-438066","Edge_Type":"Pathway","label":"is involved in"}},{"data":{"source":"Q05586","target":"R-HSA-438066","Edge_Type":"Pathway","label":"is involved in"}},{"data":{"source":"Q12879","target":"R-HSA-438066","Edge_Type":"Pathway","label":"is involved in"}},{"data":{"source":"Q13224","target":"R-HSA-438066","Edge_Type":"Pathway","label":"is involved in"}},{"data":{"source":"Q14957","target":"R-HSA-438066","Edge_Type":"Pathway","label":"is involved in"}},{"data":{"source":"O15399","target":"R-HSA-8849932","Edge_Type":"Pathway","label":"is involved in"}},{"data":{"source":"Q05586","target":"R-HSA-8849932","Edge_Type":"Pathway","label":"is involved in"}},{"data":{"source":"Q12879","target":"R-HSA-8849932","Edge_Type":"Pathway","label":"is involved in"}},{"data":{"source":"Q13224","target":"R-HSA-8849932","Edge_Type":"Pathway","label":"is involved in"}},{"data":{"source":"Q14957","target":"R-HSA-8849932","Edge_Type":"Pathway","label":"is involved in"}},{"data":{"source":"O15399","target":"R-HSA-9617324","Edge_Type":"Pathway","label":"is involved in"}},{"data":{"source":"Q05586","target":"R-HSA-9617324","Edge_Type":"Pathway","label":"is involved in"}},{"data":{"source":"Q12879","target":"R-HSA-9617324","Edge_Type":"Pathway","label":"is involved in"}},{"data":{"source":"Q13224","target":"R-HSA-9617324","Edge_Type":"Pathway","label":"is involved in"}},{"data":{"source":"Q14957","target":"R-HSA-9617324","Edge_Type":"Pathway","label":"is involved in"}},{"data":{"source":"O15399","target":"R-HSA-9620244","Edge_Type":"Pathway","label":"is involved in"}},{"data":{"source":"Q05586","target":"R-HSA-9620244","Edge_Type":"Pathway","label":"is involved in"}},{"data":{"source":"Q12879","target":"R-HSA-9620244","Edge_Type":"Pathway","label":"is involved in"}},{"data":{"source":"Q13224","target":"R-HSA-9620244","Edge_Type":"Pathway","label":"is involved in"}},{"data":{"source":"Q14957","target":"R-HSA-9620244","Edge_Type":"Pathway","label":"is involved in"}},{"data":{"source":"P08913","target":"R-HSA-390696","Edge_Type":"Pathway","label":"is involved in"}},{"data":{"source":"P18089","target":"R-HSA-390696","Edge_Type":"Pathway","label":"is involved in"}},{"data":{"source":"P18825","target":"R-HSA-390696","Edge_Type":"Pathway","label":"is involved in"}},{"data":{"source":"P31645","target":"R-HSA-380615","Edge_Type":"Pathway","label":"is involved in"}},{"data":{"source":"P23975","target":"R-HSA-5619109","Edge_Type":"Pathway","label":"is involved in"}},{"data":{"source":"P35372","target":"R-HSA-9022699","Edge_Type":"Pathway","label":"is involved in"}},{"data":{"source":"P41145","target":"R-HSA-9022699","Edge_Type":"Pathway","label":"is involved in"}},{"data":{"source":"Q12879","target":"R-HSA-9022699","Edge_Type":"Pathway","label":"is involved in"}},{"data":{"source":"Q13224","target":"R-HSA-9022699","Edge_Type":"Pathway","label":"is involved in"}},{"data":{"source":"P11229","target":"R-HSA-390648","Edge_Type":"Pathway","label":"is involved in"}},{"data":{"source":"P20309","target":"R-HSA-390648","Edge_Type":"Pathway","label":"is involved in"}},{"data":{"source":"P23975","target":"HP:0012173","Edge_Type":"HPO","label":"is associated w\/"}},{"data":{"source":"P20309","target":"HP:0005199","Edge_Type":"HPO","label":"is associated w\/"}},{"data":{"source":"P18089","target":"HP:0010852","Edge_Type":"HPO","label":"is associated w\/"}},{"data":{"source":"P18089","target":"HP:0001351","Edge_Type":"HPO","label":"is associated w\/"}},{"data":{"source":"P18089","target":"HP:0001340","Edge_Type":"HPO","label":"is associated w\/"}},{"data":{"source":"Q12879","target":"HP:0012557","Edge_Type":"HPO","label":"is associated w\/"}},{"data":{"source":"P31645","target":"HP:0012166","Edge_Type":"HPO","label":"is associated w\/"}},{"data":{"source":"Q12879","target":"HP:0011196","Edge_Type":"HPO","label":"is associated w\/"}},{"data":{"source":"Q12879","target":"HP:0011197","Edge_Type":"HPO","label":"is associated w\/"}},{"data":{"source":"Q12879","target":"HP:0031491","Edge_Type":"HPO","label":"is associated w\/"}},{"data":{"source":"P28335","target":"CHEMBL3916416","Edge_Type":"Prediction","label":"targets"}},{"data":{"source":"P31645","target":"CHEMBL3916416","Edge_Type":"Prediction","label":"targets"}},{"data":{"source":"P28335","target":"CHEMBL2314254","Edge_Type":"Prediction","label":"targets"}},{"data":{"source":"P31645","target":"CHEMBL2314254","Edge_Type":"Prediction","label":"targets"}},{"data":{"source":"P28335","target":"CHEMBL1607485","Edge_Type":"Prediction","label":"targets"}},{"data":{"source":"P31645","target":"CHEMBL1607485","Edge_Type":"Prediction","label":"targets"}},{"data":{"source":"P28335","target":"CHEMBL1608002","Edge_Type":"Prediction","label":"targets"}},{"data":{"source":"P31645","target":"CHEMBL1608002","Edge_Type":"Prediction","label":"targets"}},{"data":{"source":"P28335","target":"CHEMBL3197772","Edge_Type":"Prediction","label":"targets"}},{"data":{"source":"P31645","target":"CHEMBL3197772","Edge_Type":"Prediction","label":"targets"}},{"data":{"source":"P28335","target":"CHEMBL2314308","Edge_Type":"Prediction","label":"targets"}},{"data":{"source":"P31645","target":"CHEMBL2314308","Edge_Type":"Prediction","label":"targets"}},{"data":{"source":"P28335","target":"CHEMBL1994683","Edge_Type":"Prediction","label":"targets"}},{"data":{"source":"P31645","target":"CHEMBL1994683","Edge_Type":"Prediction","label":"targets"}},{"data":{"source":"P28335","target":"CHEMBL1546468","Edge_Type":"Prediction","label":"targets"}},{"data":{"source":"P31645","target":"CHEMBL1546468","Edge_Type":"Prediction","label":"targets"}},{"data":{"source":"P28335","target":"CHEMBL1609040","Edge_Type":"Prediction","label":"targets"}},{"data":{"source":"P31645","target":"CHEMBL1609040","Edge_Type":"Prediction","label":"targets"}},{"data":{"source":"P28335","target":"CHEMBL3957910","Edge_Type":"Prediction","label":"targets"}},{"data":{"source":"P31645","target":"CHEMBL3957910","Edge_Type":"Prediction","label":"targets"}},{"data":{"source":"H01031","target":"hsa04721","Edge_Type":"kegg_dis_path","label":"modulates"}},{"data":{"source":"H01827","target":"hsa04724","Edge_Type":"kegg_dis_path","label":"modulates"}},{"data":{"source":"H01703","target":"hsa04024","Edge_Type":"kegg_dis_path","label":"modulates"}},{"data":{"source":"H00606","target":"hsa04724","Edge_Type":"kegg_dis_path","label":"modulates"}},{"data":{"source":"H01450","target":"hsa04724","Edge_Type":"kegg_dis_path","label":"modulates"}},{"data":{"source":"H01611","target":"hsa04080","Edge_Type":"kegg_dis_path","label":"modulates"}},{"data":{"source":"O15399","target":"hsa04080","Edge_Type":"kegg_path_prot","label":"is involved in"}},{"data":{"source":"O60391","target":"hsa04080","Edge_Type":"kegg_path_prot","label":"is involved in"}},{"data":{"source":"P08913","target":"hsa04080","Edge_Type":"kegg_path_prot","label":"is involved in"}},{"data":{"source":"P11229","target":"hsa04080","Edge_Type":"kegg_path_prot","label":"is involved in"}},{"data":{"source":"P18089","target":"hsa04080","Edge_Type":"kegg_path_prot","label":"is involved in"}},{"data":{"source":"P18825","target":"hsa04080","Edge_Type":"kegg_path_prot","label":"is involved in"}},{"data":{"source":"P20309","target":"hsa04080","Edge_Type":"kegg_path_prot","label":"is involved in"}},{"data":{"source":"P25103","target":"hsa04080","Edge_Type":"kegg_path_prot","label":"is involved in"}},{"data":{"source":"P28335","target":"hsa04080","Edge_Type":"kegg_path_prot","label":"is involved in"}},{"data":{"source":"P30542","target":"hsa04080","Edge_Type":"kegg_path_prot","label":"is involved in"}},{"data":{"source":"P35372","target":"hsa04080","Edge_Type":"kegg_path_prot","label":"is involved in"}},{"data":{"source":"P41143","target":"hsa04080","Edge_Type":"kegg_path_prot","label":"is involved in"}},{"data":{"source":"P41145","target":"hsa04080","Edge_Type":"kegg_path_prot","label":"is involved in"}},{"data":{"source":"Q05586","target":"hsa04080","Edge_Type":"kegg_path_prot","label":"is involved in"}},{"data":{"source":"Q12879","target":"hsa04080","Edge_Type":"kegg_path_prot","label":"is involved in"}},{"data":{"source":"Q13224","target":"hsa04080","Edge_Type":"kegg_path_prot","label":"is involved in"}},{"data":{"source":"Q14957","target":"hsa04080","Edge_Type":"kegg_path_prot","label":"is involved in"}},{"data":{"source":"Q8NER1","target":"hsa04080","Edge_Type":"kegg_path_prot","label":"is involved in"}},{"data":{"source":"Q8TCU5","target":"hsa04080","Edge_Type":"kegg_path_prot","label":"is involved in"}},{"data":{"source":"P01210","target":"hsa04080","Edge_Type":"kegg_path_prot","label":"is involved in"}},{"data":{"source":"O15399","target":"hsa04724","Edge_Type":"kegg_path_prot","label":"is involved in"}},{"data":{"source":"O60391","target":"hsa04724","Edge_Type":"kegg_path_prot","label":"is involved in"}},{"data":{"source":"Q05586","target":"hsa04724","Edge_Type":"kegg_path_prot","label":"is involved in"}},{"data":{"source":"Q12879","target":"hsa04724","Edge_Type":"kegg_path_prot","label":"is involved in"}},{"data":{"source":"Q13224","target":"hsa04724","Edge_Type":"kegg_path_prot","label":"is involved in"}},{"data":{"source":"Q14957","target":"hsa04724","Edge_Type":"kegg_path_prot","label":"is involved in"}},{"data":{"source":"Q8TCU5","target":"hsa04724","Edge_Type":"kegg_path_prot","label":"is involved in"}},{"data":{"source":"O15399","target":"hsa04024","Edge_Type":"kegg_path_prot","label":"is involved in"}},{"data":{"source":"O60391","target":"hsa04024","Edge_Type":"kegg_path_prot","label":"is involved in"}},{"data":{"source":"P11229","target":"hsa04024","Edge_Type":"kegg_path_prot","label":"is involved in"}},{"data":{"source":"P30542","target":"hsa04024","Edge_Type":"kegg_path_prot","label":"is involved in"}},{"data":{"source":"Q05586","target":"hsa04024","Edge_Type":"kegg_path_prot","label":"is involved in"}},{"data":{"source":"Q12879","target":"hsa04024","Edge_Type":"kegg_path_prot","label":"is involved in"}},{"data":{"source":"Q13224","target":"hsa04024","Edge_Type":"kegg_path_prot","label":"is involved in"}},{"data":{"source":"Q14957","target":"hsa04024","Edge_Type":"kegg_path_prot","label":"is involved in"}},{"data":{"source":"Q8TCU5","target":"hsa04024","Edge_Type":"kegg_path_prot","label":"is involved in"}},{"data":{"source":"O15399","target":"hsa04720","Edge_Type":"kegg_path_prot","label":"is involved in"}},{"data":{"source":"Q05586","target":"hsa04720","Edge_Type":"kegg_path_prot","label":"is involved in"}},{"data":{"source":"Q12879","target":"hsa04720","Edge_Type":"kegg_path_prot","label":"is involved in"}},{"data":{"source":"Q13224","target":"hsa04720","Edge_Type":"kegg_path_prot","label":"is involved in"}},{"data":{"source":"Q14957","target":"hsa04720","Edge_Type":"kegg_path_prot","label":"is involved in"}},{"data":{"source":"O15399","target":"hsa04020","Edge_Type":"kegg_path_prot","label":"is involved in"}},{"data":{"source":"P11229","target":"hsa04020","Edge_Type":"kegg_path_prot","label":"is involved in"}},{"data":{"source":"P20309","target":"hsa04020","Edge_Type":"kegg_path_prot","label":"is involved in"}},{"data":{"source":"P25103","target":"hsa04020","Edge_Type":"kegg_path_prot","label":"is involved in"}},{"data":{"source":"P28335","target":"hsa04020","Edge_Type":"kegg_path_prot","label":"is involved in"}},{"data":{"source":"Q05586","target":"hsa04020","Edge_Type":"kegg_path_prot","label":"is involved in"}},{"data":{"source":"Q12879","target":"hsa04020","Edge_Type":"kegg_path_prot","label":"is involved in"}},{"data":{"source":"Q14957","target":"hsa04020","Edge_Type":"kegg_path_prot","label":"is involved in"}},{"data":{"source":"O15399","target":"hsa04713","Edge_Type":"kegg_path_prot","label":"is involved in"}},{"data":{"source":"Q05586","target":"hsa04713","Edge_Type":"kegg_path_prot","label":"is involved in"}},{"data":{"source":"Q12879","target":"hsa04713","Edge_Type":"kegg_path_prot","label":"is involved in"}},{"data":{"source":"Q13224","target":"hsa04713","Edge_Type":"kegg_path_prot","label":"is involved in"}},{"data":{"source":"Q14957","target":"hsa04713","Edge_Type":"kegg_path_prot","label":"is involved in"}},{"data":{"source":"P08913","target":"hsa04022","Edge_Type":"kegg_path_prot","label":"is involved in"}},{"data":{"source":"P18089","target":"hsa04022","Edge_Type":"kegg_path_prot","label":"is involved in"}},{"data":{"source":"P18825","target":"hsa04022","Edge_Type":"kegg_path_prot","label":"is involved in"}},{"data":{"source":"P30542","target":"hsa04022","Edge_Type":"kegg_path_prot","label":"is involved in"}},{"data":{"source":"P41143","target":"hsa04022","Edge_Type":"kegg_path_prot","label":"is involved in"}},{"data":{"source":"P23975","target":"hsa04721","Edge_Type":"kegg_path_prot","label":"is involved in"}},{"data":{"source":"P31645","target":"hsa04721","Edge_Type":"kegg_path_prot","label":"is involved in"}},{"data":{"source":"P20309","target":"hsa04742","Edge_Type":"kegg_path_prot","label":"is involved in"}},{"data":{"source":"Q99250","target":"hsa04742","Edge_Type":"kegg_path_prot","label":"is involved in"}},{"data":{"source":"Q05586","target":"hsa04015","Edge_Type":"kegg_path_prot","label":"is involved in"}},{"data":{"source":"Q12879","target":"hsa04015","Edge_Type":"kegg_path_prot","label":"is involved in"}},{"data":{"source":"Q13224","target":"hsa04015","Edge_Type":"kegg_path_prot","label":"is involved in"}},{"data":{"source":"P20309","target":"H02129","Edge_Type":"kegg_dis_prot","label":"is related to"}},{"data":{"source":"P23975","target":"H01031","Edge_Type":"kegg_dis_prot","label":"is related to"}},{"data":{"source":"Q12879","target":"H01514","Edge_Type":"kegg_dis_prot","label":"is related to"}},{"data":{"source":"Q12879","target":"H01827","Edge_Type":"kegg_dis_prot","label":"is related to"}},{"data":{"source":"Q99250","target":"H02362","Edge_Type":"kegg_dis_prot","label":"is related to"}},{"data":{"source":"P18089","target":"H02213","Edge_Type":"kegg_dis_prot","label":"is related to"}},{"data":{"source":"P41143","target":"H01703","Edge_Type":"kegg_dis_prot","label":"is related to"}},{"data":{"source":"O15399","target":"H00606","Edge_Type":"kegg_dis_prot","label":"is related to"}},{"data":{"source":"Q13224","target":"H00606","Edge_Type":"kegg_dis_prot","label":"is related to"}},{"data":{"source":"Q99250","target":"H00606","Edge_Type":"kegg_dis_prot","label":"is related to"}},{"data":{"source":"P31645","target":"H01450","Edge_Type":"kegg_dis_prot","label":"is related to"}},{"data":{"source":"P35372","target":"H01611","Edge_Type":"kegg_dis_prot","label":"is related to"}}]}