{"options":{"search_start":1613060558,"tax_ids":[9606],"num_of_fn_nodes":10,"num_of_pathways":10,"num_of_phenotypes":10,"num_of_drugs":10,"num_of_diseases":10,"num_of_compounds":10,"chembl_compounds":0,"predictions":1,"reviewed_filter":1,"fn":1,"chembl":1,"search_finish":1613060591,"search_runtime":33},"search":[{"Drug":[{"DB06719":"Buserelin"}]}],"nodes":[{"data":{"id":"P22888","display_name":"LHCGR","Node_Type":"Protein"}},{"data":{"id":"P30968","display_name":"GNRHR","Node_Type":"Protein"}},{"data":{"id":"MONDO:0009384","display_name":"Leydig cell hypoplasia, type 1","Node_Type":"Disease","enrichScore":1800.5}},{"data":{"id":"Orphanet:755","display_name":"Leydig cell hypoplasia","Node_Type":"Disease","enrichScore":1800.5}},{"data":{"id":"Orphanet:96265","display_name":"Leydig cell hypoplasia due to complete LH resistance","Node_Type":"Disease","enrichScore":1800.5}},{"data":{"id":"Orphanet:96266","display_name":"Leydig cell hypoplasia due to partial LH resistance","Node_Type":"Disease","enrichScore":1800.5}},{"data":{"id":"Orphanet:432","display_name":"Normosmic congenital hypogonadotropic hypogonadism","Node_Type":"Disease","enrichScore":94.763}},{"data":{"id":"DB06719","display_name":"Buserelin","Node_Type":"Drug","enrichScore":9999999}},{"data":{"id":"DB00014","display_name":"Goserelin","Node_Type":"Drug","enrichScore":4769}},{"data":{"id":"DB00050","display_name":"Cetrorelix","Node_Type":"Drug","enrichScore":4769}},{"data":{"id":"DB00007","display_name":"Leuprolide","Node_Type":"Drug","enrichScore":2384.5}},{"data":{"id":"DB09126","display_name":"Chorionic Gonadotropin (Human)","Node_Type":"Drug","enrichScore":2384.5}},{"data":{"id":"DB06825","display_name":"Triptorelin","Node_Type":"Drug","enrichScore":2384.5}},{"data":{"id":"DB06788","display_name":"Histrelin","Node_Type":"Drug","enrichScore":2384.5}},{"data":{"id":"DB06785","display_name":"Ganirelix","Node_Type":"Drug","enrichScore":2384.5}},{"data":{"id":"DB06699","display_name":"Degarelix","Node_Type":"Drug","enrichScore":2384.5}},{"data":{"id":"DB06494","display_name":"Sufugolix","Node_Type":"Drug","enrichScore":2384.5}},{"data":{"id":"R-HSA-375281","display_name":"Hormone ligand-binding receptors","Node_Type":"Pathway","enrichScore":9888.462}},{"data":{"id":"R-HSA-418555","display_name":"G alpha (s) signalling events","Node_Type":"Pathway","enrichScore":217.145}},{"data":{"id":"R-HSA-416476","display_name":"G alpha (q) signalling events","Node_Type":"Pathway","enrichScore":182.599}},{"data":{"id":"HP:0008185","display_name":"Precocious puberty in males","Node_Type":"HPO","enrichScore":1057.75}},{"data":{"id":"HP:0001470","display_name":"Sex-limited autosomal dominant","Node_Type":"HPO","enrichScore":705.167}},{"data":{"id":"HP:0000040","display_name":"Long penis","Node_Type":"HPO","enrichScore":176.292}},{"data":{"id":"HP:0000053","display_name":"Macroorchidism","Node_Type":"HPO","enrichScore":132.219}},{"data":{"id":"HP:0030019","display_name":"Increased female libido","Node_Type":"HPO","enrichScore":117.528}},{"data":{"id":"HP:0003782","display_name":"Eunuchoid habitus","Node_Type":"HPO","enrichScore":100.738}},{"data":{"id":"HP:0008197","display_name":"Absence of pubertal development","Node_Type":"HPO","enrichScore":96.159}},{"data":{"id":"HP:0031845","display_name":"Abnormal libido","Node_Type":"HPO","enrichScore":96.159}},{"data":{"id":"HP:0000798","display_name":"Oligospermia","Node_Type":"HPO","enrichScore":81.365}},{"data":{"id":"HP:0000134","display_name":"Female hypogonadism","Node_Type":"HPO","enrichScore":81.365}},{"data":{"id":"CHEMBL3398406","display_name":"CHEMBL3398406","Node_Type":"Prediction","enrichScore":261}},{"data":{"id":"CHEMBL1765346","display_name":"CHEMBL1765346","Node_Type":"Prediction","enrichScore":261}},{"data":{"id":"CHEMBL3649978","display_name":"CHEMBL3649978","Node_Type":"Prediction","enrichScore":261}},{"data":{"id":"CHEMBL2331781","display_name":"CHEMBL2331781","Node_Type":"Prediction","enrichScore":261}},{"data":{"id":"CHEMBL1588739","display_name":"CHEMBL1588739","Node_Type":"Prediction","enrichScore":261}},{"data":{"id":"CHEMBL3916722","display_name":"CHEMBL3916722","Node_Type":"Prediction","enrichScore":261}},{"data":{"id":"CHEMBL1952211","display_name":"CHEMBL1952211","Node_Type":"Prediction","enrichScore":261}},{"data":{"id":"CHEMBL1784796","display_name":"CHEMBL1784796","Node_Type":"Prediction","enrichScore":261}},{"data":{"id":"CHEMBL3703577","display_name":"CHEMBL3703577","Node_Type":"Prediction","enrichScore":261}},{"data":{"id":"CHEMBL1524696","display_name":"CHEMBL1524696","Node_Type":"Prediction","enrichScore":261}},{"data":{"id":"hsa04913","display_name":"Ovarian steroidogenesis","Node_Type":"kegg_Pathway","enrichScore":65.75}},{"data":{"id":"hsa04917","display_name":"Prolactin signaling pathway","Node_Type":"kegg_Pathway","enrichScore":48.843}},{"data":{"id":"hsa04080","display_name":"Neuroactive ligand-receptor interaction","Node_Type":"kegg_Pathway","enrichScore":39.988}},{"data":{"id":"hsa04912","display_name":"GnRH signaling pathway","Node_Type":"kegg_Pathway","enrichScore":34.19}},{"data":{"id":"hsa04020","display_name":"Calcium signaling pathway","Node_Type":"kegg_Pathway","enrichScore":17.181}},{"data":{"id":"hsa04024","display_name":"cAMP signaling pathway","Node_Type":"kegg_Pathway","enrichScore":15.332}},{"data":{"id":"H01640","display_name":"Uterine leiomyoma","Node_Type":"kegg_Disease","enrichScore":1000000}},{"data":{"id":"H01639","display_name":"Endometriosis","Node_Type":"kegg_Disease","enrichScore":1000000}},{"data":{"id":"H02018","display_name":"Central precocious puberty","Node_Type":"kegg_Disease","enrichScore":1000000}},{"data":{"id":"H02019","display_name":"Familial male-limited precocious puberty","Node_Type":"kegg_Disease","enrichScore":1833.5}},{"data":{"id":"H00937","display_name":"Precocious puberty","Node_Type":"kegg_Disease","enrichScore":916.75}},{"data":{"id":"H00608","display_name":"46,XY disorder of sex development due to testosterone secretion defect","Node_Type":"kegg_Disease","enrichScore":611.167}},{"data":{"id":"H00255","display_name":"Hypogonadotropic hypogonadism","Node_Type":"kegg_Disease","enrichScore":79.717}}],"edges":[{"data":{"source":"HP:0030019","target":"Orphanet:432","Edge_Type":"hpodis","label":"is associated w\/"}},{"data":{"source":"HP:0003782","target":"Orphanet:432","Edge_Type":"hpodis","label":"is associated w\/"}},{"data":{"source":"HP:0003782","target":"Orphanet:432","Edge_Type":"hpodis","label":"is associated w\/"}},{"data":{"source":"HP:0008197","target":"Orphanet:432","Edge_Type":"hpodis","label":"is associated w\/"}},{"data":{"source":"HP:0008197","target":"Orphanet:432","Edge_Type":"hpodis","label":"is associated w\/"}},{"data":{"source":"HP:0031845","target":"Orphanet:432","Edge_Type":"hpodis","label":"is associated w\/"}},{"data":{"source":"HP:0000134","target":"Orphanet:432","Edge_Type":"hpodis","label":"is associated w\/"}},{"data":{"source":"P22888","target":"MONDO:0009384","Edge_Type":"Disease","label":"is related to"}},{"data":{"source":"P22888","target":"Orphanet:755","Edge_Type":"Disease","label":"is related to"}},{"data":{"source":"P22888","target":"Orphanet:96265","Edge_Type":"Disease","label":"is related to"}},{"data":{"source":"P22888","target":"Orphanet:96266","Edge_Type":"Disease","label":"is related to"}},{"data":{"source":"P30968","target":"Orphanet:432","Edge_Type":"Disease","label":"is related to"}},{"data":{"source":"P22888","target":"DB06719","Edge_Type":"Drug","label":"targets"}},{"data":{"source":"P30968","target":"DB06719","Edge_Type":"Drug","label":"targets"}},{"data":{"source":"P22888","target":"DB00014","Edge_Type":"Drug","label":"targets"}},{"data":{"source":"P30968","target":"DB00014","Edge_Type":"Drug","label":"targets"}},{"data":{"source":"P30968","target":"DB00050","Edge_Type":"Drug","label":"targets"}},{"data":{"source":"P22888","target":"DB00050","Edge_Type":"Drug","label":"targets"}},{"data":{"source":"P30968","target":"DB00007","Edge_Type":"Drug","label":"targets"}},{"data":{"source":"P22888","target":"DB09126","Edge_Type":"Drug","label":"targets"}},{"data":{"source":"P30968","target":"DB06825","Edge_Type":"Drug","label":"targets"}},{"data":{"source":"P30968","target":"DB06788","Edge_Type":"Drug","label":"targets"}},{"data":{"source":"P30968","target":"DB06785","Edge_Type":"Drug","label":"targets"}},{"data":{"source":"P30968","target":"DB06699","Edge_Type":"Drug","label":"targets"}},{"data":{"source":"P30968","target":"DB06494","Edge_Type":"Drug","label":"targets"}},{"data":{"source":"P22888","target":"R-HSA-375281","Edge_Type":"Pathway","label":"is involved in"}},{"data":{"source":"P30968","target":"R-HSA-375281","Edge_Type":"Pathway","label":"is involved in"}},{"data":{"source":"P22888","target":"R-HSA-418555","Edge_Type":"Pathway","label":"is involved in"}},{"data":{"source":"P30968","target":"R-HSA-416476","Edge_Type":"Pathway","label":"is involved in"}},{"data":{"source":"P22888","target":"HP:0008185","Edge_Type":"HPO","label":"is associated w\/"}},{"data":{"source":"P22888","target":"HP:0001470","Edge_Type":"HPO","label":"is associated w\/"}},{"data":{"source":"P22888","target":"HP:0000040","Edge_Type":"HPO","label":"is associated w\/"}},{"data":{"source":"P22888","target":"HP:0000053","Edge_Type":"HPO","label":"is associated w\/"}},{"data":{"source":"P30968","target":"HP:0030019","Edge_Type":"HPO","label":"is associated w\/"}},{"data":{"source":"P30968","target":"HP:0003782","Edge_Type":"HPO","label":"is associated w\/"}},{"data":{"source":"P30968","target":"HP:0008197","Edge_Type":"HPO","label":"is associated w\/"}},{"data":{"source":"P30968","target":"HP:0031845","Edge_Type":"HPO","label":"is associated w\/"}},{"data":{"source":"P22888","target":"HP:0000798","Edge_Type":"HPO","label":"is associated w\/"}},{"data":{"source":"P30968","target":"HP:0000134","Edge_Type":"HPO","label":"is associated w\/"}},{"data":{"source":"P30968","target":"CHEMBL3398406","Edge_Type":"Prediction","label":"targets"}},{"data":{"source":"P30968","target":"CHEMBL1765346","Edge_Type":"Prediction","label":"targets"}},{"data":{"source":"P30968","target":"CHEMBL3649978","Edge_Type":"Prediction","label":"targets"}},{"data":{"source":"P30968","target":"CHEMBL2331781","Edge_Type":"Prediction","label":"targets"}},{"data":{"source":"P30968","target":"CHEMBL1588739","Edge_Type":"Prediction","label":"targets"}},{"data":{"source":"P30968","target":"CHEMBL3916722","Edge_Type":"Prediction","label":"targets"}},{"data":{"source":"P30968","target":"CHEMBL1952211","Edge_Type":"Prediction","label":"targets"}},{"data":{"source":"P30968","target":"CHEMBL1784796","Edge_Type":"Prediction","label":"targets"}},{"data":{"source":"P30968","target":"CHEMBL3703577","Edge_Type":"Prediction","label":"targets"}},{"data":{"source":"P30968","target":"CHEMBL1524696","Edge_Type":"Prediction","label":"targets"}},{"data":{"source":"H01640","target":"DB06719","Edge_Type":"kegg_dis_drug","label":"indicates"}},{"data":{"source":"H01640","target":"DB00007","Edge_Type":"kegg_dis_drug","label":"indicates"}},{"data":{"source":"H01639","target":"DB06719","Edge_Type":"kegg_dis_drug","label":"indicates"}},{"data":{"source":"H01639","target":"DB00007","Edge_Type":"kegg_dis_drug","label":"indicates"}},{"data":{"source":"H01639","target":"DB00014","Edge_Type":"kegg_dis_drug","label":"indicates"}},{"data":{"source":"H02018","target":"DB06719","Edge_Type":"kegg_dis_drug","label":"indicates"}},{"data":{"source":"H02018","target":"DB00007","Edge_Type":"kegg_dis_drug","label":"indicates"}},{"data":{"source":"H02019","target":"hsa04020","Edge_Type":"kegg_dis_path","label":"modulates"}},{"data":{"source":"H02019","target":"hsa04917","Edge_Type":"kegg_dis_path","label":"modulates"}},{"data":{"source":"H00937","target":"hsa04020","Edge_Type":"kegg_dis_path","label":"modulates"}},{"data":{"source":"H00937","target":"hsa04080","Edge_Type":"kegg_dis_path","label":"modulates"}},{"data":{"source":"H00937","target":"hsa04912","Edge_Type":"kegg_dis_path","label":"modulates"}},{"data":{"source":"H00937","target":"DB00007","Edge_Type":"kegg_dis_drug","label":"indicates"}},{"data":{"source":"H00255","target":"hsa04080","Edge_Type":"kegg_dis_path","label":"modulates"}},{"data":{"source":"H00255","target":"hsa04912","Edge_Type":"kegg_dis_path","label":"modulates"}},{"data":{"source":"H00255","target":"DB09126","Edge_Type":"kegg_dis_drug","label":"indicates"}},{"data":{"source":"P22888","target":"hsa04913","Edge_Type":"kegg_path_prot","label":"is involved in"}},{"data":{"source":"P22888","target":"hsa04917","Edge_Type":"kegg_path_prot","label":"is involved in"}},{"data":{"source":"P22888","target":"hsa04080","Edge_Type":"kegg_path_prot","label":"is involved in"}},{"data":{"source":"P30968","target":"hsa04080","Edge_Type":"kegg_path_prot","label":"is involved in"}},{"data":{"source":"P30968","target":"hsa04912","Edge_Type":"kegg_path_prot","label":"is involved in"}},{"data":{"source":"P22888","target":"hsa04020","Edge_Type":"kegg_path_prot","label":"is involved in"}},{"data":{"source":"P22888","target":"hsa04024","Edge_Type":"kegg_path_prot","label":"is involved in"}},{"data":{"source":"P22888","target":"H02019","Edge_Type":"kegg_dis_prot","label":"is related to"}},{"data":{"source":"P22888","target":"H00937","Edge_Type":"kegg_dis_prot","label":"is related to"}},{"data":{"source":"P22888","target":"H00608","Edge_Type":"kegg_dis_prot","label":"is related to"}},{"data":{"source":"P30968","target":"H00255","Edge_Type":"kegg_dis_prot","label":"is related to"}}]}