Core Proteins,Interacting Proteins,Pathways,HPO terms,Diseases,Targeting Drugs,Experimental Bioactive Compounds (pChEMBL),Predicted interacting Compounds
GABRA1 (P14867),,R-HSA-977443 GABA receptor activation[scr:8162]; R-HSA-1236394 Signaling by ERBB4[scr:2597]; hsa04727 GABAergic synapse[scr:213]; hsa04742 Taste transduction[scr:84]; hsa04723 Retrograde endocannabinoid signaling[scr:82]; hsa04080 Neuroactive ligand-receptor interaction[scr:56],HP:0006961 Jerky head movements[scr:423]; HP:0011147 Typical absence seizure[scr:313]; HP:0010848 EEG with spike-wave complexes (2.5-3.5 Hz)[scr:313]; HP:0030218 Punding[scr:313],Orphanet:64280 Childhood absence epilepsy (EFO)[scr:400]; Orphanet:33069 Dravet syndrome (EFO)[scr:133]; Orphanet:307 Juvenile myoclonic epilepsy (EFO)[scr:67]; H02215 Childhood absence epilepsy (KEGG)[scr:407]; H02217 Juvenile myoclonic epilepsy (KEGG)[scr:68]; H00808 Idiopathic generalized epilepsies (KEGG)[scr:51],DB09166 Etizolam[scr:9999999]; DB00603 Medroxyprogesterone acetate[scr:4239]; DB00842 Oxazepam[scr:1785]; DB01589 Quazepam[scr:1785]; DB01215 Estazolam[scr:1785]; DB00801 Halazepam[scr:1785]; DB01588 Prazepam[scr:1785]; DB00897 Triazolam[scr:1696]; DB00425 Zolpidem[scr:1696]; DB00829 Diazepam[scr:1696],,
GABRG2 (P18507),NOVA1 (P51513); GABARAP (O95166),R-HSA-977443 GABA receptor activation[scr:8162]; R-HSA-1236394 Signaling by ERBB4[scr:2597]; hsa04727 GABAergic synapse[scr:213]; hsa04723 Retrograde endocannabinoid signaling[scr:82]; hsa04080 Neuroactive ligand-receptor interaction[scr:56],HP:0006961 Jerky head movements[scr:423]; HP:0011147 Typical absence seizure[scr:313]; HP:0010848 EEG with spike-wave complexes (2.5-3.5 Hz)[scr:313]; HP:0030218 Punding[scr:313],Orphanet:64280 Childhood absence epilepsy (EFO)[scr:400]; Orphanet:36387 Generalized epilepsy with febrile seizures-plus (EFO)[scr:67]; H02215 Childhood absence epilepsy (KEGG)[scr:407]; H00783 Febrile seizures (KEGG)[scr:51],DB09166 Etizolam[scr:9999999]; DB00603 Medroxyprogesterone acetate[scr:4239]; DB00842 Oxazepam[scr:1785]; DB01589 Quazepam[scr:1785]; DB01215 Estazolam[scr:1785]; DB00801 Halazepam[scr:1785]; DB01588 Prazepam[scr:1785]; DB00897 Triazolam[scr:1696]; DB00425 Zolpidem[scr:1696]; DB00829 Diazepam[scr:1696],,
PTAFR (P25105),MBP (P02686); PRNP (P04156),R-HSA-373076 Class A/1 (Rhodopsin-like receptors)[scr:376]; R-HSA-6783783 Interleukin-10 signaling[scr:159]; R-HSA-877300 Interferon gamma signaling[scr:81]; R-HSA-416476 G alpha (q) signalling events[scr:41]; R-HSA-6798695 Neutrophil degranulation[scr:15]; hsa04080 Neuroactive ligand-receptor interaction[scr:56],,,DB09166 Etizolam[scr:9999999]; DB12191 Obatoclax[scr:1000000],,CHEMBL524871 [scr:16.57]; CHEMBL523002 [scr:14.5]; CHEMBL220829 [scr:14.5]; CHEMBL1806758 [scr:11.6]; CHEMBL320366 [scr:11.6]; CHEMBL257167 [scr:11.6]; CHEMBL525506 [scr:11.6]; CHEMBL3325718 [scr:11.05]
GABRA3 (P34903),,R-HSA-977443 GABA receptor activation[scr:8162]; hsa04727 GABAergic synapse[scr:213]; hsa04742 Taste transduction[scr:84]; hsa04723 Retrograde endocannabinoid signaling[scr:82]; hsa04080 Neuroactive ligand-receptor interaction[scr:56],,,DB09166 Etizolam[scr:9999999]; DB00603 Medroxyprogesterone acetate[scr:4239]; DB00842 Oxazepam[scr:1785]; DB01589 Quazepam[scr:1785]; DB01215 Estazolam[scr:1785]; DB00801 Halazepam[scr:1785]; DB01588 Prazepam[scr:1785]; DB00897 Triazolam[scr:1696]; DB00425 Zolpidem[scr:1696]; DB00829 Diazepam[scr:1696],,
GABRA2 (P47869),,R-HSA-977443 GABA receptor activation[scr:8162]; hsa04727 GABAergic synapse[scr:213]; hsa04742 Taste transduction[scr:84]; hsa04723 Retrograde endocannabinoid signaling[scr:82]; hsa04080 Neuroactive ligand-receptor interaction[scr:56],,EFO:0003829 alcohol dependence (EFO)[scr:80]; H01611 Alcohol dependence (KEGG)[scr:51],DB09166 Etizolam[scr:9999999]; DB00603 Medroxyprogesterone acetate[scr:4239]; DB00842 Oxazepam[scr:1785]; DB01589 Quazepam[scr:1785]; DB01215 Estazolam[scr:1785]; DB00801 Halazepam[scr:1785]; DB01588 Prazepam[scr:1785]; DB00897 Triazolam[scr:1696]; DB00425 Zolpidem[scr:1696]; DB00829 Diazepam[scr:1696]; DB12191 Obatoclax[scr:1000000],,CHEMBL524871 [scr:16.57]; CHEMBL220829 [scr:14.5]; CHEMBL320366 [scr:11.6]; CHEMBL257167 [scr:11.6]; CHEMBL1808413 [scr:11.6]; CHEMBL3325718 [scr:11.05]
NOVA1 (P51513),GABRG2 (P18507),,,,,,
MBP (P02686),PTAFR (P25105),,,,,,
PRNP (P04156),PTAFR (P25105); PRNP (P04156),R-HSA-419037 NCAM1 interactions[scr:170]; hsa04216 Ferroptosis[scr:19],HP:0040201 Simultanapraxia[scr:470]; HP:0011176 EEG with constitutional variants[scr:470]; HP:0100292 Amyloidosis of peripheral nerves[scr:470]; HP:0040200 Motor impersistence[scr:470]; HP:0010542 Vestibular nystagmus[scr:470]; HP:0010846 EEG with persistent abnormal rhythmic activity[scr:470]; HP:0006961 Jerky head movements[scr:423],EFO:0004720 prion disease (EFO)[scr:400]; Orphanet:157941 Huntington disease-like 1 (EFO)[scr:400]; Orphanet:282166 Inherited Creutzfeldt-Jakob disease (EFO)[scr:400]; Orphanet:356 Gerstmann-Straussler-Scheinker syndrome (EFO)[scr:400]; Orphanet:466 Fatal familial insomnia (EFO)[scr:400]; H00061 Prion disease (KEGG)[scr:407]; H01243 Huntington disease-like syndrome (KEGG)[scr:136],,,
GABARAP (O95166),GABRG2 (P18507),R-HSA-8854214 TBC/RABGAPs[scr:162]; R-HSA-1632852 Macroautophagy[scr:105]; hsa04727 GABAergic synapse[scr:213]; hsa04136 Autophagy[scr:24]; hsa04137 Mitophagy[scr:12]; hsa04068 FoxO signaling pathway[scr:6]; hsa04140 Autophagy[scr:6]; hsa04371 Apelin signaling pathway[scr:5],,,,,
