{"options":{"search_start":1613060807,"tax_ids":[9606],"num_of_fn_nodes":10,"num_of_pathways":10,"num_of_phenotypes":10,"num_of_drugs":10,"num_of_diseases":10,"num_of_compounds":10,"chembl_compounds":0,"predictions":1,"reviewed_filter":1,"fn":1,"chembl":1,"search_finish":1613060836,"search_runtime":29},"search":[{"Drug":[{"DB00294":"Etonogestrel"}]}],"nodes":[{"data":{"id":"P03372","display_name":"ESR1","Node_Type":"Protein"}},{"data":{"id":"P04278","display_name":"SHBG","Node_Type":"Protein"}},{"data":{"id":"P06401","display_name":"PGR","Node_Type":"Protein"}},{"data":{"id":"Q9H467","display_name":"CUEDC2","Node_Type":"Protein_N"}},{"data":{"id":"Q96HI0","display_name":"SENP5","Node_Type":"Protein_N"}},{"data":{"id":"Q02447","display_name":"SP3","Node_Type":"Protein_N"}},{"data":{"id":"Q99623","display_name":"PHB2","Node_Type":"Protein_N"}},{"data":{"id":"Q96Q04","display_name":"LMTK3","Node_Type":"Protein_N"}},{"data":{"id":"O15054","display_name":"KDM6B","Node_Type":"Protein_N"}},{"data":{"id":"Q86Y37","display_name":"CACUL1","Node_Type":"Protein_N"}},{"data":{"id":"P60763","display_name":"RAC3","Node_Type":"Protein_N"}},{"data":{"id":"Q9UN36","display_name":"NDRG2","Node_Type":"Protein_N"}},{"data":{"id":"Q9BQ69","display_name":"MACROD1","Node_Type":"Protein_N"}},{"data":{"id":"EFO:0010563","display_name":"neurodevelopmental disorder with structural brain anomalies and dysmorphic facies","Node_Type":"Disease","enrichScore":0}},{"data":{"id":"DB00294","display_name":"Etonogestrel","Node_Type":"Drug","enrichScore":9999999}},{"data":{"id":"DB00304","display_name":"Desogestrel","Node_Type":"Drug","enrichScore":733.692}},{"data":{"id":"DB00890","display_name":"Dienestrol","Node_Type":"Drug","enrichScore":733.692}},{"data":{"id":"DB00882","display_name":"Clomifene","Node_Type":"Drug","enrichScore":733.692}},{"data":{"id":"DB01431","display_name":"Allylestrenol","Node_Type":"Drug","enrichScore":733.692}},{"data":{"id":"DB00823","display_name":"Ethynodiol diacetate","Node_Type":"Drug","enrichScore":733.692}},{"data":{"id":"DB00539","display_name":"Toremifene","Node_Type":"Drug","enrichScore":733.692}},{"data":{"id":"DB00603","display_name":"Medroxyprogesterone acetate","Node_Type":"Drug","enrichScore":733.692}},{"data":{"id":"DB00367","display_name":"Levonorgestrel","Node_Type":"Drug","enrichScore":660.323}},{"data":{"id":"DB11619","display_name":"Gestrinone","Node_Type":"Drug","enrichScore":550.269}},{"data":{"id":"R-HSA-3065679","display_name":"SUMO is proteolytically processed","Node_Type":"Pathway","enrichScore":824.038}},{"data":{"id":"R-HSA-8939256","display_name":"RUNX1 regulates transcription of genes involved in WNT signaling","Node_Type":"Pathway","enrichScore":824.038}},{"data":{"id":"R-HSA-8931987","display_name":"RUNX1 regulates estrogen receptor mediated transcription","Node_Type":"Pathway","enrichScore":824.038}},{"data":{"id":"R-HSA-1251985","display_name":"Nuclear signaling by ERBB4","Node_Type":"Pathway","enrichScore":732.479}},{"data":{"id":"R-HSA-4090294","display_name":"SUMOylation of intracellular receptors","Node_Type":"Pathway","enrichScore":659.231}},{"data":{"id":"R-HSA-8939211","display_name":"ESR-mediated signaling","Node_Type":"Pathway","enrichScore":449.476}},{"data":{"id":"R-HSA-383280","display_name":"Nuclear Receptor transcription pathway","Node_Type":"Pathway","enrichScore":387.783}},{"data":{"id":"R-HSA-8866910","display_name":"TFAP2 (AP-2) family regulates transcription of growth factors and their receptors","Node_Type":"Pathway","enrichScore":380.325}},{"data":{"id":"R-HSA-8949664","display_name":"Processing of SMDT1","Node_Type":"Pathway","enrichScore":309.014}},{"data":{"id":"R-HSA-3232118","display_name":"SUMOylation of transcription factors","Node_Type":"Pathway","enrichScore":247.212}},{"data":{"id":"HP:0003799","display_name":"Marked delay in bone age","Node_Type":"HPO","enrichScore":162.731}},{"data":{"id":"HP:0002083","display_name":"Migraine without aura","Node_Type":"HPO","enrichScore":81.365}},{"data":{"id":"HP:0008222","display_name":"Female infertility","Node_Type":"HPO","enrichScore":46.495}},{"data":{"id":"HP:0002077","display_name":"Migraine with aura","Node_Type":"HPO","enrichScore":46.495}},{"data":{"id":"HP:0010679","display_name":"Elevated tissue non-specific alkaline phosphatase","Node_Type":"HPO","enrichScore":29.587}},{"data":{"id":"HP:0002183","display_name":"Phonophobia","Node_Type":"HPO","enrichScore":21.697}},{"data":{"id":"HP:0002663","display_name":"Delayed epiphyseal ossification","Node_Type":"HPO","enrichScore":20.341}},{"data":{"id":"HP:0100879","display_name":"Enlarged ovaries","Node_Type":"HPO","enrichScore":18.081}},{"data":{"id":"HP:0008675","display_name":"Enlarged polycystic ovaries","Node_Type":"HPO","enrichScore":18.081}},{"data":{"id":"HP:0025112","display_name":"Sound sensitivity","Node_Type":"HPO","enrichScore":16.273}},{"data":{"id":"CHEMBL3982214","display_name":"CHEMBL3982214","Node_Type":"Prediction","enrichScore":40.154}},{"data":{"id":"CHEMBL2386216","display_name":"CHEMBL2386216","Node_Type":"Prediction","enrichScore":40.154}},{"data":{"id":"CHEMBL3640957","display_name":"CHEMBL3640957","Node_Type":"Prediction","enrichScore":40.154}},{"data":{"id":"CHEMBL2381645","display_name":"CHEMBL2381645","Node_Type":"Prediction","enrichScore":40.154}},{"data":{"id":"CHEMBL3911999","display_name":"CHEMBL3911999","Node_Type":"Prediction","enrichScore":40.154}},{"data":{"id":"CHEMBL1547221","display_name":"CHEMBL1547221","Node_Type":"Prediction","enrichScore":40.154}},{"data":{"id":"CHEMBL3667451","display_name":"CHEMBL3667451","Node_Type":"Prediction","enrichScore":40.154}},{"data":{"id":"CHEMBL3667229","display_name":"CHEMBL3667229","Node_Type":"Prediction","enrichScore":40.154}},{"data":{"id":"CHEMBL3641358","display_name":"CHEMBL3641358","Node_Type":"Prediction","enrichScore":40.154}},{"data":{"id":"CHEMBL1550806","display_name":"CHEMBL1550806","Node_Type":"Prediction","enrichScore":40.154}},{"data":{"id":"hsa04915","display_name":"Estrogen signaling pathway","Node_Type":"kegg_Pathway","enrichScore":14.313}},{"data":{"id":"hsa04961","display_name":"Endocrine and other factor-regulated calcium reabsorption","Node_Type":"kegg_Pathway","enrichScore":9.741}},{"data":{"id":"hsa04370","display_name":"VEGF signaling pathway","Node_Type":"kegg_Pathway","enrichScore":8.915}},{"data":{"id":"hsa04664","display_name":"Fc epsilon RI signaling pathway","Node_Type":"kegg_Pathway","enrichScore":7.851}},{"data":{"id":"hsa04917","display_name":"Prolactin signaling pathway","Node_Type":"kegg_Pathway","enrichScore":7.514}},{"data":{"id":"hsa04520","display_name":"Adherens junction","Node_Type":"kegg_Pathway","enrichScore":7.408}},{"data":{"id":"hsa04662","display_name":"B cell receptor signaling pathway","Node_Type":"kegg_Pathway","enrichScore":6.744}},{"data":{"id":"hsa04914","display_name":"Progesterone-mediated oocyte maturation","Node_Type":"kegg_Pathway","enrichScore":5.537}},{"data":{"id":"hsa04071","display_name":"Sphingolipid signaling pathway","Node_Type":"kegg_Pathway","enrichScore":4.42}},{"data":{"id":"hsa04919","display_name":"Thyroid hormone signaling pathway","Node_Type":"kegg_Pathway","enrichScore":4.42}},{"data":{"id":"H02061","display_name":"Estrogen resistance syndrome","Node_Type":"kegg_Disease","enrichScore":282.077}},{"data":{"id":"H00031","display_name":"Breast cancer","Node_Type":"kegg_Disease","enrichScore":18.805}}],"edges":[{"data":{"source":"P03372","target":"P03372","Edge_Type":"PPI","label":"interacts w\/"}},{"data":{"source":"P06401","target":"P06401","Edge_Type":"PPI","label":"interacts w\/"}},{"data":{"source":"P06401","target":"P03372","Edge_Type":"PPI","label":"interacts w\/"}},{"data":{"source":"Q9H467","target":"P03372","Edge_Type":"PPI","label":"interacts w\/"}},{"data":{"source":"Q9H467","target":"P06401","Edge_Type":"PPI","label":"interacts w\/"}},{"data":{"source":"Q96HI0","target":"P03372","Edge_Type":"PPI","label":"interacts w\/"}},{"data":{"source":"Q02447","target":"P03372","Edge_Type":"PPI","label":"interacts w\/"}},{"data":{"source":"Q99623","target":"P03372","Edge_Type":"PPI","label":"interacts w\/"}},{"data":{"source":"Q96Q04","target":"P03372","Edge_Type":"PPI","label":"interacts w\/"}},{"data":{"source":"O15054","target":"P03372","Edge_Type":"PPI","label":"interacts w\/"}},{"data":{"source":"Q86Y37","target":"P03372","Edge_Type":"PPI","label":"interacts w\/"}},{"data":{"source":"P60763","target":"P03372","Edge_Type":"PPI","label":"interacts w\/"}},{"data":{"source":"Q9UN36","target":"P03372","Edge_Type":"PPI","label":"interacts w\/"}},{"data":{"source":"Q9BQ69","target":"P03372","Edge_Type":"PPI","label":"interacts w\/"}},{"data":{"source":"P60763","target":"EFO:0010563","Edge_Type":"Disease","label":"is related to"}},{"data":{"source":"P06401","target":"DB00294","Edge_Type":"Drug","label":"targets"}},{"data":{"source":"P03372","target":"DB00294","Edge_Type":"Drug","label":"targets"}},{"data":{"source":"P04278","target":"DB00294","Edge_Type":"Chembl","label":"targets","pchembl_value":8.23}},{"data":{"source":"P06401","target":"DB00304","Edge_Type":"Drug","label":"targets"}},{"data":{"source":"P03372","target":"DB00304","Edge_Type":"Drug","label":"targets"}},{"data":{"source":"P03372","target":"DB00890","Edge_Type":"Drug","label":"targets"}},{"data":{"source":"P04278","target":"DB00890","Edge_Type":"Drug","label":"targets"}},{"data":{"source":"P03372","target":"DB00882","Edge_Type":"Drug","label":"targets"}},{"data":{"source":"P04278","target":"DB00882","Edge_Type":"Drug","label":"targets"}},{"data":{"source":"P06401","target":"DB01431","Edge_Type":"Drug","label":"targets"}},{"data":{"source":"P03372","target":"DB01431","Edge_Type":"Drug","label":"targets"}},{"data":{"source":"P06401","target":"DB00823","Edge_Type":"Drug","label":"targets"}},{"data":{"source":"P03372","target":"DB00823","Edge_Type":"Drug","label":"targets"}},{"data":{"source":"P03372","target":"DB00539","Edge_Type":"Drug","label":"targets"}},{"data":{"source":"P04278","target":"DB00539","Edge_Type":"Drug","label":"targets"}},{"data":{"source":"P06401","target":"DB00603","Edge_Type":"Drug","label":"targets"}},{"data":{"source":"P03372","target":"DB00603","Edge_Type":"Drug","label":"targets"}},{"data":{"source":"P06401","target":"DB00367","Edge_Type":"Drug","label":"targets"}},{"data":{"source":"P03372","target":"DB00367","Edge_Type":"Drug","label":"targets"}},{"data":{"source":"P04278","target":"DB00367","Edge_Type":"Drug","label":"targets"}},{"data":{"source":"P04278","target":"DB11619","Edge_Type":"Drug","label":"targets"}},{"data":{"source":"P06401","target":"DB11619","Edge_Type":"Drug","label":"targets"}},{"data":{"source":"P03372","target":"DB11619","Edge_Type":"Drug","label":"targets"}},{"data":{"source":"Q96HI0","target":"R-HSA-3065679","Edge_Type":"Pathway","label":"is involved in"}},{"data":{"source":"P03372","target":"R-HSA-8939256","Edge_Type":"Pathway","label":"is involved in"}},{"data":{"source":"P03372","target":"R-HSA-8931987","Edge_Type":"Pathway","label":"is involved in"}},{"data":{"source":"P03372","target":"R-HSA-1251985","Edge_Type":"Pathway","label":"is involved in"}},{"data":{"source":"P06401","target":"R-HSA-1251985","Edge_Type":"Pathway","label":"is involved in"}},{"data":{"source":"P03372","target":"R-HSA-4090294","Edge_Type":"Pathway","label":"is involved in"}},{"data":{"source":"P06401","target":"R-HSA-4090294","Edge_Type":"Pathway","label":"is involved in"}},{"data":{"source":"P03372","target":"R-HSA-8939211","Edge_Type":"Pathway","label":"is involved in"}},{"data":{"source":"P03372","target":"R-HSA-383280","Edge_Type":"Pathway","label":"is involved in"}},{"data":{"source":"P06401","target":"R-HSA-383280","Edge_Type":"Pathway","label":"is involved in"}},{"data":{"source":"P03372","target":"R-HSA-8866910","Edge_Type":"Pathway","label":"is involved in"}},{"data":{"source":"Q99623","target":"R-HSA-8949664","Edge_Type":"Pathway","label":"is involved in"}},{"data":{"source":"Q02447","target":"R-HSA-3232118","Edge_Type":"Pathway","label":"is involved in"}},{"data":{"source":"P03372","target":"HP:0003799","Edge_Type":"HPO","label":"is associated w\/"}},{"data":{"source":"P03372","target":"HP:0002083","Edge_Type":"HPO","label":"is associated w\/"}},{"data":{"source":"P06401","target":"HP:0008222","Edge_Type":"HPO","label":"is associated w\/"}},{"data":{"source":"P03372","target":"HP:0002077","Edge_Type":"HPO","label":"is associated w\/"}},{"data":{"source":"P03372","target":"HP:0010679","Edge_Type":"HPO","label":"is associated w\/"}},{"data":{"source":"P03372","target":"HP:0002183","Edge_Type":"HPO","label":"is associated w\/"}},{"data":{"source":"P03372","target":"HP:0002663","Edge_Type":"HPO","label":"is associated w\/"}},{"data":{"source":"P03372","target":"HP:0100879","Edge_Type":"HPO","label":"is associated w\/"}},{"data":{"source":"P03372","target":"HP:0008675","Edge_Type":"HPO","label":"is associated w\/"}},{"data":{"source":"P03372","target":"HP:0025112","Edge_Type":"HPO","label":"is associated w\/"}},{"data":{"source":"P03372","target":"CHEMBL3982214","Edge_Type":"Prediction","label":"targets"}},{"data":{"source":"P03372","target":"CHEMBL2386216","Edge_Type":"Prediction","label":"targets"}},{"data":{"source":"P03372","target":"CHEMBL3640957","Edge_Type":"Prediction","label":"targets"}},{"data":{"source":"P03372","target":"CHEMBL2381645","Edge_Type":"Prediction","label":"targets"}},{"data":{"source":"P03372","target":"CHEMBL3911999","Edge_Type":"Prediction","label":"targets"}},{"data":{"source":"P03372","target":"CHEMBL1547221","Edge_Type":"Prediction","label":"targets"}},{"data":{"source":"P03372","target":"CHEMBL3667451","Edge_Type":"Prediction","label":"targets"}},{"data":{"source":"P03372","target":"CHEMBL3667229","Edge_Type":"Prediction","label":"targets"}},{"data":{"source":"P03372","target":"CHEMBL3641358","Edge_Type":"Prediction","label":"targets"}},{"data":{"source":"P03372","target":"CHEMBL1550806","Edge_Type":"Prediction","label":"targets"}},{"data":{"source":"H02061","target":"hsa04915","Edge_Type":"kegg_dis_path","label":"modulates"}},{"data":{"source":"H02061","target":"hsa04917","Edge_Type":"kegg_dis_path","label":"modulates"}},{"data":{"source":"H00031","target":"DB00539","Edge_Type":"kegg_dis_drug","label":"indicates"}},{"data":{"source":"H00031","target":"DB00603","Edge_Type":"kegg_dis_drug","label":"indicates"}},{"data":{"source":"P03372","target":"hsa04915","Edge_Type":"kegg_path_prot","label":"is involved in"}},{"data":{"source":"P06401","target":"hsa04915","Edge_Type":"kegg_path_prot","label":"is involved in"}},{"data":{"source":"P03372","target":"hsa04961","Edge_Type":"kegg_path_prot","label":"is involved in"}},{"data":{"source":"P60763","target":"hsa04370","Edge_Type":"kegg_path_prot","label":"is involved in"}},{"data":{"source":"P60763","target":"hsa04664","Edge_Type":"kegg_path_prot","label":"is involved in"}},{"data":{"source":"P03372","target":"hsa04917","Edge_Type":"kegg_path_prot","label":"is involved in"}},{"data":{"source":"P60763","target":"hsa04520","Edge_Type":"kegg_path_prot","label":"is involved in"}},{"data":{"source":"P60763","target":"hsa04662","Edge_Type":"kegg_path_prot","label":"is involved in"}},{"data":{"source":"P06401","target":"hsa04914","Edge_Type":"kegg_path_prot","label":"is involved in"}},{"data":{"source":"P60763","target":"hsa04071","Edge_Type":"kegg_path_prot","label":"is involved in"}},{"data":{"source":"P03372","target":"hsa04919","Edge_Type":"kegg_path_prot","label":"is involved in"}},{"data":{"source":"P03372","target":"H02061","Edge_Type":"kegg_dis_prot","label":"is related to"}},{"data":{"source":"P03372","target":"H00031","Edge_Type":"kegg_dis_prot","label":"is related to"}}]}