Core Proteins,Interacting Proteins,Pathways,HPO terms,Diseases,Targeting Drugs,Experimental Bioactive Compounds (pChEMBL),Predicted interacting Compounds
ESR1 (P03372),ESR1 (P03372); NCOA2 (Q15596); SP3 (Q02447); LMTK3 (Q96Q04); KDM6B (O15054); PHB2 (Q99623); SENP5 (Q96HI0); CACUL1 (Q86Y37); AKAP13 (Q12802); NDRG2 (Q9UN36); RAC3 (P60763); CUEDC2 (Q9H467),R-HSA-8931987 RUNX1 regulates estrogen receptor mediated transcription[scr:893]; R-HSA-8939256 RUNX1 regulates transcription of genes involved in WNT signaling[scr:893]; R-HSA-8939211 ESR-mediated signaling[scr:487]; R-HSA-8866910 TFAP2 (AP-2) family regulates transcription of growth factors and their receptors[scr:412]; hsa04919 Thyroid hormone signaling pathway[scr:19]; hsa04915 Estrogen signaling pathway[scr:16]; hsa04961 Endocrine and other factor-regulated calcium reabsorption[scr:11]; hsa04917 Prolactin signaling pathway[scr:8],HP:0003799 Marked delay in bone age[scr:176]; HP:0002083 Migraine without aura[scr:88]; HP:0002077 Migraine with aura[scr:50]; HP:0010679 Elevated tissue non-specific alkaline phosphatase[scr:32]; HP:0002183 Phonophobia[scr:24]; HP:0002663 Delayed epiphyseal ossification[scr:22]; HP:0100879 Enlarged ovaries[scr:20]; HP:0008675 Enlarged polycystic ovaries[scr:20]; HP:0025112 Sound sensitivity[scr:18]; HP:0008197 Absence of pubertal development[scr:16],H02061 Estrogen resistance syndrome (KEGG)[scr:306]; H00031 Breast cancer (KEGG)[scr:20],DB07712 3-ETHYL-2-(4-HYDROXYPHENYL)-2H-INDAZOL-5-OL[scr:9999999]; DB08398 2-Amino-1-methyl-6-phenylimidazo(4-5-b)pyridine[scr:795]; DB08595 4-[(1S-2R-5S)-4-4-8-TRIMETHYL-3-OXABICYCLO[3.3.1]NON-7-EN-2-YL]PHENOL[scr:795]; DB08048 4-(6-HYDROXY-1H-INDAZOL-3-YL)BENZENE-1-3-DIOL[scr:795]; DB08047 4-[1-allyl-7-(trifluoromethyl)-1H-indazol-3-yl]benzene-1-3-diol[scr:795]; DB08773 2-(4-hydroxyphenyl)benzo[b]thiophen-6-ol[scr:795]; DB06871 17-METHYL-17-ALPHA-DIHYDROEQUILENIN[scr:795]; DB07932 dimethyl (1R-4S)-5-6-bis(4-hydroxyphenyl)-7-oxabicyclo[2.2.1]hepta-2-5-diene-2-3-dicarboxylate[scr:795]; DB07708 3-CHLORO-2-(4-HYDROXYPHENYL)-2H-INDAZOL-5-OL[scr:795]; DB07707 (9BETA-11ALPHA-13ALPHA-14BETA-17ALPHA)-11-(METHOXYMETHYL)ESTRA-1(10)-2-4-TRIENE-3-17-DIOL[scr:795],,CHEMBL3642439 [scr:43.5]; CHEMBL550367 [scr:43.5]; CHEMBL3590641 [scr:43.5]; CHEMBL3655767 [scr:43.5]; CHEMBL1526724 [scr:43.5]; CHEMBL1590230 [scr:43.5]; CHEMBL1426745 [scr:43.5]; CHEMBL3827710 [scr:43.5]; CHEMBL3416058 [scr:43.5]; CHEMBL3905347 [scr:43.5]
NCOA2 (Q15596),ESR1 (P03372),R-HSA-192105 Synthesis of bile acids and bile salts[scr:383]; R-HSA-193807 Synthesis of bile acids and bile salts via 27-hydroxycholesterol[scr:357]; R-HSA-159418 Recycling of bile acids and salts[scr:335]; R-HSA-1368082 RORA activates gene expression[scr:298]; hsa04919 Thyroid hormone signaling pathway[scr:19]; hsa04915 Estrogen signaling pathway[scr:16],,,DB07712 3-ETHYL-2-(4-HYDROXYPHENYL)-2H-INDAZOL-5-OL[scr:9999999]; DB08398 2-Amino-1-methyl-6-phenylimidazo(4-5-b)pyridine[scr:795]; DB08595 4-[(1S-2R-5S)-4-4-8-TRIMETHYL-3-OXABICYCLO[3.3.1]NON-7-EN-2-YL]PHENOL[scr:795]; DB08048 4-(6-HYDROXY-1H-INDAZOL-3-YL)BENZENE-1-3-DIOL[scr:795]; DB08047 4-[1-allyl-7-(trifluoromethyl)-1H-indazol-3-yl]benzene-1-3-diol[scr:795]; DB08773 2-(4-hydroxyphenyl)benzo[b]thiophen-6-ol[scr:795]; DB06871 17-METHYL-17-ALPHA-DIHYDROEQUILENIN[scr:795]; DB07932 dimethyl (1R-4S)-5-6-bis(4-hydroxyphenyl)-7-oxabicyclo[2.2.1]hepta-2-5-diene-2-3-dicarboxylate[scr:795]; DB07708 3-CHLORO-2-(4-HYDROXYPHENYL)-2H-INDAZOL-5-OL[scr:795]; DB07707 (9BETA-11ALPHA-13ALPHA-14BETA-17ALPHA)-11-(METHOXYMETHYL)ESTRA-1(10)-2-4-TRIENE-3-17-DIOL[scr:795],,
SP3 (Q02447),ESR1 (P03372),,,,,,
LMTK3 (Q96Q04),ESR1 (P03372),,,,,,
KDM6B (O15054),ESR1 (P03372),,,,,,
PHB2 (Q99623),ESR1 (P03372),R-HSA-8949664 Processing of SMDT1[scr:335],,,,,
SENP5 (Q96HI0),ESR1 (P03372),R-HSA-3065679 SUMO is proteolytically processed[scr:893],,,,,
CACUL1 (Q86Y37),ESR1 (P03372),,,,,,
AKAP13 (Q12802),ESR1 (P03372),hsa04928 Parathyroid hormone synthesis- secretion and action[scr:5],,,,,
NDRG2 (Q9UN36),ESR1 (P03372),,,,,,
RAC3 (P60763),ESR1 (P03372),hsa04370 VEGF signaling pathway[scr:10]; hsa04664 Fc epsilon RI signaling pathway[scr:9]; hsa04520 Adherens junction[scr:8]; hsa04662 B cell receptor signaling pathway[scr:7]; hsa04071 Sphingolipid signaling pathway[scr:5],,EFO:0010563 neurodevelopmental disorder with structural brain anomalies and dysmorphic facies (EFO)[scr:0],,,
CUEDC2 (Q9H467),ESR1 (P03372),,,,,,
