Core Proteins,Interacting Proteins,Pathways,HPO terms,Diseases,Targeting Drugs,Experimental Bioactive Compounds (pChEMBL),Predicted interacting Compounds
IL12B (P29460),IL12B (P29460); IL23A (Q9NPF7); IL12A (P29459),R-HSA-9020933 Interleukin-23 signaling[scr:7142]; R-HSA-9020591 Interleukin-12 signaling[scr:6428]; R-HSA-6783783 Interleukin-10 signaling[scr:1428]; R-HSA-6785807 Interleukin-4 and Interleukin-13 signaling[scr:1303]; hsa04625 C-type lectin receptor signaling pathway[scr:140]; hsa04622 RIG-I-like receptor signaling pathway[scr:98]; hsa04630 JAK-STAT signaling pathway[scr:94]; hsa04658 Th1 and Th2 cell differentiation[scr:75]; hsa04620 Toll-like receptor signaling pathway[scr:65]; hsa04060 Cytokine-cytokine receptor interaction[scr:52],HP:0005244 Gastrointestinal infarctions[scr:106]; HP:0100758 Gangrene[scr:86]; HP:0004306 Abnormal endocardium morphology[scr:81]; HP:0002105 Hemoptysis[scr:77]; HP:0032016 Abnormal sputum[scr:77],Orphanet:319558 Mendelian susceptibility to mycobacterial diseases due to complete IL12B deficiency (EFO)[scr:900]; EFO:0000676 psoriasis (EFO)[scr:180]; H00089 IFN-gamma/IL-12 axis (KEGG)[scr:92],DB05459 Briakinumab[scr:9999999]; DB05679 Ustekinumab[scr:5365]; DB14004 Tildrakizumab[scr:2385]; DB05848 humanized SMART Anti-IL-12 Antibody[scr:1192]; DB02763 5-Mercapto-2-Nitro-Benzoic Acid[scr:596]; DB06083 Tapinarof[scr:298]; DB14762 Risankizumab[scr:0],,
IL23A (Q9NPF7),IL12B (P29460); PEX19 (P40855),R-HSA-9020933 Interleukin-23 signaling[scr:7142]; R-HSA-6785807 Interleukin-4 and Interleukin-13 signaling[scr:1303]; hsa04625 C-type lectin receptor signaling pathway[scr:140]; hsa04630 JAK-STAT signaling pathway[scr:94]; hsa04060 Cytokine-cytokine receptor interaction[scr:52]; hsa04659 Th17 cell differentiation[scr:16],,,DB05459 Briakinumab[scr:9999999]; DB05679 Ustekinumab[scr:5365]; DB14004 Tildrakizumab[scr:2385]; DB11834 Guselkumab[scr:1192]; DB14762 Risankizumab[scr:0],,
IL12A (P29459),IL12B (P29460),R-HSA-9020591 Interleukin-12 signaling[scr:6428]; R-HSA-6783783 Interleukin-10 signaling[scr:1428]; R-HSA-8984722 Interleukin-35 Signalling[scr:1339]; R-HSA-6785807 Interleukin-4 and Interleukin-13 signaling[scr:1303]; hsa04625 C-type lectin receptor signaling pathway[scr:140]; hsa04622 RIG-I-like receptor signaling pathway[scr:98]; hsa04630 JAK-STAT signaling pathway[scr:94]; hsa04658 Th1 and Th2 cell differentiation[scr:75]; hsa04620 Toll-like receptor signaling pathway[scr:65]; hsa04060 Cytokine-cytokine receptor interaction[scr:52],HP:0410134 Physical urticaria[scr:118]; HP:0011971 Dermatographic urticaria[scr:118]; HP:0100758 Gangrene[scr:86]; HP:0004306 Abnormal endocardium morphology[scr:81]; HP:0002105 Hemoptysis[scr:77]; HP:0032016 Abnormal sputum[scr:77],,,,
PEX19 (P40855),IL23A (Q9NPF7),R-HSA-1369062 ABC transporters in lipid homeostasis[scr:893]; R-HSA-9603798 Class I peroxisomal membrane protein import[scr:0]; hsa04146 Peroxisome[scr:21],HP:0003455 Elevated circulating long chain fatty acid concentration[scr:212]; HP:0000267 Cranial asymmetry[scr:76]; HP:0001088 Brushfield spots[scr:76],Orphanet:912 Zellweger syndrome (EFO)[scr:75]; H01342 Zellweger syndrome (KEGG)[scr:76]; H00205 Peroxisome biogenesis disorder (KEGG)[scr:71],,,
