Core Proteins,Interacting Proteins,Pathways,HPO terms,Diseases,Targeting Drugs,Experimental Bioactive Compounds (pChEMBL),Predicted interacting Compounds
ADRB2 (P07550),ADRB2 (P07550); ADORA1 (P30542); MAGI3 (Q5TCQ9); CNR1 (P21554); MGLL (Q99685); MBP (P02686); SLC9A3R1 (O14745); ARRDC3 (Q96B67); PRNP (P04156),R-HSA-390696 Adrenoceptors[scr:2381]; R-HSA-418555 G alpha (s) signalling events[scr:145]; hsa04923 Regulation of lipolysis in adipocytes[scr:163]; hsa04924 Renin secretion[scr:67]; hsa04080 Neuroactive ligand-receptor interaction[scr:42]; hsa04022 cGMP-PKG signaling pathway[scr:30]; hsa04970 Salivary secretion[scr:24]; hsa04024 cAMP signaling pathway[scr:23]; hsa04261 Adrenergic signaling in cardiomyocytes[scr:15],,,DB00521 Carteolol[scr:9999999]; DB04861 Nebivolol[scr:795]; DB01214 Metipranolol[scr:795]; DB00335 Atenolol[scr:795]; DB09013 Befunolol[scr:795]; DB01291 Pirbuterol[scr:795]; DB00264 Metoprolol[scr:795]; DB01210 Levobunolol[scr:795]; DB00221 Isoetharine[scr:795]; DB01203 Nadolol[scr:795],,CHEMBL2235517 [scr:130.5]; CHEMBL1567522 [scr:130.5]; CHEMBL3194932 [scr:97.88]; CHEMBL3212531 [scr:97.88]; CHEMBL1393726 [scr:97.88]; CHEMBL3198465 [scr:97.88]; CHEMBL3189881 [scr:97.88]; CHEMBL3086012 [scr:97.88]; CHEMBL1511963 [scr:97.88]; CHEMBL3644600 [scr:97.88]
ADRB1 (P08588),ADORA1 (P30542); MAGI3 (Q5TCQ9); MAGI2 (Q86UL8); DRD4 (P21917),R-HSA-390696 Adrenoceptors[scr:2381]; R-HSA-418555 G alpha (s) signalling events[scr:145]; hsa04923 Regulation of lipolysis in adipocytes[scr:163]; hsa04924 Renin secretion[scr:67]; hsa04080 Neuroactive ligand-receptor interaction[scr:42]; hsa04022 cGMP-PKG signaling pathway[scr:30]; hsa04970 Salivary secretion[scr:24]; hsa04024 cAMP signaling pathway[scr:23]; hsa04261 Adrenergic signaling in cardiomyocytes[scr:15],,,DB00521 Carteolol[scr:9999999]; DB04861 Nebivolol[scr:795]; DB01214 Metipranolol[scr:795]; DB00335 Atenolol[scr:795]; DB09013 Befunolol[scr:795]; DB01291 Pirbuterol[scr:795]; DB00264 Metoprolol[scr:795]; DB01210 Levobunolol[scr:795]; DB00221 Isoetharine[scr:795]; DB01203 Nadolol[scr:795],,CHEMBL2235517 [scr:130.5]; CHEMBL1567522 [scr:130.5]; CHEMBL3194932 [scr:97.88]; CHEMBL3212531 [scr:97.88]; CHEMBL1393726 [scr:97.88]; CHEMBL3198465 [scr:97.88]; CHEMBL3189881 [scr:97.88]; CHEMBL3086012 [scr:97.88]; CHEMBL1511963 [scr:97.88]; CHEMBL3644600 [scr:97.88]
ADORA1 (P30542),ADRB2 (P07550); ADRB1 (P08588),R-HSA-417973 Adenosine P1 receptors[scr:1339]; R-HSA-418594 G alpha (i) signalling events[scr:183]; hsa04923 Regulation of lipolysis in adipocytes[scr:163]; hsa04924 Renin secretion[scr:67]; hsa04080 Neuroactive ligand-receptor interaction[scr:42]; hsa04022 cGMP-PKG signaling pathway[scr:30]; hsa04024 cAMP signaling pathway[scr:23],,,,,
MAGI3 (Q5TCQ9),ADRB2 (P07550); ADRB1 (P08588),hsa04015 Rap1 signaling pathway[scr:24],,,,,
CNR1 (P21554),ADRB2 (P07550); CNR1 (P21554),R-HSA-373076 Class A/1 (Rhodopsin-like receptors)[scr:282]; R-HSA-418594 G alpha (i) signalling events[scr:183]; hsa04080 Neuroactive ligand-receptor interaction[scr:42]; hsa04015 Rap1 signaling pathway[scr:24]; hsa04723 Retrograde endocannabinoid signaling[scr:15],,EFO:0001073 obesity (EFO)[scr:30]; Orphanet:71529 Obesity due to melanocortin 4 receptor deficiency (EFO)[scr:30]; Orphanet:77828 Genetic obesity (EFO)[scr:30],,,
MGLL (Q99685),ADRB2 (P07550),R-HSA-426048 Arachidonate production from DAG[scr:1071]; R-HSA-1482883 Acyl chain remodeling of DAG and TAG[scr:670]; R-HSA-163560 Triglyceride catabolism[scr:223]; hsa04923 Regulation of lipolysis in adipocytes[scr:163]; hsa04723 Retrograde endocannabinoid signaling[scr:15],,,,,
MAGI2 (Q86UL8),ADRB1 (P08588),R-HSA-373753 Nephrin family interactions[scr:233]; hsa04015 Rap1 signaling pathway[scr:24],,Orphanet:656 Familial idiopathic steroid-resistant nephrotic syndrome (EFO)[scr:15],,,
DRD4 (P21917),ADRB1 (P08588); DRD4 (P21917),R-HSA-390651 Dopamine receptors[scr:1071]; R-HSA-418594 G alpha (i) signalling events[scr:183]; hsa04080 Neuroactive ligand-receptor interaction[scr:42],,H01671 Neurosis (KEGG)[scr:306]; H01895 Attention deficit hyperactivity disorder (ADHD) (KEGG)[scr:102]; H01450 Obsessive-compulsive disorder (KEGG)[scr:44],,,CHEMBL2235517 [scr:130.5]; CHEMBL1567522 [scr:130.5]; CHEMBL3194932 [scr:97.88]; CHEMBL3212531 [scr:97.88]; CHEMBL1393726 [scr:97.88]; CHEMBL3198465 [scr:97.88]; CHEMBL3189881 [scr:97.88]; CHEMBL3086012 [scr:97.88]; CHEMBL1511963 [scr:97.88]; CHEMBL3644600 [scr:97.88]
MBP (P02686),ADRB2 (P07550),,,,,,
SLC9A3R1 (O14745),ADRB2 (P07550),,,Orphanet:244305 Dominant hypophosphatemia with nephrolithiasis or osteoporosis (EFO)[scr:150]; H00888 Nephrolithiasis/osteoporosis- hypophosphatemic (KEGG)[scr:153],,,
ARRDC3 (Q96B67),ADRB2 (P07550),,,,,,
PRNP (P04156),ADRB2 (P07550); PRNP (P04156),hsa04216 Ferroptosis[scr:14],HP:0040201 Simultanapraxia[scr:353]; HP:0011176 EEG with constitutional variants[scr:353]; HP:0010542 Vestibular nystagmus[scr:353]; HP:0100292 Amyloidosis of peripheral nerves[scr:353]; HP:0040200 Motor impersistence[scr:353]; HP:0010846 EEG with persistent abnormal rhythmic activity[scr:353]; HP:0007017 Progressive forgetfulness[scr:176]; HP:0040264 Jaw pain[scr:176]; HP:0011099 Spastic hemiparesis[scr:176]; HP:0025152 Poor visual behavior for age[scr:176],EFO:0004720 prion disease (EFO)[scr:300]; Orphanet:157941 Huntington disease-like 1 (EFO)[scr:300]; Orphanet:282166 Inherited Creutzfeldt-Jakob disease (EFO)[scr:300]; Orphanet:356 Gerstmann-Straussler-Scheinker syndrome (EFO)[scr:300]; Orphanet:466 Fatal familial insomnia (EFO)[scr:300]; H00061 Prion disease (KEGG)[scr:306]; H01243 Huntington disease-like syndrome (KEGG)[scr:102],,,
