Core Proteins,Interacting Proteins,Pathways,HPO terms,Diseases,Targeting Drugs,Experimental Bioactive Compounds (pChEMBL),Predicted interacting Compounds
OPRM1 (P35372),SMAGP (Q0VAQ4); RPRM (Q9NS64); TEX264 (Q9Y6I9); GJA4 (P35212); EMP3 (P54852); PENK (P01210); PLD3 (Q8IV08); SERP2 (Q8N6R1); SLC38A7 (Q9NVC3); LRRC25 (Q8N386),R-HSA-111885 Opioid Signalling[scr:1648]; R-HSA-9022699 MECP2 regulates neuronal receptors and channels[scr:1163]; R-HSA-375276 Peptide ligand-binding receptors[scr:746]; R-HSA-418594 G alpha (i) signalling events[scr:300]; R-HSA-6785807 Interleukin-4 and Interleukin-13 signaling[scr:178]; R-HSA-202040 G-protein activation[scr:177]; hsa04080 Neuroactive ligand-receptor interaction[scr:25]; hsa04915 Estrogen signaling pathway[scr:4],,H01611 Alcohol dependence (KEGG)[scr:35],DB11691 Naldemedine[scr:9999999]; DB14146 Loxicodegol[scr:1101]; DB06274 Alvimopan[scr:1101]; DB01439 3-Methylthiofentanyl[scr:1101]; DB01571 3-Methylfentanyl[scr:1101]; DB00899 Remifentanil[scr:1101]; DB00854 Levorphanol[scr:1101]; DB00844 Nalbuphine[scr:1101]; DB06230 Nalmefene[scr:1101]; DB00708 Sufentanil[scr:1101],,CHEMBL236057 [scr:25.81]; CHEMBL67010 [scr:24.09]; CHEMBL24291 [scr:20.08]; CHEMBL94168 [scr:20.08]; CHEMBL256163 [scr:19.02]; CHEMBL140101 [scr:19.02]; CHEMBL496295 [scr:19.02]; CHEMBL398854 [scr:19.02]; CHEMBL3349165 [scr:18.07]; CHEMBL134169 [scr:18.07]
OPRD1 (P41143),SMAGP (Q0VAQ4); RPRM (Q9NS64),R-HSA-375276 Peptide ligand-binding receptors[scr:746]; R-HSA-418594 G alpha (i) signalling events[scr:300]; R-HSA-6785807 Interleukin-4 and Interleukin-13 signaling[scr:178]; hsa04080 Neuroactive ligand-receptor interaction[scr:25]; hsa04071 Sphingolipid signaling pathway[scr:4]; hsa04022 cGMP-PKG signaling pathway[scr:3],,H01703 Eating Disorders (KEGG)[scr:56],DB11691 Naldemedine[scr:9999999]; DB14146 Loxicodegol[scr:1101]; DB06274 Alvimopan[scr:1101]; DB01439 3-Methylthiofentanyl[scr:1101]; DB01571 3-Methylfentanyl[scr:1101]; DB00899 Remifentanil[scr:1101]; DB00854 Levorphanol[scr:1101]; DB00844 Nalbuphine[scr:1101]; DB06230 Nalmefene[scr:1101]; DB00708 Sufentanil[scr:1101],,CHEMBL236057 [scr:25.81]; CHEMBL67010 [scr:24.09]; CHEMBL24291 [scr:20.08]; CHEMBL94168 [scr:20.08]; CHEMBL256163 [scr:19.02]; CHEMBL140101 [scr:19.02]; CHEMBL496295 [scr:19.02]; CHEMBL398854 [scr:19.02]; CHEMBL3349165 [scr:18.07]; CHEMBL134169 [scr:18.07]
OPRK1 (P41145),,R-HSA-9022699 MECP2 regulates neuronal receptors and channels[scr:1163]; R-HSA-375276 Peptide ligand-binding receptors[scr:746]; R-HSA-418594 G alpha (i) signalling events[scr:300]; hsa04080 Neuroactive ligand-receptor interaction[scr:25],,,DB11691 Naldemedine[scr:9999999]; DB14146 Loxicodegol[scr:1101]; DB06274 Alvimopan[scr:1101]; DB01439 3-Methylthiofentanyl[scr:1101]; DB01571 3-Methylfentanyl[scr:1101]; DB00899 Remifentanil[scr:1101]; DB00854 Levorphanol[scr:1101]; DB00844 Nalbuphine[scr:1101]; DB06230 Nalmefene[scr:1101]; DB00708 Sufentanil[scr:1101],,CHEMBL236057 [scr:25.81]; CHEMBL67010 [scr:24.09]; CHEMBL24291 [scr:20.08]; CHEMBL94168 [scr:20.08]; CHEMBL256163 [scr:19.02]; CHEMBL140101 [scr:19.02]; CHEMBL496295 [scr:19.02]; CHEMBL398854 [scr:19.02]; CHEMBL3349165 [scr:18.07]; CHEMBL134169 [scr:18.07]
SMAGP (Q0VAQ4),OPRM1 (P35372); OPRD1 (P41143),,,,,,
RPRM (Q9NS64),OPRM1 (P35372); OPRD1 (P41143),hsa04115 p53 signaling pathway[scr:7],,,,,
TEX264 (Q9Y6I9),OPRM1 (P35372),,,,,,
GJA4 (P35212),OPRM1 (P35372),R-HSA-190861 Gap junction assembly[scr:130],,,,,
EMP3 (P54852),OPRM1 (P35372),,,,,,
PENK (P01210),OPRM1 (P35372),R-HSA-375276 Peptide ligand-binding receptors[scr:746]; R-HSA-418594 G alpha (i) signalling events[scr:300]; R-HSA-8957275 Post-translational protein phosphorylation[scr:46]; hsa04080 Neuroactive ligand-receptor interaction[scr:25],,,,,
PLD3 (Q8IV08),OPRM1 (P35372),R-HSA-1483148 Synthesis of PG[scr:618]; R-HSA-2029485 Role of phospholipids in phagocytosis[scr:56]; hsa00565 Ether lipid metabolism[scr:11]; hsa00564 Glycerophospholipid metabolism[scr:5]; hsa01100 Metabolic pathways[scr:0],HP:0002403 Positive Romberg sign[scr:30]; HP:0000514 Slow saccadic eye movements[scr:13]; HP:0003390 Sensory axonal neuropathy[scr:13]; HP:0010831 Impaired proprioception[scr:10]; HP:0002070 Limb ataxia[scr:5]; HP:0000570 Abnormal saccadic eye movements[scr:5]; HP:0003477 Peripheral axonal neuropathy[scr:3]; HP:0001310 Dysmetria[scr:3]; HP:0000764 Peripheral axonal degeneration[scr:2]; HP:0002066 Gait ataxia[scr:2],Orphanet:94145 Autosomal dominant cerebellar ataxia type 1 (EFO)[scr:139]; H00063 Spinocerebellar ataxia (SCA) (KEGG)[scr:9],,,
SERP2 (Q8N6R1),OPRM1 (P35372); SLC38A7 (Q9NVC3),,,,,,
SLC38A7 (Q9NVC3),OPRM1 (P35372); SERP2 (Q8N6R1),,,,,,
LRRC25 (Q8N386),OPRM1 (P35372),,,,,,
