{"options":{"search_start":1613060154,"tax_ids":[9606],"num_of_fn_nodes":10,"num_of_pathways":10,"num_of_phenotypes":10,"num_of_drugs":10,"num_of_diseases":10,"num_of_compounds":10,"chembl_compounds":0,"predictions":1,"reviewed_filter":1,"fn":1,"chembl":1,"search_finish":1613060169,"search_runtime":15},"search":[{"Drug":[{"DB00160":"Alanine"}]}],"nodes":[{"data":{"id":"P21549","display_name":"AGXT","Node_Type":"Protein"}},{"data":{"id":"P24298","display_name":"GPT","Node_Type":"Protein"}},{"data":{"id":"P43007","display_name":"SLC1A4","Node_Type":"Protein"}},{"data":{"id":"P49588","display_name":"AARS1","Node_Type":"Protein"}},{"data":{"id":"P80404","display_name":"ABAT","Node_Type":"Protein"}},{"data":{"id":"Q16719","display_name":"KYNU","Node_Type":"Protein"}},{"data":{"id":"Q5JTZ9","display_name":"AARS2","Node_Type":"Protein"}},{"data":{"id":"Q7Z2H8","display_name":"SLC36A1","Node_Type":"Protein"}},{"data":{"id":"Q8IUZ5","display_name":"PHYKPL","Node_Type":"Protein"}},{"data":{"id":"Q8TD30","display_name":"GPT2","Node_Type":"Protein"}},{"data":{"id":"Q9BYV1","display_name":"AGXT2","Node_Type":"Protein"}},{"data":{"id":"Q9UHI5","display_name":"SLC7A8","Node_Type":"Protein"}},{"data":{"id":"Q9Y697","display_name":"NFS1","Node_Type":"Protein"}},{"data":{"id":"Q9NVL1","display_name":"FAM86C1","Node_Type":"Protein_N"}},{"data":{"id":"A1KXE4","display_name":"FAM168B","Node_Type":"Protein_N"}},{"data":{"id":"P78356","display_name":"PIP4K2B","Node_Type":"Protein_N"}},{"data":{"id":"Q15257","display_name":"PTPA","Node_Type":"Protein_N"}},{"data":{"id":"Q9NRZ5","display_name":"AGPAT4","Node_Type":"Protein_N"}},{"data":{"id":"O15496","display_name":"PLA2G10","Node_Type":"Protein_N"}},{"data":{"id":"P49356","display_name":"FNTB","Node_Type":"Protein_N"}},{"data":{"id":"P08195","display_name":"SLC3A2","Node_Type":"Protein_N"}},{"data":{"id":"Q9Y548","display_name":"YIPF1","Node_Type":"Protein_N"}},{"data":{"id":"Q9BYR8","display_name":"KRTAP3-1","Node_Type":"Protein_N"}},{"data":{"id":"Orphanet:2066","display_name":"Gamma-aminobutyric acid transaminase deficiency","Node_Type":"Disease","enrichScore":156.565}},{"data":{"id":"Orphanet:228174","display_name":"Autosomal dominant Charcot-Marie-Tooth disease type 2N","Node_Type":"Disease","enrichScore":156.565}},{"data":{"id":"Orphanet:319504","display_name":"Combined oxidative phosphorylation defect type 8","Node_Type":"Disease","enrichScore":156.565}},{"data":{"id":"Orphanet:79155","display_name":"Encephalopathy due to hydroxykynureninuria","Node_Type":"Disease","enrichScore":156.565}},{"data":{"id":"Orphanet:93598","display_name":"Primary hyperoxaluria type 1","Node_Type":"Disease","enrichScore":156.565}},{"data":{"id":"Orphanet:416","display_name":"Primary hyperoxaluria","Node_Type":"Disease","enrichScore":52.188}},{"data":{"id":"Orphanet:88616","display_name":"Autosomal recessive non-syndromic intellectual disability","Node_Type":"Disease","enrichScore":4.893}},{"data":{"id":"Orphanet:1934","display_name":"Early infantile epileptic encephalopathy","Node_Type":"Disease","enrichScore":3.131}},{"data":{"id":"MONDO:0014008","display_name":"phosphohydroxylysinuria","Node_Type":"Disease","enrichScore":0}},{"data":{"id":"MONDO:0014725","display_name":"spastic tetraplegia-thin corpus callosum-progressive postnatal microcephaly syndrome","Node_Type":"Disease","enrichScore":0}},{"data":{"id":"DB00160","display_name":"Alanine","Node_Type":"Drug","enrichScore":9999999}},{"data":{"id":"DB00780","display_name":"Phenelzine","Node_Type":"Drug","enrichScore":311.022}},{"data":{"id":"DB00114","display_name":"Pyridoxal phosphate","Node_Type":"Drug","enrichScore":250.382}},{"data":{"id":"DB01699","display_name":"(4e)-4-Aminohex-4-Enoic Acid","Node_Type":"Drug","enrichScore":207.348}},{"data":{"id":"DB13893","display_name":"Crotalus adamanteus antivenin","Node_Type":"Drug","enrichScore":207.348}},{"data":{"id":"DB08060","display_name":"4-(2-AMINOPHENYL)-4-OXOBUTANOIC ACID","Node_Type":"Drug","enrichScore":207.348}},{"data":{"id":"DB07069","display_name":"m-Hydroxyhippuric acid","Node_Type":"Drug","enrichScore":207.348}},{"data":{"id":"DB04235","display_name":"4-Amino Hexanoic Acid","Node_Type":"Drug","enrichScore":207.348}},{"data":{"id":"DB02079","display_name":"Aminooxyacetic acid","Node_Type":"Drug","enrichScore":207.348}},{"data":{"id":"DB04960","display_name":"Tipifarnib","Node_Type":"Drug","enrichScore":207.348}},{"data":{"id":"R-HSA-5660862","display_name":"Defective SLC7A7 causes lysinuric protein intolerance (LPI)","Node_Type":"Pathway","enrichScore":2794.565}},{"data":{"id":"R-HSA-428559","display_name":"Proton-coupled neutral amino acid transporters","Node_Type":"Pathway","enrichScore":1397.283}},{"data":{"id":"R-HSA-916853","display_name":"Degradation of GABA","Node_Type":"Pathway","enrichScore":1397.283}},{"data":{"id":"R-HSA-352230","display_name":"Amino acid transport across the plasma membrane","Node_Type":"Pathway","enrichScore":1354.941}},{"data":{"id":"R-HSA-71240","display_name":"Tryptophan catabolism","Node_Type":"Pathway","enrichScore":798.447}},{"data":{"id":"R-HSA-8847453","display_name":"Synthesis of PIPs in the nucleus","Node_Type":"Pathway","enrichScore":698.641}},{"data":{"id":"R-HSA-210991","display_name":"Basigin interactions","Node_Type":"Pathway","enrichScore":447.13}},{"data":{"id":"R-HSA-947581","display_name":"Molybdenum cofactor biosynthesis","Node_Type":"Pathway","enrichScore":399.224}},{"data":{"id":"R-HSA-389661","display_name":"Glyoxylate metabolism and glycine degradation","Node_Type":"Pathway","enrichScore":385.457}},{"data":{"id":"R-HSA-6811555","display_name":"PI5P Regulates TP53 Acetylation","Node_Type":"Pathway","enrichScore":310.507}},{"data":{"id":"HP:0030507","display_name":"Retinal crystals","Node_Type":"HPO","enrichScore":183.957}},{"data":{"id":"HP:0004365","display_name":"Abnormal circulating tryptophan concentration","Node_Type":"HPO","enrichScore":183.957}},{"data":{"id":"HP:0025520","display_name":"Calcinosis cutis","Node_Type":"HPO","enrichScore":91.978}},{"data":{"id":"HP:0007030","display_name":"Nonprogressive encephalopathy","Node_Type":"HPO","enrichScore":61.319}},{"data":{"id":"HP:0025430","display_name":"High-pitched cry","Node_Type":"HPO","enrichScore":61.319}},{"data":{"id":"HP:0025324","display_name":"Arterial occlusion","Node_Type":"HPO","enrichScore":61.319}},{"data":{"id":"HP:0003159","display_name":"Hyperoxaluria","Node_Type":"HPO","enrichScore":36.791}},{"data":{"id":"HP:0011470","display_name":"Nasogastric tube feeding in infancy","Node_Type":"HPO","enrichScore":30.659}},{"data":{"id":"HP:0006980","display_name":"Progressive leukoencephalopathy","Node_Type":"HPO","enrichScore":26.28}},{"data":{"id":"HP:0003761","display_name":"Calcinosis","Node_Type":"HPO","enrichScore":20.44}},{"data":{"id":"hsa00250","display_name":"Alanine, aspartate and glutamate metabolism","Node_Type":"kegg_Pathway","enrichScore":206.461}},{"data":{"id":"hsa01210","display_name":"2-Oxocarboxylic acid metabolism","Node_Type":"kegg_Pathway","enrichScore":69.954}},{"data":{"id":"hsa00220","display_name":"Arginine biosynthesis","Node_Type":"kegg_Pathway","enrichScore":59.461}},{"data":{"id":"hsa04122","display_name":"Sulfur relay system","Node_Type":"kegg_Pathway","enrichScore":37.163}},{"data":{"id":"hsa00260","display_name":"Glycine, serine and threonine metabolism","Node_Type":"kegg_Pathway","enrichScore":28.315}},{"data":{"id":"hsa04974","display_name":"Protein digestion and absorption","Node_Type":"kegg_Pathway","enrichScore":28.166}},{"data":{"id":"hsa00970","display_name":"Aminoacyl-tRNA biosynthesis","Node_Type":"kegg_Pathway","enrichScore":27.028}},{"data":{"id":"hsa00280","display_name":"Valine, leucine and isoleucine degradation","Node_Type":"kegg_Pathway","enrichScore":24.775}},{"data":{"id":"hsa01100","display_name":"Metabolic pathways","Node_Type":"kegg_Pathway","enrichScore":24.323}},{"data":{"id":"hsa01200","display_name":"Carbon metabolism","Node_Type":"kegg_Pathway","enrichScore":22.87}},{"data":{"id":"H02282","display_name":"Spastic tetraplegia, thin corpus callosum, and progressive microcephaly","Node_Type":"kegg_Disease","enrichScore":159.435}},{"data":{"id":"H01257","display_name":"GABA-transaminase deficiency","Node_Type":"kegg_Disease","enrichScore":159.435}},{"data":{"id":"H01583","display_name":"Hydroxykynureninuria","Node_Type":"kegg_Disease","enrichScore":159.435}},{"data":{"id":"H02200","display_name":"Leukoencephalopathy, progressive, with ovarian failure","Node_Type":"kegg_Disease","enrichScore":159.435}},{"data":{"id":"H00117","display_name":"Primary hyperoxaluria","Node_Type":"kegg_Disease","enrichScore":79.717}},{"data":{"id":"H02087","display_name":"Vertebral, cardiac, renal, and limb defects syndrome","Node_Type":"kegg_Disease","enrichScore":79.717}},{"data":{"id":"H00891","display_name":"Combined oxidative phosphorylation deficiency","Node_Type":"kegg_Disease","enrichScore":4.831}},{"data":{"id":"H00768","display_name":"Autosomal recessive mental retardation","Node_Type":"kegg_Disease","enrichScore":4.196}},{"data":{"id":"H00264","display_name":"Charcot-Marie-Tooth disease","Node_Type":"kegg_Disease","enrichScore":3.254}},{"data":{"id":"H00606","display_name":"Early infantile epileptic encephalopathy","Node_Type":"kegg_Disease","enrichScore":2.702}}],"edges":[{"data":{"source":"P21549","target":"P21549","Edge_Type":"PPI","label":"interacts w\/"}},{"data":{"source":"Q8IUZ5","target":"Q8IUZ5","Edge_Type":"PPI","label":"interacts w\/"}},{"data":{"source":"Q9NVL1","target":"Q16719","Edge_Type":"PPI","label":"interacts w\/"}},{"data":{"source":"A1KXE4","target":"P21549","Edge_Type":"PPI","label":"interacts w\/"}},{"data":{"source":"P78356","target":"Q16719","Edge_Type":"PPI","label":"interacts w\/"}},{"data":{"source":"Q15257","target":"Q5JTZ9","Edge_Type":"PPI","label":"interacts w\/"}},{"data":{"source":"Q9NRZ5","target":"Q9UHI5","Edge_Type":"PPI","label":"interacts w\/"}},{"data":{"source":"O15496","target":"P21549","Edge_Type":"PPI","label":"interacts w\/"}},{"data":{"source":"P49356","target":"P21549","Edge_Type":"PPI","label":"interacts w\/"}},{"data":{"source":"P08195","target":"Q9UHI5","Edge_Type":"PPI","label":"interacts w\/"}},{"data":{"source":"Q9Y548","target":"Q9UHI5","Edge_Type":"PPI","label":"interacts w\/"}},{"data":{"source":"Q9BYR8","target":"P21549","Edge_Type":"PPI","label":"interacts w\/"}},{"data":{"source":"HP:0030507","target":"Orphanet:93598","Edge_Type":"hpodis","label":"is associated w\/"}},{"data":{"source":"HP:0004365","target":"Orphanet:79155","Edge_Type":"hpodis","label":"is associated w\/"}},{"data":{"source":"HP:0025520","target":"Orphanet:93598","Edge_Type":"hpodis","label":"is associated w\/"}},{"data":{"source":"HP:0007030","target":"Orphanet:79155","Edge_Type":"hpodis","label":"is associated w\/"}},{"data":{"source":"HP:0025430","target":"Orphanet:2066","Edge_Type":"hpodis","label":"is associated w\/"}},{"data":{"source":"HP:0025324","target":"Orphanet:93598","Edge_Type":"hpodis","label":"is associated w\/"}},{"data":{"source":"HP:0003159","target":"Orphanet:93598","Edge_Type":"hpodis","label":"is associated w\/"}},{"data":{"source":"HP:0003159","target":"Orphanet:416","Edge_Type":"hpodis","label":"is associated w\/"}},{"data":{"source":"HP:0003159","target":"Orphanet:93598","Edge_Type":"hpodis","label":"is associated w\/"}},{"data":{"source":"HP:0003159","target":"Orphanet:416","Edge_Type":"hpodis","label":"is associated w\/"}},{"data":{"source":"HP:0003761","target":"Orphanet:93598","Edge_Type":"hpodis","label":"is associated w\/"}},{"data":{"source":"P80404","target":"Orphanet:2066","Edge_Type":"Disease","label":"is related to"}},{"data":{"source":"P49588","target":"Orphanet:228174","Edge_Type":"Disease","label":"is related to"}},{"data":{"source":"Q5JTZ9","target":"Orphanet:319504","Edge_Type":"Disease","label":"is related to"}},{"data":{"source":"Q16719","target":"Orphanet:79155","Edge_Type":"Disease","label":"is related to"}},{"data":{"source":"P21549","target":"Orphanet:93598","Edge_Type":"Disease","label":"is related to"}},{"data":{"source":"P21549","target":"Orphanet:416","Edge_Type":"Disease","label":"is related to"}},{"data":{"source":"Q8TD30","target":"Orphanet:88616","Edge_Type":"Disease","label":"is related to"}},{"data":{"source":"P49588","target":"Orphanet:1934","Edge_Type":"Disease","label":"is related to"}},{"data":{"source":"Q8IUZ5","target":"MONDO:0014008","Edge_Type":"Disease","label":"is related to"}},{"data":{"source":"P43007","target":"MONDO:0014725","Edge_Type":"Disease","label":"is related to"}},{"data":{"source":"P21549","target":"DB00160","Edge_Type":"Drug","label":"targets"}},{"data":{"source":"P80404","target":"DB00160","Edge_Type":"Drug","label":"targets"}},{"data":{"source":"Q16719","target":"DB00160","Edge_Type":"Drug","label":"targets"}},{"data":{"source":"Q5JTZ9","target":"DB00160","Edge_Type":"Drug","label":"targets"}},{"data":{"source":"Q8IUZ5","target":"DB00160","Edge_Type":"Drug","label":"targets"}},{"data":{"source":"Q8TD30","target":"DB00160","Edge_Type":"Drug","label":"targets"}},{"data":{"source":"P24298","target":"DB00160","Edge_Type":"Drug","label":"targets"}},{"data":{"source":"Q9Y697","target":"DB00160","Edge_Type":"Drug","label":"targets"}},{"data":{"source":"Q7Z2H8","target":"DB00160","Edge_Type":"Drug","label":"targets"}},{"data":{"source":"Q9UHI5","target":"DB00160","Edge_Type":"Drug","label":"targets"}},{"data":{"source":"Q9BYV1","target":"DB00160","Edge_Type":"Drug","label":"targets"}},{"data":{"source":"P49588","target":"DB00160","Edge_Type":"Drug","label":"targets"}},{"data":{"source":"P43007","target":"DB00160","Edge_Type":"Drug","label":"targets"}},{"data":{"source":"P80404","target":"DB00780","Edge_Type":"Drug","label":"targets"}},{"data":{"source":"P24298","target":"DB00780","Edge_Type":"Drug","label":"targets"}},{"data":{"source":"Q8TD30","target":"DB00780","Edge_Type":"Drug","label":"targets"}},{"data":{"source":"Q9BYV1","target":"DB00114","Edge_Type":"Drug","label":"targets"}},{"data":{"source":"Q16719","target":"DB00114","Edge_Type":"Drug","label":"targets"}},{"data":{"source":"Q9Y697","target":"DB00114","Edge_Type":"Drug","label":"targets"}},{"data":{"source":"P80404","target":"DB00114","Edge_Type":"Drug","label":"targets"}},{"data":{"source":"P24298","target":"DB00114","Edge_Type":"Drug","label":"targets"}},{"data":{"source":"P21549","target":"DB00114","Edge_Type":"Drug","label":"targets"}},{"data":{"source":"Q8IUZ5","target":"DB00114","Edge_Type":"Drug","label":"targets"}},{"data":{"source":"Q8TD30","target":"DB00114","Edge_Type":"Drug","label":"targets"}},{"data":{"source":"P80404","target":"DB01699","Edge_Type":"Drug","label":"targets"}},{"data":{"source":"O15496","target":"DB13893","Edge_Type":"Drug","label":"targets"}},{"data":{"source":"P21549","target":"DB08060","Edge_Type":"Drug","label":"targets"}},{"data":{"source":"Q16719","target":"DB07069","Edge_Type":"Drug","label":"targets"}},{"data":{"source":"P80404","target":"DB04235","Edge_Type":"Drug","label":"targets"}},{"data":{"source":"P21549","target":"DB02079","Edge_Type":"Drug","label":"targets"}},{"data":{"source":"P49356","target":"DB04960","Edge_Type":"Drug","label":"targets"}},{"data":{"source":"P08195","target":"R-HSA-5660862","Edge_Type":"Pathway","label":"is involved in"}},{"data":{"source":"Q7Z2H8","target":"R-HSA-428559","Edge_Type":"Pathway","label":"is involved in"}},{"data":{"source":"P80404","target":"R-HSA-916853","Edge_Type":"Pathway","label":"is involved in"}},{"data":{"source":"P43007","target":"R-HSA-352230","Edge_Type":"Pathway","label":"is involved in"}},{"data":{"source":"Q7Z2H8","target":"R-HSA-352230","Edge_Type":"Pathway","label":"is involved in"}},{"data":{"source":"Q9UHI5","target":"R-HSA-352230","Edge_Type":"Pathway","label":"is involved in"}},{"data":{"source":"P08195","target":"R-HSA-352230","Edge_Type":"Pathway","label":"is involved in"}},{"data":{"source":"Q16719","target":"R-HSA-71240","Edge_Type":"Pathway","label":"is involved in"}},{"data":{"source":"P08195","target":"R-HSA-71240","Edge_Type":"Pathway","label":"is involved in"}},{"data":{"source":"P78356","target":"R-HSA-8847453","Edge_Type":"Pathway","label":"is involved in"}},{"data":{"source":"Q9UHI5","target":"R-HSA-210991","Edge_Type":"Pathway","label":"is involved in"}},{"data":{"source":"P08195","target":"R-HSA-210991","Edge_Type":"Pathway","label":"is involved in"}},{"data":{"source":"Q9Y697","target":"R-HSA-947581","Edge_Type":"Pathway","label":"is involved in"}},{"data":{"source":"P21549","target":"R-HSA-389661","Edge_Type":"Pathway","label":"is involved in"}},{"data":{"source":"Q9BYV1","target":"R-HSA-389661","Edge_Type":"Pathway","label":"is involved in"}},{"data":{"source":"P78356","target":"R-HSA-6811555","Edge_Type":"Pathway","label":"is involved in"}},{"data":{"source":"P21549","target":"HP:0030507","Edge_Type":"HPO","label":"is associated w\/"}},{"data":{"source":"Q16719","target":"HP:0004365","Edge_Type":"HPO","label":"is associated w\/"}},{"data":{"source":"P21549","target":"HP:0025520","Edge_Type":"HPO","label":"is associated w\/"}},{"data":{"source":"Q16719","target":"HP:0007030","Edge_Type":"HPO","label":"is associated w\/"}},{"data":{"source":"P80404","target":"HP:0025430","Edge_Type":"HPO","label":"is associated w\/"}},{"data":{"source":"P21549","target":"HP:0025324","Edge_Type":"HPO","label":"is associated w\/"}},{"data":{"source":"P21549","target":"HP:0003159","Edge_Type":"HPO","label":"is associated w\/"}},{"data":{"source":"Q8TD30","target":"HP:0011470","Edge_Type":"HPO","label":"is associated w\/"}},{"data":{"source":"Q5JTZ9","target":"HP:0006980","Edge_Type":"HPO","label":"is associated w\/"}},{"data":{"source":"P21549","target":"HP:0003761","Edge_Type":"HPO","label":"is associated w\/"}},{"data":{"source":"H01257","target":"hsa00250","Edge_Type":"kegg_dis_path","label":"modulates"}},{"data":{"source":"H00117","target":"hsa00260","Edge_Type":"kegg_dis_path","label":"modulates"}},{"data":{"source":"H00264","target":"hsa00970","Edge_Type":"kegg_dis_path","label":"modulates"}},{"data":{"source":"P21549","target":"hsa00250","Edge_Type":"kegg_path_prot","label":"is involved in"}},{"data":{"source":"P24298","target":"hsa00250","Edge_Type":"kegg_path_prot","label":"is involved in"}},{"data":{"source":"P80404","target":"hsa00250","Edge_Type":"kegg_path_prot","label":"is involved in"}},{"data":{"source":"Q8TD30","target":"hsa00250","Edge_Type":"kegg_path_prot","label":"is involved in"}},{"data":{"source":"Q9BYV1","target":"hsa00250","Edge_Type":"kegg_path_prot","label":"is involved in"}},{"data":{"source":"P24298","target":"hsa01210","Edge_Type":"kegg_path_prot","label":"is involved in"}},{"data":{"source":"Q8TD30","target":"hsa01210","Edge_Type":"kegg_path_prot","label":"is involved in"}},{"data":{"source":"P24298","target":"hsa00220","Edge_Type":"kegg_path_prot","label":"is involved in"}},{"data":{"source":"Q8TD30","target":"hsa00220","Edge_Type":"kegg_path_prot","label":"is involved in"}},{"data":{"source":"Q9Y697","target":"hsa04122","Edge_Type":"kegg_path_prot","label":"is involved in"}},{"data":{"source":"P21549","target":"hsa00260","Edge_Type":"kegg_path_prot","label":"is involved in"}},{"data":{"source":"Q9BYV1","target":"hsa00260","Edge_Type":"kegg_path_prot","label":"is involved in"}},{"data":{"source":"Q7Z2H8","target":"hsa04974","Edge_Type":"kegg_path_prot","label":"is involved in"}},{"data":{"source":"Q9UHI5","target":"hsa04974","Edge_Type":"kegg_path_prot","label":"is involved in"}},{"data":{"source":"P08195","target":"hsa04974","Edge_Type":"kegg_path_prot","label":"is involved in"}},{"data":{"source":"P49588","target":"hsa00970","Edge_Type":"kegg_path_prot","label":"is involved in"}},{"data":{"source":"Q5JTZ9","target":"hsa00970","Edge_Type":"kegg_path_prot","label":"is involved in"}},{"data":{"source":"P80404","target":"hsa00280","Edge_Type":"kegg_path_prot","label":"is involved in"}},{"data":{"source":"Q9BYV1","target":"hsa00280","Edge_Type":"kegg_path_prot","label":"is involved in"}},{"data":{"source":"P21549","target":"hsa01100","Edge_Type":"kegg_path_prot","label":"is involved in"}},{"data":{"source":"P24298","target":"hsa01100","Edge_Type":"kegg_path_prot","label":"is involved in"}},{"data":{"source":"P80404","target":"hsa01100","Edge_Type":"kegg_path_prot","label":"is involved in"}},{"data":{"source":"Q16719","target":"hsa01100","Edge_Type":"kegg_path_prot","label":"is involved in"}},{"data":{"source":"Q8IUZ5","target":"hsa01100","Edge_Type":"kegg_path_prot","label":"is involved in"}},{"data":{"source":"Q8TD30","target":"hsa01100","Edge_Type":"kegg_path_prot","label":"is involved in"}},{"data":{"source":"Q9BYV1","target":"hsa01100","Edge_Type":"kegg_path_prot","label":"is involved in"}},{"data":{"source":"Q9Y697","target":"hsa01100","Edge_Type":"kegg_path_prot","label":"is involved in"}},{"data":{"source":"P78356","target":"hsa01100","Edge_Type":"kegg_path_prot","label":"is involved in"}},{"data":{"source":"Q9NRZ5","target":"hsa01100","Edge_Type":"kegg_path_prot","label":"is involved in"}},{"data":{"source":"O15496","target":"hsa01100","Edge_Type":"kegg_path_prot","label":"is involved in"}},{"data":{"source":"P21549","target":"hsa01200","Edge_Type":"kegg_path_prot","label":"is involved in"}},{"data":{"source":"P24298","target":"hsa01200","Edge_Type":"kegg_path_prot","label":"is involved in"}},{"data":{"source":"Q8TD30","target":"hsa01200","Edge_Type":"kegg_path_prot","label":"is involved in"}},{"data":{"source":"P43007","target":"H02282","Edge_Type":"kegg_dis_prot","label":"is related to"}},{"data":{"source":"P80404","target":"H01257","Edge_Type":"kegg_dis_prot","label":"is related to"}},{"data":{"source":"Q16719","target":"H01583","Edge_Type":"kegg_dis_prot","label":"is related to"}},{"data":{"source":"Q5JTZ9","target":"H02200","Edge_Type":"kegg_dis_prot","label":"is related to"}},{"data":{"source":"P21549","target":"H00117","Edge_Type":"kegg_dis_prot","label":"is related to"}},{"data":{"source":"Q16719","target":"H02087","Edge_Type":"kegg_dis_prot","label":"is related to"}},{"data":{"source":"Q5JTZ9","target":"H00891","Edge_Type":"kegg_dis_prot","label":"is related to"}},{"data":{"source":"Q8TD30","target":"H00768","Edge_Type":"kegg_dis_prot","label":"is related to"}},{"data":{"source":"P49588","target":"H00264","Edge_Type":"kegg_dis_prot","label":"is related to"}},{"data":{"source":"P49588","target":"H00606","Edge_Type":"kegg_dis_prot","label":"is related to"}}]}