{"options":{"search_start":1613056572,"tax_ids":[9606],"num_of_fn_nodes":10,"num_of_pathways":10,"num_of_phenotypes":10,"num_of_drugs":10,"num_of_diseases":10,"num_of_compounds":10,"chembl_compounds":0,"predictions":1,"reviewed_filter":1,"fn":1,"chembl":1,"search_finish":1613056581,"search_runtime":9},"search":[{"Drug":[{"DB00511":"Acetyldigitoxin"}]}],"nodes":[{"data":{"id":"P05023","display_name":"ATP1A1","Node_Type":"Protein"}},{"data":{"id":"P05026","display_name":"ATP1B1","Node_Type":"Protein_N"}},{"data":{"id":"P13693","display_name":"TPT1","Node_Type":"Protein_N"}},{"data":{"id":"MONDO:0054833","display_name":"charcot-marie-tooth disease, axonal, type 2DD","Node_Type":"Disease","enrichScore":0}},{"data":{"id":"Orphanet:34526","display_name":"Familial primary hypomagnesemia","Node_Type":"Disease","enrichScore":0}},{"data":{"id":"DB00511","display_name":"Acetyldigitoxin","Node_Type":"Drug","enrichScore":9999999}},{"data":{"id":"DB00390","display_name":"Digoxin","Node_Type":"Drug","enrichScore":1589.667}},{"data":{"id":"DB01345","display_name":"Potassium cation","Node_Type":"Drug","enrichScore":1589.667}},{"data":{"id":"DB14515","display_name":"Magnesium lactate","Node_Type":"Drug","enrichScore":1589.667}},{"data":{"id":"DB14514","display_name":"Magnesium levulinate","Node_Type":"Drug","enrichScore":1589.667}},{"data":{"id":"DB14499","display_name":"Potassium sulfate","Node_Type":"Drug","enrichScore":1589.667}},{"data":{"id":"DB14498","display_name":"Potassium acetate","Node_Type":"Drug","enrichScore":1589.667}},{"data":{"id":"DB13996","display_name":"Magnesium acetate","Node_Type":"Drug","enrichScore":1589.667}},{"data":{"id":"DB01430","display_name":"Almitrine","Node_Type":"Drug","enrichScore":1589.667}},{"data":{"id":"DB01378","display_name":"Magnesium cation","Node_Type":"Drug","enrichScore":1589.667}},{"data":{"id":"R-HSA-5578775","display_name":"Ion homeostasis","Node_Type":"Pathway","enrichScore":1587.037}},{"data":{"id":"R-HSA-936837","display_name":"Ion transport by P-type ATPases","Node_Type":"Pathway","enrichScore":1558.182}},{"data":{"id":"R-HSA-210991","display_name":"Basigin interactions","Node_Type":"Pathway","enrichScore":857}},{"data":{"id":"HP:0012169","display_name":"Self-biting","Node_Type":"HPO","enrichScore":1410.333}},{"data":{"id":"HP:0005567","display_name":"Renal magnesium wasting","Node_Type":"HPO","enrichScore":235.056}},{"data":{"id":"HP:0000128","display_name":"Renal potassium wasting","Node_Type":"HPO","enrichScore":235.056}},{"data":{"id":"HP:0012607","display_name":"Abnormal urine magnesium concentration","Node_Type":"HPO","enrichScore":141.033}},{"data":{"id":"HP:0012598","display_name":"Abnormal urine potassium concentration","Node_Type":"HPO","enrichScore":108.487}},{"data":{"id":"HP:0002917","display_name":"Hypomagnesemia","Node_Type":"HPO","enrichScore":64.106}},{"data":{"id":"HP:0004921","display_name":"Abnormal magnesium concentration","Node_Type":"HPO","enrichScore":56.413}},{"data":{"id":"HP:0000103","display_name":"Polyuria","Node_Type":"HPO","enrichScore":47.011}},{"data":{"id":"HP:0003376","display_name":"Steppage gait","Node_Type":"HPO","enrichScore":32.798}},{"data":{"id":"HP:0012590","display_name":"Abnormal urine output","Node_Type":"HPO","enrichScore":29.382}},{"data":{"id":"hsa04964","display_name":"Proximal tubule bicarbonate reclamation","Node_Type":"kegg_Pathway","enrichScore":396.406}},{"data":{"id":"hsa04960","display_name":"Aldosterone-regulated sodium reabsorption","Node_Type":"kegg_Pathway","enrichScore":246.414}},{"data":{"id":"hsa04973","display_name":"Carbohydrate digestion and absorption","Node_Type":"kegg_Pathway","enrichScore":193.986}},{"data":{"id":"hsa04961","display_name":"Endocrine and other factor-regulated calcium reabsorption","Node_Type":"kegg_Pathway","enrichScore":168.84}},{"data":{"id":"hsa04978","display_name":"Mineral absorption","Node_Type":"kegg_Pathway","enrichScore":157.195}},{"data":{"id":"hsa04976","display_name":"Bile secretion","Node_Type":"kegg_Pathway","enrichScore":124.895}},{"data":{"id":"hsa04918","display_name":"Thyroid hormone synthesis","Node_Type":"kegg_Pathway","enrichScore":121.564}},{"data":{"id":"hsa04971","display_name":"Gastric acid secretion","Node_Type":"kegg_Pathway","enrichScore":109.847}},{"data":{"id":"hsa04260","display_name":"Cardiac muscle contraction","Node_Type":"kegg_Pathway","enrichScore":106.016}},{"data":{"id":"hsa04911","display_name":"Insulin secretion","Node_Type":"kegg_Pathway","enrichScore":104.797}},{"data":{"id":"H01603","display_name":"Primary aldosteronism","Node_Type":"kegg_Disease","enrichScore":203.722}}],"edges":[{"data":{"source":"P05026","target":"P05023","Edge_Type":"PPI","label":"interacts w\/"}},{"data":{"source":"P13693","target":"P05023","Edge_Type":"PPI","label":"interacts w\/"}},{"data":{"source":"HP:0012169","target":"Orphanet:34526","Edge_Type":"hpodis","label":"is associated w\/"}},{"data":{"source":"HP:0005567","target":"Orphanet:34526","Edge_Type":"hpodis","label":"is associated w\/"}},{"data":{"source":"HP:0000128","target":"Orphanet:34526","Edge_Type":"hpodis","label":"is associated w\/"}},{"data":{"source":"HP:0012607","target":"Orphanet:34526","Edge_Type":"hpodis","label":"is associated w\/"}},{"data":{"source":"HP:0012598","target":"Orphanet:34526","Edge_Type":"hpodis","label":"is associated w\/"}},{"data":{"source":"HP:0002917","target":"Orphanet:34526","Edge_Type":"hpodis","label":"is associated w\/"}},{"data":{"source":"HP:0004921","target":"Orphanet:34526","Edge_Type":"hpodis","label":"is associated w\/"}},{"data":{"source":"HP:0000103","target":"Orphanet:34526","Edge_Type":"hpodis","label":"is associated w\/"}},{"data":{"source":"HP:0003376","target":"MONDO:0054833","Edge_Type":"hpodis","label":"is associated w\/"}},{"data":{"source":"HP:0012590","target":"Orphanet:34526","Edge_Type":"hpodis","label":"is associated w\/"}},{"data":{"source":"P05023","target":"MONDO:0054833","Edge_Type":"Disease","label":"is related to"}},{"data":{"source":"P05023","target":"Orphanet:34526","Edge_Type":"Disease","label":"is related to"}},{"data":{"source":"P05023","target":"DB00511","Edge_Type":"Drug","label":"targets"}},{"data":{"source":"P05023","target":"DB00390","Edge_Type":"Drug","label":"targets"}},{"data":{"source":"P05023","target":"DB01345","Edge_Type":"Drug","label":"targets"}},{"data":{"source":"P05023","target":"DB14515","Edge_Type":"Drug","label":"targets"}},{"data":{"source":"P05023","target":"DB14514","Edge_Type":"Drug","label":"targets"}},{"data":{"source":"P05023","target":"DB14499","Edge_Type":"Drug","label":"targets"}},{"data":{"source":"P05023","target":"DB14498","Edge_Type":"Drug","label":"targets"}},{"data":{"source":"P05023","target":"DB13996","Edge_Type":"Drug","label":"targets"}},{"data":{"source":"P05023","target":"DB01430","Edge_Type":"Drug","label":"targets"}},{"data":{"source":"P05023","target":"DB01378","Edge_Type":"Drug","label":"targets"}},{"data":{"source":"P05023","target":"R-HSA-5578775","Edge_Type":"Pathway","label":"is involved in"}},{"data":{"source":"P05026","target":"R-HSA-5578775","Edge_Type":"Pathway","label":"is involved in"}},{"data":{"source":"P05023","target":"R-HSA-936837","Edge_Type":"Pathway","label":"is involved in"}},{"data":{"source":"P05026","target":"R-HSA-936837","Edge_Type":"Pathway","label":"is involved in"}},{"data":{"source":"P05026","target":"R-HSA-210991","Edge_Type":"Pathway","label":"is involved in"}},{"data":{"source":"P05023","target":"HP:0012169","Edge_Type":"HPO","label":"is associated w\/"}},{"data":{"source":"P05023","target":"HP:0005567","Edge_Type":"HPO","label":"is associated w\/"}},{"data":{"source":"P05023","target":"HP:0000128","Edge_Type":"HPO","label":"is associated w\/"}},{"data":{"source":"P05023","target":"HP:0012607","Edge_Type":"HPO","label":"is associated w\/"}},{"data":{"source":"P05023","target":"HP:0012598","Edge_Type":"HPO","label":"is associated w\/"}},{"data":{"source":"P05023","target":"HP:0002917","Edge_Type":"HPO","label":"is associated w\/"}},{"data":{"source":"P05023","target":"HP:0004921","Edge_Type":"HPO","label":"is associated w\/"}},{"data":{"source":"P05023","target":"HP:0000103","Edge_Type":"HPO","label":"is associated w\/"}},{"data":{"source":"P05023","target":"HP:0003376","Edge_Type":"HPO","label":"is associated w\/"}},{"data":{"source":"P05023","target":"HP:0012590","Edge_Type":"HPO","label":"is associated w\/"}},{"data":{"source":"P05023","target":"hsa04964","Edge_Type":"kegg_path_prot","label":"is involved in"}},{"data":{"source":"P05026","target":"hsa04964","Edge_Type":"kegg_path_prot","label":"is involved in"}},{"data":{"source":"P05023","target":"hsa04960","Edge_Type":"kegg_path_prot","label":"is involved in"}},{"data":{"source":"P05026","target":"hsa04960","Edge_Type":"kegg_path_prot","label":"is involved in"}},{"data":{"source":"P05023","target":"hsa04973","Edge_Type":"kegg_path_prot","label":"is involved in"}},{"data":{"source":"P05026","target":"hsa04973","Edge_Type":"kegg_path_prot","label":"is involved in"}},{"data":{"source":"P05023","target":"hsa04961","Edge_Type":"kegg_path_prot","label":"is involved in"}},{"data":{"source":"P05026","target":"hsa04961","Edge_Type":"kegg_path_prot","label":"is involved in"}},{"data":{"source":"P05023","target":"hsa04978","Edge_Type":"kegg_path_prot","label":"is involved in"}},{"data":{"source":"P05026","target":"hsa04978","Edge_Type":"kegg_path_prot","label":"is involved in"}},{"data":{"source":"P05023","target":"hsa04976","Edge_Type":"kegg_path_prot","label":"is involved in"}},{"data":{"source":"P05026","target":"hsa04976","Edge_Type":"kegg_path_prot","label":"is involved in"}},{"data":{"source":"P05023","target":"hsa04918","Edge_Type":"kegg_path_prot","label":"is involved in"}},{"data":{"source":"P05026","target":"hsa04918","Edge_Type":"kegg_path_prot","label":"is involved in"}},{"data":{"source":"P05023","target":"hsa04971","Edge_Type":"kegg_path_prot","label":"is involved in"}},{"data":{"source":"P05026","target":"hsa04971","Edge_Type":"kegg_path_prot","label":"is involved in"}},{"data":{"source":"P05023","target":"hsa04260","Edge_Type":"kegg_path_prot","label":"is involved in"}},{"data":{"source":"P05026","target":"hsa04260","Edge_Type":"kegg_path_prot","label":"is involved in"}},{"data":{"source":"P05023","target":"hsa04911","Edge_Type":"kegg_path_prot","label":"is involved in"}},{"data":{"source":"P05026","target":"hsa04911","Edge_Type":"kegg_path_prot","label":"is involved in"}},{"data":{"source":"P05023","target":"H01603","Edge_Type":"kegg_dis_prot","label":"is related to"}}]}