Core Proteins,Interacting Proteins,Pathways,HPO terms,Diseases,Targeting Drugs,Experimental Bioactive Compounds (pChEMBL),Predicted interacting Compounds
MMP1 (P03956),,R-HSA-1592389 Activation of Matrix Metalloproteinases[scr:7333]; R-HSA-1442490 Collagen degradation[scr:2895]; R-HSA-1474228 Degradation of the extracellular matrix[scr:2287]; R-HSA-6785807 Interleukin-4 and Interleukin-13 signaling[scr:1226]; R-HSA-381426 Regulation of Insulin-like Growth Factor (IGF) transport and uptake by Insulin-like Growth Factor Binding Proteins (IGFBPs)[scr:762]; hsa04657 IL-17 signaling pathway[scr:39]; hsa04926 Relaxin signaling pathway[scr:28]; hsa03320 PPAR signaling pathway[scr:5],HP:0005203 Spontaneous esophageal perforation[scr:124],H00028 Choriocarcinoma (KEGG)[scr:96]; H01714 Chronic obstructive pulmonary disease (COPD) (KEGG)[scr:72],DB08403 METHYLAMINO-PHENYLALANYL-LEUCYL-HYDROXAMIC ACID[scr:9999999]; DB00786 Marimastat[scr:439]; DB07926 N-[3-(N'-HYDROXYCARBOXAMIDO)-2-(2-METHYLPROPYL)-PROPANOYL]-O-TYROSINE-N-METHYLAMIDE[scr:281],,
FCER2 (P06734),ATF7 (P17544),R-HSA-6785807 Interleukin-4 and Interleukin-13 signaling[scr:1226]; hsa04640 Hematopoietic cell lineage[scr:4],,,DB08403 METHYLAMINO-PHENYLALANYL-LEUCYL-HYDROXAMIC ACID[scr:9999999],,
MMP2 (P08253),SCUBE3 (Q8IX30); TIMP2 (P16035); PCSK9 (Q8NBP7); COL5A1 (P20908),R-HSA-1592389 Activation of Matrix Metalloproteinases[scr:7333]; R-HSA-1442490 Collagen degradation[scr:2895]; R-HSA-1474228 Degradation of the extracellular matrix[scr:2287]; R-HSA-6785807 Interleukin-4 and Interleukin-13 signaling[scr:1226]; R-HSA-381426 Regulation of Insulin-like Growth Factor (IGF) transport and uptake by Insulin-like Growth Factor Binding Proteins (IGFBPs)[scr:762]; hsa04926 Relaxin signaling pathway[scr:28]; hsa04670 Leukocyte transendothelial migration[scr:14]; hsa04915 Estrogen signaling pathway[scr:11]; hsa04912 GnRH signaling pathway[scr:4],HP:0005441 Sclerotic cranial sutures[scr:249]; HP:0006252 Interphalangeal joint erosions[scr:249]; HP:0008133 Distal tapering of metatarsals[scr:249]; HP:0008078 Thin metatarsal cortices[scr:249]; HP:0006012 Widened metacarpal shaft[scr:249]; HP:0008090 Ankylosis of feet small joints[scr:249],Orphanet:3460 Torg-Winchester syndrome (EFO)[scr:106]; Orphanet:371428 Multicentric osteolysis-nodulosis-arthropathy spectrum (EFO)[scr:106]; Orphanet:85196 Nodulosis-arthropathy-osteolysis syndrome (EFO)[scr:106]; H00472 Torg syndrome (KEGG)[scr:216]; H00028 Choriocarcinoma (KEGG)[scr:96]; H00025 Penile cancer (KEGG)[scr:78],DB08403 METHYLAMINO-PHENYLALANYL-LEUCYL-HYDROXAMIC ACID[scr:9999999]; DB00786 Marimastat[scr:439]; DB05387 AE-941[scr:374],,
MMP3 (P08254),,R-HSA-1592389 Activation of Matrix Metalloproteinases[scr:7333]; R-HSA-1442490 Collagen degradation[scr:2895]; R-HSA-1474228 Degradation of the extracellular matrix[scr:2287]; R-HSA-6785807 Interleukin-4 and Interleukin-13 signaling[scr:1226]; R-HSA-2022090 Assembly of collagen fibrils and other multimeric structures[scr:1186]; hsa04657 IL-17 signaling pathway[scr:39]; hsa04668 TNF signaling pathway[scr:14],,EFO:0001645 coronary heart disease (EFO)[scr:71]; H01742 Coronary artery disease (KEGG)[scr:36],DB08403 METHYLAMINO-PHENYLALANYL-LEUCYL-HYDROXAMIC ACID[scr:9999999]; DB00786 Marimastat[scr:439]; DB07390 2-[3-(5-Mercapto-[1-3-4]thiadiazol-2-yl)-ureido]-N-methyl-3-phenyl-propionamide[scr:281],,CHEMBL552056 [scr:30.71]; CHEMBL484988 [scr:15.35]; CHEMBL379985 [scr:15.35]; CHEMBL375291 [scr:15.35]; CHEMBL373389 [scr:15.35]; CHEMBL544548 [scr:15.35]; CHEMBL372879 [scr:15.35]; CHEMBL374652 [scr:15.35]; CHEMBL550768 [scr:15.35]; CHEMBL370215 [scr:15.35]
MMP7 (P09237),LGALS3 (P17931),R-HSA-1592389 Activation of Matrix Metalloproteinases[scr:7333]; R-HSA-1442490 Collagen degradation[scr:2895]; R-HSA-1474228 Degradation of the extracellular matrix[scr:2287]; R-HSA-2022090 Assembly of collagen fibrils and other multimeric structures[scr:1186],,,DB08403 METHYLAMINO-PHENYLALANYL-LEUCYL-HYDROXAMIC ACID[scr:9999999]; DB00786 Marimastat[scr:439],,
MMP9 (P14780),MMP9 (P14780); SCUBE3 (Q8IX30); MEP1A (Q16819); MEP1B (Q16820); VCAN (P13611); TIMP1 (P01033),R-HSA-1592389 Activation of Matrix Metalloproteinases[scr:7333]; R-HSA-1442490 Collagen degradation[scr:2895]; R-HSA-1474228 Degradation of the extracellular matrix[scr:2287]; R-HSA-6785807 Interleukin-4 and Interleukin-13 signaling[scr:1226]; R-HSA-2022090 Assembly of collagen fibrils and other multimeric structures[scr:1186]; hsa04657 IL-17 signaling pathway[scr:39]; hsa04926 Relaxin signaling pathway[scr:28]; hsa04670 Leukocyte transendothelial migration[scr:14]; hsa04668 TNF signaling pathway[scr:14]; hsa04915 Estrogen signaling pathway[scr:11],,Orphanet:1040 Metaphyseal anadysplasia (EFO)[scr:106]; EFO:0004994 lumbar disc degeneration (EFO)[scr:35]; H00025 Penile cancer (KEGG)[scr:78]; H00479 Metaphyseal dysplasias (KEGG)[scr:43],DB08403 METHYLAMINO-PHENYLALANYL-LEUCYL-HYDROXAMIC ACID[scr:9999999]; DB00786 Marimastat[scr:439]; DB05387 AE-941[scr:374]; DB05495 PG-530742[scr:281]; DB07117 5-(4-PHENOXYPHENYL)-5-(4-PYRIMIDIN-2-YLPIPERAZIN-1-YL)PYRIMIDINE-2-4-6(2H-3H)-TRIONE[scr:281]; DB07246 (2R)-2-AMINO-3-3-3-TRIFLUORO-N-HYDROXY-2-{[(4-PHENOXYPHENYL)SULFONYL]METHYL}PROPANAMIDE[scr:281]; DB07285 (3R)-4-4-DIFLUORO-3-[(4-METHOXYPHENYL)SULFONYL]BUTANOIC ACID[scr:281],,
MMP8 (P22894),,R-HSA-1592389 Activation of Matrix Metalloproteinases[scr:7333]; R-HSA-1442490 Collagen degradation[scr:2895]; R-HSA-1474228 Degradation of the extracellular matrix[scr:2287],,,DB08403 METHYLAMINO-PHENYLALANYL-LEUCYL-HYDROXAMIC ACID[scr:9999999]; DB00786 Marimastat[scr:439]; DB06971 N-{2-[(4'-CYANO-1-1'-BIPHENYL-4-YL)OXY]ETHYL}-N'-HYDROXY-N-METHYLUREA[scr:281],,
SCUBE3 (Q8IX30),MMP2 (P08253); MMP9 (P14780),R-HSA-1474228 Degradation of the extracellular matrix[scr:2287],,,,,
TIMP2 (P16035),MMP2 (P08253),R-HSA-1592389 Activation of Matrix Metalloproteinases[scr:7333],,,,,
MEP1A (Q16819),MMP9 (P14780),hsa04974 Protein digestion and absorption[scr:38],,,,,
MEP1B (Q16820),MMP9 (P14780); MEP1B (Q16820),hsa04974 Protein digestion and absorption[scr:38],,,,,
VCAN (P13611),MMP9 (P14780),R-HSA-381426 Regulation of Insulin-like Growth Factor (IGF) transport and uptake by Insulin-like Growth Factor Binding Proteins (IGFBPs)[scr:762]; R-HSA-3595177 Defective CHSY1 causes TPBS[scr:473]; R-HSA-3595174 Defective CHST14 causes EDS- musculocontractural type[scr:473],HP:0007643 Peripheral tractional retinal detachment[scr:249],Orphanet:898 Wagner disease (EFO)[scr:212]; H02073 Wagner syndrome (KEGG)[scr:216]; H00805 Vitreoretinal degeneration (KEGG)[scr:31],,,
PCSK9 (Q8NBP7),MMP2 (P08253),R-HSA-381426 Regulation of Insulin-like Growth Factor (IGF) transport and uptake by Insulin-like Growth Factor Binding Proteins (IGFBPs)[scr:762]; hsa04979 Cholesterol metabolism[scr:8],,EFO:0004911 familial hypercholesterolemia (EFO)[scr:42]; H00155 Familial hypercholesterolemia (KEGG)[scr:72],,,
TIMP1 (P01033),MMP9 (P14780); COL5A1 (P20908),R-HSA-1592389 Activation of Matrix Metalloproteinases[scr:7333]; R-HSA-6785807 Interleukin-4 and Interleukin-13 signaling[scr:1226]; R-HSA-381426 Regulation of Insulin-like Growth Factor (IGF) transport and uptake by Insulin-like Growth Factor Binding Proteins (IGFBPs)[scr:762],,,,,
COL5A1 (P20908),MMP2 (P08253); TIMP1 (P01033),R-HSA-1442490 Collagen degradation[scr:2895]; R-HSA-2022090 Assembly of collagen fibrils and other multimeric structures[scr:1186]; hsa04974 Protein digestion and absorption[scr:38],HP:0005100 Premature birth following premature rupture of fetal membranes[scr:249]; HP:0006316 Irregularly spaced teeth[scr:249],Orphanet:90309 Ehlers-Danlos syndrome type 1 (EFO)[scr:106]; Orphanet:287 Ehlers-Danlos syndrome- classic type (EFO)[scr:71]; H00802 Ehlers-Danlos syndrome (KEGG)[scr:72],,,
ATF7 (P17544),FCER2 (P06734),,,,,,
LGALS3 (P17931),MMP7 (P09237),R-HSA-8941333 RUNX2 regulates genes involved in differentiation of myeloid cells[scr:945]; R-HSA-8939246 RUNX1 regulates transcription of genes involved in differentiation of myeloid cells[scr:540],,,,,
