{"options":{"search_start":1613056375,"tax_ids":[9606],"num_of_fn_nodes":10,"num_of_pathways":10,"num_of_phenotypes":10,"num_of_drugs":10,"num_of_diseases":10,"num_of_compounds":10,"chembl_compounds":0,"predictions":1,"reviewed_filter":1,"fn":1,"chembl":1,"search_finish":1613056415,"search_runtime":40},"search":[{"Drug":[{"DB01043":"Memantine"}]}],"nodes":[{"data":{"id":"O00591","display_name":"GABRP","Node_Type":"Protein"}},{"data":{"id":"O14764","display_name":"GABRD","Node_Type":"Protein"}},{"data":{"id":"O15399","display_name":"GRIN2D","Node_Type":"Protein"}},{"data":{"id":"O60391","display_name":"GRIN3B","Node_Type":"Protein"}},{"data":{"id":"O75311","display_name":"GLRA3","Node_Type":"Protein"}},{"data":{"id":"P14416","display_name":"DRD2","Node_Type":"Protein"}},{"data":{"id":"P14867","display_name":"GABRA1","Node_Type":"Protein"}},{"data":{"id":"P18505","display_name":"GABRB1","Node_Type":"Protein"}},{"data":{"id":"P18507","display_name":"GABRG2","Node_Type":"Protein"}},{"data":{"id":"P23415","display_name":"GLRA1","Node_Type":"Protein"}},{"data":{"id":"P23416","display_name":"GLRA2","Node_Type":"Protein"}},{"data":{"id":"P28472","display_name":"GABRB3","Node_Type":"Protein"}},{"data":{"id":"P31644","display_name":"GABRA5","Node_Type":"Protein"}},{"data":{"id":"P34903","display_name":"GABRA3","Node_Type":"Protein"}},{"data":{"id":"P46098","display_name":"HTR3A","Node_Type":"Protein"}},{"data":{"id":"P47869","display_name":"GABRA2","Node_Type":"Protein"}},{"data":{"id":"P47870","display_name":"GABRB2","Node_Type":"Protein"}},{"data":{"id":"P48167","display_name":"GLRB","Node_Type":"Protein"}},{"data":{"id":"P48169","display_name":"GABRA4","Node_Type":"Protein"}},{"data":{"id":"P78334","display_name":"GABRE","Node_Type":"Protein"}},{"data":{"id":"Q05586","display_name":"GRIN1","Node_Type":"Protein"}},{"data":{"id":"Q12879","display_name":"GRIN2A","Node_Type":"Protein"}},{"data":{"id":"Q13224","display_name":"GRIN2B","Node_Type":"Protein"}},{"data":{"id":"Q14957","display_name":"GRIN2C","Node_Type":"Protein"}},{"data":{"id":"Q16445","display_name":"GABRA6","Node_Type":"Protein"}},{"data":{"id":"Q8N1C3","display_name":"GABRG1","Node_Type":"Protein"}},{"data":{"id":"Q8TCU5","display_name":"GRIN3A","Node_Type":"Protein"}},{"data":{"id":"Q99928","display_name":"GABRG3","Node_Type":"Protein"}},{"data":{"id":"Q9UN88","display_name":"GABRQ","Node_Type":"Protein"}},{"data":{"id":"Q14749","display_name":"GNMT","Node_Type":"Protein_N"}},{"data":{"id":"P30989","display_name":"NTSR1","Node_Type":"Protein_N"}},{"data":{"id":"A5X5Y0","display_name":"HTR3E","Node_Type":"Protein_N"}},{"data":{"id":"Q70Z44","display_name":"HTR3D","Node_Type":"Protein_N"}},{"data":{"id":"Q8WXA8","display_name":"HTR3C","Node_Type":"Protein_N"}},{"data":{"id":"P51513","display_name":"NOVA1","Node_Type":"Protein_N"}},{"data":{"id":"P78352","display_name":"DLG4","Node_Type":"Protein_N"}},{"data":{"id":"P21917","display_name":"DRD4","Node_Type":"Protein_N"}},{"data":{"id":"P63096","display_name":"GNAI1","Node_Type":"Protein_N"}},{"data":{"id":"Q9UQM7","display_name":"CAMK2A","Node_Type":"Protein_N"}},{"data":{"id":"Orphanet:64280","display_name":"Childhood absence epilepsy","Node_Type":"Disease","enrichScore":207.75}},{"data":{"id":"Orphanet:3197","display_name":"Hereditary hyperekplexia","Node_Type":"Disease","enrichScore":123.111}},{"data":{"id":"Orphanet:289891","display_name":"Hypermethioninemia due to glycine N-methyltransferase deficiency","Node_Type":"Disease","enrichScore":92.333}},{"data":{"id":"EFO:0009300","display_name":"neurodevelopmental disorder with or without hyperkinetic movements and seizures, autosomal dominant","Node_Type":"Disease","enrichScore":92.333}},{"data":{"id":"EFO:1001010","display_name":"Landau-Kleffner syndrome","Node_Type":"Disease","enrichScore":92.333}},{"data":{"id":"Orphanet:725","display_name":"Continuous spikes and waves during sleep","Node_Type":"Disease","enrichScore":92.333}},{"data":{"id":"Orphanet:1945","display_name":"Rolandic epilepsy","Node_Type":"Disease","enrichScore":92.333}},{"data":{"id":"EFO:0009165","display_name":"mental retardation, autosomal dominant 53","Node_Type":"Disease","enrichScore":92.333}},{"data":{"id":"Orphanet:1934","display_name":"Early infantile epileptic encephalopathy","Node_Type":"Disease","enrichScore":90.487}},{"data":{"id":"EFO:0003829","display_name":"alcohol dependence","Node_Type":"Disease","enrichScore":73.867}},{"data":{"id":"DB01043","display_name":"Memantine","Node_Type":"Drug","enrichScore":9999999}},{"data":{"id":"DB00603","display_name":"Medroxyprogesterone acetate","Node_Type":"Drug","enrichScore":15652.103}},{"data":{"id":"DB00842","display_name":"Oxazepam","Node_Type":"Drug","enrichScore":6590.359}},{"data":{"id":"DB00897","display_name":"Triazolam","Node_Type":"Drug","enrichScore":6260.841}},{"data":{"id":"DB00231","display_name":"Temazepam","Node_Type":"Drug","enrichScore":6260.841}},{"data":{"id":"DB00252","display_name":"Phenytoin","Node_Type":"Drug","enrichScore":6260.841}},{"data":{"id":"DB00829","display_name":"Diazepam","Node_Type":"Drug","enrichScore":5502.692}},{"data":{"id":"DB01588","display_name":"Prazepam","Node_Type":"Drug","enrichScore":5412.59}},{"data":{"id":"DB01215","display_name":"Estazolam","Node_Type":"Drug","enrichScore":5412.59}},{"data":{"id":"DB00801","display_name":"Halazepam","Node_Type":"Drug","enrichScore":5412.59}},{"data":{"id":"R-HSA-977443","display_name":"GABA receptor activation","Node_Type":"Pathway","enrichScore":16951.648}},{"data":{"id":"R-HSA-112314","display_name":"Neurotransmitter receptors and postsynaptic signal transmission","Node_Type":"Pathway","enrichScore":11719.658}},{"data":{"id":"R-HSA-1236394","display_name":"Signaling by ERBB4","Node_Type":"Pathway","enrichScore":9588.811}},{"data":{"id":"R-HSA-9617324","display_name":"Negative regulation of NMDA receptor-mediated neuronal transmission","Node_Type":"Pathway","enrichScore":3845.513}},{"data":{"id":"R-HSA-438066","display_name":"Unblocking of NMDA receptors, glutamate binding and activation","Node_Type":"Pathway","enrichScore":3845.513}},{"data":{"id":"R-HSA-9620244","display_name":"Long-term potentiation","Node_Type":"Pathway","enrichScore":3511.12}},{"data":{"id":"R-HSA-8849932","display_name":"Synaptic adhesion-like molecules","Node_Type":"Pathway","enrichScore":2825.275}},{"data":{"id":"R-HSA-442982","display_name":"Ras activation upon Ca2+ influx through NMDA receptor","Node_Type":"Pathway","enrichScore":2575.12}},{"data":{"id":"R-HSA-390651","display_name":"Dopamine receptors","Node_Type":"Pathway","enrichScore":1318.462}},{"data":{"id":"R-HSA-6794361","display_name":"Neurexins and neuroligins","Node_Type":"Pathway","enrichScore":988.846}},{"data":{"id":"HP:0010848","display_name":"EEG with spike-wave complexes (2.5-3.5 Hz)","Node_Type":"HPO","enrichScore":162.731}},{"data":{"id":"HP:0030218","display_name":"Punding","Node_Type":"HPO","enrichScore":162.731}},{"data":{"id":"HP:0011147","display_name":"Typical absence seizure","Node_Type":"HPO","enrichScore":162.731}},{"data":{"id":"HP:0011150","display_name":"Myoclonic absence seizure","Node_Type":"HPO","enrichScore":139.484}},{"data":{"id":"HP:0007738","display_name":"Uncontrolled eye movements","Node_Type":"HPO","enrichScore":139.484}},{"data":{"id":"HP:0045084","display_name":"Limb myoclonus","Node_Type":"HPO","enrichScore":123.985}},{"data":{"id":"HP:0006961","display_name":"Jerky head movements","Node_Type":"HPO","enrichScore":97.638}},{"data":{"id":"HP:0031469","display_name":"Low self esteem","Node_Type":"HPO","enrichScore":97.638}},{"data":{"id":"HP:0007270","display_name":"Atypical absence seizure","Node_Type":"HPO","enrichScore":91.358}},{"data":{"id":"HP:0011151","display_name":"Atypical absence status epilepticus","Node_Type":"HPO","enrichScore":88.762}},{"data":{"id":"CHEMBL1590956","display_name":"CHEMBL1590956","Node_Type":"Prediction","enrichScore":26.769}},{"data":{"id":"CHEMBL3970994","display_name":"CHEMBL3970994","Node_Type":"Prediction","enrichScore":26.769}},{"data":{"id":"CHEMBL3978854","display_name":"CHEMBL3978854","Node_Type":"Prediction","enrichScore":26.769}},{"data":{"id":"CHEMBL1586139","display_name":"CHEMBL1586139","Node_Type":"Prediction","enrichScore":26.769}},{"data":{"id":"CHEMBL1548136","display_name":"CHEMBL1548136","Node_Type":"Prediction","enrichScore":26.769}},{"data":{"id":"CHEMBL1672185","display_name":"CHEMBL1672185","Node_Type":"Prediction","enrichScore":26.769}},{"data":{"id":"CHEMBL2325073","display_name":"CHEMBL2325073","Node_Type":"Prediction","enrichScore":26.769}},{"data":{"id":"CHEMBL1525696","display_name":"CHEMBL1525696","Node_Type":"Prediction","enrichScore":26.769}},{"data":{"id":"CHEMBL1521201","display_name":"CHEMBL1521201","Node_Type":"Prediction","enrichScore":26.769}},{"data":{"id":"CHEMBL1582193","display_name":"CHEMBL1582193","Node_Type":"Prediction","enrichScore":26.769}},{"data":{"id":"hsa04727","display_name":"GABAergic synapse","Node_Type":"kegg_Pathway","enrichScore":569.341}},{"data":{"id":"hsa04080","display_name":"Neuroactive ligand-receptor interaction","Node_Type":"kegg_Pathway","enrichScore":461.404}},{"data":{"id":"hsa04723","display_name":"Retrograde endocannabinoid signaling","Node_Type":"kegg_Pathway","enrichScore":342.374}},{"data":{"id":"hsa04742","display_name":"Taste transduction","Node_Type":"kegg_Pathway","enrichScore":216.461}},{"data":{"id":"hsa04724","display_name":"Glutamatergic synapse","Node_Type":"kegg_Pathway","enrichScore":124.579}},{"data":{"id":"hsa04726","display_name":"Serotonergic synapse","Node_Type":"kegg_Pathway","enrichScore":98.433}},{"data":{"id":"hsa04720","display_name":"Long-term potentiation","Node_Type":"kegg_Pathway","enrichScore":86.466}},{"data":{"id":"hsa04713","display_name":"Circadian entrainment","Node_Type":"kegg_Pathway","enrichScore":82.609}},{"data":{"id":"hsa04024","display_name":"cAMP signaling pathway","Node_Type":"kegg_Pathway","enrichScore":78.625}},{"data":{"id":"hsa04728","display_name":"Dopaminergic synapse","Node_Type":"kegg_Pathway","enrichScore":45.41}},{"data":{"id":"H00056","display_name":"Alzheimer disease","Node_Type":"kegg_Disease","enrichScore":1000000}},{"data":{"id":"H02215","display_name":"Childhood absence epilepsy","Node_Type":"kegg_Disease","enrichScore":211.558}},{"data":{"id":"H00769","display_name":"Hyperekplexia","Node_Type":"kegg_Disease","enrichScore":94.026}},{"data":{"id":"H01514","display_name":"Landau-Kleffner syndrome","Node_Type":"kegg_Disease","enrichScore":94.026}},{"data":{"id":"H01671","display_name":"Neurosis","Node_Type":"kegg_Disease","enrichScore":94.026}},{"data":{"id":"H02217","display_name":"Juvenile myoclonic epilepsy","Node_Type":"kegg_Disease","enrichScore":62.684}},{"data":{"id":"H00808","display_name":"Idiopathic generalized epilepsies","Node_Type":"kegg_Disease","enrichScore":47.013}},{"data":{"id":"H00783","display_name":"Febrile seizures","Node_Type":"kegg_Disease","enrichScore":47.013}},{"data":{"id":"H01611","display_name":"Alcohol dependence","Node_Type":"kegg_Disease","enrichScore":47.013}},{"data":{"id":"H01827","display_name":"Rolandic epilepsy, mental retardation, and speech dyspraxia","Node_Type":"kegg_Disease","enrichScore":47.013}}],"edges":[{"data":{"source":"P14416","target":"P14416","Edge_Type":"PPI","label":"interacts w\/"}},{"data":{"source":"P28472","target":"P28472","Edge_Type":"PPI","label":"interacts w\/"}},{"data":{"source":"Q14749","target":"Q9UN88","Edge_Type":"PPI","label":"interacts w\/"}},{"data":{"source":"Q14749","target":"Q14749","Edge_Type":"PPI","label":"interacts w\/"}},{"data":{"source":"P30989","target":"P14416","Edge_Type":"PPI","label":"interacts w\/"}},{"data":{"source":"P30989","target":"P30989","Edge_Type":"PPI","label":"interacts w\/"}},{"data":{"source":"A5X5Y0","target":"P46098","Edge_Type":"PPI","label":"interacts w\/"}},{"data":{"source":"Q70Z44","target":"P46098","Edge_Type":"PPI","label":"interacts w\/"}},{"data":{"source":"Q8WXA8","target":"P46098","Edge_Type":"PPI","label":"interacts w\/"}},{"data":{"source":"P51513","target":"P18507","Edge_Type":"PPI","label":"interacts w\/"}},{"data":{"source":"P78352","target":"Q12879","Edge_Type":"PPI","label":"interacts w\/"}},{"data":{"source":"P78352","target":"Q13224","Edge_Type":"PPI","label":"interacts w\/"}},{"data":{"source":"P78352","target":"Q14957","Edge_Type":"PPI","label":"interacts w\/"}},{"data":{"source":"P21917","target":"P14416","Edge_Type":"PPI","label":"interacts w\/"}},{"data":{"source":"P21917","target":"P21917","Edge_Type":"PPI","label":"interacts w\/"}},{"data":{"source":"P63096","target":"P14416","Edge_Type":"PPI","label":"interacts w\/"}},{"data":{"source":"Q9UQM7","target":"Q13224","Edge_Type":"PPI","label":"interacts w\/"}},{"data":{"source":"Q9UQM7","target":"Q9UQM7","Edge_Type":"PPI","label":"interacts w\/"}},{"data":{"source":"HP:0010848","target":"Orphanet:64280","Edge_Type":"hpodis","label":"is associated w\/"}},{"data":{"source":"HP:0030218","target":"Orphanet:64280","Edge_Type":"hpodis","label":"is associated w\/"}},{"data":{"source":"HP:0011147","target":"Orphanet:64280","Edge_Type":"hpodis","label":"is associated w\/"}},{"data":{"source":"HP:0011150","target":"Orphanet:64280","Edge_Type":"hpodis","label":"is associated w\/"}},{"data":{"source":"HP:0007738","target":"Orphanet:64280","Edge_Type":"hpodis","label":"is associated w\/"}},{"data":{"source":"HP:0045084","target":"Orphanet:64280","Edge_Type":"hpodis","label":"is associated w\/"}},{"data":{"source":"HP:0006961","target":"Orphanet:64280","Edge_Type":"hpodis","label":"is associated w\/"}},{"data":{"source":"HP:0031469","target":"Orphanet:64280","Edge_Type":"hpodis","label":"is associated w\/"}},{"data":{"source":"HP:0007270","target":"Orphanet:1934","Edge_Type":"hpodis","label":"is associated w\/"}},{"data":{"source":"HP:0007270","target":"Orphanet:1945","Edge_Type":"hpodis","label":"is associated w\/"}},{"data":{"source":"HP:0007270","target":"Orphanet:1934","Edge_Type":"hpodis","label":"is associated w\/"}},{"data":{"source":"P14867","target":"Orphanet:64280","Edge_Type":"Disease","label":"is related to"}},{"data":{"source":"P28472","target":"Orphanet:64280","Edge_Type":"Disease","label":"is related to"}},{"data":{"source":"P18507","target":"Orphanet:64280","Edge_Type":"Disease","label":"is related to"}},{"data":{"source":"P23415","target":"Orphanet:3197","Edge_Type":"Disease","label":"is related to"}},{"data":{"source":"P48167","target":"Orphanet:3197","Edge_Type":"Disease","label":"is related to"}},{"data":{"source":"Q14749","target":"Orphanet:289891","Edge_Type":"Disease","label":"is related to"}},{"data":{"source":"Q05586","target":"EFO:0009300","Edge_Type":"Disease","label":"is related to"}},{"data":{"source":"Q12879","target":"EFO:1001010","Edge_Type":"Disease","label":"is related to"}},{"data":{"source":"Q12879","target":"Orphanet:725","Edge_Type":"Disease","label":"is related to"}},{"data":{"source":"Q12879","target":"Orphanet:1945","Edge_Type":"Disease","label":"is related to"}},{"data":{"source":"Q9UQM7","target":"EFO:0009165","Edge_Type":"Disease","label":"is related to"}},{"data":{"source":"P18507","target":"Orphanet:1934","Edge_Type":"Disease","label":"is related to"}},{"data":{"source":"P31644","target":"Orphanet:1934","Edge_Type":"Disease","label":"is related to"}},{"data":{"source":"P47869","target":"Orphanet:1934","Edge_Type":"Disease","label":"is related to"}},{"data":{"source":"P47870","target":"Orphanet:1934","Edge_Type":"Disease","label":"is related to"}},{"data":{"source":"P18505","target":"Orphanet:1934","Edge_Type":"Disease","label":"is related to"}},{"data":{"source":"P28472","target":"Orphanet:1934","Edge_Type":"Disease","label":"is related to"}},{"data":{"source":"O15399","target":"Orphanet:1934","Edge_Type":"Disease","label":"is related to"}},{"data":{"source":"P14416","target":"EFO:0003829","Edge_Type":"Disease","label":"is related to"}},{"data":{"source":"P47869","target":"EFO:0003829","Edge_Type":"Disease","label":"is related to"}},{"data":{"source":"P46098","target":"DB01043","Edge_Type":"Drug","label":"targets"}},{"data":{"source":"P14416","target":"DB01043","Edge_Type":"Drug","label":"targets"}},{"data":{"source":"Q05586","target":"DB01043","Edge_Type":"Drug","label":"targets"}},{"data":{"source":"Q12879","target":"DB01043","Edge_Type":"Drug","label":"targets"}},{"data":{"source":"Q13224","target":"DB01043","Edge_Type":"Drug","label":"targets"}},{"data":{"source":"Q14957","target":"DB01043","Edge_Type":"Drug","label":"targets"}},{"data":{"source":"O15399","target":"DB01043","Edge_Type":"Drug","label":"targets"}},{"data":{"source":"Q8TCU5","target":"DB01043","Edge_Type":"Drug","label":"targets"}},{"data":{"source":"O60391","target":"DB01043","Edge_Type":"Drug","label":"targets"}},{"data":{"source":"P14867","target":"DB01043","Edge_Type":"Drug","label":"targets"}},{"data":{"source":"P47869","target":"DB01043","Edge_Type":"Drug","label":"targets"}},{"data":{"source":"P34903","target":"DB01043","Edge_Type":"Drug","label":"targets"}},{"data":{"source":"P48169","target":"DB01043","Edge_Type":"Drug","label":"targets"}},{"data":{"source":"P31644","target":"DB01043","Edge_Type":"Drug","label":"targets"}},{"data":{"source":"Q16445","target":"DB01043","Edge_Type":"Drug","label":"targets"}},{"data":{"source":"P18505","target":"DB01043","Edge_Type":"Drug","label":"targets"}},{"data":{"source":"P47870","target":"DB01043","Edge_Type":"Drug","label":"targets"}},{"data":{"source":"P28472","target":"DB01043","Edge_Type":"Drug","label":"targets"}},{"data":{"source":"O14764","target":"DB01043","Edge_Type":"Drug","label":"targets"}},{"data":{"source":"P78334","target":"DB01043","Edge_Type":"Drug","label":"targets"}},{"data":{"source":"Q8N1C3","target":"DB01043","Edge_Type":"Drug","label":"targets"}},{"data":{"source":"P18507","target":"DB01043","Edge_Type":"Drug","label":"targets"}},{"data":{"source":"Q99928","target":"DB01043","Edge_Type":"Drug","label":"targets"}},{"data":{"source":"O00591","target":"DB01043","Edge_Type":"Drug","label":"targets"}},{"data":{"source":"Q9UN88","target":"DB01043","Edge_Type":"Drug","label":"targets"}},{"data":{"source":"P23415","target":"DB01043","Edge_Type":"Drug","label":"targets"}},{"data":{"source":"P23416","target":"DB01043","Edge_Type":"Drug","label":"targets"}},{"data":{"source":"O75311","target":"DB01043","Edge_Type":"Drug","label":"targets"}},{"data":{"source":"P48167","target":"DB01043","Edge_Type":"Drug","label":"targets"}},{"data":{"source":"P14867","target":"DB00603","Edge_Type":"Drug","label":"targets"}},{"data":{"source":"P47869","target":"DB00603","Edge_Type":"Drug","label":"targets"}},{"data":{"source":"P34903","target":"DB00603","Edge_Type":"Drug","label":"targets"}},{"data":{"source":"P48169","target":"DB00603","Edge_Type":"Drug","label":"targets"}},{"data":{"source":"P31644","target":"DB00603","Edge_Type":"Drug","label":"targets"}},{"data":{"source":"Q16445","target":"DB00603","Edge_Type":"Drug","label":"targets"}},{"data":{"source":"P18505","target":"DB00603","Edge_Type":"Drug","label":"targets"}},{"data":{"source":"P47870","target":"DB00603","Edge_Type":"Drug","label":"targets"}},{"data":{"source":"P28472","target":"DB00603","Edge_Type":"Drug","label":"targets"}},{"data":{"source":"O14764","target":"DB00603","Edge_Type":"Drug","label":"targets"}},{"data":{"source":"P78334","target":"DB00603","Edge_Type":"Drug","label":"targets"}},{"data":{"source":"Q8N1C3","target":"DB00603","Edge_Type":"Drug","label":"targets"}},{"data":{"source":"P18507","target":"DB00603","Edge_Type":"Drug","label":"targets"}},{"data":{"source":"Q99928","target":"DB00603","Edge_Type":"Drug","label":"targets"}},{"data":{"source":"O00591","target":"DB00603","Edge_Type":"Drug","label":"targets"}},{"data":{"source":"Q9UN88","target":"DB00603","Edge_Type":"Drug","label":"targets"}},{"data":{"source":"P14867","target":"DB00842","Edge_Type":"Drug","label":"targets"}},{"data":{"source":"P47869","target":"DB00842","Edge_Type":"Drug","label":"targets"}},{"data":{"source":"P34903","target":"DB00842","Edge_Type":"Drug","label":"targets"}},{"data":{"source":"P48169","target":"DB00842","Edge_Type":"Drug","label":"targets"}},{"data":{"source":"P31644","target":"DB00842","Edge_Type":"Drug","label":"targets"}},{"data":{"source":"Q16445","target":"DB00842","Edge_Type":"Drug","label":"targets"}},{"data":{"source":"P18505","target":"DB00842","Edge_Type":"Drug","label":"targets"}},{"data":{"source":"P47870","target":"DB00842","Edge_Type":"Drug","label":"targets"}},{"data":{"source":"P28472","target":"DB00842","Edge_Type":"Drug","label":"targets"}},{"data":{"source":"Q8N1C3","target":"DB00842","Edge_Type":"Drug","label":"targets"}},{"data":{"source":"P18507","target":"DB00842","Edge_Type":"Drug","label":"targets"}},{"data":{"source":"Q99928","target":"DB00842","Edge_Type":"Drug","label":"targets"}},{"data":{"source":"O14764","target":"DB00842","Edge_Type":"Drug","label":"targets"}},{"data":{"source":"P78334","target":"DB00842","Edge_Type":"Drug","label":"targets"}},{"data":{"source":"O00591","target":"DB00842","Edge_Type":"Drug","label":"targets"}},{"data":{"source":"Q9UN88","target":"DB00842","Edge_Type":"Drug","label":"targets"}},{"data":{"source":"P14867","target":"DB00897","Edge_Type":"Drug","label":"targets"}},{"data":{"source":"P47869","target":"DB00897","Edge_Type":"Drug","label":"targets"}},{"data":{"source":"P34903","target":"DB00897","Edge_Type":"Drug","label":"targets"}},{"data":{"source":"P48169","target":"DB00897","Edge_Type":"Drug","label":"targets"}},{"data":{"source":"P31644","target":"DB00897","Edge_Type":"Drug","label":"targets"}},{"data":{"source":"Q16445","target":"DB00897","Edge_Type":"Drug","label":"targets"}},{"data":{"source":"P18505","target":"DB00897","Edge_Type":"Drug","label":"targets"}},{"data":{"source":"P47870","target":"DB00897","Edge_Type":"Drug","label":"targets"}},{"data":{"source":"P28472","target":"DB00897","Edge_Type":"Drug","label":"targets"}},{"data":{"source":"Q8N1C3","target":"DB00897","Edge_Type":"Drug","label":"targets"}},{"data":{"source":"P18507","target":"DB00897","Edge_Type":"Drug","label":"targets"}},{"data":{"source":"Q99928","target":"DB00897","Edge_Type":"Drug","label":"targets"}},{"data":{"source":"O14764","target":"DB00897","Edge_Type":"Drug","label":"targets"}},{"data":{"source":"P78334","target":"DB00897","Edge_Type":"Drug","label":"targets"}},{"data":{"source":"O00591","target":"DB00897","Edge_Type":"Drug","label":"targets"}},{"data":{"source":"Q9UN88","target":"DB00897","Edge_Type":"Drug","label":"targets"}},{"data":{"source":"P14867","target":"DB00231","Edge_Type":"Drug","label":"targets"}},{"data":{"source":"P47869","target":"DB00231","Edge_Type":"Drug","label":"targets"}},{"data":{"source":"P34903","target":"DB00231","Edge_Type":"Drug","label":"targets"}},{"data":{"source":"P48169","target":"DB00231","Edge_Type":"Drug","label":"targets"}},{"data":{"source":"P31644","target":"DB00231","Edge_Type":"Drug","label":"targets"}},{"data":{"source":"Q16445","target":"DB00231","Edge_Type":"Drug","label":"targets"}},{"data":{"source":"P18505","target":"DB00231","Edge_Type":"Drug","label":"targets"}},{"data":{"source":"P47870","target":"DB00231","Edge_Type":"Drug","label":"targets"}},{"data":{"source":"P28472","target":"DB00231","Edge_Type":"Drug","label":"targets"}},{"data":{"source":"Q8N1C3","target":"DB00231","Edge_Type":"Drug","label":"targets"}},{"data":{"source":"P18507","target":"DB00231","Edge_Type":"Drug","label":"targets"}},{"data":{"source":"Q99928","target":"DB00231","Edge_Type":"Drug","label":"targets"}},{"data":{"source":"O14764","target":"DB00231","Edge_Type":"Drug","label":"targets"}},{"data":{"source":"P78334","target":"DB00231","Edge_Type":"Drug","label":"targets"}},{"data":{"source":"O00591","target":"DB00231","Edge_Type":"Drug","label":"targets"}},{"data":{"source":"Q9UN88","target":"DB00231","Edge_Type":"Drug","label":"targets"}},{"data":{"source":"P14867","target":"DB00252","Edge_Type":"Drug","label":"targets"}},{"data":{"source":"P47869","target":"DB00252","Edge_Type":"Drug","label":"targets"}},{"data":{"source":"P34903","target":"DB00252","Edge_Type":"Drug","label":"targets"}},{"data":{"source":"P48169","target":"DB00252","Edge_Type":"Drug","label":"targets"}},{"data":{"source":"P31644","target":"DB00252","Edge_Type":"Drug","label":"targets"}},{"data":{"source":"Q16445","target":"DB00252","Edge_Type":"Drug","label":"targets"}},{"data":{"source":"P18505","target":"DB00252","Edge_Type":"Drug","label":"targets"}},{"data":{"source":"P47870","target":"DB00252","Edge_Type":"Drug","label":"targets"}},{"data":{"source":"P28472","target":"DB00252","Edge_Type":"Drug","label":"targets"}},{"data":{"source":"O14764","target":"DB00252","Edge_Type":"Drug","label":"targets"}},{"data":{"source":"P78334","target":"DB00252","Edge_Type":"Drug","label":"targets"}},{"data":{"source":"Q8N1C3","target":"DB00252","Edge_Type":"Drug","label":"targets"}},{"data":{"source":"P18507","target":"DB00252","Edge_Type":"Drug","label":"targets"}},{"data":{"source":"Q99928","target":"DB00252","Edge_Type":"Drug","label":"targets"}},{"data":{"source":"O00591","target":"DB00252","Edge_Type":"Drug","label":"targets"}},{"data":{"source":"Q9UN88","target":"DB00252","Edge_Type":"Drug","label":"targets"}},{"data":{"source":"P14867","target":"DB00829","Edge_Type":"Drug","label":"targets"}},{"data":{"source":"P47869","target":"DB00829","Edge_Type":"Drug","label":"targets"}},{"data":{"source":"P34903","target":"DB00829","Edge_Type":"Drug","label":"targets"}},{"data":{"source":"P31644","target":"DB00829","Edge_Type":"Drug","label":"targets"}},{"data":{"source":"P18505","target":"DB00829","Edge_Type":"Drug","label":"targets"}},{"data":{"source":"P47870","target":"DB00829","Edge_Type":"Drug","label":"targets"}},{"data":{"source":"P28472","target":"DB00829","Edge_Type":"Drug","label":"targets"}},{"data":{"source":"Q8N1C3","target":"DB00829","Edge_Type":"Drug","label":"targets"}},{"data":{"source":"P18507","target":"DB00829","Edge_Type":"Drug","label":"targets"}},{"data":{"source":"Q99928","target":"DB00829","Edge_Type":"Drug","label":"targets"}},{"data":{"source":"O14764","target":"DB00829","Edge_Type":"Drug","label":"targets"}},{"data":{"source":"P78334","target":"DB00829","Edge_Type":"Drug","label":"targets"}},{"data":{"source":"O00591","target":"DB00829","Edge_Type":"Drug","label":"targets"}},{"data":{"source":"Q9UN88","target":"DB00829","Edge_Type":"Drug","label":"targets"}},{"data":{"source":"P48169","target":"DB00829","Edge_Type":"Drug","label":"targets"}},{"data":{"source":"Q16445","target":"DB00829","Edge_Type":"Drug","label":"targets"}},{"data":{"source":"P14867","target":"DB01588","Edge_Type":"Drug","label":"targets"}},{"data":{"source":"P47869","target":"DB01588","Edge_Type":"Drug","label":"targets"}},{"data":{"source":"P34903","target":"DB01588","Edge_Type":"Drug","label":"targets"}},{"data":{"source":"P31644","target":"DB01588","Edge_Type":"Drug","label":"targets"}},{"data":{"source":"Q8N1C3","target":"DB01588","Edge_Type":"Drug","label":"targets"}},{"data":{"source":"P18507","target":"DB01588","Edge_Type":"Drug","label":"targets"}},{"data":{"source":"Q99928","target":"DB01588","Edge_Type":"Drug","label":"targets"}},{"data":{"source":"P18505","target":"DB01588","Edge_Type":"Drug","label":"targets"}},{"data":{"source":"P47870","target":"DB01588","Edge_Type":"Drug","label":"targets"}},{"data":{"source":"P28472","target":"DB01588","Edge_Type":"Drug","label":"targets"}},{"data":{"source":"O14764","target":"DB01588","Edge_Type":"Drug","label":"targets"}},{"data":{"source":"P78334","target":"DB01588","Edge_Type":"Drug","label":"targets"}},{"data":{"source":"O00591","target":"DB01588","Edge_Type":"Drug","label":"targets"}},{"data":{"source":"P48169","target":"DB01588","Edge_Type":"Drug","label":"targets"}},{"data":{"source":"Q16445","target":"DB01588","Edge_Type":"Drug","label":"targets"}},{"data":{"source":"Q9UN88","target":"DB01588","Edge_Type":"Drug","label":"targets"}},{"data":{"source":"P14867","target":"DB01215","Edge_Type":"Drug","label":"targets"}},{"data":{"source":"P47869","target":"DB01215","Edge_Type":"Drug","label":"targets"}},{"data":{"source":"P34903","target":"DB01215","Edge_Type":"Drug","label":"targets"}},{"data":{"source":"P31644","target":"DB01215","Edge_Type":"Drug","label":"targets"}},{"data":{"source":"Q8N1C3","target":"DB01215","Edge_Type":"Drug","label":"targets"}},{"data":{"source":"P18507","target":"DB01215","Edge_Type":"Drug","label":"targets"}},{"data":{"source":"Q99928","target":"DB01215","Edge_Type":"Drug","label":"targets"}},{"data":{"source":"P18505","target":"DB01215","Edge_Type":"Drug","label":"targets"}},{"data":{"source":"P47870","target":"DB01215","Edge_Type":"Drug","label":"targets"}},{"data":{"source":"P28472","target":"DB01215","Edge_Type":"Drug","label":"targets"}},{"data":{"source":"O14764","target":"DB01215","Edge_Type":"Drug","label":"targets"}},{"data":{"source":"P78334","target":"DB01215","Edge_Type":"Drug","label":"targets"}},{"data":{"source":"O00591","target":"DB01215","Edge_Type":"Drug","label":"targets"}},{"data":{"source":"P48169","target":"DB01215","Edge_Type":"Drug","label":"targets"}},{"data":{"source":"Q16445","target":"DB01215","Edge_Type":"Drug","label":"targets"}},{"data":{"source":"Q9UN88","target":"DB01215","Edge_Type":"Drug","label":"targets"}},{"data":{"source":"P14867","target":"DB00801","Edge_Type":"Drug","label":"targets"}},{"data":{"source":"P47869","target":"DB00801","Edge_Type":"Drug","label":"targets"}},{"data":{"source":"P34903","target":"DB00801","Edge_Type":"Drug","label":"targets"}},{"data":{"source":"P31644","target":"DB00801","Edge_Type":"Drug","label":"targets"}},{"data":{"source":"Q8N1C3","target":"DB00801","Edge_Type":"Drug","label":"targets"}},{"data":{"source":"P18507","target":"DB00801","Edge_Type":"Drug","label":"targets"}},{"data":{"source":"Q99928","target":"DB00801","Edge_Type":"Drug","label":"targets"}},{"data":{"source":"P18505","target":"DB00801","Edge_Type":"Drug","label":"targets"}},{"data":{"source":"P47870","target":"DB00801","Edge_Type":"Drug","label":"targets"}},{"data":{"source":"P28472","target":"DB00801","Edge_Type":"Drug","label":"targets"}},{"data":{"source":"O14764","target":"DB00801","Edge_Type":"Drug","label":"targets"}},{"data":{"source":"P78334","target":"DB00801","Edge_Type":"Drug","label":"targets"}},{"data":{"source":"O00591","target":"DB00801","Edge_Type":"Drug","label":"targets"}},{"data":{"source":"P48169","target":"DB00801","Edge_Type":"Drug","label":"targets"}},{"data":{"source":"Q16445","target":"DB00801","Edge_Type":"Drug","label":"targets"}},{"data":{"source":"Q9UN88","target":"DB00801","Edge_Type":"Drug","label":"targets"}},{"data":{"source":"P14867","target":"R-HSA-977443","Edge_Type":"Pathway","label":"is involved in"}},{"data":{"source":"P18505","target":"R-HSA-977443","Edge_Type":"Pathway","label":"is involved in"}},{"data":{"source":"P18507","target":"R-HSA-977443","Edge_Type":"Pathway","label":"is involved in"}},{"data":{"source":"P28472","target":"R-HSA-977443","Edge_Type":"Pathway","label":"is involved in"}},{"data":{"source":"P31644","target":"R-HSA-977443","Edge_Type":"Pathway","label":"is involved in"}},{"data":{"source":"P34903","target":"R-HSA-977443","Edge_Type":"Pathway","label":"is involved in"}},{"data":{"source":"P47869","target":"R-HSA-977443","Edge_Type":"Pathway","label":"is involved in"}},{"data":{"source":"P47870","target":"R-HSA-977443","Edge_Type":"Pathway","label":"is involved in"}},{"data":{"source":"P48169","target":"R-HSA-977443","Edge_Type":"Pathway","label":"is involved in"}},{"data":{"source":"Q16445","target":"R-HSA-977443","Edge_Type":"Pathway","label":"is involved in"}},{"data":{"source":"Q99928","target":"R-HSA-977443","Edge_Type":"Pathway","label":"is involved in"}},{"data":{"source":"Q9UN88","target":"R-HSA-977443","Edge_Type":"Pathway","label":"is involved in"}},{"data":{"source":"O75311","target":"R-HSA-112314","Edge_Type":"Pathway","label":"is involved in"}},{"data":{"source":"P23415","target":"R-HSA-112314","Edge_Type":"Pathway","label":"is involved in"}},{"data":{"source":"P23416","target":"R-HSA-112314","Edge_Type":"Pathway","label":"is involved in"}},{"data":{"source":"P46098","target":"R-HSA-112314","Edge_Type":"Pathway","label":"is involved in"}},{"data":{"source":"P48167","target":"R-HSA-112314","Edge_Type":"Pathway","label":"is involved in"}},{"data":{"source":"A5X5Y0","target":"R-HSA-112314","Edge_Type":"Pathway","label":"is involved in"}},{"data":{"source":"Q70Z44","target":"R-HSA-112314","Edge_Type":"Pathway","label":"is involved in"}},{"data":{"source":"Q8WXA8","target":"R-HSA-112314","Edge_Type":"Pathway","label":"is involved in"}},{"data":{"source":"P14867","target":"R-HSA-1236394","Edge_Type":"Pathway","label":"is involved in"}},{"data":{"source":"P18505","target":"R-HSA-1236394","Edge_Type":"Pathway","label":"is involved in"}},{"data":{"source":"P18507","target":"R-HSA-1236394","Edge_Type":"Pathway","label":"is involved in"}},{"data":{"source":"P28472","target":"R-HSA-1236394","Edge_Type":"Pathway","label":"is involved in"}},{"data":{"source":"P47870","target":"R-HSA-1236394","Edge_Type":"Pathway","label":"is involved in"}},{"data":{"source":"Q99928","target":"R-HSA-1236394","Edge_Type":"Pathway","label":"is involved in"}},{"data":{"source":"Q9UN88","target":"R-HSA-1236394","Edge_Type":"Pathway","label":"is involved in"}},{"data":{"source":"P78352","target":"R-HSA-1236394","Edge_Type":"Pathway","label":"is involved in"}},{"data":{"source":"O15399","target":"R-HSA-9617324","Edge_Type":"Pathway","label":"is involved in"}},{"data":{"source":"Q05586","target":"R-HSA-9617324","Edge_Type":"Pathway","label":"is involved in"}},{"data":{"source":"Q12879","target":"R-HSA-9617324","Edge_Type":"Pathway","label":"is involved in"}},{"data":{"source":"Q13224","target":"R-HSA-9617324","Edge_Type":"Pathway","label":"is involved in"}},{"data":{"source":"Q14957","target":"R-HSA-9617324","Edge_Type":"Pathway","label":"is involved in"}},{"data":{"source":"P78352","target":"R-HSA-9617324","Edge_Type":"Pathway","label":"is involved in"}},{"data":{"source":"Q9UQM7","target":"R-HSA-9617324","Edge_Type":"Pathway","label":"is involved in"}},{"data":{"source":"O15399","target":"R-HSA-438066","Edge_Type":"Pathway","label":"is involved in"}},{"data":{"source":"Q05586","target":"R-HSA-438066","Edge_Type":"Pathway","label":"is involved in"}},{"data":{"source":"Q12879","target":"R-HSA-438066","Edge_Type":"Pathway","label":"is involved in"}},{"data":{"source":"Q13224","target":"R-HSA-438066","Edge_Type":"Pathway","label":"is involved in"}},{"data":{"source":"Q14957","target":"R-HSA-438066","Edge_Type":"Pathway","label":"is involved in"}},{"data":{"source":"P78352","target":"R-HSA-438066","Edge_Type":"Pathway","label":"is involved in"}},{"data":{"source":"Q9UQM7","target":"R-HSA-438066","Edge_Type":"Pathway","label":"is involved in"}},{"data":{"source":"O15399","target":"R-HSA-9620244","Edge_Type":"Pathway","label":"is involved in"}},{"data":{"source":"Q05586","target":"R-HSA-9620244","Edge_Type":"Pathway","label":"is involved in"}},{"data":{"source":"Q12879","target":"R-HSA-9620244","Edge_Type":"Pathway","label":"is involved in"}},{"data":{"source":"Q13224","target":"R-HSA-9620244","Edge_Type":"Pathway","label":"is involved in"}},{"data":{"source":"Q14957","target":"R-HSA-9620244","Edge_Type":"Pathway","label":"is involved in"}},{"data":{"source":"P78352","target":"R-HSA-9620244","Edge_Type":"Pathway","label":"is involved in"}},{"data":{"source":"Q9UQM7","target":"R-HSA-9620244","Edge_Type":"Pathway","label":"is involved in"}},{"data":{"source":"O15399","target":"R-HSA-8849932","Edge_Type":"Pathway","label":"is involved in"}},{"data":{"source":"Q05586","target":"R-HSA-8849932","Edge_Type":"Pathway","label":"is involved in"}},{"data":{"source":"Q12879","target":"R-HSA-8849932","Edge_Type":"Pathway","label":"is involved in"}},{"data":{"source":"Q13224","target":"R-HSA-8849932","Edge_Type":"Pathway","label":"is involved in"}},{"data":{"source":"Q14957","target":"R-HSA-8849932","Edge_Type":"Pathway","label":"is involved in"}},{"data":{"source":"P78352","target":"R-HSA-8849932","Edge_Type":"Pathway","label":"is involved in"}},{"data":{"source":"O15399","target":"R-HSA-442982","Edge_Type":"Pathway","label":"is involved in"}},{"data":{"source":"Q05586","target":"R-HSA-442982","Edge_Type":"Pathway","label":"is involved in"}},{"data":{"source":"Q13224","target":"R-HSA-442982","Edge_Type":"Pathway","label":"is involved in"}},{"data":{"source":"P78352","target":"R-HSA-442982","Edge_Type":"Pathway","label":"is involved in"}},{"data":{"source":"Q9UQM7","target":"R-HSA-442982","Edge_Type":"Pathway","label":"is involved in"}},{"data":{"source":"P14416","target":"R-HSA-390651","Edge_Type":"Pathway","label":"is involved in"}},{"data":{"source":"P21917","target":"R-HSA-390651","Edge_Type":"Pathway","label":"is involved in"}},{"data":{"source":"O15399","target":"R-HSA-6794361","Edge_Type":"Pathway","label":"is involved in"}},{"data":{"source":"Q05586","target":"R-HSA-6794361","Edge_Type":"Pathway","label":"is involved in"}},{"data":{"source":"Q12879","target":"R-HSA-6794361","Edge_Type":"Pathway","label":"is involved in"}},{"data":{"source":"Q13224","target":"R-HSA-6794361","Edge_Type":"Pathway","label":"is involved in"}},{"data":{"source":"Q14957","target":"R-HSA-6794361","Edge_Type":"Pathway","label":"is involved in"}},{"data":{"source":"P78352","target":"R-HSA-6794361","Edge_Type":"Pathway","label":"is involved in"}},{"data":{"source":"P14867","target":"HP:0010848","Edge_Type":"HPO","label":"is associated w\/"}},{"data":{"source":"P18507","target":"HP:0010848","Edge_Type":"HPO","label":"is associated w\/"}},{"data":{"source":"P28472","target":"HP:0010848","Edge_Type":"HPO","label":"is associated w\/"}},{"data":{"source":"P14867","target":"HP:0030218","Edge_Type":"HPO","label":"is associated w\/"}},{"data":{"source":"P18507","target":"HP:0030218","Edge_Type":"HPO","label":"is associated w\/"}},{"data":{"source":"P28472","target":"HP:0030218","Edge_Type":"HPO","label":"is associated w\/"}},{"data":{"source":"P14867","target":"HP:0011147","Edge_Type":"HPO","label":"is associated w\/"}},{"data":{"source":"P18507","target":"HP:0011147","Edge_Type":"HPO","label":"is associated w\/"}},{"data":{"source":"P28472","target":"HP:0011147","Edge_Type":"HPO","label":"is associated w\/"}},{"data":{"source":"P14867","target":"HP:0011150","Edge_Type":"HPO","label":"is associated w\/"}},{"data":{"source":"P18507","target":"HP:0011150","Edge_Type":"HPO","label":"is associated w\/"}},{"data":{"source":"P28472","target":"HP:0011150","Edge_Type":"HPO","label":"is associated w\/"}},{"data":{"source":"P14867","target":"HP:0007738","Edge_Type":"HPO","label":"is associated w\/"}},{"data":{"source":"P18507","target":"HP:0007738","Edge_Type":"HPO","label":"is associated w\/"}},{"data":{"source":"P28472","target":"HP:0007738","Edge_Type":"HPO","label":"is associated w\/"}},{"data":{"source":"P14416","target":"HP:0045084","Edge_Type":"HPO","label":"is associated w\/"}},{"data":{"source":"P14867","target":"HP:0045084","Edge_Type":"HPO","label":"is associated w\/"}},{"data":{"source":"P18507","target":"HP:0045084","Edge_Type":"HPO","label":"is associated w\/"}},{"data":{"source":"P28472","target":"HP:0045084","Edge_Type":"HPO","label":"is associated w\/"}},{"data":{"source":"P14867","target":"HP:0006961","Edge_Type":"HPO","label":"is associated w\/"}},{"data":{"source":"P18507","target":"HP:0006961","Edge_Type":"HPO","label":"is associated w\/"}},{"data":{"source":"P28472","target":"HP:0006961","Edge_Type":"HPO","label":"is associated w\/"}},{"data":{"source":"P14867","target":"HP:0031469","Edge_Type":"HPO","label":"is associated w\/"}},{"data":{"source":"P18507","target":"HP:0031469","Edge_Type":"HPO","label":"is associated w\/"}},{"data":{"source":"P28472","target":"HP:0031469","Edge_Type":"HPO","label":"is associated w\/"}},{"data":{"source":"O14764","target":"HP:0007270","Edge_Type":"HPO","label":"is associated w\/"}},{"data":{"source":"P14867","target":"HP:0007270","Edge_Type":"HPO","label":"is associated w\/"}},{"data":{"source":"P18507","target":"HP:0007270","Edge_Type":"HPO","label":"is associated w\/"}},{"data":{"source":"P28472","target":"HP:0007270","Edge_Type":"HPO","label":"is associated w\/"}},{"data":{"source":"O14764","target":"HP:0011151","Edge_Type":"HPO","label":"is associated w\/"}},{"data":{"source":"P14867","target":"HP:0011151","Edge_Type":"HPO","label":"is associated w\/"}},{"data":{"source":"P18507","target":"HP:0011151","Edge_Type":"HPO","label":"is associated w\/"}},{"data":{"source":"P46098","target":"CHEMBL1590956","Edge_Type":"Prediction","label":"targets"}},{"data":{"source":"P21917","target":"CHEMBL1590956","Edge_Type":"Prediction","label":"targets"}},{"data":{"source":"P14416","target":"CHEMBL3970994","Edge_Type":"predictionChembl","label":"targets"}},{"data":{"source":"P46098","target":"CHEMBL3970994","Edge_Type":"Prediction","label":"targets"}},{"data":{"source":"P21917","target":"CHEMBL3970994","Edge_Type":"Prediction","label":"targets"}},{"data":{"source":"P46098","target":"CHEMBL3978854","Edge_Type":"Prediction","label":"targets"}},{"data":{"source":"P21917","target":"CHEMBL3978854","Edge_Type":"Prediction","label":"targets"}},{"data":{"source":"P46098","target":"CHEMBL1586139","Edge_Type":"Prediction","label":"targets"}},{"data":{"source":"P21917","target":"CHEMBL1586139","Edge_Type":"Prediction","label":"targets"}},{"data":{"source":"P46098","target":"CHEMBL1548136","Edge_Type":"Prediction","label":"targets"}},{"data":{"source":"P21917","target":"CHEMBL1548136","Edge_Type":"Prediction","label":"targets"}},{"data":{"source":"P46098","target":"CHEMBL1672185","Edge_Type":"Prediction","label":"targets"}},{"data":{"source":"P21917","target":"CHEMBL1672185","Edge_Type":"Prediction","label":"targets"}},{"data":{"source":"P46098","target":"CHEMBL2325073","Edge_Type":"Prediction","label":"targets"}},{"data":{"source":"P21917","target":"CHEMBL2325073","Edge_Type":"Prediction","label":"targets"}},{"data":{"source":"P46098","target":"CHEMBL1525696","Edge_Type":"Prediction","label":"targets"}},{"data":{"source":"P21917","target":"CHEMBL1525696","Edge_Type":"Prediction","label":"targets"}},{"data":{"source":"P46098","target":"CHEMBL1521201","Edge_Type":"Prediction","label":"targets"}},{"data":{"source":"P21917","target":"CHEMBL1521201","Edge_Type":"Prediction","label":"targets"}},{"data":{"source":"P46098","target":"CHEMBL1582193","Edge_Type":"Prediction","label":"targets"}},{"data":{"source":"P21917","target":"CHEMBL1582193","Edge_Type":"Prediction","label":"targets"}},{"data":{"source":"H00056","target":"DB01043","Edge_Type":"kegg_dis_drug","label":"indicates"}},{"data":{"source":"H02215","target":"hsa04727","Edge_Type":"kegg_dis_path","label":"modulates"}},{"data":{"source":"H00769","target":"hsa04080","Edge_Type":"kegg_dis_path","label":"modulates"}},{"data":{"source":"H01671","target":"hsa04080","Edge_Type":"kegg_dis_path","label":"modulates"}},{"data":{"source":"H01671","target":"hsa04728","Edge_Type":"kegg_dis_path","label":"modulates"}},{"data":{"source":"H00808","target":"hsa04727","Edge_Type":"kegg_dis_path","label":"modulates"}},{"data":{"source":"H00783","target":"hsa04080","Edge_Type":"kegg_dis_path","label":"modulates"}},{"data":{"source":"H00783","target":"hsa04727","Edge_Type":"kegg_dis_path","label":"modulates"}},{"data":{"source":"H00783","target":"hsa04728","Edge_Type":"kegg_dis_path","label":"modulates"}},{"data":{"source":"H00783","target":"DB00829","Edge_Type":"kegg_dis_drug","label":"indicates"}},{"data":{"source":"H01611","target":"hsa04080","Edge_Type":"kegg_dis_path","label":"modulates"}},{"data":{"source":"H01827","target":"hsa04724","Edge_Type":"kegg_dis_path","label":"modulates"}},{"data":{"source":"O00591","target":"hsa04727","Edge_Type":"kegg_path_prot","label":"is involved in"}},{"data":{"source":"O14764","target":"hsa04727","Edge_Type":"kegg_path_prot","label":"is involved in"}},{"data":{"source":"P14867","target":"hsa04727","Edge_Type":"kegg_path_prot","label":"is involved in"}},{"data":{"source":"P18505","target":"hsa04727","Edge_Type":"kegg_path_prot","label":"is involved in"}},{"data":{"source":"P18507","target":"hsa04727","Edge_Type":"kegg_path_prot","label":"is involved in"}},{"data":{"source":"P28472","target":"hsa04727","Edge_Type":"kegg_path_prot","label":"is involved in"}},{"data":{"source":"P31644","target":"hsa04727","Edge_Type":"kegg_path_prot","label":"is involved in"}},{"data":{"source":"P34903","target":"hsa04727","Edge_Type":"kegg_path_prot","label":"is involved in"}},{"data":{"source":"P47869","target":"hsa04727","Edge_Type":"kegg_path_prot","label":"is involved in"}},{"data":{"source":"P47870","target":"hsa04727","Edge_Type":"kegg_path_prot","label":"is involved in"}},{"data":{"source":"P48169","target":"hsa04727","Edge_Type":"kegg_path_prot","label":"is involved in"}},{"data":{"source":"P78334","target":"hsa04727","Edge_Type":"kegg_path_prot","label":"is involved in"}},{"data":{"source":"Q16445","target":"hsa04727","Edge_Type":"kegg_path_prot","label":"is involved in"}},{"data":{"source":"Q8N1C3","target":"hsa04727","Edge_Type":"kegg_path_prot","label":"is involved in"}},{"data":{"source":"Q99928","target":"hsa04727","Edge_Type":"kegg_path_prot","label":"is involved in"}},{"data":{"source":"Q9UN88","target":"hsa04727","Edge_Type":"kegg_path_prot","label":"is involved in"}},{"data":{"source":"P63096","target":"hsa04727","Edge_Type":"kegg_path_prot","label":"is involved in"}},{"data":{"source":"O00591","target":"hsa04080","Edge_Type":"kegg_path_prot","label":"is involved in"}},{"data":{"source":"O14764","target":"hsa04080","Edge_Type":"kegg_path_prot","label":"is involved in"}},{"data":{"source":"O15399","target":"hsa04080","Edge_Type":"kegg_path_prot","label":"is involved in"}},{"data":{"source":"O60391","target":"hsa04080","Edge_Type":"kegg_path_prot","label":"is involved in"}},{"data":{"source":"O75311","target":"hsa04080","Edge_Type":"kegg_path_prot","label":"is involved in"}},{"data":{"source":"P14416","target":"hsa04080","Edge_Type":"kegg_path_prot","label":"is involved in"}},{"data":{"source":"P14867","target":"hsa04080","Edge_Type":"kegg_path_prot","label":"is involved in"}},{"data":{"source":"P18505","target":"hsa04080","Edge_Type":"kegg_path_prot","label":"is involved in"}},{"data":{"source":"P18507","target":"hsa04080","Edge_Type":"kegg_path_prot","label":"is involved in"}},{"data":{"source":"P23415","target":"hsa04080","Edge_Type":"kegg_path_prot","label":"is involved in"}},{"data":{"source":"P23416","target":"hsa04080","Edge_Type":"kegg_path_prot","label":"is involved in"}},{"data":{"source":"P28472","target":"hsa04080","Edge_Type":"kegg_path_prot","label":"is involved in"}},{"data":{"source":"P31644","target":"hsa04080","Edge_Type":"kegg_path_prot","label":"is involved in"}},{"data":{"source":"P34903","target":"hsa04080","Edge_Type":"kegg_path_prot","label":"is involved in"}},{"data":{"source":"P47869","target":"hsa04080","Edge_Type":"kegg_path_prot","label":"is involved in"}},{"data":{"source":"P47870","target":"hsa04080","Edge_Type":"kegg_path_prot","label":"is involved in"}},{"data":{"source":"P48167","target":"hsa04080","Edge_Type":"kegg_path_prot","label":"is involved in"}},{"data":{"source":"P48169","target":"hsa04080","Edge_Type":"kegg_path_prot","label":"is involved in"}},{"data":{"source":"P78334","target":"hsa04080","Edge_Type":"kegg_path_prot","label":"is involved in"}},{"data":{"source":"Q05586","target":"hsa04080","Edge_Type":"kegg_path_prot","label":"is involved in"}},{"data":{"source":"Q12879","target":"hsa04080","Edge_Type":"kegg_path_prot","label":"is involved in"}},{"data":{"source":"Q13224","target":"hsa04080","Edge_Type":"kegg_path_prot","label":"is involved in"}},{"data":{"source":"Q14957","target":"hsa04080","Edge_Type":"kegg_path_prot","label":"is involved in"}},{"data":{"source":"Q16445","target":"hsa04080","Edge_Type":"kegg_path_prot","label":"is involved in"}},{"data":{"source":"Q8N1C3","target":"hsa04080","Edge_Type":"kegg_path_prot","label":"is involved in"}},{"data":{"source":"Q8TCU5","target":"hsa04080","Edge_Type":"kegg_path_prot","label":"is involved in"}},{"data":{"source":"Q99928","target":"hsa04080","Edge_Type":"kegg_path_prot","label":"is involved in"}},{"data":{"source":"Q9UN88","target":"hsa04080","Edge_Type":"kegg_path_prot","label":"is involved in"}},{"data":{"source":"P30989","target":"hsa04080","Edge_Type":"kegg_path_prot","label":"is involved in"}},{"data":{"source":"P21917","target":"hsa04080","Edge_Type":"kegg_path_prot","label":"is involved in"}},{"data":{"source":"O00591","target":"hsa04723","Edge_Type":"kegg_path_prot","label":"is involved in"}},{"data":{"source":"O14764","target":"hsa04723","Edge_Type":"kegg_path_prot","label":"is involved in"}},{"data":{"source":"P14867","target":"hsa04723","Edge_Type":"kegg_path_prot","label":"is involved in"}},{"data":{"source":"P18505","target":"hsa04723","Edge_Type":"kegg_path_prot","label":"is involved in"}},{"data":{"source":"P18507","target":"hsa04723","Edge_Type":"kegg_path_prot","label":"is involved in"}},{"data":{"source":"P28472","target":"hsa04723","Edge_Type":"kegg_path_prot","label":"is involved in"}},{"data":{"source":"P31644","target":"hsa04723","Edge_Type":"kegg_path_prot","label":"is involved in"}},{"data":{"source":"P34903","target":"hsa04723","Edge_Type":"kegg_path_prot","label":"is involved in"}},{"data":{"source":"P47869","target":"hsa04723","Edge_Type":"kegg_path_prot","label":"is involved in"}},{"data":{"source":"P47870","target":"hsa04723","Edge_Type":"kegg_path_prot","label":"is involved in"}},{"data":{"source":"P48169","target":"hsa04723","Edge_Type":"kegg_path_prot","label":"is involved in"}},{"data":{"source":"P78334","target":"hsa04723","Edge_Type":"kegg_path_prot","label":"is involved in"}},{"data":{"source":"Q16445","target":"hsa04723","Edge_Type":"kegg_path_prot","label":"is involved in"}},{"data":{"source":"Q8N1C3","target":"hsa04723","Edge_Type":"kegg_path_prot","label":"is involved in"}},{"data":{"source":"Q99928","target":"hsa04723","Edge_Type":"kegg_path_prot","label":"is involved in"}},{"data":{"source":"Q9UN88","target":"hsa04723","Edge_Type":"kegg_path_prot","label":"is involved in"}},{"data":{"source":"P63096","target":"hsa04723","Edge_Type":"kegg_path_prot","label":"is involved in"}},{"data":{"source":"P14867","target":"hsa04742","Edge_Type":"kegg_path_prot","label":"is involved in"}},{"data":{"source":"P31644","target":"hsa04742","Edge_Type":"kegg_path_prot","label":"is involved in"}},{"data":{"source":"P34903","target":"hsa04742","Edge_Type":"kegg_path_prot","label":"is involved in"}},{"data":{"source":"P46098","target":"hsa04742","Edge_Type":"kegg_path_prot","label":"is involved in"}},{"data":{"source":"P47869","target":"hsa04742","Edge_Type":"kegg_path_prot","label":"is involved in"}},{"data":{"source":"P48169","target":"hsa04742","Edge_Type":"kegg_path_prot","label":"is involved in"}},{"data":{"source":"Q16445","target":"hsa04742","Edge_Type":"kegg_path_prot","label":"is involved in"}},{"data":{"source":"A5X5Y0","target":"hsa04742","Edge_Type":"kegg_path_prot","label":"is involved in"}},{"data":{"source":"Q70Z44","target":"hsa04742","Edge_Type":"kegg_path_prot","label":"is involved in"}},{"data":{"source":"Q8WXA8","target":"hsa04742","Edge_Type":"kegg_path_prot","label":"is involved in"}},{"data":{"source":"O15399","target":"hsa04724","Edge_Type":"kegg_path_prot","label":"is involved in"}},{"data":{"source":"O60391","target":"hsa04724","Edge_Type":"kegg_path_prot","label":"is involved in"}},{"data":{"source":"Q05586","target":"hsa04724","Edge_Type":"kegg_path_prot","label":"is involved in"}},{"data":{"source":"Q12879","target":"hsa04724","Edge_Type":"kegg_path_prot","label":"is involved in"}},{"data":{"source":"Q13224","target":"hsa04724","Edge_Type":"kegg_path_prot","label":"is involved in"}},{"data":{"source":"Q14957","target":"hsa04724","Edge_Type":"kegg_path_prot","label":"is involved in"}},{"data":{"source":"Q8TCU5","target":"hsa04724","Edge_Type":"kegg_path_prot","label":"is involved in"}},{"data":{"source":"P78352","target":"hsa04724","Edge_Type":"kegg_path_prot","label":"is involved in"}},{"data":{"source":"P63096","target":"hsa04724","Edge_Type":"kegg_path_prot","label":"is involved in"}},{"data":{"source":"P18505","target":"hsa04726","Edge_Type":"kegg_path_prot","label":"is involved in"}},{"data":{"source":"P28472","target":"hsa04726","Edge_Type":"kegg_path_prot","label":"is involved in"}},{"data":{"source":"P46098","target":"hsa04726","Edge_Type":"kegg_path_prot","label":"is involved in"}},{"data":{"source":"P47870","target":"hsa04726","Edge_Type":"kegg_path_prot","label":"is involved in"}},{"data":{"source":"A5X5Y0","target":"hsa04726","Edge_Type":"kegg_path_prot","label":"is involved in"}},{"data":{"source":"Q70Z44","target":"hsa04726","Edge_Type":"kegg_path_prot","label":"is involved in"}},{"data":{"source":"Q8WXA8","target":"hsa04726","Edge_Type":"kegg_path_prot","label":"is involved in"}},{"data":{"source":"P63096","target":"hsa04726","Edge_Type":"kegg_path_prot","label":"is involved in"}},{"data":{"source":"O15399","target":"hsa04720","Edge_Type":"kegg_path_prot","label":"is involved in"}},{"data":{"source":"Q05586","target":"hsa04720","Edge_Type":"kegg_path_prot","label":"is involved in"}},{"data":{"source":"Q12879","target":"hsa04720","Edge_Type":"kegg_path_prot","label":"is involved in"}},{"data":{"source":"Q13224","target":"hsa04720","Edge_Type":"kegg_path_prot","label":"is involved in"}},{"data":{"source":"Q14957","target":"hsa04720","Edge_Type":"kegg_path_prot","label":"is involved in"}},{"data":{"source":"Q9UQM7","target":"hsa04720","Edge_Type":"kegg_path_prot","label":"is involved in"}},{"data":{"source":"O15399","target":"hsa04713","Edge_Type":"kegg_path_prot","label":"is involved in"}},{"data":{"source":"Q05586","target":"hsa04713","Edge_Type":"kegg_path_prot","label":"is involved in"}},{"data":{"source":"Q12879","target":"hsa04713","Edge_Type":"kegg_path_prot","label":"is involved in"}},{"data":{"source":"Q13224","target":"hsa04713","Edge_Type":"kegg_path_prot","label":"is involved in"}},{"data":{"source":"Q14957","target":"hsa04713","Edge_Type":"kegg_path_prot","label":"is involved in"}},{"data":{"source":"P63096","target":"hsa04713","Edge_Type":"kegg_path_prot","label":"is involved in"}},{"data":{"source":"Q9UQM7","target":"hsa04713","Edge_Type":"kegg_path_prot","label":"is involved in"}},{"data":{"source":"O15399","target":"hsa04024","Edge_Type":"kegg_path_prot","label":"is involved in"}},{"data":{"source":"O60391","target":"hsa04024","Edge_Type":"kegg_path_prot","label":"is involved in"}},{"data":{"source":"P14416","target":"hsa04024","Edge_Type":"kegg_path_prot","label":"is involved in"}},{"data":{"source":"Q05586","target":"hsa04024","Edge_Type":"kegg_path_prot","label":"is involved in"}},{"data":{"source":"Q12879","target":"hsa04024","Edge_Type":"kegg_path_prot","label":"is involved in"}},{"data":{"source":"Q13224","target":"hsa04024","Edge_Type":"kegg_path_prot","label":"is involved in"}},{"data":{"source":"Q14957","target":"hsa04024","Edge_Type":"kegg_path_prot","label":"is involved in"}},{"data":{"source":"Q8TCU5","target":"hsa04024","Edge_Type":"kegg_path_prot","label":"is involved in"}},{"data":{"source":"P63096","target":"hsa04024","Edge_Type":"kegg_path_prot","label":"is involved in"}},{"data":{"source":"Q9UQM7","target":"hsa04024","Edge_Type":"kegg_path_prot","label":"is involved in"}},{"data":{"source":"P14416","target":"hsa04728","Edge_Type":"kegg_path_prot","label":"is involved in"}},{"data":{"source":"Q12879","target":"hsa04728","Edge_Type":"kegg_path_prot","label":"is involved in"}},{"data":{"source":"Q13224","target":"hsa04728","Edge_Type":"kegg_path_prot","label":"is involved in"}},{"data":{"source":"P21917","target":"hsa04728","Edge_Type":"kegg_path_prot","label":"is involved in"}},{"data":{"source":"P63096","target":"hsa04728","Edge_Type":"kegg_path_prot","label":"is involved in"}},{"data":{"source":"Q9UQM7","target":"hsa04728","Edge_Type":"kegg_path_prot","label":"is involved in"}},{"data":{"source":"P14867","target":"H02215","Edge_Type":"kegg_dis_prot","label":"is related to"}},{"data":{"source":"P18507","target":"H02215","Edge_Type":"kegg_dis_prot","label":"is related to"}},{"data":{"source":"P28472","target":"H02215","Edge_Type":"kegg_dis_prot","label":"is related to"}},{"data":{"source":"P23415","target":"H00769","Edge_Type":"kegg_dis_prot","label":"is related to"}},{"data":{"source":"P48167","target":"H00769","Edge_Type":"kegg_dis_prot","label":"is related to"}},{"data":{"source":"Q12879","target":"H01514","Edge_Type":"kegg_dis_prot","label":"is related to"}},{"data":{"source":"P21917","target":"H01671","Edge_Type":"kegg_dis_prot","label":"is related to"}},{"data":{"source":"O14764","target":"H02217","Edge_Type":"kegg_dis_prot","label":"is related to"}},{"data":{"source":"P14867","target":"H02217","Edge_Type":"kegg_dis_prot","label":"is related to"}},{"data":{"source":"O14764","target":"H00808","Edge_Type":"kegg_dis_prot","label":"is related to"}},{"data":{"source":"P14867","target":"H00808","Edge_Type":"kegg_dis_prot","label":"is related to"}},{"data":{"source":"O14764","target":"H00783","Edge_Type":"kegg_dis_prot","label":"is related to"}},{"data":{"source":"P18507","target":"H00783","Edge_Type":"kegg_dis_prot","label":"is related to"}},{"data":{"source":"P14416","target":"H01611","Edge_Type":"kegg_dis_prot","label":"is related to"}},{"data":{"source":"P47869","target":"H01611","Edge_Type":"kegg_dis_prot","label":"is related to"}},{"data":{"source":"Q12879","target":"H01827","Edge_Type":"kegg_dis_prot","label":"is related to"}}]}