{"options":{"search_start":1613057559,"tax_ids":[9606],"num_of_fn_nodes":10,"num_of_pathways":10,"num_of_phenotypes":10,"num_of_drugs":10,"num_of_diseases":10,"num_of_compounds":10,"chembl_compounds":0,"predictions":1,"reviewed_filter":1,"fn":1,"chembl":1,"search_finish":1613057585,"search_runtime":26},"search":[{"Drug":[{"DB01561":"Androstanedione"}]}],"nodes":[{"data":{"id":"P14061","display_name":"HSD17B1","Node_Type":"Protein"}},{"data":{"id":"P09917","display_name":"ALOX5","Node_Type":"Protein_N"}},{"data":{"id":"DB01561","display_name":"Androstanedione","Node_Type":"Drug","enrichScore":9999999}},{"data":{"id":"DB05431","display_name":"MLN-977","Node_Type":"Drug","enrichScore":2384.5}},{"data":{"id":"DB02323","display_name":"EM-1745","Node_Type":"Drug","enrichScore":2384.5}},{"data":{"id":"DB00744","display_name":"Zileuton","Node_Type":"Drug","enrichScore":2384.5}},{"data":{"id":"DB00179","display_name":"Masoprocol","Node_Type":"Drug","enrichScore":1192.25}},{"data":{"id":"DB00471","display_name":"Montelukast","Node_Type":"Drug","enrichScore":1192.25}},{"data":{"id":"DB00711","display_name":"Diethylcarbamazine","Node_Type":"Drug","enrichScore":1192.25}},{"data":{"id":"DB02187","display_name":"Equilin","Node_Type":"Drug","enrichScore":1192.25}},{"data":{"id":"DB01892","display_name":"Hyperforin","Node_Type":"Drug","enrichScore":794.833}},{"data":{"id":"DB13174","display_name":"Rhein","Node_Type":"Drug","enrichScore":794.833}},{"data":{"id":"R-HSA-9026403","display_name":"Biosynthesis of DPAn-3-derived 13-series resolvins","Node_Type":"Pathway","enrichScore":32137.5}},{"data":{"id":"R-HSA-9027604","display_name":"Biosynthesis of electrophilic Omega-3 PUFA oxo-derivatives","Node_Type":"Pathway","enrichScore":16068.75}},{"data":{"id":"R-HSA-9018682","display_name":"Biosynthesis of maresins","Node_Type":"Pathway","enrichScore":16068.75}},{"data":{"id":"R-HSA-9026290","display_name":"Biosynthesis of DPAn-3-derived maresins","Node_Type":"Pathway","enrichScore":16068.75}},{"data":{"id":"R-HSA-9026286","display_name":"Biosynthesis of DPAn-3-derived protectins and resolvins","Node_Type":"Pathway","enrichScore":16068.75}},{"data":{"id":"R-HSA-9020265","display_name":"Biosynthesis of aspirin-triggered D-series resolvins","Node_Type":"Pathway","enrichScore":10712.5}},{"data":{"id":"R-HSA-9023661","display_name":"Biosynthesis of E-series 18(R)-resolvins","Node_Type":"Pathway","enrichScore":8034.375}},{"data":{"id":"R-HSA-9018676","display_name":"Biosynthesis of D-series resolvins","Node_Type":"Pathway","enrichScore":8034.375}},{"data":{"id":"R-HSA-9018896","display_name":"Biosynthesis of E-series 18(S)-resolvins","Node_Type":"Pathway","enrichScore":6427.5}},{"data":{"id":"R-HSA-2142700","display_name":"Synthesis of Lipoxins (LX)","Node_Type":"Pathway","enrichScore":5356.25}},{"data":{"id":"HP:0001426","display_name":"Multifactorial inheritance","Node_Type":"HPO","enrichScore":27.836}},{"data":{"id":"HP:0002099","display_name":"Asthma","Node_Type":"HPO","enrichScore":16.924}},{"data":{"id":"HP:0100326","display_name":"Immunologic hypersensitivity","Node_Type":"HPO","enrichScore":13.059}},{"data":{"id":"HP:0002795","display_name":"Functional respiratory abnormality","Node_Type":"HPO","enrichScore":1.953}},{"data":{"id":"HP:0010978","display_name":"Abnormality of immune system physiology","Node_Type":"HPO","enrichScore":1.747}},{"data":{"id":"HP:0002086","display_name":"Abnormality of the respiratory system","Node_Type":"HPO","enrichScore":1.402}},{"data":{"id":"HP:0002715","display_name":"Abnormality of the immune system","Node_Type":"HPO","enrichScore":1.378}},{"data":{"id":"HP:0000006","display_name":"Autosomal dominant inheritance","Node_Type":"HPO","enrichScore":1.24}},{"data":{"id":"CHEMBL3890980","display_name":"CHEMBL3890980","Node_Type":"Prediction","enrichScore":261}},{"data":{"id":"CHEMBL3930762","display_name":"CHEMBL3930762","Node_Type":"Prediction","enrichScore":130.5}},{"data":{"id":"CHEMBL2357128","display_name":"CHEMBL2357128","Node_Type":"Prediction","enrichScore":87}},{"data":{"id":"CHEMBL341852","display_name":"CHEMBL341852","Node_Type":"Prediction","enrichScore":87}},{"data":{"id":"CHEMBL2204573","display_name":"CHEMBL2204573","Node_Type":"Prediction","enrichScore":87}},{"data":{"id":"CHEMBL2018469","display_name":"CHEMBL2018469","Node_Type":"Prediction","enrichScore":87}},{"data":{"id":"CHEMBL1593785","display_name":"CHEMBL1593785","Node_Type":"Prediction","enrichScore":87}},{"data":{"id":"CHEMBL2337885","display_name":"CHEMBL2337885","Node_Type":"Prediction","enrichScore":87}},{"data":{"id":"CHEMBL3676234","display_name":"CHEMBL3676234","Node_Type":"Prediction","enrichScore":87}},{"data":{"id":"CHEMBL3891743","display_name":"CHEMBL3891743","Node_Type":"Prediction","enrichScore":87}},{"data":{"id":"hsa04913","display_name":"Ovarian steroidogenesis","Node_Type":"kegg_Pathway","enrichScore":263}},{"data":{"id":"hsa00140","display_name":"Steroid hormone biosynthesis","Node_Type":"kegg_Pathway","enrichScore":56.983}},{"data":{"id":"hsa00590","display_name":"Arachidonic acid metabolism","Node_Type":"kegg_Pathway","enrichScore":55.145}},{"data":{"id":"hsa04664","display_name":"Fc epsilon RI signaling pathway","Node_Type":"kegg_Pathway","enrichScore":51.03}},{"data":{"id":"hsa04726","display_name":"Serotonergic synapse","Node_Type":"kegg_Pathway","enrichScore":29.991}},{"data":{"id":"hsa01100","display_name":"Metabolic pathways","Node_Type":"kegg_Pathway","enrichScore":9.247}}],"edges":[{"data":{"source":"P09917","target":"P14061","Edge_Type":"PPI","label":"interacts w\/"}},{"data":{"source":"P14061","target":"DB01561","Edge_Type":"Drug","label":"targets"}},{"data":{"source":"P09917","target":"DB05431","Edge_Type":"Drug","label":"targets"}},{"data":{"source":"P14061","target":"DB02323","Edge_Type":"Drug","label":"targets"}},{"data":{"source":"P09917","target":"DB00744","Edge_Type":"Drug","label":"targets"}},{"data":{"source":"P09917","target":"DB00179","Edge_Type":"Drug","label":"targets"}},{"data":{"source":"P09917","target":"DB00471","Edge_Type":"Drug","label":"targets"}},{"data":{"source":"P09917","target":"DB00711","Edge_Type":"Drug","label":"targets"}},{"data":{"source":"P14061","target":"DB02187","Edge_Type":"Drug","label":"targets"}},{"data":{"source":"P09917","target":"DB01892","Edge_Type":"Drug","label":"targets"}},{"data":{"source":"P09917","target":"DB13174","Edge_Type":"Drug","label":"targets"}},{"data":{"source":"P09917","target":"R-HSA-9026403","Edge_Type":"Pathway","label":"is involved in"}},{"data":{"source":"P09917","target":"R-HSA-9027604","Edge_Type":"Pathway","label":"is involved in"}},{"data":{"source":"P09917","target":"R-HSA-9018682","Edge_Type":"Pathway","label":"is involved in"}},{"data":{"source":"P09917","target":"R-HSA-9026290","Edge_Type":"Pathway","label":"is involved in"}},{"data":{"source":"P09917","target":"R-HSA-9026286","Edge_Type":"Pathway","label":"is involved in"}},{"data":{"source":"P09917","target":"R-HSA-9020265","Edge_Type":"Pathway","label":"is involved in"}},{"data":{"source":"P09917","target":"R-HSA-9023661","Edge_Type":"Pathway","label":"is involved in"}},{"data":{"source":"P09917","target":"R-HSA-9018676","Edge_Type":"Pathway","label":"is involved in"}},{"data":{"source":"P09917","target":"R-HSA-9018896","Edge_Type":"Pathway","label":"is involved in"}},{"data":{"source":"P09917","target":"R-HSA-2142700","Edge_Type":"Pathway","label":"is involved in"}},{"data":{"source":"P09917","target":"HP:0001426","Edge_Type":"HPO","label":"is associated w\/"}},{"data":{"source":"P09917","target":"HP:0002099","Edge_Type":"HPO","label":"is associated w\/"}},{"data":{"source":"P09917","target":"HP:0100326","Edge_Type":"HPO","label":"is associated w\/"}},{"data":{"source":"P09917","target":"HP:0002795","Edge_Type":"HPO","label":"is associated w\/"}},{"data":{"source":"P09917","target":"HP:0010978","Edge_Type":"HPO","label":"is associated w\/"}},{"data":{"source":"P09917","target":"HP:0002086","Edge_Type":"HPO","label":"is associated w\/"}},{"data":{"source":"P09917","target":"HP:0002715","Edge_Type":"HPO","label":"is associated w\/"}},{"data":{"source":"P09917","target":"HP:0000006","Edge_Type":"HPO","label":"is associated w\/"}},{"data":{"source":"P09917","target":"CHEMBL3890980","Edge_Type":"Prediction","label":"targets"}},{"data":{"source":"P09917","target":"CHEMBL3930762","Edge_Type":"Prediction","label":"targets"}},{"data":{"source":"P09917","target":"CHEMBL2357128","Edge_Type":"Prediction","label":"targets"}},{"data":{"source":"P09917","target":"CHEMBL341852","Edge_Type":"Prediction","label":"targets"}},{"data":{"source":"P09917","target":"CHEMBL2204573","Edge_Type":"Prediction","label":"targets"}},{"data":{"source":"P09917","target":"CHEMBL2018469","Edge_Type":"Prediction","label":"targets"}},{"data":{"source":"P09917","target":"CHEMBL1593785","Edge_Type":"Prediction","label":"targets"}},{"data":{"source":"P09917","target":"CHEMBL2337885","Edge_Type":"Prediction","label":"targets"}},{"data":{"source":"P09917","target":"CHEMBL3676234","Edge_Type":"Prediction","label":"targets"}},{"data":{"source":"P09917","target":"CHEMBL3891743","Edge_Type":"Prediction","label":"targets"}},{"data":{"source":"P14061","target":"hsa04913","Edge_Type":"kegg_path_prot","label":"is involved in"}},{"data":{"source":"P09917","target":"hsa04913","Edge_Type":"kegg_path_prot","label":"is involved in"}},{"data":{"source":"P14061","target":"hsa00140","Edge_Type":"kegg_path_prot","label":"is involved in"}},{"data":{"source":"P09917","target":"hsa00590","Edge_Type":"kegg_path_prot","label":"is involved in"}},{"data":{"source":"P09917","target":"hsa04664","Edge_Type":"kegg_path_prot","label":"is involved in"}},{"data":{"source":"P09917","target":"hsa04726","Edge_Type":"kegg_path_prot","label":"is involved in"}},{"data":{"source":"P14061","target":"hsa01100","Edge_Type":"kegg_path_prot","label":"is involved in"}},{"data":{"source":"P09917","target":"hsa01100","Edge_Type":"kegg_path_prot","label":"is involved in"}}]}