Core Proteins,Interacting Proteins,Pathways,HPO terms,Diseases,Targeting Drugs,Experimental Bioactive Compounds (pChEMBL),Predicted interacting Compounds
NR3C1 (P04150),TMF1 (P82094),R-HSA-4090294 SUMOylation of intracellular receptors[scr:1483]; R-HSA-8849473 PTK6 Expression[scr:989]; R-HSA-383280 Nuclear Receptor transcription pathway[scr:873]; R-HSA-3371497 HSP90 chaperone cycle for steroid hormone receptors (SHR)[scr:781]; hsa04080 Neuroactive ligand-receptor interaction[scr:2],HP:0010458 Female pseudohermaphroditism[scr:145]; HP:0002292 Frontal balding[scr:81],Orphanet:786 Glucocorticoid resistance (EFO)[scr:277]; H01702 Glucocorticoid resistance syndrome (KEGG)[scr:282]; H01709 Glucocorticoid-induced osteonecrosis (KEGG)[scr:47],DB08867 Ulipristal[scr:9999999]; DB00717 Norethisterone[scr:3302]; DB08906 Fluticasone furoate[scr:1467]; DB01395 Drospirenone[scr:1101]; DB14583 Segesterone acetate[scr:1101]; DB00834 Mifepristone[scr:825]; DB00351 Megestrol acetate[scr:734]; DB00764 Mometasone[scr:734]; DB14512 Mometasone furoate[scr:734],,CHEMBL3973947 [scr:80.31]; CHEMBL3138642 [scr:80.31]; CHEMBL3687251 [scr:80.31]; CHEMBL1766937 [scr:80.31]; CHEMBL2436324 [scr:80.31]; CHEMBL3125539 [scr:80.31]; CHEMBL1601347 [scr:80.31]; CHEMBL3676701 [scr:80.31]; CHEMBL3647565 [scr:80.31]; CHEMBL2374003 [scr:80.31]
PGR (P06401),PGR (P06401),R-HSA-4090294 SUMOylation of intracellular receptors[scr:1483]; R-HSA-383280 Nuclear Receptor transcription pathway[scr:873]; R-HSA-3371497 HSP90 chaperone cycle for steroid hormone receptors (SHR)[scr:781]; R-HSA-1251985 Nuclear signaling by ERBB4[scr:183]; hsa04114 Oocyte meiosis[scr:16]; hsa04914 Progesterone-mediated oocyte maturation[scr:6]; hsa04915 Estrogen signaling pathway[scr:4],,,DB08867 Ulipristal[scr:9999999]; DB00717 Norethisterone[scr:3302]; DB08906 Fluticasone furoate[scr:1467]; DB01395 Drospirenone[scr:1101]; DB14583 Segesterone acetate[scr:1101]; DB00834 Mifepristone[scr:825]; DB00351 Megestrol acetate[scr:734]; DB00764 Mometasone[scr:734]; DB14512 Mometasone furoate[scr:734],,
AR (P10275),SHE (Q5VZ18); FOXA1 (P55317); DDC (P20711); RNF6 (Q9Y252); JMJD1C (Q15652); KDM5D (Q9BY66); KDM5D (Q9BY66); KLK3 (P07288); NSD2 (O96028); MAK (P20794),R-HSA-4090294 SUMOylation of intracellular receptors[scr:1483]; R-HSA-383280 Nuclear Receptor transcription pathway[scr:873]; R-HSA-3371497 HSP90 chaperone cycle for steroid hormone receptors (SHR)[scr:781]; R-HSA-5625886 Activated PKN1 stimulates transcription of AR (androgen receptor) regulated genes KLK2 and KLK3[scr:549]; R-HSA-8940973 RUNX2 regulates osteoblast differentiation[scr:206]; hsa04114 Oocyte meiosis[scr:16],HP:0040314 Blind vagina[scr:325]; HP:0010458 Female pseudohermaphroditism[scr:145]; HP:0000151 Aplasia of the uterus[scr:81]; HP:0002555 Absent pubic hair[scr:81]; HP:0008655 Aplasia/Hypoplasia of the fallopian tube[scr:65],Orphanet:481 Kennedy disease (EFO)[scr:277]; Orphanet:754 Androgen insensitivity syndrome (EFO)[scr:277]; Orphanet:90797 Partial androgen insensitivity syndrome (EFO)[scr:277]; Orphanet:99429 Complete androgen insensitivity syndrome (EFO)[scr:277]; Orphanet:440 Familial hypospadias (EFO)[scr:139]; H00062 Spinal and bulbar muscular atrophy (SBMA) (KEGG)[scr:282]; H02177 Androgen insensitivity syndrome (KEGG)[scr:282]; H02175 Hypospadias (KEGG)[scr:141]; H00455 Spinal muscular atrophy (KEGG)[scr:35]; H00024 Prostate cancer (KEGG)[scr:28],DB08867 Ulipristal[scr:9999999]; DB00717 Norethisterone[scr:3302]; DB01395 Drospirenone[scr:1101]; DB14583 Segesterone acetate[scr:1101]; DB04839 Cyproterone acetate[scr:734],,CHEMBL3973947 [scr:80.31]; CHEMBL3138642 [scr:80.31]; CHEMBL3687251 [scr:80.31]; CHEMBL1766937 [scr:80.31]; CHEMBL2436324 [scr:80.31]; CHEMBL3125539 [scr:80.31]; CHEMBL1601347 [scr:80.31]; CHEMBL3676701 [scr:80.31]; CHEMBL3647565 [scr:80.31]; CHEMBL2374003 [scr:80.31]
SHE (Q5VZ18),AR (P10275),,,,,,
FOXA1 (P55317),AR (P10275),,,,,,
DDC (P20711),AR (P10275),R-HSA-209905 Catecholamine biosynthesis[scr:1236]; R-HSA-209931 Serotonin and melatonin biosynthesis[scr:989]; hsa00360 Phenylalanine metabolism[scr:33]; hsa00350 Tyrosine metabolism[scr:15]; hsa00380 Tryptophan metabolism[scr:13]; hsa04726 Serotonergic synapse[scr:5]; hsa04728 Dopaminergic synapse[scr:4],HP:0005964 Intermittent hypothermia[scr:163]; HP:0001742 Nasal obstruction[scr:65]; HP:0003785 Decreased CSF homovanillic acid[scr:65],Orphanet:35708 Aromatic L-amino acid decarboxylase deficiency (EFO)[scr:277]; H01161 Aromatic L-amino acid decarboxylase deficiency (KEGG)[scr:282],,,
RNF6 (Q9Y252),AR (P10275),,,EFO:0005922 esophageal squamous cell carcinoma (EFO)[scr:40]; MONDO:0007576 esophageal cancer (EFO)[scr:40],,,
JMJD1C (Q15652),AR (P10275),,,,,,
KDM5D (Q9BY66),AR (P10275),R-HSA-3214842 HDMs demethylate histones[scr:183],,,,,
TMF1 (P82094),NR3C1 (P04150),,,,,,
KLK3 (P07288),AR (P10275),R-HSA-5625886 Activated PKN1 stimulates transcription of AR (androgen receptor) regulated genes KLK2 and KLK3[scr:549],,,DB00834 Mifepristone[scr:825]; DB04839 Cyproterone acetate[scr:734],,
NSD2 (O96028),AR (P10275),hsa00310 Lysine degradation[scr:9],HP:0008830 Hypoplastic pubic rami[scr:108]; HP:0000151 Aplasia of the uterus[scr:81],H01773 4p deletion syndrome (KEGG)[scr:56]; H00010 Multiple myeloma (KEGG)[scr:31],,,
MAK (P20794),AR (P10275),,,Orphanet:791 Retinitis pigmentosa (EFO)[scr:4],,,
