Core Proteins,Interacting Proteins,Pathways,HPO terms,Diseases,Targeting Drugs,Experimental Bioactive Compounds (pChEMBL),Predicted interacting Compounds
RNASE1 (P07998),TRIM7 (Q9C029); RNH1 (P13489),,,,DB03900 tert-butanol[scr:9999999]; DB03155 2'-fluoro-2'-deoxyuridine 3'-monophosphate[scr:596]; DB02573 2'-deoxycytidine-2'-deoxyadenosine-3'-5'-monophosphate[scr:596]; DB02714 3'-Uridinemonophosphate[scr:596]; DB02805 Arabinouridine 3'-phosphate[scr:596],,
CALM1 (P0DP23),,R-HSA-111997 CaM pathway[scr:8034]; R-HSA-9022535 Loss of phosphorylation of MECP2 at T308[scr:2009]; R-HSA-111957 Cam-PDE 1 activation[scr:2009]; R-HSA-111933 Calmodulin induced events[scr:1607]; R-HSA-9619229 Activation of RAC1 downstream of NMDARs[scr:1148]; R-HSA-442729 CREB1 phosphorylation through the activation of CaMKII/CaMKK/CaMKIV cascasde[scr:1004]; hsa04744 Phototransduction[scr:226]; hsa04744 Phototransduction[scr:226]; hsa04744 Phototransduction[scr:226]; hsa04720 Long-term potentiation[scr:105]; hsa04720 Long-term potentiation[scr:105]; hsa04720 Long-term potentiation[scr:105]; hsa04924 Renin secretion[scr:101]; hsa04924 Renin secretion[scr:101]; hsa04924 Renin secretion[scr:101]; hsa04971 Gastric acid secretion[scr:93]; hsa04971 Gastric acid secretion[scr:93]; hsa04971 Gastric acid secretion[scr:93]; hsa04970 Salivary secretion[scr:80]; hsa04970 Salivary secretion[scr:80]; hsa04970 Salivary secretion[scr:80]; hsa04912 GnRH signaling pathway[scr:77]; hsa04912 GnRH signaling pathway[scr:77]; hsa04912 GnRH signaling pathway[scr:77]; hsa04713 Circadian entrainment[scr:74]; hsa04713 Circadian entrainment[scr:74]; hsa04713 Circadian entrainment[scr:74]; hsa04070 Phosphatidylinositol signaling system[scr:73]; hsa04070 Phosphatidylinositol signaling system[scr:73]; hsa04070 Phosphatidylinositol signaling system[scr:73]; hsa04925 Aldosterone synthesis and secretion[scr:73]; hsa04925 Aldosterone synthesis and secretion[scr:73]; hsa04925 Aldosterone synthesis and secretion[scr:73]; hsa04750 Inflammatory mediator regulation of TRP channels[scr:72]; hsa04750 Inflammatory mediator regulation of TRP channels[scr:72]; hsa04750 Inflammatory mediator regulation of TRP channels[scr:72],HP:0500018 Abnormal cardiac exercise stress test[scr:33],Orphanet:3286 Catecholaminergic polymorphic ventricular tachycardia (EFO)[scr:90]; Orphanet:768 Familial long QT syndrome (EFO)[scr:32]; MONDO:0014548 long QT syndrome 14 (EFO)[scr:0]; H00720 Long QT syndrome (KEGG)[scr:97]; H00720 Long QT syndrome (KEGG)[scr:97]; H01019 Catecholaminergic polymorphic ventricular tachycardia (KEGG)[scr:65],DB03900 tert-butanol[scr:9999999]; DB02868 Deacetoxyvinzolidine[scr:596],,
METAP2 (P50579),,,,,DB03900 tert-butanol[scr:9999999]; DB02640 Fumagillin[scr:596]; DB07322 2-[(PHENYLSULFONYL)AMINO]-5-6-7-8-TETRAHYDRONAPHTHALENE-1-CARBOXYLIC ACID[scr:596]; DB02893 D-Methionine[scr:596],,
TPI1 (P60174),PCNA (P12004); TERF1 (P54274),,HP:0007009 Central nervous system degeneration[scr:132]; HP:0004870 Chronic hemolytic anemia[scr:88]; HP:0006597 Diaphragmatic paralysis[scr:88]; HP:0001895 Normochromic anemia[scr:66]; HP:0001897 Normocytic anemia[scr:59]; HP:0009113 Diaphragmatic weakness[scr:38]; HP:0003323 Progressive muscle weakness[scr:35]; HP:0001082 Cholecystitis[scr:33]; HP:0012438 Abnormal gallbladder physiology[scr:33],Orphanet:868 Triose phosphate-isomerase deficiency (EFO)[scr:450]; H00664 Anemia due to disorders of glycolytic enzymes (KEGG)[scr:92],DB03900 tert-butanol[scr:9999999]; DB03379 2-Carboxyethylphosphonic Acid[scr:596],,
TRIM7 (Q9C029),RNASE1 (P07998),,,,,,
RNH1 (P13489),RNASE1 (P07998),,,,,,
PCNA (P12004),TPI1 (P60174); PCNA (P12004),R-HSA-174417 Telomere C-strand (Lagging Strand) Synthesis[scr:1607]; R-HSA-174414 Processive synthesis on the C-strand of the telomere[scr:1339],HP:0003323 Progressive muscle weakness[scr:35],Orphanet:251347 Ataxia-telangiectasia-like disorder (EFO)[scr:225]; H02014 Ataxia-telangiectasia-like syndrome (KEGG)[scr:229],,,
TERF1 (P54274),TPI1 (P60174),R-HSA-110331 Cleavage of the damaged purine[scr:2678]; R-HSA-110330 Recognition and association of DNA glycosylase with site containing an affected purine[scr:2678],,,,,
