{"options":{"search_start":1613059947,"tax_ids":[9606],"num_of_fn_nodes":10,"num_of_pathways":10,"num_of_phenotypes":10,"num_of_drugs":10,"num_of_diseases":10,"num_of_compounds":10,"chembl_compounds":0,"predictions":1,"reviewed_filter":1,"fn":1,"chembl":1,"search_finish":1613059980,"search_runtime":33},"search":[{"Drug":[{"DB00414":"Acetohexamide"}]}],"nodes":[{"data":{"id":"P10828","display_name":"THRB","Node_Type":"Protein"}},{"data":{"id":"P16473","display_name":"TSHR","Node_Type":"Protein"}},{"data":{"id":"P48048","display_name":"KCNJ1","Node_Type":"Protein"}},{"data":{"id":"P54132","display_name":"BLM","Node_Type":"Protein"}},{"data":{"id":"P30542","display_name":"ADORA1","Node_Type":"Protein_N"}},{"data":{"id":"Q9NPA3","display_name":"MID1IP1","Node_Type":"Protein_N"}},{"data":{"id":"P21579","display_name":"SYT1","Node_Type":"Protein_N"}},{"data":{"id":"Q9BX63","display_name":"BRIP1","Node_Type":"Protein_N"}},{"data":{"id":"Q9BQ15","display_name":"NABP2","Node_Type":"Protein_N"}},{"data":{"id":"P42677","display_name":"RPS27","Node_Type":"Protein_N"}},{"data":{"id":"Q9H9A7","display_name":"RMI1","Node_Type":"Protein_N"}},{"data":{"id":"Q96RL1","display_name":"UIMC1","Node_Type":"Protein_N"}},{"data":{"id":"P39748","display_name":"FEN1","Node_Type":"Protein_N"}},{"data":{"id":"P27694","display_name":"RPA1","Node_Type":"Protein_N"}},{"data":{"id":"Orphanet:125","display_name":"Bloom syndrome","Node_Type":"Disease","enrichScore":257.214}},{"data":{"id":"Orphanet:165994","display_name":"Selective pituitary resistance to thyroid hormone","Node_Type":"Disease","enrichScore":257.214}},{"data":{"id":"Orphanet:3221","display_name":"Generalized resistance to thyroid hormone","Node_Type":"Disease","enrichScore":257.214}},{"data":{"id":"Orphanet:424","display_name":"Familial hyperthyroidism due to mutations in TSH receptor","Node_Type":"Disease","enrichScore":257.214}},{"data":{"id":"Orphanet:90673","display_name":"Hypothyroidism due to TSH receptor mutations","Node_Type":"Disease","enrichScore":257.214}},{"data":{"id":"Orphanet:99819","display_name":"Familial gestational hyperthyroidism","Node_Type":"Disease","enrichScore":257.214}},{"data":{"id":"Orphanet:93604","display_name":"Antenatal Bartter syndrome","Node_Type":"Disease","enrichScore":85.738}},{"data":{"id":"Orphanet:112","display_name":"Bartter syndrome","Node_Type":"Disease","enrichScore":42.869}},{"data":{"id":"EFO:0003869","display_name":"breast neoplasm","Node_Type":"Disease","enrichScore":18.372}},{"data":{"id":"EFO:0000305","display_name":"breast carcinoma","Node_Type":"Disease","enrichScore":17.148}},{"data":{"id":"DB00414","display_name":"Acetohexamide","Node_Type":"Drug","enrichScore":9999999}},{"data":{"id":"DB00024","display_name":"Thyrotropin alfa","Node_Type":"Drug","enrichScore":340.643}},{"data":{"id":"DB03604","display_name":"Tiratricol","Node_Type":"Drug","enrichScore":340.643}},{"data":{"id":"DB08085","display_name":"1-(4-HEXYLPHENYL)PROP-2-EN-1-ONE","Node_Type":"Drug","enrichScore":340.643}},{"data":{"id":"DB07425","display_name":"Sobetirome","Node_Type":"Drug","enrichScore":340.643}},{"data":{"id":"DB12670","display_name":"Rolofylline","Node_Type":"Drug","enrichScore":340.643}},{"data":{"id":"DB06471","display_name":"Naxifylline","Node_Type":"Drug","enrichScore":340.643}},{"data":{"id":"DB12569","display_name":"Tonapofylline","Node_Type":"Drug","enrichScore":340.643}},{"data":{"id":"DB05192","display_name":"MB07811","Node_Type":"Drug","enrichScore":340.643}},{"data":{"id":"DB02106","display_name":"[3,5-Dibromo-4-(4-Hydroxy-3-Phenethylcarbamoyl-Phenoxy)-Phenyl]-Acetic Acid","Node_Type":"Drug","enrichScore":340.643}},{"data":{"id":"R-HSA-5685938","display_name":"HDR through Single Strand Annealing (SSA)","Node_Type":"Pathway","enrichScore":1985.328}},{"data":{"id":"R-HSA-5693616","display_name":"Presynaptic phase of homologous DNA pairing and strand exchange","Node_Type":"Pathway","enrichScore":1883.516}},{"data":{"id":"R-HSA-174437","display_name":"Removal of the Flap Intermediate from the C-strand","Node_Type":"Pathway","enrichScore":1836.429}},{"data":{"id":"R-HSA-69473","display_name":"G2\/M DNA damage checkpoint","Node_Type":"Pathway","enrichScore":1713.086}},{"data":{"id":"R-HSA-5693579","display_name":"Homologous DNA Pairing and Strand Exchange","Node_Type":"Pathway","enrichScore":1652.786}},{"data":{"id":"R-HSA-5693554","display_name":"Resolution of D-loop Structures through Synthesis-Dependent Strand Annealing (SDSA)","Node_Type":"Pathway","enrichScore":1589.217}},{"data":{"id":"R-HSA-1296067","display_name":"Potassium transport channels","Node_Type":"Pathway","enrichScore":1530.357}},{"data":{"id":"R-HSA-5685942","display_name":"HDR through Homologous Recombination (HRR)","Node_Type":"Pathway","enrichScore":1530.357}},{"data":{"id":"R-HSA-162594","display_name":"Early Phase of HIV Life Cycle","Node_Type":"Pathway","enrichScore":1530.357}},{"data":{"id":"R-HSA-5250989","display_name":"Toxicity of botulinum toxin type G (BoNT\/G)","Node_Type":"Pathway","enrichScore":1530.357}},{"data":{"id":"HP:0012188","display_name":"Hyperemesis gravidarum","Node_Type":"HPO","enrichScore":302.214}},{"data":{"id":"HP:0011788","display_name":"Increased circulating free T3","Node_Type":"HPO","enrichScore":302.214}},{"data":{"id":"HP:0032209","display_name":"Abnormal circulating free T3 concentration","Node_Type":"HPO","enrichScore":302.214}},{"data":{"id":"HP:0011789","display_name":"Impaired sensitivity to thyroid stimulating hormone","Node_Type":"HPO","enrichScore":302.214}},{"data":{"id":"HP:0011790","display_name":"Activating thyroid-stimulating hormone receptor defect","Node_Type":"HPO","enrichScore":302.214}},{"data":{"id":"HP:0002930","display_name":"Impaired sensitivity to thyroid hormone","Node_Type":"HPO","enrichScore":151.107}},{"data":{"id":"HP:0000111","display_name":"Renal juxtaglomerular cell hypertrophy\/hyperplasia","Node_Type":"HPO","enrichScore":151.107}},{"data":{"id":"HP:0005598","display_name":"Facial telangiectasia in butterfly midface distribution","Node_Type":"HPO","enrichScore":151.107}},{"data":{"id":"HP:0003566","display_name":"Increased serum prostaglandin E2","Node_Type":"HPO","enrichScore":151.107}},{"data":{"id":"HP:0003527","display_name":"Hyperprostaglandinuria","Node_Type":"HPO","enrichScore":151.107}},{"data":{"id":"CHEMBL2036813","display_name":"CHEMBL2036813","Node_Type":"Prediction","enrichScore":37.286}},{"data":{"id":"CHEMBL3393543","display_name":"CHEMBL3393543","Node_Type":"Prediction","enrichScore":37.286}},{"data":{"id":"CHEMBL2326517","display_name":"CHEMBL2326517","Node_Type":"Prediction","enrichScore":37.286}},{"data":{"id":"CHEMBL3393555","display_name":"CHEMBL3393555","Node_Type":"Prediction","enrichScore":37.286}},{"data":{"id":"CHEMBL3660476","display_name":"CHEMBL3660476","Node_Type":"Prediction","enrichScore":37.286}},{"data":{"id":"CHEMBL2326488","display_name":"CHEMBL2326488","Node_Type":"Prediction","enrichScore":37.286}},{"data":{"id":"CHEMBL2326722","display_name":"CHEMBL2326722","Node_Type":"Prediction","enrichScore":37.286}},{"data":{"id":"CHEMBL3666229","display_name":"CHEMBL3666229","Node_Type":"Prediction","enrichScore":37.286}},{"data":{"id":"CHEMBL1531273","display_name":"CHEMBL1531273","Node_Type":"Prediction","enrichScore":37.286}},{"data":{"id":"CHEMBL1563489","display_name":"CHEMBL1563489","Node_Type":"Prediction","enrichScore":37.286}},{"data":{"id":"hsa03440","display_name":"Homologous recombination","Node_Type":"kegg_Pathway","enrichScore":190.606}},{"data":{"id":"hsa03460","display_name":"Fanconi anemia pathway","Node_Type":"kegg_Pathway","enrichScore":144.72}},{"data":{"id":"hsa03030","display_name":"DNA replication","Node_Type":"kegg_Pathway","enrichScore":54.27}},{"data":{"id":"hsa03450","display_name":"Non-homologous end-joining","Node_Type":"kegg_Pathway","enrichScore":37.571}},{"data":{"id":"hsa04923","display_name":"Regulation of lipolysis in adipocytes","Node_Type":"kegg_Pathway","enrichScore":34.888}},{"data":{"id":"hsa03430","display_name":"Mismatch repair","Node_Type":"kegg_Pathway","enrichScore":21.236}},{"data":{"id":"hsa03410","display_name":"Base excision repair","Node_Type":"kegg_Pathway","enrichScore":14.801}},{"data":{"id":"hsa04960","display_name":"Aldosterone-regulated sodium reabsorption","Node_Type":"kegg_Pathway","enrichScore":13.201}},{"data":{"id":"hsa04080","display_name":"Neuroactive ligand-receptor interaction","Node_Type":"kegg_Pathway","enrichScore":12.853}},{"data":{"id":"hsa03420","display_name":"Nucleotide excision repair","Node_Type":"kegg_Pathway","enrichScore":10.618}},{"data":{"id":"H00409","display_name":"Type 2 diabetes mellitus","Node_Type":"kegg_Disease","enrichScore":1000000}},{"data":{"id":"H00249","display_name":"Thyroid hormone resistance syndrome","Node_Type":"kegg_Disease","enrichScore":261.929}},{"data":{"id":"H01269","display_name":"Congenital hyperthyroidism","Node_Type":"kegg_Disease","enrichScore":261.929}},{"data":{"id":"H01346","display_name":"Bloom syndrome","Node_Type":"kegg_Disease","enrichScore":261.929}},{"data":{"id":"H00296","display_name":"Defects in RecQ helicases","Node_Type":"kegg_Disease","enrichScore":87.31}},{"data":{"id":"H00250","display_name":"Congenital nongoitrous hypothyroidism (CHNG)","Node_Type":"kegg_Disease","enrichScore":43.655}},{"data":{"id":"H00094","display_name":"Immunodeficiency associated with DNA repair defects","Node_Type":"kegg_Disease","enrichScore":43.655}},{"data":{"id":"H00239","display_name":"Bartter syndrome","Node_Type":"kegg_Disease","enrichScore":37.418}},{"data":{"id":"H00238","display_name":"Fanconi anemia","Node_Type":"kegg_Disease","enrichScore":12.473}}],"edges":[{"data":{"source":"P30542","target":"P16473","Edge_Type":"PPI","label":"interacts w\/"}},{"data":{"source":"Q9NPA3","target":"P16473","Edge_Type":"PPI","label":"interacts w\/"}},{"data":{"source":"P21579","target":"P16473","Edge_Type":"PPI","label":"interacts w\/"}},{"data":{"source":"Q9BX63","target":"P54132","Edge_Type":"PPI","label":"interacts w\/"}},{"data":{"source":"Q9BQ15","target":"P54132","Edge_Type":"PPI","label":"interacts w\/"}},{"data":{"source":"P42677","target":"P54132","Edge_Type":"PPI","label":"interacts w\/"}},{"data":{"source":"Q9H9A7","target":"P54132","Edge_Type":"PPI","label":"interacts w\/"}},{"data":{"source":"Q96RL1","target":"P54132","Edge_Type":"PPI","label":"interacts w\/"}},{"data":{"source":"P39748","target":"P54132","Edge_Type":"PPI","label":"interacts w\/"}},{"data":{"source":"P27694","target":"P54132","Edge_Type":"PPI","label":"interacts w\/"}},{"data":{"source":"HP:0012188","target":"Orphanet:99819","Edge_Type":"hpodis","label":"is associated w\/"}},{"data":{"source":"HP:0012188","target":"Orphanet:99819","Edge_Type":"hpodis","label":"is associated w\/"}},{"data":{"source":"HP:0011788","target":"Orphanet:3221","Edge_Type":"hpodis","label":"is associated w\/"}},{"data":{"source":"HP:0032209","target":"Orphanet:3221","Edge_Type":"hpodis","label":"is associated w\/"}},{"data":{"source":"HP:0011789","target":"Orphanet:99819","Edge_Type":"hpodis","label":"is associated w\/"}},{"data":{"source":"HP:0011789","target":"Orphanet:424","Edge_Type":"hpodis","label":"is associated w\/"}},{"data":{"source":"HP:0011790","target":"Orphanet:99819","Edge_Type":"hpodis","label":"is associated w\/"}},{"data":{"source":"HP:0011790","target":"Orphanet:424","Edge_Type":"hpodis","label":"is associated w\/"}},{"data":{"source":"HP:0002930","target":"Orphanet:3221","Edge_Type":"hpodis","label":"is associated w\/"}},{"data":{"source":"HP:0002930","target":"Orphanet:165994","Edge_Type":"hpodis","label":"is associated w\/"}},{"data":{"source":"HP:0002930","target":"Orphanet:3221","Edge_Type":"hpodis","label":"is associated w\/"}},{"data":{"source":"HP:0000111","target":"Orphanet:93604","Edge_Type":"hpodis","label":"is associated w\/"}},{"data":{"source":"HP:0000111","target":"Orphanet:93604","Edge_Type":"hpodis","label":"is associated w\/"}},{"data":{"source":"HP:0005598","target":"Orphanet:125","Edge_Type":"hpodis","label":"is associated w\/"}},{"data":{"source":"HP:0005598","target":"Orphanet:125","Edge_Type":"hpodis","label":"is associated w\/"}},{"data":{"source":"HP:0003566","target":"Orphanet:93604","Edge_Type":"hpodis","label":"is associated w\/"}},{"data":{"source":"HP:0003566","target":"Orphanet:93604","Edge_Type":"hpodis","label":"is associated w\/"}},{"data":{"source":"HP:0003527","target":"Orphanet:93604","Edge_Type":"hpodis","label":"is associated w\/"}},{"data":{"source":"HP:0003527","target":"Orphanet:93604","Edge_Type":"hpodis","label":"is associated w\/"}},{"data":{"source":"P54132","target":"Orphanet:125","Edge_Type":"Disease","label":"is related to"}},{"data":{"source":"P10828","target":"Orphanet:165994","Edge_Type":"Disease","label":"is related to"}},{"data":{"source":"P10828","target":"Orphanet:3221","Edge_Type":"Disease","label":"is related to"}},{"data":{"source":"P16473","target":"Orphanet:424","Edge_Type":"Disease","label":"is related to"}},{"data":{"source":"P16473","target":"Orphanet:90673","Edge_Type":"Disease","label":"is related to"}},{"data":{"source":"P16473","target":"Orphanet:99819","Edge_Type":"Disease","label":"is related to"}},{"data":{"source":"P48048","target":"Orphanet:93604","Edge_Type":"Disease","label":"is related to"}},{"data":{"source":"P48048","target":"Orphanet:112","Edge_Type":"Disease","label":"is related to"}},{"data":{"source":"Q9BX63","target":"EFO:0003869","Edge_Type":"Disease","label":"is related to"}},{"data":{"source":"Q9BX63","target":"EFO:0000305","Edge_Type":"Disease","label":"is related to"}},{"data":{"source":"P48048","target":"DB00414","Edge_Type":"Drug","label":"targets"}},{"data":{"source":"P10828","target":"DB00414","Edge_Type":"Chembl","label":"targets","pchembl_value":8.6}},{"data":{"source":"P16473","target":"DB00414","Edge_Type":"Chembl","label":"targets","pchembl_value":8.2}},{"data":{"source":"P54132","target":"DB00414","Edge_Type":"Chembl","label":"targets","pchembl_value":8.55}},{"data":{"source":"P16473","target":"DB00024","Edge_Type":"Drug","label":"targets"}},{"data":{"source":"P10828","target":"DB03604","Edge_Type":"Drug","label":"targets"}},{"data":{"source":"P10828","target":"DB08085","Edge_Type":"Drug","label":"targets"}},{"data":{"source":"P10828","target":"DB07425","Edge_Type":"Drug","label":"targets"}},{"data":{"source":"P30542","target":"DB12670","Edge_Type":"Drug","label":"targets"}},{"data":{"source":"P30542","target":"DB06471","Edge_Type":"Drug","label":"targets"}},{"data":{"source":"P30542","target":"DB12569","Edge_Type":"Drug","label":"targets"}},{"data":{"source":"P10828","target":"DB05192","Edge_Type":"Drug","label":"targets"}},{"data":{"source":"P10828","target":"DB02106","Edge_Type":"Drug","label":"targets"}},{"data":{"source":"P54132","target":"R-HSA-5685938","Edge_Type":"Pathway","label":"is involved in"}},{"data":{"source":"Q9BX63","target":"R-HSA-5685938","Edge_Type":"Pathway","label":"is involved in"}},{"data":{"source":"Q9H9A7","target":"R-HSA-5685938","Edge_Type":"Pathway","label":"is involved in"}},{"data":{"source":"P27694","target":"R-HSA-5685938","Edge_Type":"Pathway","label":"is involved in"}},{"data":{"source":"P54132","target":"R-HSA-5693616","Edge_Type":"Pathway","label":"is involved in"}},{"data":{"source":"Q9BX63","target":"R-HSA-5693616","Edge_Type":"Pathway","label":"is involved in"}},{"data":{"source":"Q9H9A7","target":"R-HSA-5693616","Edge_Type":"Pathway","label":"is involved in"}},{"data":{"source":"P27694","target":"R-HSA-5693616","Edge_Type":"Pathway","label":"is involved in"}},{"data":{"source":"P39748","target":"R-HSA-174437","Edge_Type":"Pathway","label":"is involved in"}},{"data":{"source":"P27694","target":"R-HSA-174437","Edge_Type":"Pathway","label":"is involved in"}},{"data":{"source":"P54132","target":"R-HSA-69473","Edge_Type":"Pathway","label":"is involved in"}},{"data":{"source":"Q9BX63","target":"R-HSA-69473","Edge_Type":"Pathway","label":"is involved in"}},{"data":{"source":"Q9H9A7","target":"R-HSA-69473","Edge_Type":"Pathway","label":"is involved in"}},{"data":{"source":"Q96RL1","target":"R-HSA-69473","Edge_Type":"Pathway","label":"is involved in"}},{"data":{"source":"P27694","target":"R-HSA-69473","Edge_Type":"Pathway","label":"is involved in"}},{"data":{"source":"P54132","target":"R-HSA-5693579","Edge_Type":"Pathway","label":"is involved in"}},{"data":{"source":"Q9BX63","target":"R-HSA-5693579","Edge_Type":"Pathway","label":"is involved in"}},{"data":{"source":"Q9H9A7","target":"R-HSA-5693579","Edge_Type":"Pathway","label":"is involved in"}},{"data":{"source":"P54132","target":"R-HSA-5693554","Edge_Type":"Pathway","label":"is involved in"}},{"data":{"source":"Q9BX63","target":"R-HSA-5693554","Edge_Type":"Pathway","label":"is involved in"}},{"data":{"source":"Q9H9A7","target":"R-HSA-5693554","Edge_Type":"Pathway","label":"is involved in"}},{"data":{"source":"P48048","target":"R-HSA-1296067","Edge_Type":"Pathway","label":"is involved in"}},{"data":{"source":"P54132","target":"R-HSA-5685942","Edge_Type":"Pathway","label":"is involved in"}},{"data":{"source":"Q9BX63","target":"R-HSA-5685942","Edge_Type":"Pathway","label":"is involved in"}},{"data":{"source":"Q9H9A7","target":"R-HSA-5685942","Edge_Type":"Pathway","label":"is involved in"}},{"data":{"source":"P27694","target":"R-HSA-5685942","Edge_Type":"Pathway","label":"is involved in"}},{"data":{"source":"P39748","target":"R-HSA-162594","Edge_Type":"Pathway","label":"is involved in"}},{"data":{"source":"P21579","target":"R-HSA-5250989","Edge_Type":"Pathway","label":"is involved in"}},{"data":{"source":"P16473","target":"HP:0012188","Edge_Type":"HPO","label":"is associated w\/"}},{"data":{"source":"P10828","target":"HP:0011788","Edge_Type":"HPO","label":"is associated w\/"}},{"data":{"source":"P10828","target":"HP:0032209","Edge_Type":"HPO","label":"is associated w\/"}},{"data":{"source":"P16473","target":"HP:0011789","Edge_Type":"HPO","label":"is associated w\/"}},{"data":{"source":"P16473","target":"HP:0011790","Edge_Type":"HPO","label":"is associated w\/"}},{"data":{"source":"P10828","target":"HP:0002930","Edge_Type":"HPO","label":"is associated w\/"}},{"data":{"source":"P48048","target":"HP:0000111","Edge_Type":"HPO","label":"is associated w\/"}},{"data":{"source":"P54132","target":"HP:0005598","Edge_Type":"HPO","label":"is associated w\/"}},{"data":{"source":"P48048","target":"HP:0003566","Edge_Type":"HPO","label":"is associated w\/"}},{"data":{"source":"P48048","target":"HP:0003527","Edge_Type":"HPO","label":"is associated w\/"}},{"data":{"source":"P10828","target":"CHEMBL2036813","Edge_Type":"Prediction","label":"targets"}},{"data":{"source":"P10828","target":"CHEMBL3393543","Edge_Type":"Prediction","label":"targets"}},{"data":{"source":"P10828","target":"CHEMBL2326517","Edge_Type":"Prediction","label":"targets"}},{"data":{"source":"P10828","target":"CHEMBL3393555","Edge_Type":"Prediction","label":"targets"}},{"data":{"source":"P10828","target":"CHEMBL3660476","Edge_Type":"Prediction","label":"targets"}},{"data":{"source":"P10828","target":"CHEMBL2326488","Edge_Type":"Prediction","label":"targets"}},{"data":{"source":"P10828","target":"CHEMBL2326722","Edge_Type":"Prediction","label":"targets"}},{"data":{"source":"P10828","target":"CHEMBL3666229","Edge_Type":"Prediction","label":"targets"}},{"data":{"source":"P10828","target":"CHEMBL1531273","Edge_Type":"Prediction","label":"targets"}},{"data":{"source":"P10828","target":"CHEMBL1563489","Edge_Type":"Prediction","label":"targets"}},{"data":{"source":"H00409","target":"DB00414","Edge_Type":"kegg_dis_drug","label":"indicates"}},{"data":{"source":"H00249","target":"hsa04080","Edge_Type":"kegg_dis_path","label":"modulates"}},{"data":{"source":"H01346","target":"hsa03440","Edge_Type":"kegg_dis_path","label":"modulates"}},{"data":{"source":"H01346","target":"hsa03460","Edge_Type":"kegg_dis_path","label":"modulates"}},{"data":{"source":"H00296","target":"hsa03440","Edge_Type":"kegg_dis_path","label":"modulates"}},{"data":{"source":"H00094","target":"hsa03440","Edge_Type":"kegg_dis_path","label":"modulates"}},{"data":{"source":"H00239","target":"hsa04960","Edge_Type":"kegg_dis_path","label":"modulates"}},{"data":{"source":"H00238","target":"hsa03460","Edge_Type":"kegg_dis_path","label":"modulates"}},{"data":{"source":"P54132","target":"hsa03440","Edge_Type":"kegg_path_prot","label":"is involved in"}},{"data":{"source":"Q9BX63","target":"hsa03440","Edge_Type":"kegg_path_prot","label":"is involved in"}},{"data":{"source":"Q96RL1","target":"hsa03440","Edge_Type":"kegg_path_prot","label":"is involved in"}},{"data":{"source":"P27694","target":"hsa03440","Edge_Type":"kegg_path_prot","label":"is involved in"}},{"data":{"source":"P54132","target":"hsa03460","Edge_Type":"kegg_path_prot","label":"is involved in"}},{"data":{"source":"Q9BX63","target":"hsa03460","Edge_Type":"kegg_path_prot","label":"is involved in"}},{"data":{"source":"Q9H9A7","target":"hsa03460","Edge_Type":"kegg_path_prot","label":"is involved in"}},{"data":{"source":"P27694","target":"hsa03460","Edge_Type":"kegg_path_prot","label":"is involved in"}},{"data":{"source":"P39748","target":"hsa03030","Edge_Type":"kegg_path_prot","label":"is involved in"}},{"data":{"source":"P27694","target":"hsa03030","Edge_Type":"kegg_path_prot","label":"is involved in"}},{"data":{"source":"P39748","target":"hsa03450","Edge_Type":"kegg_path_prot","label":"is involved in"}},{"data":{"source":"P16473","target":"hsa04923","Edge_Type":"kegg_path_prot","label":"is involved in"}},{"data":{"source":"P30542","target":"hsa04923","Edge_Type":"kegg_path_prot","label":"is involved in"}},{"data":{"source":"P27694","target":"hsa03430","Edge_Type":"kegg_path_prot","label":"is involved in"}},{"data":{"source":"P39748","target":"hsa03410","Edge_Type":"kegg_path_prot","label":"is involved in"}},{"data":{"source":"P48048","target":"hsa04960","Edge_Type":"kegg_path_prot","label":"is involved in"}},{"data":{"source":"P10828","target":"hsa04080","Edge_Type":"kegg_path_prot","label":"is involved in"}},{"data":{"source":"P16473","target":"hsa04080","Edge_Type":"kegg_path_prot","label":"is involved in"}},{"data":{"source":"P30542","target":"hsa04080","Edge_Type":"kegg_path_prot","label":"is involved in"}},{"data":{"source":"P27694","target":"hsa03420","Edge_Type":"kegg_path_prot","label":"is involved in"}},{"data":{"source":"P10828","target":"H00249","Edge_Type":"kegg_dis_prot","label":"is related to"}},{"data":{"source":"P16473","target":"H01269","Edge_Type":"kegg_dis_prot","label":"is related to"}},{"data":{"source":"P54132","target":"H01346","Edge_Type":"kegg_dis_prot","label":"is related to"}},{"data":{"source":"P54132","target":"H00296","Edge_Type":"kegg_dis_prot","label":"is related to"}},{"data":{"source":"P16473","target":"H00250","Edge_Type":"kegg_dis_prot","label":"is related to"}},{"data":{"source":"P54132","target":"H00094","Edge_Type":"kegg_dis_prot","label":"is related to"}},{"data":{"source":"P48048","target":"H00239","Edge_Type":"kegg_dis_prot","label":"is related to"}},{"data":{"source":"Q9BX63","target":"H00238","Edge_Type":"kegg_dis_prot","label":"is related to"}}]}