{"options":{"search_start":1613057662,"tax_ids":[9606],"num_of_fn_nodes":10,"num_of_pathways":10,"num_of_phenotypes":10,"num_of_drugs":10,"num_of_diseases":10,"num_of_compounds":10,"chembl_compounds":0,"predictions":1,"reviewed_filter":1,"fn":1,"chembl":1,"search_finish":1613057692,"search_runtime":30},"search":[{"Drug":[{"DB01011":"Metyrapone"}]}],"nodes":[{"data":{"id":"P08684","display_name":"CYP3A4","Node_Type":"Protein"}},{"data":{"id":"P15538","display_name":"CYP11B1","Node_Type":"Protein"}},{"data":{"id":"P19099","display_name":"CYP11B2","Node_Type":"Protein"}},{"data":{"id":"Orphanet:403","display_name":"Familial hyperaldosteronism type I","Node_Type":"Disease","enrichScore":2400.667}},{"data":{"id":"Orphanet:427","display_name":"Familial hypoaldosteronism","Node_Type":"Disease","enrichScore":1200.333}},{"data":{"id":"Orphanet:90795","display_name":"Congenital adrenal hyperplasia due to 11-beta-hydroxylase deficiency","Node_Type":"Disease","enrichScore":1200.333}},{"data":{"id":"Orphanet:99763","display_name":"Familial hyperreninemic hypoaldosteronism type 1","Node_Type":"Disease","enrichScore":1200.333}},{"data":{"id":"Orphanet:418","display_name":"Congenital adrenal hyperplasia","Node_Type":"Disease","enrichScore":200.056}},{"data":{"id":"DB01011","display_name":"Metyrapone","Node_Type":"Drug","enrichScore":9999999}},{"data":{"id":"DB05478","display_name":"Pradefovir Mesylate","Node_Type":"Drug","enrichScore":1589.667}},{"data":{"id":"DB05667","display_name":"Levoketoconazole","Node_Type":"Drug","enrichScore":794.833}},{"data":{"id":"DB06634","display_name":"Casopitant","Node_Type":"Drug","enrichScore":794.833}},{"data":{"id":"DB00648","display_name":"Mitotane","Node_Type":"Drug","enrichScore":317.933}},{"data":{"id":"DB00951","display_name":"Isoniazid","Node_Type":"Drug","enrichScore":227.095}},{"data":{"id":"DB11994","display_name":"Diacerein","Node_Type":"Drug","enrichScore":144.515}},{"data":{"id":"DB00421","display_name":"Spironolactone","Node_Type":"Drug","enrichScore":58.877}},{"data":{"id":"DB00143","display_name":"Glutathione","Node_Type":"Drug","enrichScore":38.772}},{"data":{"id":"DB11837","display_name":"Osilodrostat","Node_Type":"Drug","enrichScore":0}},{"data":{"id":"R-HSA-5579017","display_name":"Defective CYP11B1 causes Adrenal hyperplasia 4 (AH4)","Node_Type":"Pathway","enrichScore":21425}},{"data":{"id":"R-HSA-5579009","display_name":"Defective CYP11B2 causes Corticosterone methyloxidase 1 deficiency (CMO-1 deficiency)","Node_Type":"Pathway","enrichScore":21425}},{"data":{"id":"R-HSA-194002","display_name":"Glucocorticoid biosynthesis","Node_Type":"Pathway","enrichScore":9522.222}},{"data":{"id":"R-HSA-9027307","display_name":"Biosynthesis of maresin-like SPMs","Node_Type":"Pathway","enrichScore":3570.833}},{"data":{"id":"R-HSA-193993","display_name":"Mineralocorticoid biosynthesis","Node_Type":"Pathway","enrichScore":3570.833}},{"data":{"id":"R-HSA-211976","display_name":"Endogenous sterols","Node_Type":"Pathway","enrichScore":3428}},{"data":{"id":"R-HSA-5423646","display_name":"Aflatoxin activation and detoxification","Node_Type":"Pathway","enrichScore":1071.25}},{"data":{"id":"R-HSA-211981","display_name":"Xenobiotics","Node_Type":"Pathway","enrichScore":931.522}},{"data":{"id":"HP:0011739","display_name":"Dexamethasone-suppressible primary hyperaldosteronism","Node_Type":"HPO","enrichScore":2820.667}},{"data":{"id":"HP:0011746","display_name":"Secretory adrenocortical adenoma","Node_Type":"HPO","enrichScore":2820.667}},{"data":{"id":"HP:0011736","display_name":"Primary hyperaldosteronism","Node_Type":"HPO","enrichScore":1128.267}},{"data":{"id":"HP:0011410","display_name":"Caesarian section","Node_Type":"HPO","enrichScore":940.222}},{"data":{"id":"HP:0011105","display_name":"Hypervolemia","Node_Type":"HPO","enrichScore":705.167}},{"data":{"id":"HP:0040085","display_name":"Abnormal circulating aldosterone","Node_Type":"HPO","enrichScore":705.167}},{"data":{"id":"HP:0002805","display_name":"Accelerated bone age after puberty","Node_Type":"HPO","enrichScore":705.167}},{"data":{"id":"HP:0008185","display_name":"Precocious puberty in males","Node_Type":"HPO","enrichScore":705.167}},{"data":{"id":"HP:0008256","display_name":"Adrenocortical adenoma","Node_Type":"HPO","enrichScore":512.848}},{"data":{"id":"HP:0012412","display_name":"Premature adrenarche","Node_Type":"HPO","enrichScore":470.111}},{"data":{"id":"CHEMBL277148","display_name":"CHEMBL277148","Node_Type":"Prediction","enrichScore":142.364}},{"data":{"id":"CHEMBL2114059","display_name":"CHEMBL2114059","Node_Type":"Prediction","enrichScore":99.429}},{"data":{"id":"CHEMBL402133","display_name":"CHEMBL402133","Node_Type":"Prediction","enrichScore":87}},{"data":{"id":"CHEMBL135261","display_name":"CHEMBL135261","Node_Type":"Prediction","enrichScore":87}},{"data":{"id":"CHEMBL436455","display_name":"CHEMBL436455","Node_Type":"Prediction","enrichScore":77.333}},{"data":{"id":"CHEMBL401736","display_name":"CHEMBL401736","Node_Type":"Prediction","enrichScore":74.571}},{"data":{"id":"CHEMBL389176","display_name":"CHEMBL389176","Node_Type":"Prediction","enrichScore":74.571}},{"data":{"id":"CHEMBL415756","display_name":"CHEMBL415756","Node_Type":"Prediction","enrichScore":71.182}},{"data":{"id":"CHEMBL403902","display_name":"CHEMBL403902","Node_Type":"Prediction","enrichScore":69.6}},{"data":{"id":"CHEMBL392893","display_name":"CHEMBL392893","Node_Type":"Prediction","enrichScore":63.273}},{"data":{"id":"hsa00140","display_name":"Steroid hormone biosynthesis","Node_Type":"kegg_Pathway","enrichScore":341.9}},{"data":{"id":"hsa00591","display_name":"Linoleic acid metabolism","Node_Type":"kegg_Pathway","enrichScore":81.405}},{"data":{"id":"hsa00830","display_name":"Retinol metabolism","Node_Type":"kegg_Pathway","enrichScore":35.067}},{"data":{"id":"hsa04927","display_name":"Cortisol synthesis and secretion","Node_Type":"kegg_Pathway","enrichScore":34.535}},{"data":{"id":"hsa00982","display_name":"Drug metabolism","Node_Type":"kegg_Pathway","enrichScore":33.034}},{"data":{"id":"hsa00980","display_name":"Metabolism of xenobiotics by cytochrome P450","Node_Type":"kegg_Pathway","enrichScore":31.224}},{"data":{"id":"hsa04976","display_name":"Bile secretion","Node_Type":"kegg_Pathway","enrichScore":31.224}},{"data":{"id":"hsa00983","display_name":"Drug metabolism","Node_Type":"kegg_Pathway","enrichScore":28.852}},{"data":{"id":"hsa04925","display_name":"Aldosterone synthesis and secretion","Node_Type":"kegg_Pathway","enrichScore":21.708}},{"data":{"id":"hsa01100","display_name":"Metabolic pathways","Node_Type":"kegg_Pathway","enrichScore":13.87}},{"data":{"id":"H01431","display_name":"Cushing syndrome","Node_Type":"kegg_Disease","enrichScore":1000000}},{"data":{"id":"H00602","display_name":"Glucocorticoid-remediable aldosteronism (GRA)","Node_Type":"kegg_Disease","enrichScore":2444.667}},{"data":{"id":"H00258","display_name":"Aldosterone synthase deficiency","Node_Type":"kegg_Disease","enrichScore":1222.333}},{"data":{"id":"H01633","display_name":"High blood pressure","Node_Type":"kegg_Disease","enrichScore":814.889}},{"data":{"id":"H00216","display_name":"Congenital adrenal hyperplasia","Node_Type":"kegg_Disease","enrichScore":244.467}},{"data":{"id":"H01603","display_name":"Primary aldosteronism","Node_Type":"kegg_Disease","enrichScore":203.722}}],"edges":[{"data":{"source":"HP:0011739","target":"Orphanet:403","Edge_Type":"hpodis","label":"is associated w\/"}},{"data":{"source":"HP:0011746","target":"Orphanet:403","Edge_Type":"hpodis","label":"is associated w\/"}},{"data":{"source":"HP:0011736","target":"Orphanet:403","Edge_Type":"hpodis","label":"is associated w\/"}},{"data":{"source":"HP:0011410","target":"Orphanet:403","Edge_Type":"hpodis","label":"is associated w\/"}},{"data":{"source":"HP:0011105","target":"Orphanet:90795","Edge_Type":"hpodis","label":"is associated w\/"}},{"data":{"source":"HP:0040085","target":"Orphanet:90795","Edge_Type":"hpodis","label":"is associated w\/"}},{"data":{"source":"HP:0002805","target":"Orphanet:90795","Edge_Type":"hpodis","label":"is associated w\/"}},{"data":{"source":"HP:0008185","target":"Orphanet:90795","Edge_Type":"hpodis","label":"is associated w\/"}},{"data":{"source":"HP:0008256","target":"Orphanet:403","Edge_Type":"hpodis","label":"is associated w\/"}},{"data":{"source":"HP:0012412","target":"Orphanet:90795","Edge_Type":"hpodis","label":"is associated w\/"}},{"data":{"source":"P15538","target":"Orphanet:403","Edge_Type":"Disease","label":"is related to"}},{"data":{"source":"P19099","target":"Orphanet:403","Edge_Type":"Disease","label":"is related to"}},{"data":{"source":"P19099","target":"Orphanet:427","Edge_Type":"Disease","label":"is related to"}},{"data":{"source":"P15538","target":"Orphanet:90795","Edge_Type":"Disease","label":"is related to"}},{"data":{"source":"P19099","target":"Orphanet:99763","Edge_Type":"Disease","label":"is related to"}},{"data":{"source":"P15538","target":"Orphanet:418","Edge_Type":"Disease","label":"is related to"}},{"data":{"source":"P15538","target":"DB01011","Edge_Type":"Drug","label":"targets"}},{"data":{"source":"P08684","target":"DB01011","Edge_Type":"Chembl","label":"targets","pchembl_value":6.1}},{"data":{"source":"P19099","target":"DB01011","Edge_Type":"Chembl","label":"targets","pchembl_value":6.68}},{"data":{"source":"P08684","target":"DB05478","Edge_Type":"Drug","label":"targets"}},{"data":{"source":"P15538","target":"DB05667","Edge_Type":"Drug","label":"targets"}},{"data":{"source":"P08684","target":"DB06634","Edge_Type":"Drug","label":"targets"}},{"data":{"source":"P15538","target":"DB00648","Edge_Type":"Drug","label":"targets"}},{"data":{"source":"P08684","target":"DB00951","Edge_Type":"Drug","label":"targets"}},{"data":{"source":"P08684","target":"DB11994","Edge_Type":"Drug","label":"targets"}},{"data":{"source":"P19099","target":"DB00421","Edge_Type":"Drug","label":"targets"}},{"data":{"source":"P08684","target":"DB00143","Edge_Type":"Drug","label":"targets"}},{"data":{"source":"P15538","target":"DB11837","Edge_Type":"Drug","label":"targets"}},{"data":{"source":"P19099","target":"DB11837","Edge_Type":"Drug","label":"targets"}},{"data":{"source":"P15538","target":"R-HSA-5579017","Edge_Type":"Pathway","label":"is involved in"}},{"data":{"source":"P19099","target":"R-HSA-5579009","Edge_Type":"Pathway","label":"is involved in"}},{"data":{"source":"P15538","target":"R-HSA-194002","Edge_Type":"Pathway","label":"is involved in"}},{"data":{"source":"P19099","target":"R-HSA-194002","Edge_Type":"Pathway","label":"is involved in"}},{"data":{"source":"P08684","target":"R-HSA-9027307","Edge_Type":"Pathway","label":"is involved in"}},{"data":{"source":"P19099","target":"R-HSA-193993","Edge_Type":"Pathway","label":"is involved in"}},{"data":{"source":"P15538","target":"R-HSA-211976","Edge_Type":"Pathway","label":"is involved in"}},{"data":{"source":"P19099","target":"R-HSA-211976","Edge_Type":"Pathway","label":"is involved in"}},{"data":{"source":"P08684","target":"R-HSA-5423646","Edge_Type":"Pathway","label":"is involved in"}},{"data":{"source":"P08684","target":"R-HSA-211981","Edge_Type":"Pathway","label":"is involved in"}},{"data":{"source":"P15538","target":"HP:0011739","Edge_Type":"HPO","label":"is associated w\/"}},{"data":{"source":"P19099","target":"HP:0011739","Edge_Type":"HPO","label":"is associated w\/"}},{"data":{"source":"P15538","target":"HP:0011746","Edge_Type":"HPO","label":"is associated w\/"}},{"data":{"source":"P19099","target":"HP:0011746","Edge_Type":"HPO","label":"is associated w\/"}},{"data":{"source":"P15538","target":"HP:0011736","Edge_Type":"HPO","label":"is associated w\/"}},{"data":{"source":"P19099","target":"HP:0011736","Edge_Type":"HPO","label":"is associated w\/"}},{"data":{"source":"P15538","target":"HP:0011410","Edge_Type":"HPO","label":"is associated w\/"}},{"data":{"source":"P19099","target":"HP:0011410","Edge_Type":"HPO","label":"is associated w\/"}},{"data":{"source":"P15538","target":"HP:0011105","Edge_Type":"HPO","label":"is associated w\/"}},{"data":{"source":"P15538","target":"HP:0040085","Edge_Type":"HPO","label":"is associated w\/"}},{"data":{"source":"P15538","target":"HP:0002805","Edge_Type":"HPO","label":"is associated w\/"}},{"data":{"source":"P15538","target":"HP:0008185","Edge_Type":"HPO","label":"is associated w\/"}},{"data":{"source":"P15538","target":"HP:0008256","Edge_Type":"HPO","label":"is associated w\/"}},{"data":{"source":"P19099","target":"HP:0008256","Edge_Type":"HPO","label":"is associated w\/"}},{"data":{"source":"P15538","target":"HP:0012412","Edge_Type":"HPO","label":"is associated w\/"}},{"data":{"source":"P08684","target":"CHEMBL277148","Edge_Type":"Prediction","label":"targets"}},{"data":{"source":"P15538","target":"CHEMBL277148","Edge_Type":"Prediction","label":"targets"}},{"data":{"source":"P19099","target":"CHEMBL277148","Edge_Type":"Prediction","label":"targets"}},{"data":{"source":"P15538","target":"CHEMBL2114059","Edge_Type":"Prediction","label":"targets"}},{"data":{"source":"P19099","target":"CHEMBL2114059","Edge_Type":"Prediction","label":"targets"}},{"data":{"source":"P15538","target":"CHEMBL402133","Edge_Type":"Prediction","label":"targets"}},{"data":{"source":"P19099","target":"CHEMBL402133","Edge_Type":"Prediction","label":"targets"}},{"data":{"source":"P08684","target":"CHEMBL135261","Edge_Type":"Prediction","label":"targets"}},{"data":{"source":"P15538","target":"CHEMBL135261","Edge_Type":"Prediction","label":"targets"}},{"data":{"source":"P19099","target":"CHEMBL135261","Edge_Type":"Prediction","label":"targets"}},{"data":{"source":"P15538","target":"CHEMBL436455","Edge_Type":"Prediction","label":"targets"}},{"data":{"source":"P19099","target":"CHEMBL436455","Edge_Type":"Prediction","label":"targets"}},{"data":{"source":"P08684","target":"CHEMBL401736","Edge_Type":"Prediction","label":"targets"}},{"data":{"source":"P15538","target":"CHEMBL401736","Edge_Type":"Prediction","label":"targets"}},{"data":{"source":"P19099","target":"CHEMBL401736","Edge_Type":"Prediction","label":"targets"}},{"data":{"source":"P08684","target":"CHEMBL389176","Edge_Type":"Prediction","label":"targets"}},{"data":{"source":"P15538","target":"CHEMBL389176","Edge_Type":"Prediction","label":"targets"}},{"data":{"source":"P19099","target":"CHEMBL389176","Edge_Type":"Prediction","label":"targets"}},{"data":{"source":"P08684","target":"CHEMBL415756","Edge_Type":"Prediction","label":"targets"}},{"data":{"source":"P15538","target":"CHEMBL415756","Edge_Type":"Prediction","label":"targets"}},{"data":{"source":"P19099","target":"CHEMBL415756","Edge_Type":"Prediction","label":"targets"}},{"data":{"source":"P15538","target":"CHEMBL403902","Edge_Type":"Prediction","label":"targets"}},{"data":{"source":"P19099","target":"CHEMBL403902","Edge_Type":"Prediction","label":"targets"}},{"data":{"source":"P15538","target":"CHEMBL392893","Edge_Type":"Prediction","label":"targets"}},{"data":{"source":"P19099","target":"CHEMBL392893","Edge_Type":"Prediction","label":"targets"}},{"data":{"source":"H01431","target":"DB01011","Edge_Type":"kegg_dis_drug","label":"indicates"}},{"data":{"source":"H01431","target":"DB00648","Edge_Type":"kegg_dis_drug","label":"indicates"}},{"data":{"source":"H00602","target":"hsa00140","Edge_Type":"kegg_dis_path","label":"modulates"}},{"data":{"source":"H00258","target":"hsa00140","Edge_Type":"kegg_dis_path","label":"modulates"}},{"data":{"source":"H01633","target":"DB00421","Edge_Type":"kegg_dis_drug","label":"indicates"}},{"data":{"source":"H00216","target":"hsa00140","Edge_Type":"kegg_dis_path","label":"modulates"}},{"data":{"source":"H01603","target":"DB00421","Edge_Type":"kegg_dis_drug","label":"indicates"}},{"data":{"source":"P08684","target":"hsa00140","Edge_Type":"kegg_path_prot","label":"is involved in"}},{"data":{"source":"P15538","target":"hsa00140","Edge_Type":"kegg_path_prot","label":"is involved in"}},{"data":{"source":"P19099","target":"hsa00140","Edge_Type":"kegg_path_prot","label":"is involved in"}},{"data":{"source":"P08684","target":"hsa00591","Edge_Type":"kegg_path_prot","label":"is involved in"}},{"data":{"source":"P08684","target":"hsa00830","Edge_Type":"kegg_path_prot","label":"is involved in"}},{"data":{"source":"P15538","target":"hsa04927","Edge_Type":"kegg_path_prot","label":"is involved in"}},{"data":{"source":"P08684","target":"hsa00982","Edge_Type":"kegg_path_prot","label":"is involved in"}},{"data":{"source":"P08684","target":"hsa00980","Edge_Type":"kegg_path_prot","label":"is involved in"}},{"data":{"source":"P08684","target":"hsa04976","Edge_Type":"kegg_path_prot","label":"is involved in"}},{"data":{"source":"P08684","target":"hsa00983","Edge_Type":"kegg_path_prot","label":"is involved in"}},{"data":{"source":"P19099","target":"hsa04925","Edge_Type":"kegg_path_prot","label":"is involved in"}},{"data":{"source":"P08684","target":"hsa01100","Edge_Type":"kegg_path_prot","label":"is involved in"}},{"data":{"source":"P15538","target":"hsa01100","Edge_Type":"kegg_path_prot","label":"is involved in"}},{"data":{"source":"P19099","target":"hsa01100","Edge_Type":"kegg_path_prot","label":"is involved in"}},{"data":{"source":"P15538","target":"H00602","Edge_Type":"kegg_dis_prot","label":"is related to"}},{"data":{"source":"P19099","target":"H00602","Edge_Type":"kegg_dis_prot","label":"is related to"}},{"data":{"source":"P19099","target":"H00258","Edge_Type":"kegg_dis_prot","label":"is related to"}},{"data":{"source":"P15538","target":"H01633","Edge_Type":"kegg_dis_prot","label":"is related to"}},{"data":{"source":"P19099","target":"H01633","Edge_Type":"kegg_dis_prot","label":"is related to"}},{"data":{"source":"P15538","target":"H00216","Edge_Type":"kegg_dis_prot","label":"is related to"}},{"data":{"source":"P15538","target":"H01603","Edge_Type":"kegg_dis_prot","label":"is related to"}}]}