{"options":{"search_start":1613059474,"tax_ids":[9606],"num_of_fn_nodes":10,"num_of_pathways":10,"num_of_phenotypes":10,"num_of_drugs":10,"num_of_diseases":10,"num_of_compounds":10,"chembl_compounds":0,"predictions":1,"reviewed_filter":1,"fn":1,"chembl":1,"search_finish":1613059485,"search_runtime":11},"search":[{"Drug":[{"DB03900":"tert-butanol"}]}],"nodes":[{"data":{"id":"P07998","display_name":"RNASE1","Node_Type":"Protein"}},{"data":{"id":"P0DP23","display_name":"CALM1","Node_Type":"Protein"}},{"data":{"id":"P50579","display_name":"METAP2","Node_Type":"Protein"}},{"data":{"id":"P60174","display_name":"TPI1","Node_Type":"Protein"}},{"data":{"id":"Q9C029","display_name":"TRIM7","Node_Type":"Protein_N"}},{"data":{"id":"P13489","display_name":"RNH1","Node_Type":"Protein_N"}},{"data":{"id":"P12004","display_name":"PCNA","Node_Type":"Protein_N"}},{"data":{"id":"P54274","display_name":"TERF1","Node_Type":"Protein_N"}},{"data":{"id":"Orphanet:868","display_name":"Triose phosphate-isomerase deficiency","Node_Type":"Disease","enrichScore":450.125}},{"data":{"id":"Orphanet:251347","display_name":"Ataxia-telangiectasia-like disorder","Node_Type":"Disease","enrichScore":225.063}},{"data":{"id":"Orphanet:3286","display_name":"Catecholaminergic polymorphic ventricular tachycardia","Node_Type":"Disease","enrichScore":90.025}},{"data":{"id":"Orphanet:768","display_name":"Familial long QT syndrome","Node_Type":"Disease","enrichScore":32.152}},{"data":{"id":"MONDO:0014548","display_name":"long QT syndrome 14","Node_Type":"Disease","enrichScore":0}},{"data":{"id":"DB03900","display_name":"tert-butanol","Node_Type":"Drug","enrichScore":9999999}},{"data":{"id":"DB03155","display_name":"2'-fluoro-2'-deoxyuridine 3'-monophosphate","Node_Type":"Drug","enrichScore":596.125}},{"data":{"id":"DB03379","display_name":"2-Carboxyethylphosphonic Acid","Node_Type":"Drug","enrichScore":596.125}},{"data":{"id":"DB02573","display_name":"2'-deoxycytidine-2'-deoxyadenosine-3',5'-monophosphate","Node_Type":"Drug","enrichScore":596.125}},{"data":{"id":"DB02640","display_name":"Fumagillin","Node_Type":"Drug","enrichScore":596.125}},{"data":{"id":"DB02714","display_name":"3'-Uridinemonophosphate","Node_Type":"Drug","enrichScore":596.125}},{"data":{"id":"DB07322","display_name":"2-[(PHENYLSULFONYL)AMINO]-5,6,7,8-TETRAHYDRONAPHTHALENE-1-CARBOXYLIC ACID","Node_Type":"Drug","enrichScore":596.125}},{"data":{"id":"DB02805","display_name":"Arabinouridine 3'-phosphate","Node_Type":"Drug","enrichScore":596.125}},{"data":{"id":"DB02868","display_name":"Deacetoxyvinzolidine","Node_Type":"Drug","enrichScore":596.125}},{"data":{"id":"DB02893","display_name":"D-Methionine","Node_Type":"Drug","enrichScore":596.125}},{"data":{"id":"R-HSA-111997","display_name":"CaM pathway","Node_Type":"Pathway","enrichScore":8034.375}},{"data":{"id":"R-HSA-110331","display_name":"Cleavage of the damaged purine","Node_Type":"Pathway","enrichScore":2678.125}},{"data":{"id":"R-HSA-110330","display_name":"Recognition and association of DNA glycosylase with site containing an affected purine","Node_Type":"Pathway","enrichScore":2678.125}},{"data":{"id":"R-HSA-9022535","display_name":"Loss of phosphorylation of MECP2 at T308","Node_Type":"Pathway","enrichScore":2008.594}},{"data":{"id":"R-HSA-111957","display_name":"Cam-PDE 1 activation","Node_Type":"Pathway","enrichScore":2008.594}},{"data":{"id":"R-HSA-111933","display_name":"Calmodulin induced events","Node_Type":"Pathway","enrichScore":1606.875}},{"data":{"id":"R-HSA-174417","display_name":"Telomere C-strand (Lagging Strand) Synthesis","Node_Type":"Pathway","enrichScore":1606.875}},{"data":{"id":"R-HSA-174414","display_name":"Processive synthesis on the C-strand of the telomere","Node_Type":"Pathway","enrichScore":1339.063}},{"data":{"id":"R-HSA-9619229","display_name":"Activation of RAC1 downstream of NMDARs","Node_Type":"Pathway","enrichScore":1147.768}},{"data":{"id":"R-HSA-442729","display_name":"CREB1 phosphorylation through the activation of CaMKII\/CaMKK\/CaMKIV cascasde","Node_Type":"Pathway","enrichScore":1004.297}},{"data":{"id":"HP:0007009","display_name":"Central nervous system degeneration","Node_Type":"HPO","enrichScore":132.219}},{"data":{"id":"HP:0004870","display_name":"Chronic hemolytic anemia","Node_Type":"HPO","enrichScore":88.146}},{"data":{"id":"HP:0006597","display_name":"Diaphragmatic paralysis","Node_Type":"HPO","enrichScore":88.146}},{"data":{"id":"HP:0001895","display_name":"Normochromic anemia","Node_Type":"HPO","enrichScore":66.109}},{"data":{"id":"HP:0001897","display_name":"Normocytic anemia","Node_Type":"HPO","enrichScore":58.764}},{"data":{"id":"HP:0009113","display_name":"Diaphragmatic weakness","Node_Type":"HPO","enrichScore":37.777}},{"data":{"id":"HP:0003323","display_name":"Progressive muscle weakness","Node_Type":"HPO","enrichScore":35.258}},{"data":{"id":"HP:0500018","display_name":"Abnormal cardiac exercise stress test","Node_Type":"HPO","enrichScore":33.055}},{"data":{"id":"HP:0001082","display_name":"Cholecystitis","Node_Type":"HPO","enrichScore":33.055}},{"data":{"id":"HP:0012438","display_name":"Abnormal gallbladder physiology","Node_Type":"HPO","enrichScore":33.055}},{"data":{"id":"hsa04744","display_name":"Phototransduction","Node_Type":"kegg_Pathway","enrichScore":226.257}},{"data":{"id":"hsa04720","display_name":"Long-term potentiation","Node_Type":"kegg_Pathway","enrichScore":105.38}},{"data":{"id":"hsa04924","display_name":"Renin secretion","Node_Type":"kegg_Pathway","enrichScore":101.22}},{"data":{"id":"hsa04971","display_name":"Gastric acid secretion","Node_Type":"kegg_Pathway","enrichScore":92.684}},{"data":{"id":"hsa04970","display_name":"Salivary secretion","Node_Type":"kegg_Pathway","enrichScore":80.133}},{"data":{"id":"hsa04912","display_name":"GnRH signaling pathway","Node_Type":"kegg_Pathway","enrichScore":76.928}},{"data":{"id":"hsa04713","display_name":"Circadian entrainment","Node_Type":"kegg_Pathway","enrichScore":73.969}},{"data":{"id":"hsa04070","display_name":"Phosphatidylinositol signaling system","Node_Type":"kegg_Pathway","enrichScore":73.264}},{"data":{"id":"hsa04925","display_name":"Aldosterone synthesis and secretion","Node_Type":"kegg_Pathway","enrichScore":73.264}},{"data":{"id":"hsa04750","display_name":"Inflammatory mediator regulation of TRP channels","Node_Type":"kegg_Pathway","enrichScore":71.895}},{"data":{"id":"H02014","display_name":"Ataxia-telangiectasia-like syndrome","Node_Type":"kegg_Disease","enrichScore":229.188}},{"data":{"id":"H00720","display_name":"Long QT syndrome","Node_Type":"kegg_Disease","enrichScore":96.5}},{"data":{"id":"H00664","display_name":"Anemia due to disorders of glycolytic enzymes","Node_Type":"kegg_Disease","enrichScore":91.675}},{"data":{"id":"H01019","display_name":"Catecholaminergic polymorphic ventricular tachycardia","Node_Type":"kegg_Disease","enrichScore":65.482}}],"edges":[{"data":{"source":"Q9C029","target":"P07998","Edge_Type":"PPI","label":"interacts w\/"}},{"data":{"source":"P13489","target":"P07998","Edge_Type":"PPI","label":"interacts w\/"}},{"data":{"source":"P12004","target":"P60174","Edge_Type":"PPI","label":"interacts w\/"}},{"data":{"source":"P12004","target":"P12004","Edge_Type":"PPI","label":"interacts w\/"}},{"data":{"source":"P54274","target":"P60174","Edge_Type":"PPI","label":"interacts w\/"}},{"data":{"source":"HP:0007009","target":"Orphanet:868","Edge_Type":"hpodis","label":"is associated w\/"}},{"data":{"source":"HP:0004870","target":"Orphanet:868","Edge_Type":"hpodis","label":"is associated w\/"}},{"data":{"source":"HP:0006597","target":"Orphanet:868","Edge_Type":"hpodis","label":"is associated w\/"}},{"data":{"source":"HP:0001895","target":"Orphanet:868","Edge_Type":"hpodis","label":"is associated w\/"}},{"data":{"source":"HP:0001897","target":"Orphanet:868","Edge_Type":"hpodis","label":"is associated w\/"}},{"data":{"source":"HP:0009113","target":"Orphanet:868","Edge_Type":"hpodis","label":"is associated w\/"}},{"data":{"source":"HP:0003323","target":"Orphanet:868","Edge_Type":"hpodis","label":"is associated w\/"}},{"data":{"source":"HP:0003323","target":"Orphanet:251347","Edge_Type":"hpodis","label":"is associated w\/"}},{"data":{"source":"HP:0001082","target":"Orphanet:868","Edge_Type":"hpodis","label":"is associated w\/"}},{"data":{"source":"HP:0012438","target":"Orphanet:868","Edge_Type":"hpodis","label":"is associated w\/"}},{"data":{"source":"P60174","target":"Orphanet:868","Edge_Type":"Disease","label":"is related to"}},{"data":{"source":"P12004","target":"Orphanet:251347","Edge_Type":"Disease","label":"is related to"}},{"data":{"source":"P0DP23","target":"Orphanet:3286","Edge_Type":"Disease","label":"is related to"}},{"data":{"source":"P0DP23","target":"Orphanet:768","Edge_Type":"Disease","label":"is related to"}},{"data":{"source":"P0DP23","target":"MONDO:0014548","Edge_Type":"Disease","label":"is related to"}},{"data":{"source":"P07998","target":"DB03900","Edge_Type":"Drug","label":"targets"}},{"data":{"source":"P60174","target":"DB03900","Edge_Type":"Drug","label":"targets"}},{"data":{"source":"P50579","target":"DB03900","Edge_Type":"Drug","label":"targets"}},{"data":{"source":"P0DP23","target":"DB03900","Edge_Type":"Drug","label":"targets"}},{"data":{"source":"P07998","target":"DB03155","Edge_Type":"Drug","label":"targets"}},{"data":{"source":"P60174","target":"DB03379","Edge_Type":"Drug","label":"targets"}},{"data":{"source":"P07998","target":"DB02573","Edge_Type":"Drug","label":"targets"}},{"data":{"source":"P50579","target":"DB02640","Edge_Type":"Drug","label":"targets"}},{"data":{"source":"P07998","target":"DB02714","Edge_Type":"Drug","label":"targets"}},{"data":{"source":"P50579","target":"DB07322","Edge_Type":"Drug","label":"targets"}},{"data":{"source":"P07998","target":"DB02805","Edge_Type":"Drug","label":"targets"}},{"data":{"source":"P0DP23","target":"DB02868","Edge_Type":"Drug","label":"targets"}},{"data":{"source":"P50579","target":"DB02893","Edge_Type":"Drug","label":"targets"}},{"data":{"source":"P0DP23","target":"R-HSA-111997","Edge_Type":"Pathway","label":"is involved in"}},{"data":{"source":"P54274","target":"R-HSA-110331","Edge_Type":"Pathway","label":"is involved in"}},{"data":{"source":"P54274","target":"R-HSA-110330","Edge_Type":"Pathway","label":"is involved in"}},{"data":{"source":"P0DP23","target":"R-HSA-9022535","Edge_Type":"Pathway","label":"is involved in"}},{"data":{"source":"P0DP23","target":"R-HSA-111957","Edge_Type":"Pathway","label":"is involved in"}},{"data":{"source":"P0DP23","target":"R-HSA-111933","Edge_Type":"Pathway","label":"is involved in"}},{"data":{"source":"P12004","target":"R-HSA-174417","Edge_Type":"Pathway","label":"is involved in"}},{"data":{"source":"P12004","target":"R-HSA-174414","Edge_Type":"Pathway","label":"is involved in"}},{"data":{"source":"P0DP23","target":"R-HSA-9619229","Edge_Type":"Pathway","label":"is involved in"}},{"data":{"source":"P0DP23","target":"R-HSA-442729","Edge_Type":"Pathway","label":"is involved in"}},{"data":{"source":"P60174","target":"HP:0007009","Edge_Type":"HPO","label":"is associated w\/"}},{"data":{"source":"P60174","target":"HP:0004870","Edge_Type":"HPO","label":"is associated w\/"}},{"data":{"source":"P60174","target":"HP:0006597","Edge_Type":"HPO","label":"is associated w\/"}},{"data":{"source":"P60174","target":"HP:0001895","Edge_Type":"HPO","label":"is associated w\/"}},{"data":{"source":"P60174","target":"HP:0001897","Edge_Type":"HPO","label":"is associated w\/"}},{"data":{"source":"P60174","target":"HP:0009113","Edge_Type":"HPO","label":"is associated w\/"}},{"data":{"source":"P60174","target":"HP:0003323","Edge_Type":"HPO","label":"is associated w\/"}},{"data":{"source":"P12004","target":"HP:0003323","Edge_Type":"HPO","label":"is associated w\/"}},{"data":{"source":"P0DP23","target":"HP:0500018","Edge_Type":"HPO","label":"is associated w\/"}},{"data":{"source":"P60174","target":"HP:0001082","Edge_Type":"HPO","label":"is associated w\/"}},{"data":{"source":"P60174","target":"HP:0012438","Edge_Type":"HPO","label":"is associated w\/"}},{"data":{"source":"P0DP23","target":"hsa04744","Edge_Type":"kegg_path_prot","label":"is involved in"}},{"data":{"source":"P0DP23","target":"hsa04744","Edge_Type":"kegg_path_prot","label":"is involved in"}},{"data":{"source":"P0DP23","target":"hsa04744","Edge_Type":"kegg_path_prot","label":"is involved in"}},{"data":{"source":"P0DP23","target":"hsa04720","Edge_Type":"kegg_path_prot","label":"is involved in"}},{"data":{"source":"P0DP23","target":"hsa04720","Edge_Type":"kegg_path_prot","label":"is involved in"}},{"data":{"source":"P0DP23","target":"hsa04720","Edge_Type":"kegg_path_prot","label":"is involved in"}},{"data":{"source":"P0DP23","target":"hsa04924","Edge_Type":"kegg_path_prot","label":"is involved in"}},{"data":{"source":"P0DP23","target":"hsa04924","Edge_Type":"kegg_path_prot","label":"is involved in"}},{"data":{"source":"P0DP23","target":"hsa04924","Edge_Type":"kegg_path_prot","label":"is involved in"}},{"data":{"source":"P0DP23","target":"hsa04971","Edge_Type":"kegg_path_prot","label":"is involved in"}},{"data":{"source":"P0DP23","target":"hsa04971","Edge_Type":"kegg_path_prot","label":"is involved in"}},{"data":{"source":"P0DP23","target":"hsa04971","Edge_Type":"kegg_path_prot","label":"is involved in"}},{"data":{"source":"P0DP23","target":"hsa04970","Edge_Type":"kegg_path_prot","label":"is involved in"}},{"data":{"source":"P0DP23","target":"hsa04970","Edge_Type":"kegg_path_prot","label":"is involved in"}},{"data":{"source":"P0DP23","target":"hsa04970","Edge_Type":"kegg_path_prot","label":"is involved in"}},{"data":{"source":"P0DP23","target":"hsa04912","Edge_Type":"kegg_path_prot","label":"is involved in"}},{"data":{"source":"P0DP23","target":"hsa04912","Edge_Type":"kegg_path_prot","label":"is involved in"}},{"data":{"source":"P0DP23","target":"hsa04912","Edge_Type":"kegg_path_prot","label":"is involved in"}},{"data":{"source":"P0DP23","target":"hsa04713","Edge_Type":"kegg_path_prot","label":"is involved in"}},{"data":{"source":"P0DP23","target":"hsa04713","Edge_Type":"kegg_path_prot","label":"is involved in"}},{"data":{"source":"P0DP23","target":"hsa04713","Edge_Type":"kegg_path_prot","label":"is involved in"}},{"data":{"source":"P0DP23","target":"hsa04070","Edge_Type":"kegg_path_prot","label":"is involved in"}},{"data":{"source":"P0DP23","target":"hsa04070","Edge_Type":"kegg_path_prot","label":"is involved in"}},{"data":{"source":"P0DP23","target":"hsa04070","Edge_Type":"kegg_path_prot","label":"is involved in"}},{"data":{"source":"P0DP23","target":"hsa04925","Edge_Type":"kegg_path_prot","label":"is involved in"}},{"data":{"source":"P0DP23","target":"hsa04925","Edge_Type":"kegg_path_prot","label":"is involved in"}},{"data":{"source":"P0DP23","target":"hsa04925","Edge_Type":"kegg_path_prot","label":"is involved in"}},{"data":{"source":"P0DP23","target":"hsa04750","Edge_Type":"kegg_path_prot","label":"is involved in"}},{"data":{"source":"P0DP23","target":"hsa04750","Edge_Type":"kegg_path_prot","label":"is involved in"}},{"data":{"source":"P0DP23","target":"hsa04750","Edge_Type":"kegg_path_prot","label":"is involved in"}},{"data":{"source":"P12004","target":"H02014","Edge_Type":"kegg_dis_prot","label":"is related to"}},{"data":{"source":"P0DP23","target":"H00720","Edge_Type":"kegg_dis_prot","label":"is related to"}},{"data":{"source":"P0DP23","target":"H00720","Edge_Type":"kegg_dis_prot","label":"is related to"}},{"data":{"source":"P60174","target":"H00664","Edge_Type":"kegg_dis_prot","label":"is related to"}},{"data":{"source":"P0DP23","target":"H01019","Edge_Type":"kegg_dis_prot","label":"is related to"}}]}