Core Proteins,Interacting Proteins,Pathways,HPO terms,Diseases,Targeting Drugs,Experimental Bioactive Compounds (pChEMBL),Predicted interacting Compounds
GGPS1 (O95749),GGPS1 (O95749),R-HSA-191273 Cholesterol biosynthesis[scr:720]; R-HSA-2426168 Activation of gene expression by SREBF (SREBP)[scr:360]; hsa00900 Terpenoid backbone biosynthesis[scr:293]; hsa01100 Metabolic pathways[scr:4],,,DB07841 Geranylgeranyl diphosphate[scr:9999999]; DB07780 Farnesyl diphosphate[scr:918]; DB00399 Zoledronic acid[scr:561],,
FDPS (P14324),RNF19B (Q6ZMZ0),R-HSA-191273 Cholesterol biosynthesis[scr:720]; R-HSA-2426168 Activation of gene expression by SREBF (SREBP)[scr:360]; hsa00900 Terpenoid backbone biosynthesis[scr:293]; hsa01100 Metabolic pathways[scr:4],HP:0200044 Porokeratosis[scr:50],Orphanet:79152 Disseminated superficial actinic porokeratosis (EFO)[scr:53]; H01933 Porokeratosis (KEGG)[scr:43],DB07841 Geranylgeranyl diphosphate[scr:9999999]; DB07780 Farnesyl diphosphate[scr:918]; DB00399 Zoledronic acid[scr:561],,
FNTA (P49354),FNTB (P49356); PGGT1B (P53609); AP4M1 (O00189),R-HSA-2514859 Inactivation- recovery and regulation of the phototransduction cascade[scr:458]; R-HSA-111465 Apoptotic cleavage of cellular proteins[scr:210]; hsa00900 Terpenoid backbone biosynthesis[scr:293],,,DB07841 Geranylgeranyl diphosphate[scr:9999999]; DB07780 Farnesyl diphosphate[scr:918]; DB07227 L-778123[scr:842]; DB08676 (20S)-19-20-22-23-TETRAHYDRO-19-OXO-5H-21H-18-20-ETHANO-12-14-ETHENO-6-10-METHENOBENZ[D]IMIDAZO[4-3-L][1-6-9-13]OXATRIAZACYCLONOADECOSINE-9-CARBONITRILE[scr:561]; DB04893 AZD3409[scr:561]; DB08674 (20S)-19-20-21-22-TETRAHYDRO-19-OXO-5H-18-20-ETHANO-12-14-ETHENO-6-10-METHENO-18H-BENZ[D]IMIDAZO[4-3-K][1-6-9-12]OXATRIAZA-CYCLOOCTADECOSINE-9-CARBONITRILE[scr:561]; DB07216 (11S)-8-CHLORO-11-[1-(METHYLSULFONYL)PIPERIDIN-4-YL]-6-PIPERAZIN-1-YL-11H-BENZO[5-6]CYCLOHEPTA[1-2-B]PYRIDINE[scr:561]; DB06953 2-CHLORO-5-(3-CHLORO-PHENYL)-6-[(4-CYANO-PHENYL)-(3-METHYL-3H-IMIDAZOL-4-YL)- METHOXYMETHYL]-NICOTINONITRILE[scr:561]; DB08180 2-[METHYL-(5-GERANYL-4-METHYL-PENT-3-ENYL)-AMINO]-ETHYL-DIPHOSPHATE[scr:561],,
FNTB (P49356),FNTA (P49354); HOXC8 (P31273); AGXT (P21549); TLX3 (O43711); SMG9 (Q9H0W8),R-HSA-2514859 Inactivation- recovery and regulation of the phototransduction cascade[scr:458]; hsa00900 Terpenoid backbone biosynthesis[scr:293],,,DB07841 Geranylgeranyl diphosphate[scr:9999999]; DB07780 Farnesyl diphosphate[scr:918]; DB07227 L-778123[scr:842]; DB08676 (20S)-19-20-22-23-TETRAHYDRO-19-OXO-5H-21H-18-20-ETHANO-12-14-ETHENO-6-10-METHENOBENZ[D]IMIDAZO[4-3-L][1-6-9-13]OXATRIAZACYCLONOADECOSINE-9-CARBONITRILE[scr:561]; DB04893 AZD3409[scr:561]; DB08674 (20S)-19-20-21-22-TETRAHYDRO-19-OXO-5H-18-20-ETHANO-12-14-ETHENO-6-10-METHENO-18H-BENZ[D]IMIDAZO[4-3-K][1-6-9-12]OXATRIAZA-CYCLOOCTADECOSINE-9-CARBONITRILE[scr:561]; DB07216 (11S)-8-CHLORO-11-[1-(METHYLSULFONYL)PIPERIDIN-4-YL]-6-PIPERAZIN-1-YL-11H-BENZO[5-6]CYCLOHEPTA[1-2-B]PYRIDINE[scr:561]; DB06953 2-CHLORO-5-(3-CHLORO-PHENYL)-6-[(4-CYANO-PHENYL)-(3-METHYL-3H-IMIDAZOL-4-YL)- METHOXYMETHYL]-NICOTINONITRILE[scr:561],,
PGGT1B (P53609),FNTA (P49354),,,,DB07841 Geranylgeranyl diphosphate[scr:9999999]; DB07227 L-778123[scr:842]; DB08180 2-[METHYL-(5-GERANYL-4-METHYL-PENT-3-ENYL)-AMINO]-ETHYL-DIPHOSPHATE[scr:561],,
RABGGTB (P53611),RABGGTA (Q92696); TAFA1 (Q7Z5A9); TMEM25 (Q86YD3); B4GALT7 (Q9UBV7); WDR4 (P57081),R-HSA-6803205 TP53 regulates transcription of several additional cell death genes whose specific roles in p53-dependent apoptosis remain uncertain[scr:1080]; R-HSA-8873719 RAB geranylgeranylation[scr:233],,,DB07841 Geranylgeranyl diphosphate[scr:9999999]; DB07780 Farnesyl diphosphate[scr:918],,
RABGGTA (Q92696),RABGGTB (P53611),R-HSA-6803205 TP53 regulates transcription of several additional cell death genes whose specific roles in p53-dependent apoptosis remain uncertain[scr:1080]; R-HSA-8873719 RAB geranylgeranylation[scr:233],,,DB07841 Geranylgeranyl diphosphate[scr:9999999]; DB07780 Farnesyl diphosphate[scr:918],,
HOXC8 (P31273),FNTB (P49356),,,,,,
TAFA1 (Q7Z5A9),RABGGTB (P53611),,,,,,
AP4M1 (O00189),FNTA (P49354),R-HSA-432720 Lysosome Vesicle Biogenesis[scr:108]; hsa04142 Lysosome[scr:3],HP:0012811 Wide nasal ridge[scr:62],Orphanet:280763 Severe intellectual disability and progressive spastic paraplegia (EFO)[scr:53]; H00266 Hereditary spastic paraplegia (KEGG)[scr:4],,,
AGXT (P21549),FNTB (P49356); AGXT (P21549),R-HSA-389661 Glyoxylate metabolism and glycine degradation[scr:130]; hsa00630 Glyoxylate and dicarboxylate metabolism[scr:13]; hsa00250 Alanine- aspartate and glutamate metabolism[scr:11]; hsa00260 Glycine- serine and threonine metabolism[scr:10]; hsa04146 Peroxisome[scr:5]; hsa01100 Metabolic pathways[scr:4]; hsa01200 Carbon metabolism[scr:3],HP:0030507 Retinal crystals[scr:249]; HP:0025520 Calcinosis cutis[scr:124]; HP:0025324 Arterial occlusion[scr:83]; HP:0003159 Hyperoxaluria[scr:50],Orphanet:93598 Primary hyperoxaluria type 1 (EFO)[scr:212]; Orphanet:416 Primary hyperoxaluria (EFO)[scr:71]; H00117 Primary hyperoxaluria (KEGG)[scr:108],,,
TLX3 (O43711),FNTB (P49356),,,H00002 T-cell acute lymphoblastic leukemia (KEGG)[scr:24],,,
TMEM25 (Q86YD3),RABGGTB (P53611),,,,,,
B4GALT7 (Q9UBV7),RABGGTB (P53611),R-HSA-3560783 Defective B4GALT7 causes EDS- progeroid type[scr:189]; R-HSA-1971475 A tetrasaccharide linker sequence is required for GAG synthesis[scr:145]; hsa00532 Glycosaminoglycan biosynthesis[scr:20]; hsa00534 Glycosaminoglycan biosynthesis[scr:17]; hsa01100 Metabolic pathways[scr:4],HP:0006243 Phalangeal dislocation[scr:124]; HP:0007469 Palmoplantar cutis gyrata[scr:124]; HP:0100813 Testicular torsion[scr:124]; HP:0011308 Slender toe[scr:62],Orphanet:75496 Ehlers-Danlos syndrome- progeroid type (EFO)[scr:106]; H02239 Ehlers-Danlos syndrome- spondylodysplastic type (KEGG)[scr:72],,,
RNF19B (Q6ZMZ0),FDPS (P14324),,,,,,
SMG9 (Q9H0W8),FNTB (P49356); SMG9 (Q9H0W8),,,Orphanet:79499 Autosomal dominant deafness-onychodystrophy syndrome (EFO)[scr:106]; H02364 Heart and brain malformation syndrome (KEGG)[scr:216],,,
WDR4 (P57081),RABGGTB (P53611),,,Orphanet:2065 Galloway-Mowat syndrome (EFO)[scr:42]; H01722 Galloway-Mowat syndrome (KEGG)[scr:27],,,
