Core Proteins,Interacting Proteins,Pathways,HPO terms,Diseases,Targeting Drugs,Experimental Bioactive Compounds (pChEMBL),Predicted interacting Compounds
HSP90AA1 (P07900),HSP90AA1 (P07900); CHORDC1 (Q9UHD1); AHSA1 (O95433); CDC37L1 (Q7L3B6); PTGES3 (Q15185); RPS3A (P61247),R-HSA-8939211 ESR-mediated signaling[scr:4382]; R-HSA-3371511 HSF1 activation[scr:4017]; R-HSA-5336415 Uptake and function of diphtheria toxin[scr:3571]; R-HSA-3371568 Attenuation phase[scr:3443]; R-HSA-192905 vRNP Assembly[scr:2678]; R-HSA-399954 Sema3A PAK dependent Axon repulsion[scr:1339]; R-HSA-3371571 HSF1-dependent transactivation[scr:1128]; R-HSA-3000484 Scavenging by Class F Receptors[scr:893]; hsa04914 Progesterone-mediated oocyte maturation[scr:54]; hsa04612 Antigen processing and presentation[scr:30]; hsa04657 IL-17 signaling pathway[scr:24]; hsa04659 Th17 cell differentiation[scr:22]; hsa04915 Estrogen signaling pathway[scr:16]; hsa04217 Necroptosis[scr:14]; hsa04141 Protein processing in endoplasmic reticulum[scr:13]; hsa04621 NOD-like receptor signaling pathway[scr:13],,,DB06070 SNX-5422[scr:9999999]; DB02754 9-Butyl-8-(3-4-5-Trimethoxybenzyl)-9h-Purin-6-Amine[scr:795]; DB05134 Tanespimycin[scr:795]; DB07594 CCT-018159[scr:795]; DB07877 8-(6-BROMO-BENZO[1-3]DIOXOL-5-YLSULFANYL)-9-(3-ISOPROPYLAMINO-PROPYL)-ADENINE[scr:795]; DB02424 Geldanamycin[scr:530]; DB12442 Alvespimycin[scr:397]; DB08194 4-methyl-7-8-dihydro-5H-thiopyrano[4-3-d]pyrimidin-2-amine[scr:397]; DB07324 3-({2-[(2-AMINO-6-METHYLPYRIMIDIN-4-YL)ETHYNYL]BENZYL}AMINO)-1-3-OXAZOL-2(3H)-ONE[scr:397]; DB07325 N-[(2-AMINO-6-METHYLPYRIMIDIN-4-YL)METHYL]-3-{[(E)-(2-OXODIHYDROFURAN-3(2H)-YLIDENE)METHYL]AMINO}BENZENESULFONAMIDE[scr:397],,
HSP90AB1 (P08238),HSP90AB1 (P08238); CHORDC1 (Q9UHD1); AHSA1 (O95433); CDC37L1 (Q7L3B6); MUSK (O15146); MAP3K9 (P80192); PTGES3 (Q15185); MYLK2 (Q9H1R3); RPS6KA3 (P51812); POGK (Q9P215),R-HSA-8939211 ESR-mediated signaling[scr:4382]; R-HSA-3371511 HSF1 activation[scr:4017]; R-HSA-5336415 Uptake and function of diphtheria toxin[scr:3571]; R-HSA-3371568 Attenuation phase[scr:3443]; R-HSA-8937144 Aryl hydrocarbon receptor signalling[scr:3061]; R-HSA-399954 Sema3A PAK dependent Axon repulsion[scr:1339]; R-HSA-3371571 HSF1-dependent transactivation[scr:1128]; hsa04914 Progesterone-mediated oocyte maturation[scr:54]; hsa04612 Antigen processing and presentation[scr:30]; hsa04657 IL-17 signaling pathway[scr:24]; hsa04659 Th17 cell differentiation[scr:22]; hsa04915 Estrogen signaling pathway[scr:16]; hsa04217 Necroptosis[scr:14]; hsa04141 Protein processing in endoplasmic reticulum[scr:13]; hsa04621 NOD-like receptor signaling pathway[scr:13],,,DB06070 SNX-5422[scr:9999999]; DB02754 9-Butyl-8-(3-4-5-Trimethoxybenzyl)-9h-Purin-6-Amine[scr:795]; DB05134 Tanespimycin[scr:795]; DB07594 CCT-018159[scr:795]; DB07877 8-(6-BROMO-BENZO[1-3]DIOXOL-5-YLSULFANYL)-9-(3-ISOPROPYLAMINO-PROPYL)-ADENINE[scr:795]; DB02424 Geldanamycin[scr:530],,CHEMBL1808485 [scr:43.5]; CHEMBL530291 [scr:43.5]; CHEMBL1808950 [scr:43.5]; CHEMBL555436 [scr:43.5]; CHEMBL1808578 [scr:43.5]; CHEMBL556849 [scr:43.5]; CHEMBL1808402 [scr:43.5]; CHEMBL1806510 [scr:43.5]; CHEMBL1807807 [scr:43.5]; CHEMBL342248 [scr:43.5]
CHORDC1 (Q9UHD1),HSP90AA1 (P07900); HSP90AB1 (P08238),,,,,,
AHSA1 (O95433),HSP90AA1 (P07900); HSP90AB1 (P08238),,,,,,
CDC37L1 (Q7L3B6),HSP90AA1 (P07900); HSP90AB1 (P08238),,,,,,
MUSK (O15146),HSP90AB1 (P08238),,HP:0001196 Short umbilical cord[scr:71]; HP:0006266 Small placenta[scr:71]; HP:0003070 Elbow ankylosis[scr:50]; HP:0012767 Abnormal placental size[scr:50],Orphanet:994 Fetal akinesia deformation sequence (EFO)[scr:100]; Orphanet:590 Congenital myasthenic syndromes (EFO)[scr:15]; H00770 Congenital myasthenic syndrome (KEGG)[scr:12],,,
MAP3K9 (P80192),HSP90AB1 (P08238),,,,,,
PTGES3 (Q15185),HSP90AA1 (P07900); HSP90AB1 (P08238),R-HSA-8939211 ESR-mediated signaling[scr:4382]; R-HSA-3371511 HSF1 activation[scr:4017]; R-HSA-3371568 Attenuation phase[scr:3443]; R-HSA-8937144 Aryl hydrocarbon receptor signalling[scr:3061]; hsa00590 Arachidonic acid metabolism[scr:9],,,,,
MYLK2 (Q9H1R3),HSP90AB1 (P08238),,,EFO:0000538 hypertrophic cardiomyopathy (EFO)[scr:17],,,
RPS6KA3 (P51812),HSP90AB1 (P08238),R-HSA-442742 CREB1 phosphorylation through NMDA receptor-mediated activation of RAS signaling[scr:1071]; hsa04914 Progesterone-mediated oocyte maturation[scr:54]; hsa04720 Long-term potentiation[scr:8],HP:0006129 Drumstick terminal phalanges[scr:353]; HP:0009746 Thick nasal septum[scr:353]; HP:0010309 Bifid sternum[scr:176]; HP:0000139 Uterine prolapse[scr:118]; HP:0008454 Lumbar kyphosis[scr:118]; HP:0100823 Genital hernia[scr:59],Orphanet:192 Coffin-Lowry syndrome (EFO)[scr:300]; Orphanet:777 X-linked non-syndromic intellectual disability (EFO)[scr:11]; H00574 Coffin-Lowry syndrome (KEGG)[scr:306]; H00480 X-linked mental retardation (KEGG)[scr:11],,,
RPS3A (P61247),HSP90AA1 (P07900),,,,,,
POGK (Q9P215),HSP90AB1 (P08238),,,,,,
