Core Proteins,Interacting Proteins,Pathways,HPO terms,Diseases,Targeting Drugs,Experimental Bioactive Compounds (pChEMBL),Predicted interacting Compounds
AKT2 (P31751),GSK3B (P49841),R-HSA-165160 PDE3B signalling[scr:2678]; R-HSA-165181 Inhibition of TSC complex formation by PKB[scr:1785]; R-HSA-198323 AKT phosphorylates targets in the cytosol[scr:1530]; R-HSA-165158 Activation of AKT2[scr:1339]; R-HSA-211163 AKT-mediated inactivation of FOXO1A[scr:1339]; R-HSA-5674400 Constitutive Signaling by AKT1 E17K in Cancer[scr:824]; R-HSA-199418 Negative regulation of the PI3K/AKT network[scr:670]; hsa04917 Prolactin signaling pathway[scr:33]; hsa04662 B cell receptor signaling pathway[scr:29]; hsa04012 ErbB signaling pathway[scr:27]; hsa04660 T cell receptor signaling pathway[scr:22]; hsa04668 TNF signaling pathway[scr:20]; hsa04919 Thyroid hormone signaling pathway[scr:19]; hsa04935 Growth hormone synthesis- secretion and action[scr:19]; hsa04722 Neurotrophin signaling pathway[scr:18]; hsa04210 Apoptosis[scr:16]; hsa04728 Dopaminergic synapse[scr:16],HP:0030812 Enlarged tonsils[scr:118]; HP:0008993 Increased intraabdominal fat[scr:118]; HP:0030685 Decreased adiponectin level[scr:88]; HP:0500030 Abnormal hepatic glycogen storage[scr:88]; HP:0030684 Abnormal adiponectin level[scr:88],Orphanet:293964 Hypoinsulinemic hypoglycemia and body hemihypertrophy (EFO)[scr:300]; H01909 Hypoinsulinemic hypoglycemia with hemihypertrophy (KEGG)[scr:306]; H00420 Familial partial lipodystrophy (KEGG)[scr:44]; H00027 Ovarian cancer (KEGG)[scr:31],DB07812 N-[(1S)-2-amino-1-phenylethyl]-5-(1H-pyrrolo[2-3-b]pyridin-4-yl)thiophene-2-carboxamide[scr:9999999]; DB07947 ISOQUINOLINE-5-SULFONIC ACID (2-(2-(4-CHLOROBENZYLOXY)ETHYLAMINO)ETHYL)AMIDE[scr:397]; DB08073 (2S)-1-(1H-INDOL-3-YL)-3-{[5-(3-METHYL-1H-INDAZOL-5-YL)PYRIDIN-3-YL]OXY}PROPAN-2-AMINE[scr:397]; DB07859 4-(4-CHLOROPHENYL)-4-[4-(1H-PYRAZOL-4-YL)PHENYL]PIPERIDINE[scr:397]; DB03744 Cp403700- (S)-1-{2-[(5-Chloro-1h-Indole-2-Carbonyl)-Amino]-3-Phenyl-Propionyl}-Azetidine-3-Carboxylate[scr:1000000],,CHEMBL337004 [scr:10.88]; CHEMBL341736 [scr:6.21]; CHEMBL338772 [scr:6.21]; CHEMBL336221 [scr:6.21]; CHEMBL335013 [scr:5.44]; CHEMBL337789 [scr:5.44]; CHEMBL338114 [scr:5.44]; CHEMBL337331 [scr:5.44]; CHEMBL335550 [scr:4.83]
GSK3B (P49841),AKT2 (P31751); EIF2B5 (Q13144); STYK1 (Q6J9G0); CABYR (O75952); CABYR (O75952); BICD1 (Q96G01); NIN (Q8N4C6); FRAT1 (Q92837); UBR5 (O95071); DAB2IP (Q5VWQ8); DAB2IP (Q5VWQ8); ZFPM1 (Q8IX07); DACT1 (Q9NYF0),R-HSA-198323 AKT phosphorylates targets in the cytosol[scr:1530]; R-HSA-196299 Beta-catenin phosphorylation cascade[scr:1260]; R-HSA-5674400 Constitutive Signaling by AKT1 E17K in Cancer[scr:824]; R-HSA-4641262 Disassembly of the destruction complex and recruitment of AXIN to the membrane[scr:691]; hsa04917 Prolactin signaling pathway[scr:33]; hsa04662 B cell receptor signaling pathway[scr:29]; hsa04012 ErbB signaling pathway[scr:27]; hsa04660 T cell receptor signaling pathway[scr:22]; hsa04919 Thyroid hormone signaling pathway[scr:19]; hsa04935 Growth hormone synthesis- secretion and action[scr:19]; hsa04722 Neurotrophin signaling pathway[scr:18]; hsa04728 Dopaminergic synapse[scr:16],,,DB07812 N-[(1S)-2-amino-1-phenylethyl]-5-(1H-pyrrolo[2-3-b]pyridin-4-yl)thiophene-2-carboxamide[scr:9999999]; DB07947 ISOQUINOLINE-5-SULFONIC ACID (2-(2-(4-CHLOROBENZYLOXY)ETHYLAMINO)ETHYL)AMIDE[scr:397]; DB08073 (2S)-1-(1H-INDOL-3-YL)-3-{[5-(3-METHYL-1H-INDAZOL-5-YL)PYRIDIN-3-YL]OXY}PROPAN-2-AMINE[scr:397]; DB07859 4-(4-CHLOROPHENYL)-4-[4-(1H-PYRAZOL-4-YL)PHENYL]PIPERIDINE[scr:397]; DB01772 3-[3-(2-3-Dihydroxy-Propylamino)-Phenyl]-4-(5-Fluoro-1-Methyl-1h-Indol-3-Yl)-Pyrrole-2-5-Dione[scr:397]; DB07149 (7S)-2-(2-aminopyrimidin-4-yl)-7-(2-fluoroethyl)-1-5-6-7-tetrahydro-4H-pyrrolo[3-2-c]pyridin-4-one[scr:397]; DB07058 5-[1-(4-methoxyphenyl)-1H-benzimidazol-6-yl]-1-3-4-oxadiazole-2(3H)-thione[scr:397]; DB07014 2-(1-3-benzodioxol-5-yl)-5-[(3-fluoro-4-methoxybenzyl)sulfanyl]-1-3-4-oxadiazole[scr:397]; DB12129 Tideglusib[scr:397]; DB03444 6-bromoindirubin-3'-oxime[scr:397],,
EIF2B5 (Q13144),GSK3B (P49841),R-HSA-72731 Recycling of eIF2:GDP[scr:670],,Orphanet:135 CACH syndrome (EFO)[scr:60]; Orphanet:157713 Congenital or early infantile CACH syndrome (EFO)[scr:60]; Orphanet:157716 Late infantile CACH syndrome (EFO)[scr:60]; Orphanet:157719 Juvenile or adult CACH syndrome (EFO)[scr:60]; Orphanet:99853 Ovarioleukodystrophy (EFO)[scr:60]; Orphanet:99854 Cree leukoencephalopathy (EFO)[scr:60]; H00869 Leukoencephalopathy with vanishing white matter (KEGG)[scr:61],,,
STYK1 (Q6J9G0),GSK3B (P49841),,,,,,
CABYR (O75952),GSK3B (P49841),,,,,,
BICD1 (Q96G01),GSK3B (P49841),,,,,,
NIN (Q8N4C6),GSK3B (P49841),,,Orphanet:319675 Microcephalic primordial dwarfism- Dauber type (EFO)[scr:300]; H00992 Seckel syndrome (KEGG)[scr:34],,,
FRAT1 (Q92837),GSK3B (P49841),R-HSA-196299 Beta-catenin phosphorylation cascade[scr:1260]; R-HSA-4641262 Disassembly of the destruction complex and recruitment of AXIN to the membrane[scr:691],,,,,
UBR5 (O95071),GSK3B (P49841),,,,,,
DAB2IP (Q5VWQ8),GSK3B (P49841); DAB2IP (Q5VWQ8),hsa04668 TNF signaling pathway[scr:20]; hsa04210 Apoptosis[scr:16],,,,,
ZFPM1 (Q8IX07),GSK3B (P49841),,,,,,
DACT1 (Q9NYF0),GSK3B (P49841),,HP:0005857 Cervical spina bifida[scr:353]; HP:0004792 Rectoperineal fistula[scr:176]; HP:0010309 Bifid sternum[scr:176]; HP:0010331 Aplasia/Hypoplasia of the 3rd toe[scr:118]; HP:0010320 Abnormality of the 3rd toe[scr:88],Orphanet:857 Townes-Brocks syndrome (EFO)[scr:150]; EFO:0003105 spina bifida (EFO)[scr:38],,,
