Core Proteins,Interacting Proteins,Pathways,HPO terms,Diseases,Targeting Drugs,Experimental Bioactive Compounds (pChEMBL),Predicted interacting Compounds
ESR1 (P03372),ESR1 (P03372); PGR (P06401); CUEDC2 (Q9H467); SENP5 (Q96HI0); SP3 (Q02447); PHB2 (Q99623); LMTK3 (Q96Q04); KDM6B (O15054); CACUL1 (Q86Y37); RAC3 (P60763); NDRG2 (Q9UN36); MACROD1 (Q9BQ69),R-HSA-8939256 RUNX1 regulates transcription of genes involved in WNT signaling[scr:893]; R-HSA-8931987 RUNX1 regulates estrogen receptor mediated transcription[scr:893]; R-HSA-1251985 Nuclear signaling by ERBB4[scr:794]; R-HSA-4090294 SUMOylation of intracellular receptors[scr:714]; R-HSA-8939211 ESR-mediated signaling[scr:487]; R-HSA-383280 Nuclear Receptor transcription pathway[scr:420]; R-HSA-8866910 TFAP2 (AP-2) family regulates transcription of growth factors and their receptors[scr:412]; hsa04915 Estrogen signaling pathway[scr:16]; hsa04961 Endocrine and other factor-regulated calcium reabsorption[scr:11]; hsa04917 Prolactin signaling pathway[scr:8]; hsa04919 Thyroid hormone signaling pathway[scr:5],HP:0003799 Marked delay in bone age[scr:176]; HP:0002083 Migraine without aura[scr:88]; HP:0002077 Migraine with aura[scr:50]; HP:0010679 Elevated tissue non-specific alkaline phosphatase[scr:32]; HP:0002183 Phonophobia[scr:24]; HP:0002663 Delayed epiphyseal ossification[scr:22]; HP:0100879 Enlarged ovaries[scr:20]; HP:0008675 Enlarged polycystic ovaries[scr:20]; HP:0025112 Sound sensitivity[scr:18],H02061 Estrogen resistance syndrome (KEGG)[scr:306]; H00031 Breast cancer (KEGG)[scr:20],DB00823 Ethynodiol diacetate[scr:9999999]; DB01431 Allylestrenol[scr:795]; DB00294 Etonogestrel[scr:795]; DB00304 Desogestrel[scr:795]; DB00603 Medroxyprogesterone acetate[scr:795]; DB00957 Norgestimate[scr:530]; DB11064 Homosalate[scr:530]; DB05233 AP1081[scr:397],,CHEMBL3982214 [scr:43.5]; CHEMBL2386216 [scr:43.5]; CHEMBL3640957 [scr:43.5]; CHEMBL2381645 [scr:43.5]; CHEMBL3911999 [scr:43.5]; CHEMBL1547221 [scr:43.5]; CHEMBL3667451 [scr:43.5]; CHEMBL3667229 [scr:43.5]; CHEMBL3641358 [scr:43.5]; CHEMBL1550806 [scr:43.5]
PGR (P06401),PGR (P06401); ESR1 (P03372); CUEDC2 (Q9H467),R-HSA-1251985 Nuclear signaling by ERBB4[scr:794]; R-HSA-4090294 SUMOylation of intracellular receptors[scr:714]; R-HSA-383280 Nuclear Receptor transcription pathway[scr:420]; hsa04915 Estrogen signaling pathway[scr:16]; hsa04914 Progesterone-mediated oocyte maturation[scr:6],HP:0008222 Female infertility[scr:50],,DB00823 Ethynodiol diacetate[scr:9999999]; DB01431 Allylestrenol[scr:795]; DB00294 Etonogestrel[scr:795]; DB00304 Desogestrel[scr:795]; DB00603 Medroxyprogesterone acetate[scr:795]; DB00957 Norgestimate[scr:530]; DB11064 Homosalate[scr:530]; DB04787 Tanaproget[scr:397]; DB05253 Telapristone acetate[scr:397],,
CUEDC2 (Q9H467),ESR1 (P03372); PGR (P06401),,,,,,
SENP5 (Q96HI0),ESR1 (P03372),R-HSA-3065679 SUMO is proteolytically processed[scr:893],,,,,
SP3 (Q02447),ESR1 (P03372),R-HSA-3232118 SUMOylation of transcription factors[scr:268],,,,,
PHB2 (Q99623),ESR1 (P03372),R-HSA-8949664 Processing of SMDT1[scr:335],,,,,
LMTK3 (Q96Q04),ESR1 (P03372),,,,,,
KDM6B (O15054),ESR1 (P03372),,,,,,
CACUL1 (Q86Y37),ESR1 (P03372),,,,,,
RAC3 (P60763),ESR1 (P03372),hsa04370 VEGF signaling pathway[scr:10]; hsa04664 Fc epsilon RI signaling pathway[scr:9]; hsa04520 Adherens junction[scr:8]; hsa04662 B cell receptor signaling pathway[scr:7]; hsa04071 Sphingolipid signaling pathway[scr:5],,EFO:0010563 neurodevelopmental disorder with structural brain anomalies and dysmorphic facies (EFO)[scr:0],,,
NDRG2 (Q9UN36),ESR1 (P03372),,,,,,
MACROD1 (Q9BQ69),ESR1 (P03372),,,,,,
