Core Proteins,Interacting Proteins,Pathways,HPO terms,Diseases,Targeting Drugs,Experimental Bioactive Compounds (pChEMBL),Predicted interacting Compounds
CRP (P02741),CRP (P02741); C4BPA (P04003); CFP (P27918); FCGR2C (P31995); CFH (P08603); CFH (P08603); CFH (P08603); CFH (P08603); GMPPA (Q96IJ6); CFHR4 (Q92496); CFHR4 (Q92496),R-HSA-173623 Classical antibody-mediated complement activation[scr:115],,H00080 Systemic lupus erythematosus (KEGG)[scr:33],DB03945 N-N-N-Trimethyl-2-(phosphonooxy)ethanaminium[scr:9999999]; DB05744 CRx-139[scr:149],,
ELSPBP1 (Q96BH3),,,,,DB03945 N-N-N-Trimethyl-2-(phosphonooxy)ethanaminium[scr:9999999],,
C4BPA (P04003),CRP (P02741),R-HSA-977606 Regulation of Complement cascade[scr:1169]; hsa04610 Complement and coagulation cascades[scr:89],,H00106 Complement regulatory protein defects (KEGG)[scr:76],,,
CFP (P27918),CRP (P02741),R-HSA-173736 Alternative complement activation[scr:1607]; R-HSA-977606 Regulation of Complement cascade[scr:1169]; R-HSA-174577 Activation of C3 and C5[scr:1148]; R-HSA-5083635 Defective B3GALTL causes Peters-plus syndrome (PpS)[scr:211]; R-HSA-5173214 O-glycosylation of TSR domain-containing proteins[scr:206]; R-HSA-6798695 Neutrophil degranulation[scr:17],HP:0005482 Abnormality of the alternative complement pathway[scr:1058]; HP:0005423 Dysfunctional alternative complement pathway[scr:529],Orphanet:2966 Properdin deficiency (EFO)[scr:450]; H00104 Alternative complement pathway component defects (KEGG)[scr:458],,,
FCGR2C (P31995),CRP (P02741),hsa04380 Osteoclast differentiation[scr:7]; hsa04145 Phagosome[scr:6],HP:0003454 Platelet antibody positive[scr:132],H01240 Immune thrombocytopenia (KEGG)[scr:458],DB00092 Alefacept[scr:54]; DB00087 Alemtuzumab[scr:54]; DB00028 Human immunoglobulin G[scr:54]; DB00110 Palivizumab[scr:54]; DB00095 Efalizumab[scr:54]; DB00081 Tositumomab[scr:54]; DB00111 Daclizumab[scr:50]; DB00108 Natalizumab[scr:50],,
CFH (P08603),CRP (P02741); CFH (P08603),R-HSA-977606 Regulation of Complement cascade[scr:1169]; hsa04610 Complement and coagulation cascades[scr:89],HP:0005482 Abnormality of the alternative complement pathway[scr:1058]; HP:0005389 Depletion of components of the alternative complement pathway[scr:529]; HP:0004746 Glomerular subendothelial electron-dense deposits[scr:529]; HP:0030949 Glomerular deposits[scr:176]; HP:0025547 Decreased mean corpuscular hemoglobin concentration[scr:132]; HP:0011419 Placental abruption[scr:132]; HP:0005369 Decreased serum complement factor H[scr:132],MONDO:0012350 complement factor H deficiency (EFO)[scr:450]; Orphanet:200421 Immunodeficiency with factor H anomaly (EFO)[scr:450]; Orphanet:93571 Dense deposit disease (EFO)[scr:450]; Orphanet:101992 Immunodeficiency due to a complement cascade protein anomaly (EFO)[scr:225]; Orphanet:329918 Non-immunoglobulin-mediated membranoproliferative glomerulonephritis (EFO)[scr:225]; Orphanet:75376 Familial drusen (EFO)[scr:225]; MONDO:0009335 hemolytic uremic syndrome- atypical- susceptibility to- 1 (EFO)[scr:150]; Orphanet:54370 Primary membranoproliferative glomerulonephritis (EFO)[scr:150]; H00104 Alternative complement pathway component defects (KEGG)[scr:458]; H02108 Basal laminar drusen (KEGG)[scr:458]; H01726 Membranoproliferative glomerulonephritis (KEGG)[scr:153]; H00825 Familial flecked retina syndrome (KEGG)[scr:76]; H01434 Atypical hemolytic uremic syndrome (KEGG)[scr:57]; H00821 Age-related macular degeneration (KEGG)[scr:27],,,
GMPPA (Q96IJ6),CRP (P02741),R-HSA-446205 Synthesis of GDP-mannose[scr:1607]; hsa00051 Fructose and mannose metabolism[scr:26]; hsa00520 Amino sugar and nucleotide sugar metabolism[scr:18]; hsa01100 Metabolic pathways[scr:1],HP:0010486 Abnormality of the hypothenar eminence[scr:132],Orphanet:869 Triple A syndrome (EFO)[scr:225]; H00257 Achalasia Addisonianism Alacrima syndrome (KEGG)[scr:229],,,
CFHR4 (Q92496),CRP (P02741); CFP (P27918),R-HSA-977606 Regulation of Complement cascade[scr:1169]; hsa04610 Complement and coagulation cascades[scr:89],,,,,
