Core Proteins,Interacting Proteins,Pathways,HPO terms,Diseases,Targeting Drugs,Experimental Bioactive Compounds (pChEMBL),Predicted interacting Compounds
NOS3 (P29474),ST13 (P50502); NOSTRIN (Q8IVI9); HBA1 (P69905); DNM1 (Q05193); ACTB (P60709); CDC37 (Q16543); MAGEA11 (P43364); AKT1 (P31749); IKZF3 (Q9UKT9),R-HSA-203641 NOSTRIN mediated eNOS trafficking[scr:4285]; R-HSA-392154 Nitric oxide stimulates guanylate cyclase[scr:3061]; R-HSA-203754 NOSIP mediated eNOS trafficking[scr:2678]; R-HSA-1474151 Tetrahydrobiopterin (BH4) synthesis- recycling- salvage and regulation[scr:2143]; R-HSA-203615 eNOS activation[scr:1948]; R-HSA-5218920 VEGFR2 mediated vascular permeability[scr:794]; hsa00220 Arginine biosynthesis[scr:114]; hsa04066 HIF-1 signaling pathway[scr:84]; hsa00330 Arginine and proline metabolism[scr:47]; hsa04611 Platelet activation[scr:41]; hsa04926 Relaxin signaling pathway[scr:39]; hsa04370 VEGF signaling pathway[scr:39]; hsa04371 Apelin signaling pathway[scr:36]; hsa04071 Sphingolipid signaling pathway[scr:19],HP:0004972 Elevated mean arterial pressure[scr:157]; HP:0004421 Elevated systolic blood pressure[scr:141]; HP:0005117 Elevated diastolic blood pressure[scr:141],H01529 Avascular necrosis of femoral head (KEGG)[scr:61],DB01686 N-N-dimethylarginine[scr:9999999]; DB07388 ETHYL 4-[(4-METHYLPYRIDIN-2-YL)AMINO]PIPERIDINE-1-CARBOXYLATE[scr:795]; DB03100 6-Nitroindazole[scr:795]; DB04534 5-Nitroindazole[scr:795]; DB02207 7-Nitroindazole[scr:795]; DB09237 Levamlodipine[scr:530]; DB02044 N-[3-(aminomethyl)benzyl]acetamidine[scr:530]; DB02234 S-Ethylisothiourea[scr:530]; DB01997 3-Bromo-7-Nitroindazole[scr:530],,
NOS2 (P35228),GAPDH (P04406),R-HSA-392154 Nitric oxide stimulates guanylate cyclase[scr:3061]; hsa00220 Arginine biosynthesis[scr:114]; hsa04066 HIF-1 signaling pathway[scr:84]; hsa00330 Arginine and proline metabolism[scr:47]; hsa04926 Relaxin signaling pathway[scr:39]; hsa04371 Apelin signaling pathway[scr:36],HP:0004972 Elevated mean arterial pressure[scr:157]; HP:0004421 Elevated systolic blood pressure[scr:141]; HP:0005117 Elevated diastolic blood pressure[scr:141],EFO:0009157 susceptibility to malaria (EFO)[scr:23]; MONDO:0021024 malaria- susceptibility to (EFO)[scr:23]; H00017 Esophageal cancer (KEGG)[scr:34],DB01686 N-N-dimethylarginine[scr:9999999]; DB07388 ETHYL 4-[(4-METHYLPYRIDIN-2-YL)AMINO]PIPERIDINE-1-CARBOXYLATE[scr:795]; DB03100 6-Nitroindazole[scr:795]; DB04534 5-Nitroindazole[scr:795]; DB02207 7-Nitroindazole[scr:795]; DB09237 Levamlodipine[scr:530]; DB02044 N-[3-(aminomethyl)benzyl]acetamidine[scr:530]; DB02234 S-Ethylisothiourea[scr:530]; DB01997 3-Bromo-7-Nitroindazole[scr:530]; DB03953 Thiocitrulline[scr:397],,
ST13 (P50502),NOS3 (P29474),,,,,,
NOSTRIN (Q8IVI9),NOS3 (P29474); DNM1 (Q05193),R-HSA-203641 NOSTRIN mediated eNOS trafficking[scr:4285],,,,,
HBA1 (P69905),NOS3 (P29474),,HP:0011903 HbH hemoglobin[scr:118],Orphanet:846 Alpha-thalassemia (EFO)[scr:300]; Orphanet:93616 Hemoglobin H disease (EFO)[scr:300]; Orphanet:178330 Heinz body anemia (EFO)[scr:150]; H00228 Thalassemia (KEGG)[scr:204]; H00228 Thalassemia (KEGG)[scr:204],,,
DNM1 (Q05193),NOS3 (P29474); DNM1 (Q05193); NOSTRIN (Q8IVI9),R-HSA-196025 Formation of annular gap junctions[scr:1948]; R-HSA-190873 Gap junction degradation[scr:1785],,,,,
GAPDH (P04406),NOS2 (P35228); GAPDH (P04406),hsa04066 HIF-1 signaling pathway[scr:84],,,,,
ACTB (P60709),NOS3 (P29474); ACTB (P60709); CDC37 (Q16543),R-HSA-196025 Formation of annular gap junctions[scr:1948]; R-HSA-190873 Gap junction degradation[scr:1785]; hsa04611 Platelet activation[scr:41]; hsa04919 Thyroid hormone signaling pathway[scr:19]; hsa04210 Apoptosis[scr:16],HP:0008796 Externally rotated hips[scr:176]; HP:0100560 Upper limb asymmetry[scr:157],Orphanet:79107 Developmental malformations - deafness - dystonia (EFO)[scr:300]; Orphanet:2995 Baraitser-Winter syndrome (EFO)[scr:150]; H01255 Juvenile-onset dystonia (KEGG)[scr:306]; H02023 Baraitser-Winter syndrome (KEGG)[scr:153]; H00101 Other phagocyte defects (KEGG)[scr:34],,,
CDC37 (Q16543),NOS3 (P29474); ACTB (P60709); AKT1 (P31749); IKZF3 (Q9UKT9),,,,,,
MAGEA11 (P43364),NOS3 (P29474),,,,,,
AKT1 (P31749),NOS3 (P29474); AKT1 (P31749); CDC37 (Q16543),R-HSA-1474151 Tetrahydrobiopterin (BH4) synthesis- recycling- salvage and regulation[scr:2143]; R-HSA-203615 eNOS activation[scr:1948]; R-HSA-211163 AKT-mediated inactivation of FOXO1A[scr:1339]; R-HSA-5218920 VEGFR2 mediated vascular permeability[scr:794]; R-HSA-8941332 RUNX2 regulates genes involved in cell migration[scr:670]; hsa04066 HIF-1 signaling pathway[scr:84]; hsa04611 Platelet activation[scr:41]; hsa04926 Relaxin signaling pathway[scr:39]; hsa04370 VEGF signaling pathway[scr:39]; hsa04371 Apelin signaling pathway[scr:36]; hsa04919 Thyroid hormone signaling pathway[scr:19]; hsa04071 Sphingolipid signaling pathway[scr:19]; hsa04210 Apoptosis[scr:16],HP:0007483 Depigmentation/hyperpigmentation of skin[scr:353]; HP:0007403 Hypertrophy of skin of soles[scr:353]; HP:0004472 Mandibular hyperostosis[scr:353]; HP:0010516 Thymus hyperplasia[scr:176]; HP:0100560 Upper limb asymmetry[scr:157],Orphanet:744 Proteus syndrome (EFO)[scr:300]; Orphanet:201 Cowden syndrome (EFO)[scr:60]; EFO:0003869 breast neoplasm (EFO)[scr:21]; H02119 Proteus syndrome (KEGG)[scr:306]; H01222 Cowden syndrome (KEGG)[scr:44]; H01556 Meningioma (KEGG)[scr:28]; H01649 Schizophrenia (KEGG)[scr:25],,,CHEMBL77692 [scr:4.83]; CHEMBL469961 [scr:4.35]; CHEMBL331951 [scr:4.35]; CHEMBL115354 [scr:4.35]; CHEMBL321464 [scr:4.35]; CHEMBL313269 [scr:4.35]; CHEMBL422043 [scr:3.95]; CHEMBL391392 [scr:3.95]; CHEMBL479780 [scr:3.95]; CHEMBL332142 [scr:3.95]
IKZF3 (Q9UKT9),NOS3 (P29474); IKZF3 (Q9UKT9); CDC37 (Q16543),,,,,,
