{"options":{"search_start":1613059715,"tax_ids":[9606],"num_of_fn_nodes":10,"num_of_pathways":10,"num_of_phenotypes":10,"num_of_drugs":10,"num_of_diseases":10,"num_of_compounds":10,"chembl_compounds":0,"predictions":1,"reviewed_filter":1,"fn":1,"chembl":1,"search_finish":1613059750,"search_runtime":35},"search":[{"Drug":[{"DB00122":"Choline"}]}],"nodes":[{"data":{"id":"O14939","display_name":"PLD2","Node_Type":"Protein"}},{"data":{"id":"P06276","display_name":"BCHE","Node_Type":"Protein"}},{"data":{"id":"P22303","display_name":"ACHE","Node_Type":"Protein"}},{"data":{"id":"P36544","display_name":"CHRNA7","Node_Type":"Protein"}},{"data":{"id":"P49585","display_name":"PCYT1A","Node_Type":"Protein"}},{"data":{"id":"Q13393","display_name":"PLD1","Node_Type":"Protein"}},{"data":{"id":"Q8TCT1","display_name":"PHOSPHO1","Node_Type":"Protein"}},{"data":{"id":"Q9Y5K3","display_name":"PCYT1B","Node_Type":"Protein"}},{"data":{"id":"Q8N0U8","display_name":"VKORC1L1","Node_Type":"Protein_N"}},{"data":{"id":"P55000","display_name":"SLURP1","Node_Type":"Protein_N"}},{"data":{"id":"Q9Y215","display_name":"COLQ","Node_Type":"Protein_N"}},{"data":{"id":"P43357","display_name":"MAGEA3","Node_Type":"Protein_N"}},{"data":{"id":"Q9BTV4","display_name":"TMEM43","Node_Type":"Protein_N"}},{"data":{"id":"P15153","display_name":"RAC2","Node_Type":"Protein_N"}},{"data":{"id":"O15126","display_name":"SCAMP1","Node_Type":"Protein_N"}},{"data":{"id":"Q9Y680","display_name":"FKBP7","Node_Type":"Protein_N"}},{"data":{"id":"P23528","display_name":"CFL1","Node_Type":"Protein_N"}},{"data":{"id":"Q15382","display_name":"RHEB","Node_Type":"Protein_N"}},{"data":{"id":"EFO:0002631","display_name":"obsolete_arrhythmogenic right ventricular cardiomyopathy","Node_Type":"Disease","enrichScore":200.056}},{"data":{"id":"Orphanet:132","display_name":"Butyrylcholinesterase deficiency","Node_Type":"Disease","enrichScore":200.056}},{"data":{"id":"Orphanet:183707","display_name":"Neutrophil immunodeficiency syndrome","Node_Type":"Disease","enrichScore":200.056}},{"data":{"id":"Orphanet:85167","display_name":"Spondylometaphyseal dysplasia - cone-rod dystrophy","Node_Type":"Disease","enrichScore":200.056}},{"data":{"id":"Orphanet:87503","display_name":"Mal de Meleda","Node_Type":"Disease","enrichScore":200.056}},{"data":{"id":"Orphanet:98915","display_name":"Synaptic congenital myasthenic syndromes","Node_Type":"Disease","enrichScore":200.056}},{"data":{"id":"Orphanet:98853","display_name":"Autosomal dominant Emery-Dreifuss muscular dystrophy","Node_Type":"Disease","enrichScore":50.014}},{"data":{"id":"Orphanet:261","display_name":"Emery-Dreifuss muscular dystrophy","Node_Type":"Disease","enrichScore":33.343}},{"data":{"id":"Orphanet:247","display_name":"Arrhythmogenic right ventricular dysplasia","Node_Type":"Disease","enrichScore":25.007}},{"data":{"id":"Orphanet:217656","display_name":"Familial isolated arrhythmogenic right ventricular dysplasia","Node_Type":"Disease","enrichScore":22.228}},{"data":{"id":"DB00122","display_name":"Choline","Node_Type":"Drug","enrichScore":9999999}},{"data":{"id":"DB14006","display_name":"Choline salicylate","Node_Type":"Drug","enrichScore":2119.556}},{"data":{"id":"DB00944","display_name":"Demecarium","Node_Type":"Drug","enrichScore":529.889}},{"data":{"id":"DB01010","display_name":"Edrophonium","Node_Type":"Drug","enrichScore":529.889}},{"data":{"id":"DB00843","display_name":"Donepezil","Node_Type":"Drug","enrichScore":529.889}},{"data":{"id":"DB00733","display_name":"Pralidoxime","Node_Type":"Drug","enrichScore":529.889}},{"data":{"id":"DB00989","display_name":"Rivastigmine","Node_Type":"Drug","enrichScore":529.889}},{"data":{"id":"DB00545","display_name":"Pyridostigmine","Node_Type":"Drug","enrichScore":353.259}},{"data":{"id":"DB00677","display_name":"Isoflurophate","Node_Type":"Drug","enrichScore":353.259}},{"data":{"id":"DB04892","display_name":"Phenserine","Node_Type":"Drug","enrichScore":353.259}},{"data":{"id":"R-HSA-112311","display_name":"Neurotransmitter clearance","Node_Type":"Pathway","enrichScore":3570.833}},{"data":{"id":"R-HSA-1483191","display_name":"Synthesis of PC","Node_Type":"Pathway","enrichScore":3188.244}},{"data":{"id":"R-HSA-1483148","display_name":"Synthesis of PG","Node_Type":"Pathway","enrichScore":1785.417}},{"data":{"id":"R-HSA-6806664","display_name":"Metabolism of vitamin K","Node_Type":"Pathway","enrichScore":1190.278}},{"data":{"id":"R-HSA-422085","display_name":"Synthesis, secretion, and deacylation of Ghrelin","Node_Type":"Pathway","enrichScore":751.754}},{"data":{"id":"R-HSA-1483166","display_name":"Synthesis of PA","Node_Type":"Pathway","enrichScore":366.239}},{"data":{"id":"R-HSA-629594","display_name":"Highly calcium permeable postsynaptic nicotinic acetylcholine receptors","Node_Type":"Pathway","enrichScore":324.621}},{"data":{"id":"R-HSA-1483213","display_name":"Synthesis of PE","Node_Type":"Pathway","enrichScore":274.679}},{"data":{"id":"R-HSA-399954","display_name":"Sema3A PAK dependent Axon repulsion","Node_Type":"Pathway","enrichScore":223.177}},{"data":{"id":"R-HSA-165159","display_name":"mTOR signalling","Node_Type":"Pathway","enrichScore":210.049}},{"data":{"id":"HP:0001129","display_name":"Large central visual field defect","Node_Type":"HPO","enrichScore":235.056}},{"data":{"id":"HP:0031251","display_name":"Abnormal subclavian artery morphology","Node_Type":"HPO","enrichScore":235.056}},{"data":{"id":"HP:0007390","display_name":"Hyperkeratosis with erythema","Node_Type":"HPO","enrichScore":235.056}},{"data":{"id":"HP:0007553","display_name":"Congenital symmetrical palmoplantar keratosis","Node_Type":"HPO","enrichScore":235.056}},{"data":{"id":"HP:0012618","display_name":"Urachal cyst","Node_Type":"HPO","enrichScore":235.056}},{"data":{"id":"HP:0031014","display_name":"Arteria lusoria","Node_Type":"HPO","enrichScore":235.056}},{"data":{"id":"HP:0008722","display_name":"Urethral diverticulum","Node_Type":"HPO","enrichScore":235.056}},{"data":{"id":"HP:0030203","display_name":"Unfavorable response of muscle weakness to acetylcholine esterase inhibitors","Node_Type":"HPO","enrichScore":117.528}},{"data":{"id":"HP:0010478","display_name":"Abnormality of the urachus","Node_Type":"HPO","enrichScore":117.528}},{"data":{"id":"HP:0031972","display_name":"Presyncope","Node_Type":"HPO","enrichScore":117.528}},{"data":{"id":"CHEMBL332801","display_name":"CHEMBL332801","Node_Type":"Prediction","enrichScore":2.071}},{"data":{"id":"CHEMBL332771","display_name":"CHEMBL332771","Node_Type":"Prediction","enrichScore":2.071}},{"data":{"id":"CHEMBL111244","display_name":"CHEMBL111244","Node_Type":"Prediction","enrichScore":1.16}},{"data":{"id":"CHEMBL389774","display_name":"CHEMBL389774","Node_Type":"Prediction","enrichScore":1.115}},{"data":{"id":"CHEMBL472718","display_name":"CHEMBL472718","Node_Type":"Prediction","enrichScore":0.829}},{"data":{"id":"CHEMBL142642","display_name":"CHEMBL142642","Node_Type":"Prediction","enrichScore":0.806}},{"data":{"id":"CHEMBL122301","display_name":"CHEMBL122301","Node_Type":"Prediction","enrichScore":0.744}},{"data":{"id":"CHEMBL194628","display_name":"CHEMBL194628","Node_Type":"Prediction","enrichScore":0.69}},{"data":{"id":"CHEMBL267775","display_name":"CHEMBL267775","Node_Type":"Prediction","enrichScore":0.617}},{"data":{"id":"CHEMBL485744","display_name":"CHEMBL485744","Node_Type":"Prediction","enrichScore":0.604}},{"data":{"id":"hsa00440","display_name":"Phosphonate and phosphinate metabolism","Node_Type":"kegg_Pathway","enrichScore":253.259}},{"data":{"id":"hsa00564","display_name":"Glycerophospholipid metabolism","Node_Type":"kegg_Pathway","enrichScore":140.99}},{"data":{"id":"hsa04666","display_name":"Fc gamma R-mediated phagocytosis","Node_Type":"kegg_Pathway","enrichScore":66.068}},{"data":{"id":"hsa00130","display_name":"Ubiquinone and other terpenoid-quinone biosynthesis","Node_Type":"kegg_Pathway","enrichScore":37.989}},{"data":{"id":"hsa00565","display_name":"Ether lipid metabolism","Node_Type":"kegg_Pathway","enrichScore":33.034}},{"data":{"id":"hsa04071","display_name":"Sphingolipid signaling pathway","Node_Type":"kegg_Pathway","enrichScore":28.731}},{"data":{"id":"hsa04072","display_name":"Phospholipase D signaling pathway","Node_Type":"kegg_Pathway","enrichScore":23.101}},{"data":{"id":"hsa04024","display_name":"cAMP signaling pathway","Node_Type":"kegg_Pathway","enrichScore":15.332}},{"data":{"id":"hsa04912","display_name":"GnRH signaling pathway","Node_Type":"kegg_Pathway","enrichScore":15.196}},{"data":{"id":"hsa04014","display_name":"Ras signaling pathway","Node_Type":"kegg_Pathway","enrichScore":14.487}},{"data":{"id":"H01821","display_name":"Spondylometaphyseal dysplasia with cone-rod dystrophy","Node_Type":"kegg_Disease","enrichScore":203.722}},{"data":{"id":"H02375","display_name":"Cardiac valvular defect, developmental","Node_Type":"kegg_Disease","enrichScore":203.722}},{"data":{"id":"H00695","display_name":"Mal de Meleda","Node_Type":"kegg_Disease","enrichScore":203.722}},{"data":{"id":"H01877","display_name":"Chromosome 15q13.3 microdeletion syndrome","Node_Type":"kegg_Disease","enrichScore":50.931}},{"data":{"id":"H00099","display_name":"Leukocyte adhesion deficiency","Node_Type":"kegg_Disease","enrichScore":50.931}},{"data":{"id":"H00293","display_name":"Arrhythmogenic right ventricular cardiomyopathy","Node_Type":"kegg_Disease","enrichScore":25.465}},{"data":{"id":"H00770","display_name":"Congenital myasthenic syndrome","Node_Type":"kegg_Disease","enrichScore":8.149}}],"edges":[{"data":{"source":"P06276","target":"P06276","Edge_Type":"PPI","label":"interacts w\/"}},{"data":{"source":"P49585","target":"P49585","Edge_Type":"PPI","label":"interacts w\/"}},{"data":{"source":"Q9Y5K3","target":"P49585","Edge_Type":"PPI","label":"interacts w\/"}},{"data":{"source":"Q8N0U8","target":"P49585","Edge_Type":"PPI","label":"interacts w\/"}},{"data":{"source":"Q8N0U8","target":"Q9Y5K3","Edge_Type":"PPI","label":"interacts w\/"}},{"data":{"source":"P55000","target":"P36544","Edge_Type":"PPI","label":"interacts w\/"}},{"data":{"source":"Q9Y215","target":"P22303","Edge_Type":"PPI","label":"interacts w\/"}},{"data":{"source":"P43357","target":"P49585","Edge_Type":"PPI","label":"interacts w\/"}},{"data":{"source":"Q9BTV4","target":"Q9Y5K3","Edge_Type":"PPI","label":"interacts w\/"}},{"data":{"source":"P15153","target":"O14939","Edge_Type":"PPI","label":"interacts w\/"}},{"data":{"source":"O15126","target":"P49585","Edge_Type":"PPI","label":"interacts w\/"}},{"data":{"source":"Q9Y680","target":"P49585","Edge_Type":"PPI","label":"interacts w\/"}},{"data":{"source":"P23528","target":"O14939","Edge_Type":"PPI","label":"interacts w\/"}},{"data":{"source":"P23528","target":"Q13393","Edge_Type":"PPI","label":"interacts w\/"}},{"data":{"source":"Q15382","target":"Q13393","Edge_Type":"PPI","label":"interacts w\/"}},{"data":{"source":"HP:0001129","target":"Orphanet:85167","Edge_Type":"hpodis","label":"is associated w\/"}},{"data":{"source":"HP:0007390","target":"Orphanet:87503","Edge_Type":"hpodis","label":"is associated w\/"}},{"data":{"source":"HP:0007553","target":"Orphanet:87503","Edge_Type":"hpodis","label":"is associated w\/"}},{"data":{"source":"HP:0012618","target":"Orphanet:183707","Edge_Type":"hpodis","label":"is associated w\/"}},{"data":{"source":"HP:0030203","target":"Orphanet:98915","Edge_Type":"hpodis","label":"is associated w\/"}},{"data":{"source":"HP:0010478","target":"Orphanet:183707","Edge_Type":"hpodis","label":"is associated w\/"}},{"data":{"source":"HP:0031972","target":"EFO:0002631","Edge_Type":"hpodis","label":"is associated w\/"}},{"data":{"source":"Q9BTV4","target":"EFO:0002631","Edge_Type":"Disease","label":"is related to"}},{"data":{"source":"P06276","target":"Orphanet:132","Edge_Type":"Disease","label":"is related to"}},{"data":{"source":"P15153","target":"Orphanet:183707","Edge_Type":"Disease","label":"is related to"}},{"data":{"source":"P49585","target":"Orphanet:85167","Edge_Type":"Disease","label":"is related to"}},{"data":{"source":"P55000","target":"Orphanet:87503","Edge_Type":"Disease","label":"is related to"}},{"data":{"source":"Q9Y215","target":"Orphanet:98915","Edge_Type":"Disease","label":"is related to"}},{"data":{"source":"Q9BTV4","target":"Orphanet:98853","Edge_Type":"Disease","label":"is related to"}},{"data":{"source":"Q9BTV4","target":"Orphanet:261","Edge_Type":"Disease","label":"is related to"}},{"data":{"source":"Q9BTV4","target":"Orphanet:247","Edge_Type":"Disease","label":"is related to"}},{"data":{"source":"Q9BTV4","target":"Orphanet:217656","Edge_Type":"Disease","label":"is related to"}},{"data":{"source":"Q9Y5K3","target":"DB00122","Edge_Type":"Drug","label":"targets"}},{"data":{"source":"P22303","target":"DB00122","Edge_Type":"Drug","label":"targets"}},{"data":{"source":"P49585","target":"DB00122","Edge_Type":"Drug","label":"targets"}},{"data":{"source":"O14939","target":"DB00122","Edge_Type":"Drug","label":"targets"}},{"data":{"source":"P06276","target":"DB00122","Edge_Type":"Drug","label":"targets"}},{"data":{"source":"Q13393","target":"DB00122","Edge_Type":"Drug","label":"targets"}},{"data":{"source":"Q8TCT1","target":"DB00122","Edge_Type":"Drug","label":"targets"}},{"data":{"source":"P36544","target":"DB00122","Edge_Type":"Drug","label":"targets"}},{"data":{"source":"Q9Y5K3","target":"DB14006","Edge_Type":"Drug","label":"targets"}},{"data":{"source":"P22303","target":"DB14006","Edge_Type":"Drug","label":"targets"}},{"data":{"source":"P49585","target":"DB14006","Edge_Type":"Drug","label":"targets"}},{"data":{"source":"O14939","target":"DB14006","Edge_Type":"Drug","label":"targets"}},{"data":{"source":"P06276","target":"DB14006","Edge_Type":"Drug","label":"targets"}},{"data":{"source":"Q13393","target":"DB14006","Edge_Type":"Drug","label":"targets"}},{"data":{"source":"Q8TCT1","target":"DB14006","Edge_Type":"Drug","label":"targets"}},{"data":{"source":"P36544","target":"DB14006","Edge_Type":"Drug","label":"targets"}},{"data":{"source":"P22303","target":"DB00944","Edge_Type":"Drug","label":"targets"}},{"data":{"source":"P06276","target":"DB00944","Edge_Type":"Drug","label":"targets"}},{"data":{"source":"P22303","target":"DB01010","Edge_Type":"Drug","label":"targets"}},{"data":{"source":"P06276","target":"DB01010","Edge_Type":"Drug","label":"targets"}},{"data":{"source":"P22303","target":"DB00843","Edge_Type":"Drug","label":"targets"}},{"data":{"source":"P06276","target":"DB00843","Edge_Type":"Drug","label":"targets"}},{"data":{"source":"P22303","target":"DB00733","Edge_Type":"Drug","label":"targets"}},{"data":{"source":"P06276","target":"DB00733","Edge_Type":"Drug","label":"targets"}},{"data":{"source":"P22303","target":"DB00989","Edge_Type":"Drug","label":"targets"}},{"data":{"source":"P06276","target":"DB00989","Edge_Type":"Drug","label":"targets"}},{"data":{"source":"P22303","target":"DB00545","Edge_Type":"Drug","label":"targets"}},{"data":{"source":"P06276","target":"DB00545","Edge_Type":"Drug","label":"targets"}},{"data":{"source":"P22303","target":"DB00677","Edge_Type":"Drug","label":"targets"}},{"data":{"source":"P06276","target":"DB00677","Edge_Type":"Drug","label":"targets"}},{"data":{"source":"P22303","target":"DB04892","Edge_Type":"Drug","label":"targets"}},{"data":{"source":"P06276","target":"DB04892","Edge_Type":"Drug","label":"targets"}},{"data":{"source":"P06276","target":"R-HSA-112311","Edge_Type":"Pathway","label":"is involved in"}},{"data":{"source":"P22303","target":"R-HSA-112311","Edge_Type":"Pathway","label":"is involved in"}},{"data":{"source":"P06276","target":"R-HSA-1483191","Edge_Type":"Pathway","label":"is involved in"}},{"data":{"source":"P22303","target":"R-HSA-1483191","Edge_Type":"Pathway","label":"is involved in"}},{"data":{"source":"P49585","target":"R-HSA-1483191","Edge_Type":"Pathway","label":"is involved in"}},{"data":{"source":"Q8TCT1","target":"R-HSA-1483191","Edge_Type":"Pathway","label":"is involved in"}},{"data":{"source":"Q9Y5K3","target":"R-HSA-1483191","Edge_Type":"Pathway","label":"is involved in"}},{"data":{"source":"O14939","target":"R-HSA-1483148","Edge_Type":"Pathway","label":"is involved in"}},{"data":{"source":"Q13393","target":"R-HSA-1483148","Edge_Type":"Pathway","label":"is involved in"}},{"data":{"source":"Q8N0U8","target":"R-HSA-6806664","Edge_Type":"Pathway","label":"is involved in"}},{"data":{"source":"P06276","target":"R-HSA-422085","Edge_Type":"Pathway","label":"is involved in"}},{"data":{"source":"P22303","target":"R-HSA-422085","Edge_Type":"Pathway","label":"is involved in"}},{"data":{"source":"O14939","target":"R-HSA-1483166","Edge_Type":"Pathway","label":"is involved in"}},{"data":{"source":"Q13393","target":"R-HSA-1483166","Edge_Type":"Pathway","label":"is involved in"}},{"data":{"source":"P36544","target":"R-HSA-629594","Edge_Type":"Pathway","label":"is involved in"}},{"data":{"source":"Q8TCT1","target":"R-HSA-1483213","Edge_Type":"Pathway","label":"is involved in"}},{"data":{"source":"P23528","target":"R-HSA-399954","Edge_Type":"Pathway","label":"is involved in"}},{"data":{"source":"Q15382","target":"R-HSA-165159","Edge_Type":"Pathway","label":"is involved in"}},{"data":{"source":"P49585","target":"HP:0001129","Edge_Type":"HPO","label":"is associated w\/"}},{"data":{"source":"Q13393","target":"HP:0031251","Edge_Type":"HPO","label":"is associated w\/"}},{"data":{"source":"P55000","target":"HP:0007390","Edge_Type":"HPO","label":"is associated w\/"}},{"data":{"source":"P55000","target":"HP:0007553","Edge_Type":"HPO","label":"is associated w\/"}},{"data":{"source":"P15153","target":"HP:0012618","Edge_Type":"HPO","label":"is associated w\/"}},{"data":{"source":"Q13393","target":"HP:0031014","Edge_Type":"HPO","label":"is associated w\/"}},{"data":{"source":"Q13393","target":"HP:0008722","Edge_Type":"HPO","label":"is associated w\/"}},{"data":{"source":"Q9Y215","target":"HP:0030203","Edge_Type":"HPO","label":"is associated w\/"}},{"data":{"source":"P15153","target":"HP:0010478","Edge_Type":"HPO","label":"is associated w\/"}},{"data":{"source":"Q9BTV4","target":"HP:0031972","Edge_Type":"HPO","label":"is associated w\/"}},{"data":{"source":"P36544","target":"CHEMBL332801","Edge_Type":"Prediction","label":"targets"}},{"data":{"source":"P36544","target":"CHEMBL332771","Edge_Type":"Prediction","label":"targets"}},{"data":{"source":"P36544","target":"CHEMBL111244","Edge_Type":"Prediction","label":"targets"}},{"data":{"source":"P36544","target":"CHEMBL389774","Edge_Type":"Prediction","label":"targets"}},{"data":{"source":"P36544","target":"CHEMBL472718","Edge_Type":"Prediction","label":"targets"}},{"data":{"source":"P36544","target":"CHEMBL142642","Edge_Type":"Prediction","label":"targets"}},{"data":{"source":"P36544","target":"CHEMBL122301","Edge_Type":"Prediction","label":"targets"}},{"data":{"source":"P36544","target":"CHEMBL194628","Edge_Type":"Prediction","label":"targets"}},{"data":{"source":"P36544","target":"CHEMBL267775","Edge_Type":"Prediction","label":"targets"}},{"data":{"source":"P36544","target":"CHEMBL485744","Edge_Type":"Prediction","label":"targets"}},{"data":{"source":"H01821","target":"hsa00440","Edge_Type":"kegg_dis_path","label":"modulates"}},{"data":{"source":"H01821","target":"hsa00564","Edge_Type":"kegg_dis_path","label":"modulates"}},{"data":{"source":"H00770","target":"hsa00564","Edge_Type":"kegg_dis_path","label":"modulates"}},{"data":{"source":"P49585","target":"hsa00440","Edge_Type":"kegg_path_prot","label":"is involved in"}},{"data":{"source":"Q9Y5K3","target":"hsa00440","Edge_Type":"kegg_path_prot","label":"is involved in"}},{"data":{"source":"O14939","target":"hsa00564","Edge_Type":"kegg_path_prot","label":"is involved in"}},{"data":{"source":"P22303","target":"hsa00564","Edge_Type":"kegg_path_prot","label":"is involved in"}},{"data":{"source":"P49585","target":"hsa00564","Edge_Type":"kegg_path_prot","label":"is involved in"}},{"data":{"source":"Q13393","target":"hsa00564","Edge_Type":"kegg_path_prot","label":"is involved in"}},{"data":{"source":"Q8TCT1","target":"hsa00564","Edge_Type":"kegg_path_prot","label":"is involved in"}},{"data":{"source":"Q9Y5K3","target":"hsa00564","Edge_Type":"kegg_path_prot","label":"is involved in"}},{"data":{"source":"O14939","target":"hsa04666","Edge_Type":"kegg_path_prot","label":"is involved in"}},{"data":{"source":"Q13393","target":"hsa04666","Edge_Type":"kegg_path_prot","label":"is involved in"}},{"data":{"source":"P15153","target":"hsa04666","Edge_Type":"kegg_path_prot","label":"is involved in"}},{"data":{"source":"P23528","target":"hsa04666","Edge_Type":"kegg_path_prot","label":"is involved in"}},{"data":{"source":"Q8N0U8","target":"hsa00130","Edge_Type":"kegg_path_prot","label":"is involved in"}},{"data":{"source":"O14939","target":"hsa00565","Edge_Type":"kegg_path_prot","label":"is involved in"}},{"data":{"source":"Q13393","target":"hsa00565","Edge_Type":"kegg_path_prot","label":"is involved in"}},{"data":{"source":"O14939","target":"hsa04071","Edge_Type":"kegg_path_prot","label":"is involved in"}},{"data":{"source":"Q13393","target":"hsa04071","Edge_Type":"kegg_path_prot","label":"is involved in"}},{"data":{"source":"P15153","target":"hsa04071","Edge_Type":"kegg_path_prot","label":"is involved in"}},{"data":{"source":"O14939","target":"hsa04072","Edge_Type":"kegg_path_prot","label":"is involved in"}},{"data":{"source":"Q13393","target":"hsa04072","Edge_Type":"kegg_path_prot","label":"is involved in"}},{"data":{"source":"Q15382","target":"hsa04072","Edge_Type":"kegg_path_prot","label":"is involved in"}},{"data":{"source":"O14939","target":"hsa04024","Edge_Type":"kegg_path_prot","label":"is involved in"}},{"data":{"source":"Q13393","target":"hsa04024","Edge_Type":"kegg_path_prot","label":"is involved in"}},{"data":{"source":"P15153","target":"hsa04024","Edge_Type":"kegg_path_prot","label":"is involved in"}},{"data":{"source":"O14939","target":"hsa04912","Edge_Type":"kegg_path_prot","label":"is involved in"}},{"data":{"source":"Q13393","target":"hsa04912","Edge_Type":"kegg_path_prot","label":"is involved in"}},{"data":{"source":"O14939","target":"hsa04014","Edge_Type":"kegg_path_prot","label":"is involved in"}},{"data":{"source":"Q13393","target":"hsa04014","Edge_Type":"kegg_path_prot","label":"is involved in"}},{"data":{"source":"P15153","target":"hsa04014","Edge_Type":"kegg_path_prot","label":"is involved in"}},{"data":{"source":"P49585","target":"H01821","Edge_Type":"kegg_dis_prot","label":"is related to"}},{"data":{"source":"Q13393","target":"H02375","Edge_Type":"kegg_dis_prot","label":"is related to"}},{"data":{"source":"P55000","target":"H00695","Edge_Type":"kegg_dis_prot","label":"is related to"}},{"data":{"source":"P36544","target":"H01877","Edge_Type":"kegg_dis_prot","label":"is related to"}},{"data":{"source":"P15153","target":"H00099","Edge_Type":"kegg_dis_prot","label":"is related to"}},{"data":{"source":"Q9BTV4","target":"H00293","Edge_Type":"kegg_dis_prot","label":"is related to"}},{"data":{"source":"Q9Y215","target":"H00770","Edge_Type":"kegg_dis_prot","label":"is related to"}}]}