Core Proteins,Interacting Proteins,Pathways,HPO terms,Diseases,Targeting Drugs,Experimental Bioactive Compounds (pChEMBL),Predicted interacting Compounds
PYGM (P11217),PYGL (P06737); PYGB (P11216),R-HSA-70221 Glycogen breakdown (glycogenolysis)[scr:2582]; hsa00500 Starch and sucrose metabolism[scr:122]; hsa04922 Glucagon signaling pathway[scr:39]; hsa04910 Insulin signaling pathway[scr:30]; hsa04217 Necroptosis[scr:28]; hsa01100 Metabolic pathways[scr:21],HP:0009045 Exercise-induced rhabdomyolysis[scr:60]; HP:0040319 Dark urine[scr:50]; HP:0003710 Exercise-induced muscle cramps[scr:38],Orphanet:368 Glycogen storage disease due to muscle glycogen phosphorylase deficiency (EFO)[scr:257]; H01943 Glycogen storage disease type V (KEGG)[scr:262]; H00069 Glycogen storage disease (KEGG)[scr:48]; H01762 Muscle glycogen storage disease (KEGG)[scr:20],DB04083 N(6)-(pyridoxal phosphate)-L-lysine[scr:9999999]; DB02320 N-beta-D-glucopyranosylacetamide[scr:681]; DB04544 1-Deoxy-1-acetylamino-beta-D-gluco-2-heptulopyranosonamide[scr:341]; DB04645 5-{3-[3-(2-4-DICHLORO-BENZOYL)-UREIDO]-2-METHYL-PHENOXY}-PENTANOIC ACID[scr:341]; DB04644 4-{4-[3-(2-4-DICHLORO-BENZOYL)-UREIDO]-2-3-DIMETHYL-PHENOXY}-BUTYRIC ACID[scr:341]; DB04643 4-{3-CHLORO-4-[3-(2-4-DICHLORO-BENZOYL)-UREIDO]-PHENOXY}-BUTYRIC ACID[scr:341]; DB04642 7-{2-6-DICHLORO-4-[3-(2-CHLORO-BENZOYL)-UREIDO]-PHENOXY}-HEPTANOIC ACID[scr:341]; DB04295 N-(Benzoylcarbamoyl)-beta-D-glucopyranosylamine[scr:341],,
ODC1 (P11926),,R-HSA-351202 Metabolism of polyamines[scr:1148]; hsa01100 Metabolic pathways[scr:21],,,DB04083 N(6)-(pyridoxal phosphate)-L-lysine[scr:9999999],,
AGXT (P21549),AGXT (P21549); KRTAP3-1 (Q9BYR8); FNTB (P49356); FAM168B (A1KXE4); PLA2G10 (O15496); PRDM6 (Q9NQX0); KRT34 (O76011); ATXN1L (P0C7T5); SPRYD7 (Q5W111),R-HSA-389661 Glyoxylate metabolism and glycine degradation[scr:158]; hsa01100 Metabolic pathways[scr:21]; hsa00630 Glyoxylate and dicarboxylate metabolism[scr:16],HP:0030507 Retinal crystals[scr:302]; HP:0025520 Calcinosis cutis[scr:151]; HP:0025324 Arterial occlusion[scr:101]; HP:0003159 Hyperoxaluria[scr:60]; HP:0008672 Calcium oxalate nephrolithiasis[scr:34],Orphanet:93598 Primary hyperoxaluria type 1 (EFO)[scr:257]; Orphanet:416 Primary hyperoxaluria (EFO)[scr:86]; H00117 Primary hyperoxaluria (KEGG)[scr:131],DB04083 N(6)-(pyridoxal phosphate)-L-lysine[scr:9999999],,
KYAT1 (Q16773),,R-HSA-71240 Tryptophan catabolism[scr:328]; hsa00450 Selenocompound metabolism[scr:29]; hsa01100 Metabolic pathways[scr:21],,,DB04083 N(6)-(pyridoxal phosphate)-L-lysine[scr:9999999],,
KRTAP3-1 (Q9BYR8),AGXT (P21549),,,,,,
PYGL (P06737),PYGM (P11217); PYGB (P11216),R-HSA-70221 Glycogen breakdown (glycogenolysis)[scr:2582]; hsa00500 Starch and sucrose metabolism[scr:122]; hsa04922 Glucagon signaling pathway[scr:39]; hsa04910 Insulin signaling pathway[scr:30]; hsa04217 Necroptosis[scr:28]; hsa01100 Metabolic pathways[scr:21],HP:0006568 Increased hepatic glycogen content[scr:76]; HP:0500030 Abnormal hepatic glycogen storage[scr:76],Orphanet:369 Glycogen storage disease due to liver glycogen phosphorylase deficiency (EFO)[scr:257]; H01944 Glycogen storage disease type VI (KEGG)[scr:262]; H00069 Glycogen storage disease (KEGG)[scr:48]; H01760 Hepatic glycogen storage disease (KEGG)[scr:29],DB02320 N-beta-D-glucopyranosylacetamide[scr:681],,CHEMBL1770805 [scr:12.43]; CHEMBL530609 [scr:12.43]; CHEMBL1795615 [scr:12.43]; CHEMBL523548 [scr:12.43]; CHEMBL335592 [scr:9.32]; CHEMBL335265 [scr:9.32]; CHEMBL527307 [scr:9.32]; CHEMBL317221 [scr:9.32]; CHEMBL421486 [scr:7.46]; CHEMBL529138 [scr:7.46]
FNTB (P49356),AGXT (P21549),R-HSA-2514859 Inactivation- recovery and regulation of the phototransduction cascade[scr:139]; hsa00900 Terpenoid backbone biosynthesis[scr:22],,,DB04960 Tipifarnib[scr:341],,
FAM168B (A1KXE4),AGXT (P21549),,,,,,
PLA2G10 (O15496),AGXT (P21549),R-HSA-1482922 Acyl chain remodelling of PI[scr:270]; R-HSA-1482925 Acyl chain remodelling of PG[scr:255]; R-HSA-1482801 Acyl chain remodelling of PS[scr:209]; R-HSA-1482788 Acyl chain remodelling of PC[scr:170]; R-HSA-1482839 Acyl chain remodelling of PE[scr:158]; hsa01100 Metabolic pathways[scr:21]; hsa00592 alpha-Linolenic acid metabolism[scr:20]; hsa00591 Linoleic acid metabolism[scr:17],,,DB13894 Agkistrodon piscivorus antivenin[scr:341],,
PRDM6 (Q9NQX0),AGXT (P21549); PRDM6 (Q9NQX0),hsa01100 Metabolic pathways[scr:21],,EFO:1001103 persistent fetal circulation syndrome (EFO)[scr:129]; H01630 Patent ductus arteriosus (KEGG)[scr:65],,,
PYGB (P11216),PYGM (P11217); PYGL (P06737),R-HSA-70221 Glycogen breakdown (glycogenolysis)[scr:2582]; hsa00500 Starch and sucrose metabolism[scr:122]; hsa04922 Glucagon signaling pathway[scr:39]; hsa04910 Insulin signaling pathway[scr:30]; hsa04217 Necroptosis[scr:28]; hsa01100 Metabolic pathways[scr:21],,,,,
KRT34 (O76011),AGXT (P21549),,,,,,
ATXN1L (P0C7T5),AGXT (P21549),,,,,,
SPRYD7 (Q5W111),AGXT (P21549),,,,,,
