{"options":{"search_start":1613059025,"tax_ids":[9606],"num_of_fn_nodes":10,"num_of_pathways":10,"num_of_phenotypes":10,"num_of_drugs":10,"num_of_diseases":10,"num_of_compounds":10,"chembl_compounds":0,"predictions":1,"reviewed_filter":1,"fn":1,"chembl":1,"search_finish":1613059031,"search_runtime":6},"search":[{"Drug":[{"DB02824":"N-Pyridoxyl-Glycine-5-Monophosphate"}]}],"nodes":[{"data":{"id":"P11926","display_name":"ODC1","Node_Type":"Protein"}},{"data":{"id":"P34896","display_name":"SHMT1","Node_Type":"Protein"}},{"data":{"id":"P0DMM9","display_name":"SULT1A3","Node_Type":"Protein_N"}},{"data":{"id":"Q9UMX2","display_name":"OAZ3","Node_Type":"Protein_N"}},{"data":{"id":"Q9H8Y8","display_name":"GORASP2","Node_Type":"Protein_N"}},{"data":{"id":"P45984","display_name":"MAPK9","Node_Type":"Protein_N"}},{"data":{"id":"P26196","display_name":"DDX6","Node_Type":"Protein_N"}},{"data":{"id":"Q92993","display_name":"KAT5","Node_Type":"Protein_N"}},{"data":{"id":"Q99750","display_name":"MDFI","Node_Type":"Protein_N"}},{"data":{"id":"DB02824","display_name":"N-Pyridoxyl-Glycine-5-Monophosphate","Node_Type":"Drug","enrichScore":9999999}},{"data":{"id":"DB02067","display_name":"Triglu-5-formyl-tetrahydrofolate","Node_Type":"Drug","enrichScore":529.889}},{"data":{"id":"DB07020","display_name":"N-{3-[5-(1H-1,2,4-triazol-3-yl)-1H-indazol-3-yl]phenyl}furan-2-carboxamide","Node_Type":"Drug","enrichScore":529.889}},{"data":{"id":"DB06243","display_name":"Eflornithine","Node_Type":"Drug","enrichScore":529.889}},{"data":{"id":"DB04263","display_name":"Geneticin","Node_Type":"Drug","enrichScore":529.889}},{"data":{"id":"DB03856","display_name":"L-Eflornithine","Node_Type":"Drug","enrichScore":529.889}},{"data":{"id":"DB02209","display_name":"Pyridoxine phosphate","Node_Type":"Drug","enrichScore":264.944}},{"data":{"id":"DB02800","display_name":"5-hydroxymethyl-5,6-dihydrofolic acid","Node_Type":"Drug","enrichScore":264.944}},{"data":{"id":"DB01055","display_name":"Mimosine","Node_Type":"Drug","enrichScore":176.63}},{"data":{"id":"DB02039","display_name":"S-Acetyl-Cysteine","Node_Type":"Drug","enrichScore":176.63}},{"data":{"id":"R-HSA-351202","display_name":"Metabolism of polyamines","Node_Type":"Pathway","enrichScore":1785.417}},{"data":{"id":"R-HSA-71262","display_name":"Carnitine synthesis","Node_Type":"Pathway","enrichScore":1785.417}},{"data":{"id":"R-HSA-5693548","display_name":"Sensing of DNA Double Strand Breaks","Node_Type":"Pathway","enrichScore":1190.278}},{"data":{"id":"R-HSA-450341","display_name":"Activation of the AP-1 family of transcription factors","Node_Type":"Pathway","enrichScore":714.167}},{"data":{"id":"R-HSA-350562","display_name":"Regulation of ornithine decarboxylase (ODC)","Node_Type":"Pathway","enrichScore":560.131}},{"data":{"id":"R-HSA-162658","display_name":"Golgi Cisternae Pericentriolar Stack Reorganization","Node_Type":"Pathway","enrichScore":510.119}},{"data":{"id":"R-HSA-430039","display_name":"mRNA decay by 5' to 3' exoribonuclease","Node_Type":"Pathway","enrichScore":476.111}},{"data":{"id":"R-HSA-196757","display_name":"Metabolism of folate and pterines","Node_Type":"Pathway","enrichScore":420.098}},{"data":{"id":"R-HSA-156584","display_name":"Cytosolic sulfonation of small molecules","Node_Type":"Pathway","enrichScore":396.759}},{"data":{"id":"R-HSA-450321","display_name":"JNK (c-Jun kinases) phosphorylation and activation mediated by activated human TAK1","Node_Type":"Pathway","enrichScore":324.621}},{"data":{"id":"hsa00670","display_name":"One carbon pool by folate","Node_Type":"kegg_Pathway","enrichScore":39.988}},{"data":{"id":"hsa00630","display_name":"Glyoxylate and dicarboxylate metabolism","Node_Type":"kegg_Pathway","enrichScore":25.326}},{"data":{"id":"hsa04215","display_name":"Apoptosis","Node_Type":"kegg_Pathway","enrichScore":23.024}},{"data":{"id":"hsa00260","display_name":"Glycine, serine and threonine metabolism","Node_Type":"kegg_Pathway","enrichScore":18.09}},{"data":{"id":"hsa00330","display_name":"Arginine and proline metabolism","Node_Type":"kegg_Pathway","enrichScore":15.506}},{"data":{"id":"hsa00480","display_name":"Glutathione metabolism","Node_Type":"kegg_Pathway","enrichScore":13.567}},{"data":{"id":"hsa04137","display_name":"Mitophagy","Node_Type":"kegg_Pathway","enrichScore":11.689}},{"data":{"id":"hsa04664","display_name":"Fc epsilon RI signaling pathway","Node_Type":"kegg_Pathway","enrichScore":11.34}},{"data":{"id":"hsa04920","display_name":"Adipocytokine signaling pathway","Node_Type":"kegg_Pathway","enrichScore":11.011}},{"data":{"id":"hsa04917","display_name":"Prolactin signaling pathway","Node_Type":"kegg_Pathway","enrichScore":10.854}}],"edges":[{"data":{"source":"P34896","target":"P34896","Edge_Type":"PPI","label":"interacts w\/"}},{"data":{"source":"P0DMM9","target":"P34896","Edge_Type":"PPI","label":"interacts w\/"}},{"data":{"source":"Q9UMX2","target":"P11926","Edge_Type":"PPI","label":"interacts w\/"}},{"data":{"source":"Q9H8Y8","target":"P11926","Edge_Type":"PPI","label":"interacts w\/"}},{"data":{"source":"Q9H8Y8","target":"P34896","Edge_Type":"PPI","label":"interacts w\/"}},{"data":{"source":"P45984","target":"P34896","Edge_Type":"PPI","label":"interacts w\/"}},{"data":{"source":"P26196","target":"P34896","Edge_Type":"PPI","label":"interacts w\/"}},{"data":{"source":"Q92993","target":"P11926","Edge_Type":"PPI","label":"interacts w\/"}},{"data":{"source":"Q99750","target":"P34896","Edge_Type":"PPI","label":"interacts w\/"}},{"data":{"source":"Q99750","target":"Q99750","Edge_Type":"PPI","label":"interacts w\/"}},{"data":{"source":"Q99750","target":"Q92993","Edge_Type":"PPI","label":"interacts w\/"}},{"data":{"source":"P34896","target":"DB02824","Edge_Type":"Drug","label":"targets"}},{"data":{"source":"P11926","target":"DB02824","Edge_Type":"Drug","label":"targets"}},{"data":{"source":"P34896","target":"DB02067","Edge_Type":"Drug","label":"targets"}},{"data":{"source":"P45984","target":"DB07020","Edge_Type":"Drug","label":"targets"}},{"data":{"source":"P11926","target":"DB06243","Edge_Type":"Drug","label":"targets"}},{"data":{"source":"P11926","target":"DB04263","Edge_Type":"Drug","label":"targets"}},{"data":{"source":"P11926","target":"DB03856","Edge_Type":"Drug","label":"targets"}},{"data":{"source":"P11926","target":"DB02209","Edge_Type":"Drug","label":"targets"}},{"data":{"source":"P34896","target":"DB02800","Edge_Type":"Drug","label":"targets"}},{"data":{"source":"P34896","target":"DB01055","Edge_Type":"Drug","label":"targets"}},{"data":{"source":"Q92993","target":"DB02039","Edge_Type":"Drug","label":"targets"}},{"data":{"source":"P11926","target":"R-HSA-351202","Edge_Type":"Pathway","label":"is involved in"}},{"data":{"source":"P34896","target":"R-HSA-71262","Edge_Type":"Pathway","label":"is involved in"}},{"data":{"source":"Q92993","target":"R-HSA-5693548","Edge_Type":"Pathway","label":"is involved in"}},{"data":{"source":"P45984","target":"R-HSA-450341","Edge_Type":"Pathway","label":"is involved in"}},{"data":{"source":"P11926","target":"R-HSA-350562","Edge_Type":"Pathway","label":"is involved in"}},{"data":{"source":"Q9UMX2","target":"R-HSA-350562","Edge_Type":"Pathway","label":"is involved in"}},{"data":{"source":"Q9H8Y8","target":"R-HSA-162658","Edge_Type":"Pathway","label":"is involved in"}},{"data":{"source":"P26196","target":"R-HSA-430039","Edge_Type":"Pathway","label":"is involved in"}},{"data":{"source":"P34896","target":"R-HSA-196757","Edge_Type":"Pathway","label":"is involved in"}},{"data":{"source":"P0DMM9","target":"R-HSA-156584","Edge_Type":"Pathway","label":"is involved in"}},{"data":{"source":"P45984","target":"R-HSA-450321","Edge_Type":"Pathway","label":"is involved in"}},{"data":{"source":"P34896","target":"hsa00670","Edge_Type":"kegg_path_prot","label":"is involved in"}},{"data":{"source":"P34896","target":"hsa00630","Edge_Type":"kegg_path_prot","label":"is involved in"}},{"data":{"source":"P45984","target":"hsa04215","Edge_Type":"kegg_path_prot","label":"is involved in"}},{"data":{"source":"P34896","target":"hsa00260","Edge_Type":"kegg_path_prot","label":"is involved in"}},{"data":{"source":"P11926","target":"hsa00330","Edge_Type":"kegg_path_prot","label":"is involved in"}},{"data":{"source":"P11926","target":"hsa00480","Edge_Type":"kegg_path_prot","label":"is involved in"}},{"data":{"source":"P45984","target":"hsa04137","Edge_Type":"kegg_path_prot","label":"is involved in"}},{"data":{"source":"P45984","target":"hsa04664","Edge_Type":"kegg_path_prot","label":"is involved in"}},{"data":{"source":"P45984","target":"hsa04920","Edge_Type":"kegg_path_prot","label":"is involved in"}},{"data":{"source":"P45984","target":"hsa04917","Edge_Type":"kegg_path_prot","label":"is involved in"}}]}