{"options":{"search_start":1613057764,"tax_ids":[9606],"num_of_fn_nodes":10,"num_of_pathways":10,"num_of_phenotypes":10,"num_of_drugs":10,"num_of_diseases":10,"num_of_compounds":10,"chembl_compounds":0,"predictions":1,"reviewed_filter":1,"fn":1,"chembl":1,"search_finish":1613057777,"search_runtime":13},"search":[{"Drug":[{"DB01033":"Mercaptopurine"}]}],"nodes":[{"data":{"id":"P00492","display_name":"HPRT1","Node_Type":"Protein"}},{"data":{"id":"P12268","display_name":"IMPDH2","Node_Type":"Protein"}},{"data":{"id":"P20839","display_name":"IMPDH1","Node_Type":"Protein"}},{"data":{"id":"Q06203","display_name":"PPAT","Node_Type":"Protein"}},{"data":{"id":"Q96G04","display_name":"EEF2KMT","Node_Type":"Protein_N"}},{"data":{"id":"Q14749","display_name":"GNMT","Node_Type":"Protein_N"}},{"data":{"id":"Q9BU20","display_name":"CPLANE2","Node_Type":"Protein_N"}},{"data":{"id":"Q9Y4B4","display_name":"RAD54L2","Node_Type":"Protein_N"}},{"data":{"id":"P78424","display_name":"POU6F2","Node_Type":"Protein_N"}},{"data":{"id":"P78317","display_name":"RNF4","Node_Type":"Protein_N"}},{"data":{"id":"Q96D03","display_name":"DDIT4L","Node_Type":"Protein_N"}},{"data":{"id":"Q9NRG1","display_name":"PRTFDC1","Node_Type":"Protein_N"}},{"data":{"id":"Q8N9Q2","display_name":"SREK1IP1","Node_Type":"Protein_N"}},{"data":{"id":"O95994","display_name":"AGR2","Node_Type":"Protein_N"}},{"data":{"id":"Orphanet:289891","display_name":"Hypermethioninemia due to glycine N-methyltransferase deficiency","Node_Type":"Disease","enrichScore":257.214}},{"data":{"id":"Orphanet:510","display_name":"Lesch-Nyhan syndrome","Node_Type":"Disease","enrichScore":257.214}},{"data":{"id":"Orphanet:79233","display_name":"Hypoxanthine guanine phosphoribosyltransferase partial deficiency","Node_Type":"Disease","enrichScore":257.214}},{"data":{"id":"Orphanet:654","display_name":"Nephroblastoma","Node_Type":"Disease","enrichScore":85.738}},{"data":{"id":"Orphanet:65","display_name":"Leber congenital amaurosis","Node_Type":"Disease","enrichScore":13.538}},{"data":{"id":"Orphanet:791","display_name":"Retinitis pigmentosa","Node_Type":"Disease","enrichScore":3.384}},{"data":{"id":"DB01033","display_name":"Mercaptopurine","Node_Type":"Drug","enrichScore":9999999}},{"data":{"id":"DB03948","display_name":"6-Chloropurine Riboside, 5'-Monophosphate","Node_Type":"Drug","enrichScore":681.286}},{"data":{"id":"DB06103","display_name":"VX-148","Node_Type":"Drug","enrichScore":681.286}},{"data":{"id":"DB00688","display_name":"Mycophenolate mofetil","Node_Type":"Drug","enrichScore":681.286}},{"data":{"id":"DB01024","display_name":"Mycophenolic acid","Node_Type":"Drug","enrichScore":681.286}},{"data":{"id":"DB04356","display_name":"9-Deazaguanine","Node_Type":"Drug","enrichScore":340.643}},{"data":{"id":"DB03070","display_name":"Selenazole-4-carboxyamide-adenine dinucleotide","Node_Type":"Drug","enrichScore":340.643}},{"data":{"id":"DB03153","display_name":"3H-pyrazolo[4,3-d]pyrimidin-7-ol","Node_Type":"Drug","enrichScore":340.643}},{"data":{"id":"DB00811","display_name":"Ribavirin","Node_Type":"Drug","enrichScore":194.653}},{"data":{"id":"DB02309","display_name":"5-monophosphate-9-beta-D-ribofuranosyl xanthine","Node_Type":"Drug","enrichScore":170.321}},{"data":{"id":"R-HSA-73817","display_name":"Purine ribonucleoside monophosphate biosynthesis","Node_Type":"Pathway","enrichScore":3443.304}},{"data":{"id":"R-HSA-2408508","display_name":"Metabolism of ingested SeMet, Sec, MeSec into H2Se","Node_Type":"Pathway","enrichScore":573.884}},{"data":{"id":"R-HSA-74217","display_name":"Purine salvage","Node_Type":"Pathway","enrichScore":353.159}},{"data":{"id":"R-HSA-8876725","display_name":"Protein methylation","Node_Type":"Pathway","enrichScore":270.063}},{"data":{"id":"R-HSA-389661","display_name":"Glyoxylate metabolism and glycine degradation","Node_Type":"Pathway","enrichScore":158.313}},{"data":{"id":"R-HSA-5693607","display_name":"Processing of DNA double-strand break ends","Node_Type":"Pathway","enrichScore":56.68}},{"data":{"id":"R-HSA-6798695","display_name":"Neutrophil degranulation","Node_Type":"Pathway","enrichScore":38.419}},{"data":{"id":"R-HSA-983168","display_name":"Antigen processing: Ubiquitination & Proteasome degradation","Node_Type":"Pathway","enrichScore":14.858}},{"data":{"id":"HP:0001854","display_name":"Podagra","Node_Type":"HPO","enrichScore":302.214}},{"data":{"id":"HP:0012611","display_name":"Increased urinary urate","Node_Type":"HPO","enrichScore":151.107}},{"data":{"id":"HP:0000791","display_name":"Uric acid nephrolithiasis","Node_Type":"HPO","enrichScore":100.738}},{"data":{"id":"HP:0012610","display_name":"Abnormality of urinary uric acid concentration","Node_Type":"HPO","enrichScore":100.738}},{"data":{"id":"HP:0003149","display_name":"Hyperuricosuria","Node_Type":"HPO","enrichScore":100.738}},{"data":{"id":"HP:0012587","display_name":"Macroscopic hematuria","Node_Type":"HPO","enrichScore":50.369}},{"data":{"id":"HP:0003235","display_name":"Hypermethioninemia","Node_Type":"HPO","enrichScore":37.777}},{"data":{"id":"HP:0007688","display_name":"Undetectable light- and dark-adapted electroretinogram","Node_Type":"HPO","enrichScore":27.474}},{"data":{"id":"HP:0100518","display_name":"Dysuria","Node_Type":"HPO","enrichScore":25.185}},{"data":{"id":"HP:0000029","display_name":"Testicular atrophy","Node_Type":"HPO","enrichScore":23.247}},{"data":{"id":"hsa00230","display_name":"Purine metabolism","Node_Type":"kegg_Pathway","enrichScore":60.58}},{"data":{"id":"hsa00983","display_name":"Drug metabolism","Node_Type":"kegg_Pathway","enrichScore":55.644}},{"data":{"id":"hsa00250","display_name":"Alanine, aspartate and glutamate metabolism","Node_Type":"kegg_Pathway","enrichScore":13.567}},{"data":{"id":"hsa00260","display_name":"Glycine, serine and threonine metabolism","Node_Type":"kegg_Pathway","enrichScore":11.629}},{"data":{"id":"hsa01100","display_name":"Metabolic pathways","Node_Type":"kegg_Pathway","enrichScore":8.256}},{"data":{"id":"H00001","display_name":"B-cell acute lymphoblastic leukemia","Node_Type":"kegg_Disease","enrichScore":1000000}},{"data":{"id":"H00003","display_name":"Acute myeloid leukemia","Node_Type":"kegg_Disease","enrichScore":1000000}},{"data":{"id":"H00002","display_name":"T-cell acute lymphoblastic leukemia","Node_Type":"kegg_Disease","enrichScore":1000000}},{"data":{"id":"H00004","display_name":"Chronic myeloid leukemia","Node_Type":"kegg_Disease","enrichScore":1000000}},{"data":{"id":"H00194","display_name":"Lesch-Nyhan syndrome","Node_Type":"kegg_Disease","enrichScore":261.929}},{"data":{"id":"H00184","display_name":"Hypermethioninemia","Node_Type":"kegg_Disease","enrichScore":65.482}},{"data":{"id":"H00837","display_name":"Leber congenital amaurosis","Node_Type":"kegg_Disease","enrichScore":15.408}},{"data":{"id":"H00527","display_name":"Retinitis pigmentosa","Node_Type":"kegg_Disease","enrichScore":4.225}}],"edges":[{"data":{"source":"P00492","target":"P00492","Edge_Type":"PPI","label":"interacts w\/"}},{"data":{"source":"P20839","target":"P12268","Edge_Type":"PPI","label":"interacts w\/"}},{"data":{"source":"Q96G04","target":"P00492","Edge_Type":"PPI","label":"interacts w\/"}},{"data":{"source":"Q14749","target":"P00492","Edge_Type":"PPI","label":"interacts w\/"}},{"data":{"source":"Q14749","target":"Q14749","Edge_Type":"PPI","label":"interacts w\/"}},{"data":{"source":"Q9BU20","target":"P12268","Edge_Type":"PPI","label":"interacts w\/"}},{"data":{"source":"Q9Y4B4","target":"P20839","Edge_Type":"PPI","label":"interacts w\/"}},{"data":{"source":"P78424","target":"P12268","Edge_Type":"PPI","label":"interacts w\/"}},{"data":{"source":"P78317","target":"P20839","Edge_Type":"PPI","label":"interacts w\/"}},{"data":{"source":"P78317","target":"P78317","Edge_Type":"PPI","label":"interacts w\/"}},{"data":{"source":"Q96D03","target":"P20839","Edge_Type":"PPI","label":"interacts w\/"}},{"data":{"source":"Q9NRG1","target":"P00492","Edge_Type":"PPI","label":"interacts w\/"}},{"data":{"source":"Q9NRG1","target":"Q96G04","Edge_Type":"PPI","label":"interacts w\/"}},{"data":{"source":"Q8N9Q2","target":"P00492","Edge_Type":"PPI","label":"interacts w\/"}},{"data":{"source":"Q8N9Q2","target":"Q96D03","Edge_Type":"PPI","label":"interacts w\/"}},{"data":{"source":"O95994","target":"P12268","Edge_Type":"PPI","label":"interacts w\/"}},{"data":{"source":"O95994","target":"P78424","Edge_Type":"PPI","label":"interacts w\/"}},{"data":{"source":"HP:0001854","target":"Orphanet:79233","Edge_Type":"hpodis","label":"is associated w\/"}},{"data":{"source":"HP:0001854","target":"Orphanet:510","Edge_Type":"hpodis","label":"is associated w\/"}},{"data":{"source":"HP:0012611","target":"Orphanet:79233","Edge_Type":"hpodis","label":"is associated w\/"}},{"data":{"source":"HP:0000791","target":"Orphanet:79233","Edge_Type":"hpodis","label":"is associated w\/"}},{"data":{"source":"HP:0012610","target":"Orphanet:79233","Edge_Type":"hpodis","label":"is associated w\/"}},{"data":{"source":"HP:0003149","target":"Orphanet:79233","Edge_Type":"hpodis","label":"is associated w\/"}},{"data":{"source":"HP:0003149","target":"Orphanet:510","Edge_Type":"hpodis","label":"is associated w\/"}},{"data":{"source":"HP:0012587","target":"Orphanet:79233","Edge_Type":"hpodis","label":"is associated w\/"}},{"data":{"source":"HP:0003235","target":"Orphanet:289891","Edge_Type":"hpodis","label":"is associated w\/"}},{"data":{"source":"HP:0007688","target":"Orphanet:791","Edge_Type":"hpodis","label":"is associated w\/"}},{"data":{"source":"HP:0007688","target":"Orphanet:791","Edge_Type":"hpodis","label":"is associated w\/"}},{"data":{"source":"HP:0007688","target":"Orphanet:791","Edge_Type":"hpodis","label":"is associated w\/"}},{"data":{"source":"HP:0007688","target":"Orphanet:791","Edge_Type":"hpodis","label":"is associated w\/"}},{"data":{"source":"HP:0007688","target":"Orphanet:791","Edge_Type":"hpodis","label":"is associated w\/"}},{"data":{"source":"HP:0007688","target":"Orphanet:791","Edge_Type":"hpodis","label":"is associated w\/"}},{"data":{"source":"HP:0007688","target":"Orphanet:65","Edge_Type":"hpodis","label":"is associated w\/"}},{"data":{"source":"HP:0100518","target":"Orphanet:79233","Edge_Type":"hpodis","label":"is associated w\/"}},{"data":{"source":"HP:0000029","target":"Orphanet:510","Edge_Type":"hpodis","label":"is associated w\/"}},{"data":{"source":"Q14749","target":"Orphanet:289891","Edge_Type":"Disease","label":"is related to"}},{"data":{"source":"P00492","target":"Orphanet:510","Edge_Type":"Disease","label":"is related to"}},{"data":{"source":"P00492","target":"Orphanet:79233","Edge_Type":"Disease","label":"is related to"}},{"data":{"source":"P78424","target":"Orphanet:654","Edge_Type":"Disease","label":"is related to"}},{"data":{"source":"P20839","target":"Orphanet:65","Edge_Type":"Disease","label":"is related to"}},{"data":{"source":"P20839","target":"Orphanet:791","Edge_Type":"Disease","label":"is related to"}},{"data":{"source":"P00492","target":"DB01033","Edge_Type":"Drug","label":"targets"}},{"data":{"source":"Q06203","target":"DB01033","Edge_Type":"Drug","label":"targets"}},{"data":{"source":"P20839","target":"DB01033","Edge_Type":"Drug","label":"targets"}},{"data":{"source":"P12268","target":"DB01033","Edge_Type":"Drug","label":"targets"}},{"data":{"source":"P20839","target":"DB03948","Edge_Type":"Drug","label":"targets"}},{"data":{"source":"P12268","target":"DB03948","Edge_Type":"Drug","label":"targets"}},{"data":{"source":"P20839","target":"DB06103","Edge_Type":"Drug","label":"targets"}},{"data":{"source":"P12268","target":"DB06103","Edge_Type":"Drug","label":"targets"}},{"data":{"source":"P20839","target":"DB00688","Edge_Type":"Drug","label":"targets"}},{"data":{"source":"P12268","target":"DB00688","Edge_Type":"Drug","label":"targets"}},{"data":{"source":"P20839","target":"DB01024","Edge_Type":"Drug","label":"targets"}},{"data":{"source":"P12268","target":"DB01024","Edge_Type":"Drug","label":"targets"}},{"data":{"source":"P00492","target":"DB04356","Edge_Type":"Drug","label":"targets"}},{"data":{"source":"P12268","target":"DB03070","Edge_Type":"Drug","label":"targets"}},{"data":{"source":"P00492","target":"DB03153","Edge_Type":"Drug","label":"targets"}},{"data":{"source":"P20839","target":"DB00811","Edge_Type":"Drug","label":"targets"}},{"data":{"source":"P12268","target":"DB00811","Edge_Type":"Drug","label":"targets"}},{"data":{"source":"P00492","target":"DB02309","Edge_Type":"Drug","label":"targets"}},{"data":{"source":"P12268","target":"R-HSA-73817","Edge_Type":"Pathway","label":"is involved in"}},{"data":{"source":"P20839","target":"R-HSA-73817","Edge_Type":"Pathway","label":"is involved in"}},{"data":{"source":"Q06203","target":"R-HSA-73817","Edge_Type":"Pathway","label":"is involved in"}},{"data":{"source":"Q14749","target":"R-HSA-2408508","Edge_Type":"Pathway","label":"is involved in"}},{"data":{"source":"P00492","target":"R-HSA-74217","Edge_Type":"Pathway","label":"is involved in"}},{"data":{"source":"Q96G04","target":"R-HSA-8876725","Edge_Type":"Pathway","label":"is involved in"}},{"data":{"source":"Q14749","target":"R-HSA-389661","Edge_Type":"Pathway","label":"is involved in"}},{"data":{"source":"P78317","target":"R-HSA-5693607","Edge_Type":"Pathway","label":"is involved in"}},{"data":{"source":"P12268","target":"R-HSA-6798695","Edge_Type":"Pathway","label":"is involved in"}},{"data":{"source":"P20839","target":"R-HSA-6798695","Edge_Type":"Pathway","label":"is involved in"}},{"data":{"source":"P78317","target":"R-HSA-983168","Edge_Type":"Pathway","label":"is involved in"}},{"data":{"source":"P00492","target":"HP:0001854","Edge_Type":"HPO","label":"is associated w\/"}},{"data":{"source":"P00492","target":"HP:0012611","Edge_Type":"HPO","label":"is associated w\/"}},{"data":{"source":"P00492","target":"HP:0000791","Edge_Type":"HPO","label":"is associated w\/"}},{"data":{"source":"P00492","target":"HP:0012610","Edge_Type":"HPO","label":"is associated w\/"}},{"data":{"source":"P00492","target":"HP:0003149","Edge_Type":"HPO","label":"is associated w\/"}},{"data":{"source":"P00492","target":"HP:0012587","Edge_Type":"HPO","label":"is associated w\/"}},{"data":{"source":"Q14749","target":"HP:0003235","Edge_Type":"HPO","label":"is associated w\/"}},{"data":{"source":"P20839","target":"HP:0007688","Edge_Type":"HPO","label":"is associated w\/"}},{"data":{"source":"P00492","target":"HP:0100518","Edge_Type":"HPO","label":"is associated w\/"}},{"data":{"source":"P00492","target":"HP:0000029","Edge_Type":"HPO","label":"is associated w\/"}},{"data":{"source":"H00001","target":"DB01033","Edge_Type":"kegg_dis_drug","label":"indicates"}},{"data":{"source":"H00003","target":"DB01033","Edge_Type":"kegg_dis_drug","label":"indicates"}},{"data":{"source":"H00002","target":"DB01033","Edge_Type":"kegg_dis_drug","label":"indicates"}},{"data":{"source":"H00004","target":"DB01033","Edge_Type":"kegg_dis_drug","label":"indicates"}},{"data":{"source":"H00194","target":"hsa00230","Edge_Type":"kegg_dis_path","label":"modulates"}},{"data":{"source":"H00184","target":"hsa00230","Edge_Type":"kegg_dis_path","label":"modulates"}},{"data":{"source":"H00184","target":"hsa00260","Edge_Type":"kegg_dis_path","label":"modulates"}},{"data":{"source":"H00837","target":"hsa00230","Edge_Type":"kegg_dis_path","label":"modulates"}},{"data":{"source":"P00492","target":"hsa00230","Edge_Type":"kegg_path_prot","label":"is involved in"}},{"data":{"source":"P12268","target":"hsa00230","Edge_Type":"kegg_path_prot","label":"is involved in"}},{"data":{"source":"P20839","target":"hsa00230","Edge_Type":"kegg_path_prot","label":"is involved in"}},{"data":{"source":"Q06203","target":"hsa00230","Edge_Type":"kegg_path_prot","label":"is involved in"}},{"data":{"source":"P00492","target":"hsa00983","Edge_Type":"kegg_path_prot","label":"is involved in"}},{"data":{"source":"P12268","target":"hsa00983","Edge_Type":"kegg_path_prot","label":"is involved in"}},{"data":{"source":"P20839","target":"hsa00983","Edge_Type":"kegg_path_prot","label":"is involved in"}},{"data":{"source":"Q06203","target":"hsa00250","Edge_Type":"kegg_path_prot","label":"is involved in"}},{"data":{"source":"Q14749","target":"hsa00260","Edge_Type":"kegg_path_prot","label":"is involved in"}},{"data":{"source":"P00492","target":"hsa01100","Edge_Type":"kegg_path_prot","label":"is involved in"}},{"data":{"source":"P12268","target":"hsa01100","Edge_Type":"kegg_path_prot","label":"is involved in"}},{"data":{"source":"P20839","target":"hsa01100","Edge_Type":"kegg_path_prot","label":"is involved in"}},{"data":{"source":"Q06203","target":"hsa01100","Edge_Type":"kegg_path_prot","label":"is involved in"}},{"data":{"source":"Q14749","target":"hsa01100","Edge_Type":"kegg_path_prot","label":"is involved in"}},{"data":{"source":"P00492","target":"H00194","Edge_Type":"kegg_dis_prot","label":"is related to"}},{"data":{"source":"Q14749","target":"H00184","Edge_Type":"kegg_dis_prot","label":"is related to"}},{"data":{"source":"P20839","target":"H00837","Edge_Type":"kegg_dis_prot","label":"is related to"}},{"data":{"source":"P20839","target":"H00527","Edge_Type":"kegg_dis_prot","label":"is related to"}}]}