Core Proteins,Interacting Proteins,Pathways,HPO terms,Diseases,Targeting Drugs,Experimental Bioactive Compounds (pChEMBL),Predicted interacting Compounds
CD4 (P01730),CD4 (P01730); CCR5 (P51681),R-HSA-173107 Binding and entry of HIV virion[scr:11125]; R-HSA-1462054 Alpha-defensins[scr:549]; R-HSA-167590 Nef Mediated CD4 Down-regulation[scr:549]; hsa04060 Cytokine-cytokine receptor interaction[scr:87]; hsa04612 Antigen processing and presentation[scr:27],,MONDO:0013497 Okt4 epitope deficiency (EFO)[scr:0],DB12698 Ibalizumab[scr:9999999]; DB06241 Clenoliximab[scr:367],,
CCR5 (P51681),CCR5 (P51681); CD4 (P01730); CXCR4 (P61073); ACKR1 (Q16570); CCL4 (P13236); EMP1 (P54849),R-HSA-173107 Binding and entry of HIV virion[scr:11125]; R-HSA-380108 Chemokine receptors bind chemokines[scr:2575]; R-HSA-418594 G alpha (i) signalling events[scr:468]; hsa04061 Viral protein interaction with cytokine and cytokine receptor[scr:187]; hsa04062 Chemokine signaling pathway[scr:100]; hsa04060 Cytokine-cytokine receptor interaction[scr:87],,EFO:0000180 HIV-1 infection (EFO)[scr:92]; MONDO:0004951 susceptibility to HIV infection (EFO)[scr:92]; EFO:0001359 type I diabetes mellitus (EFO)[scr:23],DB12698 Ibalizumab[scr:9999999]; DB05501 AMD-070[scr:734]; DB04835 Maraviroc[scr:367]; DB05941 Leronlimab[scr:367]; DB06652 Vicriviroc[scr:367]; DB06497 Aplaviroc[scr:367],,
CXCR4 (P61073),CXCR4 (P61073); CCR5 (P51681); ADRA1B (P35368); CXCR3 (P49682); CD164 (Q04900); CD74 (P04233); TLR2 (O60603); CXCR5 (P32302); MYH9 (P35579),R-HSA-173107 Binding and entry of HIV virion[scr:11125]; R-HSA-380108 Chemokine receptors bind chemokines[scr:2575]; R-HSA-418594 G alpha (i) signalling events[scr:468]; hsa04061 Viral protein interaction with cytokine and cytokine receptor[scr:187]; hsa04062 Chemokine signaling pathway[scr:100]; hsa04060 Cytokine-cytokine receptor interaction[scr:87]; hsa04672 Intestinal immune network for IgA production[scr:11]; hsa04020 Calcium signaling pathway[scr:11]; hsa04810 Regulation of actin cytoskeleton[scr:10],HP:0031160 Myelokathexis[scr:325]; HP:0000166 Severe periodontitis[scr:163]; HP:0011992 Abnormality of neutrophil morphology[scr:145]; HP:0011850 Parotitis[scr:108]; HP:0032241 Cervical neoplasm[scr:81]; HP:0030079 Cervix cancer[scr:81],Orphanet:51636 WHIM syndrome (EFO)[scr:277]; H00097 Chemokine receptor defect (KEGG)[scr:282],DB12698 Ibalizumab[scr:9999999]; DB05501 AMD-070[scr:734]; DB06809 Plerixafor[scr:367],,
ACKR1 (Q16570),CCR5 (P51681),,,EFO:0009157 susceptibility to malaria (EFO)[scr:21]; MONDO:0021024 malaria- susceptibility to (EFO)[scr:21],,,
ADRA1B (P35368),CXCR4 (P61073),R-HSA-390696 Adrenoceptors[scr:549]; hsa04020 Calcium signaling pathway[scr:11],,,DB00433 Prochlorperazine[scr:367],,CHEMBL1916950 [scr:40.15]; CHEMBL2312049 [scr:40.15]; CHEMBL1609479 [scr:40.15]; CHEMBL2236343 [scr:40.15]; CHEMBL1608785 [scr:40.15]; CHEMBL1608616 [scr:40.15]; CHEMBL1608364 [scr:40.15]; CHEMBL3692460 [scr:40.15]; CHEMBL1607105 [scr:40.15]; CHEMBL3196797 [scr:40.15]
CXCR3 (P49682),CXCR4 (P61073); CXCR3 (P49682),R-HSA-380108 Chemokine receptors bind chemokines[scr:2575]; R-HSA-418594 G alpha (i) signalling events[scr:468]; hsa04061 Viral protein interaction with cytokine and cytokine receptor[scr:187]; hsa04062 Chemokine signaling pathway[scr:100]; hsa04060 Cytokine-cytokine receptor interaction[scr:87],,,,,
CCL4 (P13236),CCR5 (P51681); CCL4 (P13236),R-HSA-380108 Chemokine receptors bind chemokines[scr:2575]; R-HSA-418594 G alpha (i) signalling events[scr:468]; hsa04061 Viral protein interaction with cytokine and cytokine receptor[scr:187]; hsa04061 Viral protein interaction with cytokine and cytokine receptor[scr:187]; hsa04062 Chemokine signaling pathway[scr:100]; hsa04062 Chemokine signaling pathway[scr:100]; hsa04060 Cytokine-cytokine receptor interaction[scr:87]; hsa04060 Cytokine-cytokine receptor interaction[scr:87]; hsa04620 Toll-like receptor signaling pathway[scr:45]; hsa04620 Toll-like receptor signaling pathway[scr:45]; hsa04623 Cytosolic DNA-sensing pathway[scr:33]; hsa04623 Cytosolic DNA-sensing pathway[scr:33]; hsa04064 NF-kappa B signaling pathway[scr:20]; hsa04064 NF-kappa B signaling pathway[scr:20],,,,,
CD164 (Q04900),CXCR4 (P61073),,,Orphanet:90635 Autosomal dominant non-syndromic sensorineural deafness type DFNA (EFO)[scr:30]; H00604 Deafness- autosomal dominant (KEGG)[scr:31],,,
CD74 (P04233),CXCR4 (P61073),hsa04612 Antigen processing and presentation[scr:27],,,,,
TLR2 (O60603),CXCR4 (P61073); TLR2 (O60603),R-HSA-168188 Toll Like Receptor TLR6:TLR2 Cascade[scr:1236]; R-HSA-168179 Toll Like Receptor TLR1:TLR2 Cascade[scr:824]; R-HSA-5602498 MyD88 deficiency (TLR2/4)[scr:494]; R-HSA-5603041 IRAK4 deficiency (TLR2/4)[scr:449]; hsa04620 Toll-like receptor signaling pathway[scr:45],,H00344 Leprosy (KEGG)[scr:28]; H01358 Atopic dermatitis (KEGG)[scr:26],DB00045 Lyme disease vaccine (recombinant OspA)[scr:367],,
CXCR5 (P32302),CXCR4 (P61073),R-HSA-380108 Chemokine receptors bind chemokines[scr:2575]; R-HSA-418594 G alpha (i) signalling events[scr:468]; hsa04061 Viral protein interaction with cytokine and cytokine receptor[scr:187]; hsa04062 Chemokine signaling pathway[scr:100]; hsa04060 Cytokine-cytokine receptor interaction[scr:87],,,,,
EMP1 (P54849),CCR5 (P51681),,,,,,
MYH9 (P35579),CXCR4 (P61073),hsa04810 Regulation of actin cytoskeleton[scr:10],HP:0008264 Neutrophil inclusion bodies[scr:325]; HP:0040235 Leukocyte inclusion bodies[scr:325]; HP:0011992 Abnormality of neutrophil morphology[scr:145]; HP:0007819 Presenile cataracts[scr:108]; HP:0001905 Congenital thrombocytopenia[scr:65],Orphanet:182050 MYH9-related disease (EFO)[scr:277]; Orphanet:90635 Autosomal dominant non-syndromic sensorineural deafness type DFNA (EFO)[scr:30]; H00233 MYH9-related disease (KEGG)[scr:282]; H02053 Fechtner syndrome (KEGG)[scr:282]; H00578 Epstein syndrome (KEGG)[scr:282]; H02051 May-Hegglin anomaly (KEGG)[scr:282]; H02052 Sebastian syndrome (KEGG)[scr:282]; H00604 Deafness- autosomal dominant (KEGG)[scr:31]; H01740 Macrothrombocytopenia (KEGG)[scr:17],,,
