Core Proteins,Interacting Proteins,Pathways,HPO terms,Diseases,Targeting Drugs,Experimental Bioactive Compounds (pChEMBL),Predicted interacting Compounds
GLRA3 (O75311),,R-HSA-112314 Neurotransmitter receptors and postsynaptic signal transmission[scr:5194]; hsa04080 Neuroactive ligand-receptor interaction[scr:74],,,DB00431 Lindane[scr:9999999]; DB01043 Memantine[scr:2312]; DB00466 Picrotoxin[scr:1084],,
NR1I2 (O75469),,R-HSA-4090294 SUMOylation of intracellular receptors[scr:876]; R-HSA-383280 Nuclear Receptor transcription pathway[scr:516],,,DB00431 Lindane[scr:9999999]; DB00252 Phenytoin[scr:1084],,
ESR1 (P03372),ESR1 (P03372); PGR (P06401); CUEDC2 (Q9H467); LMTK3 (Q96Q04); CACUL1 (Q86Y37); KDM6B (O15054); PHB2 (Q99623); SENP5 (Q96HI0); SP3 (Q02447); MACROD1 (Q9BQ69); RAC3 (P60763); TRIM24 (O15164),R-HSA-4090294 SUMOylation of intracellular receptors[scr:876]; R-HSA-383280 Nuclear Receptor transcription pathway[scr:516]; R-HSA-8931987 RUNX1 regulates estrogen receptor mediated transcription[scr:487]; R-HSA-8939256 RUNX1 regulates transcription of genes involved in WNT signaling[scr:487]; R-HSA-1251985 Nuclear signaling by ERBB4[scr:433]; R-HSA-8939211 ESR-mediated signaling[scr:266]; hsa04915 Estrogen signaling pathway[scr:8]; hsa04961 Endocrine and other factor-regulated calcium reabsorption[scr:6]; hsa04917 Prolactin signaling pathway[scr:4],HP:0003799 Marked delay in bone age[scr:96],H02061 Estrogen resistance syndrome (KEGG)[scr:167]; H00031 Breast cancer (KEGG)[scr:11],DB00431 Lindane[scr:9999999]; DB00603 Medroxyprogesterone acetate[scr:3902],,CHEMBL3982214 [scr:23.73]; CHEMBL2386216 [scr:23.73]; CHEMBL3640957 [scr:23.73]; CHEMBL2381645 [scr:23.73]; CHEMBL3911999 [scr:23.73]; CHEMBL1547221 [scr:23.73]; CHEMBL3667451 [scr:23.73]; CHEMBL3667229 [scr:23.73]; CHEMBL3641358 [scr:23.73]; CHEMBL1550806 [scr:23.73]
PGR (P06401),PGR (P06401); ESR1 (P03372); CUEDC2 (Q9H467),R-HSA-4090294 SUMOylation of intracellular receptors[scr:876]; R-HSA-383280 Nuclear Receptor transcription pathway[scr:516]; R-HSA-1251985 Nuclear signaling by ERBB4[scr:433]; hsa04915 Estrogen signaling pathway[scr:8],,,DB00431 Lindane[scr:9999999]; DB00603 Medroxyprogesterone acetate[scr:3902],,
GABRA1 (P14867),,R-HSA-977443 GABA receptor activation[scr:5217]; R-HSA-1236394 Signaling by ERBB4[scr:2390]; hsa04727 GABAergic synapse[scr:87]; hsa04080 Neuroactive ligand-receptor interaction[scr:74]; hsa04723 Retrograde endocannabinoid signaling[scr:53]; hsa04742 Taste transduction[scr:15],HP:0010848 EEG with spike-wave complexes (2.5-3.5 Hz)[scr:128]; HP:0030218 Punding[scr:128]; HP:0011147 Typical absence seizure[scr:128]; HP:0011150 Myoclonic absence seizure[scr:110]; HP:0007738 Uncontrolled eye movements[scr:110]; HP:0031469 Low self esteem[scr:77]; HP:0006961 Jerky head movements[scr:77],Orphanet:64280 Childhood absence epilepsy (EFO)[scr:164]; Orphanet:33069 Dravet syndrome (EFO)[scr:55]; Orphanet:307 Juvenile myoclonic epilepsy (EFO)[scr:27]; H02215 Childhood absence epilepsy (KEGG)[scr:167]; H02217 Juvenile myoclonic epilepsy (KEGG)[scr:28]; H00606 Early infantile epileptic encephalopathy (KEGG)[scr:25]; H00808 Idiopathic generalized epilepsies (KEGG)[scr:21],DB00431 Lindane[scr:9999999]; DB00603 Medroxyprogesterone acetate[scr:3902]; DB01043 Memantine[scr:2312]; DB00466 Picrotoxin[scr:1084]; DB00252 Phenytoin[scr:1084]; DB00842 Oxazepam[scr:924]; DB00231 Temazepam[scr:878]; DB00897 Triazolam[scr:878]; DB01215 Estazolam[scr:730]; DB01588 Prazepam[scr:730],,
GABRB1 (P18505),,R-HSA-977443 GABA receptor activation[scr:5217]; R-HSA-1236394 Signaling by ERBB4[scr:2390]; hsa04727 GABAergic synapse[scr:87]; hsa04080 Neuroactive ligand-receptor interaction[scr:74]; hsa04723 Retrograde endocannabinoid signaling[scr:53]; hsa04726 Serotonergic synapse[scr:11],,Orphanet:1934 Early infantile epileptic encephalopathy (EFO)[scr:13]; H00606 Early infantile epileptic encephalopathy (KEGG)[scr:25],DB00431 Lindane[scr:9999999]; DB00603 Medroxyprogesterone acetate[scr:3902]; DB01043 Memantine[scr:2312]; DB00252 Phenytoin[scr:1084]; DB00842 Oxazepam[scr:924]; DB00231 Temazepam[scr:878]; DB00897 Triazolam[scr:878]; DB01215 Estazolam[scr:730]; DB01588 Prazepam[scr:730],,
GLRA1 (P23415),,R-HSA-112314 Neurotransmitter receptors and postsynaptic signal transmission[scr:5194]; hsa04080 Neuroactive ligand-receptor interaction[scr:74],HP:0031951 Nocturnal seizures[scr:64],Orphanet:3197 Hereditary hyperekplexia (EFO)[scr:218]; H00769 Hyperekplexia (KEGG)[scr:167],DB00431 Lindane[scr:9999999]; DB01043 Memantine[scr:2312]; DB00466 Picrotoxin[scr:1084],,
GLRA2 (P23416),,R-HSA-112314 Neurotransmitter receptors and postsynaptic signal transmission[scr:5194]; hsa04080 Neuroactive ligand-receptor interaction[scr:74],,,DB00431 Lindane[scr:9999999]; DB01043 Memantine[scr:2312]; DB00466 Picrotoxin[scr:1084],,
GABRR1 (P24046),,R-HSA-977443 GABA receptor activation[scr:5217]; hsa04727 GABAergic synapse[scr:87]; hsa04080 Neuroactive ligand-receptor interaction[scr:74]; hsa04723 Retrograde endocannabinoid signaling[scr:53],,,DB00431 Lindane[scr:9999999]; DB00466 Picrotoxin[scr:1084]; DB00842 Oxazepam[scr:924]; DB00231 Temazepam[scr:878]; DB00897 Triazolam[scr:878]; DB01215 Estazolam[scr:730]; DB01588 Prazepam[scr:730],,
GABRB3 (P28472),GABRB3 (P28472),R-HSA-977443 GABA receptor activation[scr:5217]; R-HSA-1236394 Signaling by ERBB4[scr:2390]; hsa04727 GABAergic synapse[scr:87]; hsa04080 Neuroactive ligand-receptor interaction[scr:74]; hsa04723 Retrograde endocannabinoid signaling[scr:53]; hsa04726 Serotonergic synapse[scr:11],HP:0010848 EEG with spike-wave complexes (2.5-3.5 Hz)[scr:128]; HP:0030218 Punding[scr:128]; HP:0011147 Typical absence seizure[scr:128]; HP:0011150 Myoclonic absence seizure[scr:110]; HP:0007738 Uncontrolled eye movements[scr:110]; HP:0031469 Low self esteem[scr:77]; HP:0006961 Jerky head movements[scr:77],Orphanet:64280 Childhood absence epilepsy (EFO)[scr:164]; Orphanet:1934 Early infantile epileptic encephalopathy (EFO)[scr:13]; H02215 Childhood absence epilepsy (KEGG)[scr:167]; H00606 Early infantile epileptic encephalopathy (KEGG)[scr:25],DB00431 Lindane[scr:9999999]; DB00603 Medroxyprogesterone acetate[scr:3902]; DB01043 Memantine[scr:2312]; DB00252 Phenytoin[scr:1084]; DB00842 Oxazepam[scr:924]; DB00231 Temazepam[scr:878]; DB00897 Triazolam[scr:878]; DB01215 Estazolam[scr:730]; DB01588 Prazepam[scr:730],,
GLRB (P48167),,R-HSA-112314 Neurotransmitter receptors and postsynaptic signal transmission[scr:5194]; hsa04080 Neuroactive ligand-receptor interaction[scr:74],HP:0030904 Glabellar reflex[scr:64],Orphanet:3197 Hereditary hyperekplexia (EFO)[scr:218]; H00769 Hyperekplexia (KEGG)[scr:167],DB00431 Lindane[scr:9999999]; DB01043 Memantine[scr:2312],,
GABRA6 (Q16445),,R-HSA-977443 GABA receptor activation[scr:5217]; hsa04727 GABAergic synapse[scr:87]; hsa04080 Neuroactive ligand-receptor interaction[scr:74]; hsa04723 Retrograde endocannabinoid signaling[scr:53]; hsa04742 Taste transduction[scr:15],,,DB00431 Lindane[scr:9999999]; DB00603 Medroxyprogesterone acetate[scr:3902]; DB01043 Memantine[scr:2312]; DB00252 Phenytoin[scr:1084]; DB00842 Oxazepam[scr:924]; DB00231 Temazepam[scr:878]; DB00897 Triazolam[scr:878]; DB01215 Estazolam[scr:730]; DB01588 Prazepam[scr:730],,
CUEDC2 (Q9H467),ESR1 (P03372); PGR (P06401),,,,,,
LMTK3 (Q96Q04),ESR1 (P03372),,,,,,
CACUL1 (Q86Y37),ESR1 (P03372),,,,,,
KDM6B (O15054),ESR1 (P03372),,,,,,
PHB2 (Q99623),ESR1 (P03372),,,,,,
SENP5 (Q96HI0),ESR1 (P03372),R-HSA-3065679 SUMO is proteolytically processed[scr:487],,,,,
SP3 (Q02447),ESR1 (P03372),,,,,,
MACROD1 (Q9BQ69),ESR1 (P03372),,,,,,
RAC3 (P60763),ESR1 (P03372),hsa04370 VEGF signaling pathway[scr:5]; hsa04664 Fc epsilon RI signaling pathway[scr:5],,EFO:0010563 neurodevelopmental disorder with structural brain anomalies and dysmorphic facies (EFO)[scr:0],,,
TRIM24 (O15164),ESR1 (P03372),,,,,,
