Core Proteins,Interacting Proteins,Pathways,HPO terms,Diseases,Targeting Drugs,Experimental Bioactive Compounds (pChEMBL),Predicted interacting Compounds
CHRM2 (P08172),,R-HSA-390648 Muscarinic acetylcholine receptors[scr:17854]; hsa04725 Cholinergic synapse[scr:275]; hsa04080 Neuroactive ligand-receptor interaction[scr:134]; hsa04020 Calcium signaling pathway[scr:69]; hsa04810 Regulation of actin cytoskeleton[scr:45]; hsa04024 cAMP signaling pathway[scr:7],,,DB03128 Acetylcholine[scr:9999999]; DB00747 Scopolamine[scr:1623]; DB00572 Atropine[scr:1623]; DB09076 Umeclidinium[scr:1325]; DB00496 Darifenacin[scr:1325]; DB00376 Trihexyphenidyl[scr:1325]; DB05752 ALKS 27[scr:1325]; DB00340 Metixene[scr:1325]; DB01409 Tiotropium[scr:1325]; DB00785 Cryptenamine[scr:1325],,CHEMBL553274 [scr:58]; CHEMBL554700 [scr:58]
CHRM4 (P08173),HTR2C (P28335),R-HSA-390648 Muscarinic acetylcholine receptors[scr:17854]; hsa04725 Cholinergic synapse[scr:275]; hsa04080 Neuroactive ligand-receptor interaction[scr:134]; hsa04810 Regulation of actin cytoskeleton[scr:45],,,DB03128 Acetylcholine[scr:9999999]; DB00747 Scopolamine[scr:1623]; DB00572 Atropine[scr:1623]; DB09076 Umeclidinium[scr:1325]; DB00496 Darifenacin[scr:1325]; DB00376 Trihexyphenidyl[scr:1325]; DB05752 ALKS 27[scr:1325]; DB00340 Metixene[scr:1325]; DB01409 Tiotropium[scr:1325]; DB00785 Cryptenamine[scr:1325],,CHEMBL2440581 [scr:58]; CHEMBL3219944 [scr:58]; CHEMBL1583585 [scr:58]; CHEMBL1583577 [scr:58]; CHEMBL2409728 [scr:58]; CHEMBL3896154 [scr:58]; CHEMBL2408582 [scr:58]; CHEMBL581860 [scr:58]
CHRM5 (P08912),CHRM3 (P20309),R-HSA-390648 Muscarinic acetylcholine receptors[scr:17854]; R-HSA-416476 G alpha (q) signalling events[scr:507]; hsa04725 Cholinergic synapse[scr:275]; hsa04080 Neuroactive ligand-receptor interaction[scr:134]; hsa04020 Calcium signaling pathway[scr:69]; hsa04810 Regulation of actin cytoskeleton[scr:45],,,DB03128 Acetylcholine[scr:9999999]; DB00747 Scopolamine[scr:1623]; DB00572 Atropine[scr:1623]; DB09076 Umeclidinium[scr:1325]; DB00496 Darifenacin[scr:1325]; DB00376 Trihexyphenidyl[scr:1325]; DB05752 ALKS 27[scr:1325]; DB00340 Metixene[scr:1325]; DB01409 Tiotropium[scr:1325]; DB00785 Cryptenamine[scr:1325],,CHEMBL553274 [scr:58]; CHEMBL554700 [scr:58]
CHRM1 (P11229),,R-HSA-390648 Muscarinic acetylcholine receptors[scr:17854]; R-HSA-416476 G alpha (q) signalling events[scr:507]; hsa04725 Cholinergic synapse[scr:275]; hsa04080 Neuroactive ligand-receptor interaction[scr:134]; hsa04020 Calcium signaling pathway[scr:69]; hsa04810 Regulation of actin cytoskeleton[scr:45]; hsa04024 cAMP signaling pathway[scr:7],,,DB03128 Acetylcholine[scr:9999999]; DB00747 Scopolamine[scr:1623]; DB00572 Atropine[scr:1623]; DB09076 Umeclidinium[scr:1325]; DB00496 Darifenacin[scr:1325]; DB00376 Trihexyphenidyl[scr:1325]; DB05752 ALKS 27[scr:1325]; DB00340 Metixene[scr:1325]; DB01409 Tiotropium[scr:1325]; DB00785 Cryptenamine[scr:1325],,
CHRNB2 (P17787),CHRNA4 (P43681); CHRNA5 (P30532),R-HSA-629594 Highly calcium permeable postsynaptic nicotinic acetylcholine receptors[scr:5194]; R-HSA-629597 Highly calcium permeable nicotinic acetylcholine receptors[scr:3571]; R-HSA-629587 Highly sodium permeable acetylcholine nicotinic receptors[scr:2040]; hsa04725 Cholinergic synapse[scr:275]; hsa04080 Neuroactive ligand-receptor interaction[scr:134],,Orphanet:98784 Autosomal dominant nocturnal frontal lobe epilepsy (EFO)[scr:200]; H00807 Nocturnal frontal lobe epilepsy (KEGG)[scr:204],DB03128 Acetylcholine[scr:9999999]; DB00747 Scopolamine[scr:1623]; DB00572 Atropine[scr:1623],,
CHRM3 (P20309),CHRM5 (P08912); NALCN (Q8IZF0),R-HSA-390648 Muscarinic acetylcholine receptors[scr:17854]; R-HSA-416476 G alpha (q) signalling events[scr:507]; R-HSA-399997 Acetylcholine regulates insulin secretion[scr:357]; hsa04725 Cholinergic synapse[scr:275]; hsa04080 Neuroactive ligand-receptor interaction[scr:134]; hsa04020 Calcium signaling pathway[scr:69]; hsa04810 Regulation of actin cytoskeleton[scr:45]; hsa04742 Taste transduction[scr:5],HP:0005199 Aplasia of the abdominal wall musculature[scr:235]; HP:0004392 Prune belly[scr:118],Orphanet:2970 Prune belly syndrome (EFO)[scr:200]; H02129 Prune belly syndrome (KEGG)[scr:204],DB03128 Acetylcholine[scr:9999999]; DB00747 Scopolamine[scr:1623]; DB00572 Atropine[scr:1623]; DB09076 Umeclidinium[scr:1325]; DB00496 Darifenacin[scr:1325]; DB00376 Trihexyphenidyl[scr:1325]; DB05752 ALKS 27[scr:1325]; DB00340 Metixene[scr:1325]; DB01409 Tiotropium[scr:1325]; DB00785 Cryptenamine[scr:1325],,
ACHE (P22303),COLQ (Q9Y215); ENO1 (P06733); RACK1 (P63244),R-HSA-112311 Neurotransmitter clearance[scr:893]; hsa04725 Cholinergic synapse[scr:275],,,DB03128 Acetylcholine[scr:9999999],,
CHRNA7 (P36544),SLURP1 (P55000); APP (P05067); CHRFAM7A (Q494W8),R-HSA-629594 Highly calcium permeable postsynaptic nicotinic acetylcholine receptors[scr:5194]; hsa04725 Cholinergic synapse[scr:275]; hsa04080 Neuroactive ligand-receptor interaction[scr:134]; hsa04020 Calcium signaling pathway[scr:69],,H01877 Chromosome 15q13.3 microdeletion syndrome (KEGG)[scr:51],DB03128 Acetylcholine[scr:9999999],,
CHRNA4 (P43681),CHRNB2 (P17787),R-HSA-629594 Highly calcium permeable postsynaptic nicotinic acetylcholine receptors[scr:5194]; R-HSA-629597 Highly calcium permeable nicotinic acetylcholine receptors[scr:3571]; R-HSA-629587 Highly sodium permeable acetylcholine nicotinic receptors[scr:2040]; hsa04725 Cholinergic synapse[scr:275]; hsa04080 Neuroactive ligand-receptor interaction[scr:134],,Orphanet:98784 Autosomal dominant nocturnal frontal lobe epilepsy (EFO)[scr:200]; H00807 Nocturnal frontal lobe epilepsy (KEGG)[scr:204],DB00747 Scopolamine[scr:1623]; DB00572 Atropine[scr:1623],,
CHRNA5 (P30532),CHRNB2 (P17787),R-HSA-629594 Highly calcium permeable postsynaptic nicotinic acetylcholine receptors[scr:5194]; R-HSA-629597 Highly calcium permeable nicotinic acetylcholine receptors[scr:3571]; hsa04080 Neuroactive ligand-receptor interaction[scr:134],,,,,
COLQ (Q9Y215),ACHE (P22303),,HP:0030203 Unfavorable response of muscle weakness to acetylcholine esterase inhibitors[scr:118]; HP:0003436 Prolonged miniature endplate currents[scr:78]; HP:0030211 Slow pupillary light response[scr:59],Orphanet:98915 Synaptic congenital myasthenic syndromes (EFO)[scr:200]; H00770 Congenital myasthenic syndrome (KEGG)[scr:8],,,
SLURP1 (P55000),CHRNA7 (P36544),hsa04080 Neuroactive ligand-receptor interaction[scr:134],HP:0007553 Congenital symmetrical palmoplantar keratosis[scr:235]; HP:0007390 Hyperkeratosis with erythema[scr:235],Orphanet:87503 Mal de Meleda (EFO)[scr:200]; H00695 Mal de Meleda (KEGG)[scr:204],,,
NALCN (Q8IZF0),CHRM3 (P20309),,HP:0009931 Enlarged naris[scr:118],Orphanet:371364 Hypotonia-speech impairment-severe cognitive delay syndrome (EFO)[scr:200]; H01922 Infantile hypotonia with psychomotor retardation and characteristic facies (KEGG)[scr:51],,,
ENO1 (P06733),ACHE (P22303),hsa00010 Glycolysis / Gluconeogenesis[scr:6]; hsa03018 RNA degradation[scr:5]; hsa01230 Biosynthesis of amino acids[scr:5],,,,,
RACK1 (P63244),ACHE (P22303),R-HSA-5626978 TNFR1-mediated ceramide production[scr:595],,,,,
APP (P05067),CHRNA7 (P36544); APP (P05067),R-HSA-416476 G alpha (q) signalling events[scr:507]; R-HSA-444473 Formyl peptide receptors bind formyl peptides and many other ligands[scr:397]; hsa04726 Serotonergic synapse[scr:13],HP:0004968 Recurrent cerebral hemorrhage[scr:235]; HP:0004938 Tortuous cerebral arteries[scr:235],Orphanet:324713 Hereditary cerebral hemorrhage with amyloidosis- Italian type (EFO)[scr:200]; Orphanet:324723 Hereditary cerebral hemorrhage with amyloidosis- Arctic type (EFO)[scr:200]; Orphanet:324718 Hereditary cerebral hemorrhage with amyloidosis- Flemish type (EFO)[scr:200]; Orphanet:324708 Hereditary cerebral hemorrhage with amyloidosis- Iowa type (EFO)[scr:200]; Orphanet:324703 Hereditary cerebral hemorrhage with amyloidosis- Piedmont type (EFO)[scr:200]; H01185 Cerebral amyloid angiopathy (KEGG)[scr:102]; H00056 Alzheimer disease (KEGG)[scr:51],,,
HTR2C (P28335),CHRM4 (P08173); HTR2C (P28335),R-HSA-416476 G alpha (q) signalling events[scr:507]; R-HSA-390666 Serotonin receptors[scr:298]; hsa04080 Neuroactive ligand-receptor interaction[scr:134]; hsa04020 Calcium signaling pathway[scr:69]; hsa04726 Serotonergic synapse[scr:13],,,,,CHEMBL2440581 [scr:58]; CHEMBL3219944 [scr:58]; CHEMBL1583585 [scr:58]; CHEMBL1583577 [scr:58]; CHEMBL2409728 [scr:58]; CHEMBL3896154 [scr:58]; CHEMBL2408582 [scr:58]; CHEMBL581860 [scr:58]
CHRFAM7A (Q494W8),CHRNA7 (P36544),,,,,,
