{"options":{"search_start":1613059128,"tax_ids":[9606],"num_of_fn_nodes":10,"num_of_pathways":10,"num_of_phenotypes":10,"num_of_drugs":10,"num_of_diseases":10,"num_of_compounds":10,"chembl_compounds":0,"predictions":1,"reviewed_filter":1,"fn":1,"chembl":1,"search_finish":1613059164,"search_runtime":36},"search":[{"Drug":[{"DB00472":"Fluoxetine"}]}],"nodes":[{"data":{"id":"P08913","display_name":"ADRA2A","Node_Type":"Protein"}},{"data":{"id":"P22303","display_name":"ACHE","Node_Type":"Protein"}},{"data":{"id":"P23975","display_name":"SLC6A2","Node_Type":"Protein"}},{"data":{"id":"P28223","display_name":"HTR2A","Node_Type":"Protein"}},{"data":{"id":"P28335","display_name":"HTR2C","Node_Type":"Protein"}},{"data":{"id":"P30926","display_name":"CHRNB4","Node_Type":"Protein"}},{"data":{"id":"P31645","display_name":"SLC6A4","Node_Type":"Protein"}},{"data":{"id":"P32297","display_name":"CHRNA3","Node_Type":"Protein"}},{"data":{"id":"P33261","display_name":"CYP2C19","Node_Type":"Protein"}},{"data":{"id":"P61024","display_name":"CKS1B","Node_Type":"Protein"}},{"data":{"id":"Q12809","display_name":"KCNH2","Node_Type":"Protein"}},{"data":{"id":"Q15822","display_name":"CHRNA2","Node_Type":"Protein"}},{"data":{"id":"Q99720","display_name":"SIGMAR1","Node_Type":"Protein"}},{"data":{"id":"O95995","display_name":"GAS8","Node_Type":"Protein_N"}},{"data":{"id":"P08908","display_name":"HTR1A","Node_Type":"Protein_N"}},{"data":{"id":"Q9Y250","display_name":"LZTS1","Node_Type":"Protein_N"}},{"data":{"id":"Q9UBR4","display_name":"LHX3","Node_Type":"Protein_N"}},{"data":{"id":"Q9Y215","display_name":"COLQ","Node_Type":"Protein_N"}},{"data":{"id":"Q02548","display_name":"PAX5","Node_Type":"Protein_N"}},{"data":{"id":"P21554","display_name":"CNR1","Node_Type":"Protein_N"}},{"data":{"id":"Q13285","display_name":"NR5A1","Node_Type":"Protein_N"}},{"data":{"id":"Q9BZ67","display_name":"FRMD8","Node_Type":"Protein_N"}},{"data":{"id":"Q9UHV2","display_name":"SERTAD1","Node_Type":"Protein_N"}},{"data":{"id":"Orphanet:98915","display_name":"Synaptic congenital myasthenic syndromes","Node_Type":"Disease","enrichScore":156.565}},{"data":{"id":"EFO:1000645","display_name":"orthostatic intolerance","Node_Type":"Disease","enrichScore":156.565}},{"data":{"id":"Orphanet:139552","display_name":"Distal hereditary motor neuropathy, Jerash type","Node_Type":"Disease","enrichScore":156.565}},{"data":{"id":"Orphanet:231720","display_name":"Non-acquired combined pituitary hormone deficiency with spine abnormalities","Node_Type":"Disease","enrichScore":156.565}},{"data":{"id":"EFO:0004242","display_name":"obsessive-compulsive disorder","Node_Type":"Disease","enrichScore":156.565}},{"data":{"id":"Orphanet:2138","display_name":"46,XX ovotesticular disorder of sex development","Node_Type":"Disease","enrichScore":78.283}},{"data":{"id":"Orphanet:51083","display_name":"Familial short QT syndrome","Node_Type":"Disease","enrichScore":52.188}},{"data":{"id":"Orphanet:300605","display_name":"Juvenile amyotrophic lateral sclerosis","Node_Type":"Disease","enrichScore":52.188}},{"data":{"id":"EFO:0000220","display_name":"acute lymphoblastic leukemia","Node_Type":"Disease","enrichScore":52.188}},{"data":{"id":"Orphanet:98784","display_name":"Autosomal dominant nocturnal frontal lobe epilepsy","Node_Type":"Disease","enrichScore":39.141}},{"data":{"id":"DB00472","display_name":"Fluoxetine","Node_Type":"Drug","enrichScore":9999999}},{"data":{"id":"DB00924","display_name":"Cyclobenzaprine","Node_Type":"Drug","enrichScore":3317.565}},{"data":{"id":"DB00715","display_name":"Paroxetine","Node_Type":"Drug","enrichScore":1270.005}},{"data":{"id":"DB01175","display_name":"Escitalopram","Node_Type":"Drug","enrichScore":1244.087}},{"data":{"id":"DB01149","display_name":"Nefazodone","Node_Type":"Drug","enrichScore":1016.004}},{"data":{"id":"DB06684","display_name":"Vilazodone","Node_Type":"Drug","enrichScore":829.391}},{"data":{"id":"DB00656","display_name":"Trazodone","Node_Type":"Drug","enrichScore":740.528}},{"data":{"id":"DB00502","display_name":"Haloperidol","Node_Type":"Drug","enrichScore":740.528}},{"data":{"id":"DB01242","display_name":"Clomipramine","Node_Type":"Drug","enrichScore":552.928}},{"data":{"id":"DB01454","display_name":"Midomafetamine","Node_Type":"Drug","enrichScore":473.938}},{"data":{"id":"R-HSA-5619109","display_name":"Defective SLC6A2 causes orthostatic intolerance (OI)","Node_Type":"Pathway","enrichScore":2794.565}},{"data":{"id":"R-HSA-380615","display_name":"Serotonin clearance from the synaptic cleft","Node_Type":"Pathway","enrichScore":2794.565}},{"data":{"id":"R-HSA-629597","display_name":"Highly calcium permeable nicotinic acetylcholine receptors","Node_Type":"Pathway","enrichScore":2794.565}},{"data":{"id":"R-HSA-629594","display_name":"Highly calcium permeable postsynaptic nicotinic acetylcholine receptors","Node_Type":"Pathway","enrichScore":2286.462}},{"data":{"id":"R-HSA-390666","display_name":"Serotonin receptors","Node_Type":"Pathway","enrichScore":2095.924}},{"data":{"id":"R-HSA-629587","display_name":"Highly sodium permeable acetylcholine nicotinic receptors","Node_Type":"Pathway","enrichScore":1596.894}},{"data":{"id":"R-HSA-392023","display_name":"Adrenaline signalling through Alpha-2 adrenergic receptor","Node_Type":"Pathway","enrichScore":931.522}},{"data":{"id":"R-HSA-112311","display_name":"Neurotransmitter clearance","Node_Type":"Pathway","enrichScore":698.641}},{"data":{"id":"R-HSA-8939245","display_name":"RUNX1 regulates transcription of genes involved in BCR signaling","Node_Type":"Pathway","enrichScore":465.761}},{"data":{"id":"R-HSA-5576890","display_name":"Phase 3 - rapid repolarisation","Node_Type":"Pathway","enrichScore":349.321}},{"data":{"id":"HP:0012166","display_name":"Skin-picking","Node_Type":"HPO","enrichScore":367.913}},{"data":{"id":"HP:0012173","display_name":"Orthostatic tachycardia","Node_Type":"HPO","enrichScore":183.957}},{"data":{"id":"HP:0012287","display_name":"Hypothalamic luteinizing hormone-releasing hormone deficiency","Node_Type":"HPO","enrichScore":183.957}},{"data":{"id":"HP:0030203","display_name":"Unfavorable response of muscle weakness to acetylcholine esterase inhibitors","Node_Type":"HPO","enrichScore":91.978}},{"data":{"id":"HP:0005092","display_name":"Streaky metaphyseal sclerosis","Node_Type":"HPO","enrichScore":91.978}},{"data":{"id":"HP:0030212","display_name":"Collectionism","Node_Type":"HPO","enrichScore":66.893}},{"data":{"id":"HP:0025144","display_name":"Shivering","Node_Type":"HPO","enrichScore":61.319}},{"data":{"id":"HP:0003436","display_name":"Prolonged miniature endplate currents","Node_Type":"HPO","enrichScore":61.319}},{"data":{"id":"HP:0001470","display_name":"Sex-limited autosomal dominant","Node_Type":"HPO","enrichScore":61.319}},{"data":{"id":"HP:0030974","display_name":"Cryptozoospermia","Node_Type":"HPO","enrichScore":61.319}},{"data":{"id":"CHEMBL3216833","display_name":"CHEMBL3216833","Node_Type":"Prediction","enrichScore":68.087}},{"data":{"id":"CHEMBL3214536","display_name":"CHEMBL3214536","Node_Type":"Prediction","enrichScore":68.087}},{"data":{"id":"CHEMBL2204877","display_name":"CHEMBL2204877","Node_Type":"Prediction","enrichScore":51.065}},{"data":{"id":"CHEMBL3945379","display_name":"CHEMBL3945379","Node_Type":"Prediction","enrichScore":51.065}},{"data":{"id":"CHEMBL3659494","display_name":"CHEMBL3659494","Node_Type":"Prediction","enrichScore":51.065}},{"data":{"id":"CHEMBL1952122","display_name":"CHEMBL1952122","Node_Type":"Prediction","enrichScore":51.065}},{"data":{"id":"CHEMBL3891346","display_name":"CHEMBL3891346","Node_Type":"Prediction","enrichScore":51.065}},{"data":{"id":"CHEMBL2024506","display_name":"CHEMBL2024506","Node_Type":"Prediction","enrichScore":51.065}},{"data":{"id":"CHEMBL3297841","display_name":"CHEMBL3297841","Node_Type":"Prediction","enrichScore":51.065}},{"data":{"id":"CHEMBL3924064","display_name":"CHEMBL3924064","Node_Type":"Prediction","enrichScore":51.065}},{"data":{"id":"hsa04726","display_name":"Serotonergic synapse","Node_Type":"kegg_Pathway","enrichScore":65.198}},{"data":{"id":"hsa04080","display_name":"Neuroactive ligand-receptor interaction","Node_Type":"kegg_Pathway","enrichScore":55.636}},{"data":{"id":"hsa04725","display_name":"Cholinergic synapse","Node_Type":"kegg_Pathway","enrichScore":23.891}},{"data":{"id":"hsa04721","display_name":"Synaptic vesicle cycle","Node_Type":"kegg_Pathway","enrichScore":15.246}},{"data":{"id":"hsa04540","display_name":"Gap junction","Node_Type":"kegg_Pathway","enrichScore":13.068}},{"data":{"id":"hsa04750","display_name":"Inflammatory mediator regulation of TRP channels","Node_Type":"kegg_Pathway","enrichScore":11.114}},{"data":{"id":"hsa00591","display_name":"Linoleic acid metabolism","Node_Type":"kegg_Pathway","enrichScore":10.618}},{"data":{"id":"hsa04020","display_name":"Calcium signaling pathway","Node_Type":"kegg_Pathway","enrichScore":5.976}},{"data":{"id":"hsa00590","display_name":"Arachidonic acid metabolism","Node_Type":"kegg_Pathway","enrichScore":4.795}},{"data":{"id":"hsa04927","display_name":"Cortisol synthesis and secretion","Node_Type":"kegg_Pathway","enrichScore":4.505}},{"data":{"id":"H01703","display_name":"Eating Disorders","Node_Type":"kegg_Disease","enrichScore":1000000}},{"data":{"id":"H01664","display_name":"Panic disorder","Node_Type":"kegg_Disease","enrichScore":1000000}},{"data":{"id":"H01450","display_name":"Obsessive-compulsive disorder","Node_Type":"kegg_Disease","enrichScore":1000000}},{"data":{"id":"H01646","display_name":"Major depressive disorder","Node_Type":"kegg_Disease","enrichScore":1000000}},{"data":{"id":"H00011","display_name":"Lymphoplasmacytic lymphoma","Node_Type":"kegg_Disease","enrichScore":159.435}},{"data":{"id":"H02316","display_name":"Adrenal insufficiency, NR5A1 related","Node_Type":"kegg_Disease","enrichScore":159.435}},{"data":{"id":"H01031","display_name":"Orthostatic intolerance","Node_Type":"kegg_Disease","enrichScore":159.435}},{"data":{"id":"H01171","display_name":"Poor drug metabolism","Node_Type":"kegg_Disease","enrichScore":79.717}},{"data":{"id":"H00725","display_name":"Short QT syndrome","Node_Type":"kegg_Disease","enrichScore":53.145}},{"data":{"id":"H00598","display_name":"46,XX testicular disorder of sex development","Node_Type":"kegg_Disease","enrichScore":53.145}}],"edges":[{"data":{"source":"P08913","target":"P08913","Edge_Type":"PPI","label":"interacts w\/"}},{"data":{"source":"P28223","target":"P28223","Edge_Type":"PPI","label":"interacts w\/"}},{"data":{"source":"P28335","target":"P28335","Edge_Type":"PPI","label":"interacts w\/"}},{"data":{"source":"P28335","target":"P28223","Edge_Type":"PPI","label":"interacts w\/"}},{"data":{"source":"Q12809","target":"Q12809","Edge_Type":"PPI","label":"interacts w\/"}},{"data":{"source":"O95995","target":"P61024","Edge_Type":"PPI","label":"interacts w\/"}},{"data":{"source":"P08908","target":"P28223","Edge_Type":"PPI","label":"interacts w\/"}},{"data":{"source":"Q9Y250","target":"P61024","Edge_Type":"PPI","label":"interacts w\/"}},{"data":{"source":"Q9Y250","target":"O95995","Edge_Type":"PPI","label":"interacts w\/"}},{"data":{"source":"Q9UBR4","target":"P61024","Edge_Type":"PPI","label":"interacts w\/"}},{"data":{"source":"Q9UBR4","target":"O95995","Edge_Type":"PPI","label":"interacts w\/"}},{"data":{"source":"Q9Y215","target":"P22303","Edge_Type":"PPI","label":"interacts w\/"}},{"data":{"source":"Q02548","target":"P61024","Edge_Type":"PPI","label":"interacts w\/"}},{"data":{"source":"P21554","target":"P28223","Edge_Type":"PPI","label":"interacts w\/"}},{"data":{"source":"P21554","target":"P21554","Edge_Type":"PPI","label":"interacts w\/"}},{"data":{"source":"Q13285","target":"P61024","Edge_Type":"PPI","label":"interacts w\/"}},{"data":{"source":"Q9BZ67","target":"Q12809","Edge_Type":"PPI","label":"interacts w\/"}},{"data":{"source":"Q9UHV2","target":"P61024","Edge_Type":"PPI","label":"interacts w\/"}},{"data":{"source":"HP:0012166","target":"EFO:0004242","Edge_Type":"hpodis","label":"is associated w\/"}},{"data":{"source":"HP:0012173","target":"EFO:1000645","Edge_Type":"hpodis","label":"is associated w\/"}},{"data":{"source":"HP:0012287","target":"Orphanet:231720","Edge_Type":"hpodis","label":"is associated w\/"}},{"data":{"source":"HP:0030203","target":"Orphanet:98915","Edge_Type":"hpodis","label":"is associated w\/"}},{"data":{"source":"HP:0030212","target":"EFO:0004242","Edge_Type":"hpodis","label":"is associated w\/"}},{"data":{"source":"HP:0025144","target":"Orphanet:98784","Edge_Type":"hpodis","label":"is associated w\/"}},{"data":{"source":"HP:0003436","target":"Orphanet:98915","Edge_Type":"hpodis","label":"is associated w\/"}},{"data":{"source":"HP:0003436","target":"Orphanet:98915","Edge_Type":"hpodis","label":"is associated w\/"}},{"data":{"source":"Q9Y215","target":"Orphanet:98915","Edge_Type":"Disease","label":"is related to"}},{"data":{"source":"P23975","target":"EFO:1000645","Edge_Type":"Disease","label":"is related to"}},{"data":{"source":"Q99720","target":"Orphanet:139552","Edge_Type":"Disease","label":"is related to"}},{"data":{"source":"Q9UBR4","target":"Orphanet:231720","Edge_Type":"Disease","label":"is related to"}},{"data":{"source":"P31645","target":"EFO:0004242","Edge_Type":"Disease","label":"is related to"}},{"data":{"source":"Q13285","target":"Orphanet:2138","Edge_Type":"Disease","label":"is related to"}},{"data":{"source":"Q12809","target":"Orphanet:51083","Edge_Type":"Disease","label":"is related to"}},{"data":{"source":"Q99720","target":"Orphanet:300605","Edge_Type":"Disease","label":"is related to"}},{"data":{"source":"Q02548","target":"EFO:0000220","Edge_Type":"Disease","label":"is related to"}},{"data":{"source":"Q15822","target":"Orphanet:98784","Edge_Type":"Disease","label":"is related to"}},{"data":{"source":"P31645","target":"DB00472","Edge_Type":"Drug","label":"targets"}},{"data":{"source":"P28335","target":"DB00472","Edge_Type":"Drug","label":"targets"}},{"data":{"source":"Q15822","target":"DB00472","Edge_Type":"Drug","label":"targets"}},{"data":{"source":"P32297","target":"DB00472","Edge_Type":"Drug","label":"targets"}},{"data":{"source":"P30926","target":"DB00472","Edge_Type":"Drug","label":"targets"}},{"data":{"source":"P61024","target":"DB00472","Edge_Type":"Drug","label":"targets"}},{"data":{"source":"Q12809","target":"DB00472","Edge_Type":"Drug","label":"targets"}},{"data":{"source":"P08913","target":"DB00472","Edge_Type":"Chembl","label":"targets","pchembl_value":8.2}},{"data":{"source":"P22303","target":"DB00472","Edge_Type":"Chembl","label":"targets","pchembl_value":6.89}},{"data":{"source":"P23975","target":"DB00472","Edge_Type":"Chembl","label":"targets","pchembl_value":6.25}},{"data":{"source":"P28223","target":"DB00472","Edge_Type":"Chembl","label":"targets","pchembl_value":6.71}},{"data":{"source":"P33261","target":"DB00472","Edge_Type":"Chembl","label":"targets","pchembl_value":7.4}},{"data":{"source":"Q99720","target":"DB00472","Edge_Type":"Chembl","label":"targets","pchembl_value":6.07}},{"data":{"source":"P28223","target":"DB00924","Edge_Type":"Drug","label":"targets"}},{"data":{"source":"P28335","target":"DB00924","Edge_Type":"Drug","label":"targets"}},{"data":{"source":"P31645","target":"DB00924","Edge_Type":"Drug","label":"targets"}},{"data":{"source":"P23975","target":"DB00924","Edge_Type":"Drug","label":"targets"}},{"data":{"source":"P31645","target":"DB00715","Edge_Type":"Drug","label":"targets"}},{"data":{"source":"P23975","target":"DB00715","Edge_Type":"Drug","label":"targets"}},{"data":{"source":"P28223","target":"DB00715","Edge_Type":"Drug","label":"targets"}},{"data":{"source":"P08913","target":"DB00715","Edge_Type":"Drug","label":"targets"}},{"data":{"source":"P08908","target":"DB00715","Edge_Type":"Drug","label":"targets"}},{"data":{"source":"P28335","target":"DB00715","Edge_Type":"Drug","label":"targets"}},{"data":{"source":"P31645","target":"DB01175","Edge_Type":"Drug","label":"targets"}},{"data":{"source":"P08908","target":"DB01175","Edge_Type":"Drug","label":"targets"}},{"data":{"source":"P28223","target":"DB01175","Edge_Type":"Drug","label":"targets"}},{"data":{"source":"P28335","target":"DB01175","Edge_Type":"Drug","label":"targets"}},{"data":{"source":"P08913","target":"DB01175","Edge_Type":"Drug","label":"targets"}},{"data":{"source":"P23975","target":"DB01175","Edge_Type":"Drug","label":"targets"}},{"data":{"source":"P28223","target":"DB01149","Edge_Type":"Drug","label":"targets"}},{"data":{"source":"P28335","target":"DB01149","Edge_Type":"Drug","label":"targets"}},{"data":{"source":"P31645","target":"DB01149","Edge_Type":"Drug","label":"targets"}},{"data":{"source":"P08908","target":"DB01149","Edge_Type":"Drug","label":"targets"}},{"data":{"source":"P23975","target":"DB01149","Edge_Type":"Drug","label":"targets"}},{"data":{"source":"P08913","target":"DB01149","Edge_Type":"Drug","label":"targets"}},{"data":{"source":"Q12809","target":"DB01149","Edge_Type":"Drug","label":"targets"}},{"data":{"source":"P31645","target":"DB06684","Edge_Type":"Drug","label":"targets"}},{"data":{"source":"P08908","target":"DB06684","Edge_Type":"Drug","label":"targets"}},{"data":{"source":"P28223","target":"DB00656","Edge_Type":"Drug","label":"targets"}},{"data":{"source":"P28335","target":"DB00656","Edge_Type":"Drug","label":"targets"}},{"data":{"source":"P31645","target":"DB00656","Edge_Type":"Drug","label":"targets"}},{"data":{"source":"P08908","target":"DB00656","Edge_Type":"Drug","label":"targets"}},{"data":{"source":"P08913","target":"DB00656","Edge_Type":"Drug","label":"targets"}},{"data":{"source":"P28223","target":"DB00502","Edge_Type":"Drug","label":"targets"}},{"data":{"source":"P28335","target":"DB00502","Edge_Type":"Drug","label":"targets"}},{"data":{"source":"Q99720","target":"DB00502","Edge_Type":"Drug","label":"targets"}},{"data":{"source":"P08913","target":"DB00502","Edge_Type":"Drug","label":"targets"}},{"data":{"source":"P08908","target":"DB00502","Edge_Type":"Drug","label":"targets"}},{"data":{"source":"P31645","target":"DB01242","Edge_Type":"Drug","label":"targets"}},{"data":{"source":"P28223","target":"DB01242","Edge_Type":"Drug","label":"targets"}},{"data":{"source":"P28335","target":"DB01242","Edge_Type":"Drug","label":"targets"}},{"data":{"source":"P23975","target":"DB01242","Edge_Type":"Drug","label":"targets"}},{"data":{"source":"P31645","target":"DB01454","Edge_Type":"Drug","label":"targets"}},{"data":{"source":"P28223","target":"DB01454","Edge_Type":"Drug","label":"targets"}},{"data":{"source":"P28335","target":"DB01454","Edge_Type":"Drug","label":"targets"}},{"data":{"source":"P23975","target":"DB01454","Edge_Type":"Drug","label":"targets"}},{"data":{"source":"P23975","target":"R-HSA-5619109","Edge_Type":"Pathway","label":"is involved in"}},{"data":{"source":"P31645","target":"R-HSA-380615","Edge_Type":"Pathway","label":"is involved in"}},{"data":{"source":"P30926","target":"R-HSA-629597","Edge_Type":"Pathway","label":"is involved in"}},{"data":{"source":"P32297","target":"R-HSA-629597","Edge_Type":"Pathway","label":"is involved in"}},{"data":{"source":"Q15822","target":"R-HSA-629597","Edge_Type":"Pathway","label":"is involved in"}},{"data":{"source":"P30926","target":"R-HSA-629594","Edge_Type":"Pathway","label":"is involved in"}},{"data":{"source":"P32297","target":"R-HSA-629594","Edge_Type":"Pathway","label":"is involved in"}},{"data":{"source":"Q15822","target":"R-HSA-629594","Edge_Type":"Pathway","label":"is involved in"}},{"data":{"source":"P28223","target":"R-HSA-390666","Edge_Type":"Pathway","label":"is involved in"}},{"data":{"source":"P28335","target":"R-HSA-390666","Edge_Type":"Pathway","label":"is involved in"}},{"data":{"source":"P08908","target":"R-HSA-390666","Edge_Type":"Pathway","label":"is involved in"}},{"data":{"source":"P30926","target":"R-HSA-629587","Edge_Type":"Pathway","label":"is involved in"}},{"data":{"source":"P32297","target":"R-HSA-629587","Edge_Type":"Pathway","label":"is involved in"}},{"data":{"source":"P08913","target":"R-HSA-392023","Edge_Type":"Pathway","label":"is involved in"}},{"data":{"source":"P22303","target":"R-HSA-112311","Edge_Type":"Pathway","label":"is involved in"}},{"data":{"source":"Q02548","target":"R-HSA-8939245","Edge_Type":"Pathway","label":"is involved in"}},{"data":{"source":"Q12809","target":"R-HSA-5576890","Edge_Type":"Pathway","label":"is involved in"}},{"data":{"source":"P28223","target":"HP:0012166","Edge_Type":"HPO","label":"is associated w\/"}},{"data":{"source":"P31645","target":"HP:0012166","Edge_Type":"HPO","label":"is associated w\/"}},{"data":{"source":"P23975","target":"HP:0012173","Edge_Type":"HPO","label":"is associated w\/"}},{"data":{"source":"Q9UBR4","target":"HP:0012287","Edge_Type":"HPO","label":"is associated w\/"}},{"data":{"source":"Q9Y215","target":"HP:0030203","Edge_Type":"HPO","label":"is associated w\/"}},{"data":{"source":"Q13285","target":"HP:0005092","Edge_Type":"HPO","label":"is associated w\/"}},{"data":{"source":"P28223","target":"HP:0030212","Edge_Type":"HPO","label":"is associated w\/"}},{"data":{"source":"P31645","target":"HP:0030212","Edge_Type":"HPO","label":"is associated w\/"}},{"data":{"source":"Q15822","target":"HP:0025144","Edge_Type":"HPO","label":"is associated w\/"}},{"data":{"source":"Q9Y215","target":"HP:0003436","Edge_Type":"HPO","label":"is associated w\/"}},{"data":{"source":"Q13285","target":"HP:0001470","Edge_Type":"HPO","label":"is associated w\/"}},{"data":{"source":"Q13285","target":"HP:0030974","Edge_Type":"HPO","label":"is associated w\/"}},{"data":{"source":"P28335","target":"CHEMBL3216833","Edge_Type":"Prediction","label":"targets"}},{"data":{"source":"P31645","target":"CHEMBL3216833","Edge_Type":"Prediction","label":"targets"}},{"data":{"source":"P08908","target":"CHEMBL3216833","Edge_Type":"Prediction","label":"targets"}},{"data":{"source":"P28335","target":"CHEMBL3214536","Edge_Type":"Prediction","label":"targets"}},{"data":{"source":"P31645","target":"CHEMBL3214536","Edge_Type":"Prediction","label":"targets"}},{"data":{"source":"P08908","target":"CHEMBL3214536","Edge_Type":"Prediction","label":"targets"}},{"data":{"source":"P28335","target":"CHEMBL2204877","Edge_Type":"Prediction","label":"targets"}},{"data":{"source":"P31645","target":"CHEMBL2204877","Edge_Type":"Prediction","label":"targets"}},{"data":{"source":"P08908","target":"CHEMBL2204877","Edge_Type":"Prediction","label":"targets"}},{"data":{"source":"P28335","target":"CHEMBL3945379","Edge_Type":"Prediction","label":"targets"}},{"data":{"source":"P31645","target":"CHEMBL3945379","Edge_Type":"Prediction","label":"targets"}},{"data":{"source":"P08908","target":"CHEMBL3945379","Edge_Type":"Prediction","label":"targets"}},{"data":{"source":"P28335","target":"CHEMBL3659494","Edge_Type":"Prediction","label":"targets"}},{"data":{"source":"P31645","target":"CHEMBL3659494","Edge_Type":"Prediction","label":"targets"}},{"data":{"source":"P08908","target":"CHEMBL3659494","Edge_Type":"Prediction","label":"targets"}},{"data":{"source":"P28335","target":"CHEMBL1952122","Edge_Type":"Prediction","label":"targets"}},{"data":{"source":"P31645","target":"CHEMBL1952122","Edge_Type":"Prediction","label":"targets"}},{"data":{"source":"P08908","target":"CHEMBL1952122","Edge_Type":"Prediction","label":"targets"}},{"data":{"source":"P28335","target":"CHEMBL3891346","Edge_Type":"Prediction","label":"targets"}},{"data":{"source":"P31645","target":"CHEMBL3891346","Edge_Type":"Prediction","label":"targets"}},{"data":{"source":"P08908","target":"CHEMBL3891346","Edge_Type":"Prediction","label":"targets"}},{"data":{"source":"P28335","target":"CHEMBL2024506","Edge_Type":"Prediction","label":"targets"}},{"data":{"source":"P31645","target":"CHEMBL2024506","Edge_Type":"Prediction","label":"targets"}},{"data":{"source":"P08908","target":"CHEMBL2024506","Edge_Type":"Prediction","label":"targets"}},{"data":{"source":"P28335","target":"CHEMBL3297841","Edge_Type":"Prediction","label":"targets"}},{"data":{"source":"P31645","target":"CHEMBL3297841","Edge_Type":"Prediction","label":"targets"}},{"data":{"source":"P08908","target":"CHEMBL3297841","Edge_Type":"Prediction","label":"targets"}},{"data":{"source":"P28335","target":"CHEMBL3924064","Edge_Type":"Prediction","label":"targets"}},{"data":{"source":"P31645","target":"CHEMBL3924064","Edge_Type":"Prediction","label":"targets"}},{"data":{"source":"P08908","target":"CHEMBL3924064","Edge_Type":"Prediction","label":"targets"}},{"data":{"source":"H01703","target":"DB00472","Edge_Type":"kegg_dis_drug","label":"indicates"}},{"data":{"source":"H01664","target":"DB00472","Edge_Type":"kegg_dis_drug","label":"indicates"}},{"data":{"source":"H01664","target":"DB00715","Edge_Type":"kegg_dis_drug","label":"indicates"}},{"data":{"source":"H01450","target":"hsa04726","Edge_Type":"kegg_dis_path","label":"modulates"}},{"data":{"source":"H01450","target":"DB00715","Edge_Type":"kegg_dis_drug","label":"indicates"}},{"data":{"source":"H01450","target":"DB00472","Edge_Type":"kegg_dis_drug","label":"indicates"}},{"data":{"source":"H01450","target":"DB01242","Edge_Type":"kegg_dis_drug","label":"indicates"}},{"data":{"source":"H01646","target":"hsa04726","Edge_Type":"kegg_dis_path","label":"modulates"}},{"data":{"source":"H01646","target":"DB00656","Edge_Type":"kegg_dis_drug","label":"indicates"}},{"data":{"source":"H01646","target":"DB01242","Edge_Type":"kegg_dis_drug","label":"indicates"}},{"data":{"source":"H01646","target":"DB01175","Edge_Type":"kegg_dis_drug","label":"indicates"}},{"data":{"source":"H01646","target":"DB01149","Edge_Type":"kegg_dis_drug","label":"indicates"}},{"data":{"source":"H01646","target":"DB00715","Edge_Type":"kegg_dis_drug","label":"indicates"}},{"data":{"source":"H01646","target":"DB00472","Edge_Type":"kegg_dis_drug","label":"indicates"}},{"data":{"source":"H02316","target":"hsa04927","Edge_Type":"kegg_dis_path","label":"modulates"}},{"data":{"source":"H01031","target":"hsa04721","Edge_Type":"kegg_dis_path","label":"modulates"}},{"data":{"source":"P28223","target":"hsa04726","Edge_Type":"kegg_path_prot","label":"is involved in"}},{"data":{"source":"P28335","target":"hsa04726","Edge_Type":"kegg_path_prot","label":"is involved in"}},{"data":{"source":"P31645","target":"hsa04726","Edge_Type":"kegg_path_prot","label":"is involved in"}},{"data":{"source":"P33261","target":"hsa04726","Edge_Type":"kegg_path_prot","label":"is involved in"}},{"data":{"source":"P08908","target":"hsa04726","Edge_Type":"kegg_path_prot","label":"is involved in"}},{"data":{"source":"P08913","target":"hsa04080","Edge_Type":"kegg_path_prot","label":"is involved in"}},{"data":{"source":"P28223","target":"hsa04080","Edge_Type":"kegg_path_prot","label":"is involved in"}},{"data":{"source":"P28335","target":"hsa04080","Edge_Type":"kegg_path_prot","label":"is involved in"}},{"data":{"source":"P30926","target":"hsa04080","Edge_Type":"kegg_path_prot","label":"is involved in"}},{"data":{"source":"P32297","target":"hsa04080","Edge_Type":"kegg_path_prot","label":"is involved in"}},{"data":{"source":"Q15822","target":"hsa04080","Edge_Type":"kegg_path_prot","label":"is involved in"}},{"data":{"source":"P08908","target":"hsa04080","Edge_Type":"kegg_path_prot","label":"is involved in"}},{"data":{"source":"P21554","target":"hsa04080","Edge_Type":"kegg_path_prot","label":"is involved in"}},{"data":{"source":"P22303","target":"hsa04725","Edge_Type":"kegg_path_prot","label":"is involved in"}},{"data":{"source":"P30926","target":"hsa04725","Edge_Type":"kegg_path_prot","label":"is involved in"}},{"data":{"source":"P32297","target":"hsa04725","Edge_Type":"kegg_path_prot","label":"is involved in"}},{"data":{"source":"P23975","target":"hsa04721","Edge_Type":"kegg_path_prot","label":"is involved in"}},{"data":{"source":"P31645","target":"hsa04721","Edge_Type":"kegg_path_prot","label":"is involved in"}},{"data":{"source":"P28223","target":"hsa04540","Edge_Type":"kegg_path_prot","label":"is involved in"}},{"data":{"source":"P28335","target":"hsa04540","Edge_Type":"kegg_path_prot","label":"is involved in"}},{"data":{"source":"P28223","target":"hsa04750","Edge_Type":"kegg_path_prot","label":"is involved in"}},{"data":{"source":"P28335","target":"hsa04750","Edge_Type":"kegg_path_prot","label":"is involved in"}},{"data":{"source":"P33261","target":"hsa00591","Edge_Type":"kegg_path_prot","label":"is involved in"}},{"data":{"source":"P28223","target":"hsa04020","Edge_Type":"kegg_path_prot","label":"is involved in"}},{"data":{"source":"P28335","target":"hsa04020","Edge_Type":"kegg_path_prot","label":"is involved in"}},{"data":{"source":"P33261","target":"hsa00590","Edge_Type":"kegg_path_prot","label":"is involved in"}},{"data":{"source":"Q13285","target":"hsa04927","Edge_Type":"kegg_path_prot","label":"is involved in"}},{"data":{"source":"P28223","target":"H01450","Edge_Type":"kegg_dis_prot","label":"is related to"}},{"data":{"source":"P31645","target":"H01450","Edge_Type":"kegg_dis_prot","label":"is related to"}},{"data":{"source":"P28223","target":"H01646","Edge_Type":"kegg_dis_prot","label":"is related to"}},{"data":{"source":"Q02548","target":"H00011","Edge_Type":"kegg_dis_prot","label":"is related to"}},{"data":{"source":"Q13285","target":"H02316","Edge_Type":"kegg_dis_prot","label":"is related to"}},{"data":{"source":"P23975","target":"H01031","Edge_Type":"kegg_dis_prot","label":"is related to"}},{"data":{"source":"P33261","target":"H01171","Edge_Type":"kegg_dis_prot","label":"is related to"}},{"data":{"source":"Q12809","target":"H00725","Edge_Type":"kegg_dis_prot","label":"is related to"}},{"data":{"source":"Q13285","target":"H00598","Edge_Type":"kegg_dis_prot","label":"is related to"}}]}