{"options":{"search_start":1613060501,"tax_ids":[9606],"num_of_fn_nodes":10,"num_of_pathways":10,"num_of_phenotypes":10,"num_of_drugs":10,"num_of_diseases":10,"num_of_compounds":10,"chembl_compounds":0,"predictions":1,"reviewed_filter":1,"fn":1,"chembl":1,"search_finish":1613060532,"search_runtime":31},"search":[{"Drug":[{"DB01353":"Butobarbital"}]}],"nodes":[{"data":{"id":"P14867","display_name":"GABRA1","Node_Type":"Protein"}},{"data":{"id":"P31644","display_name":"GABRA5","Node_Type":"Protein"}},{"data":{"id":"P34903","display_name":"GABRA3","Node_Type":"Protein"}},{"data":{"id":"P36544","display_name":"CHRNA7","Node_Type":"Protein"}},{"data":{"id":"P42262","display_name":"GRIA2","Node_Type":"Protein"}},{"data":{"id":"P43681","display_name":"CHRNA4","Node_Type":"Protein"}},{"data":{"id":"P47869","display_name":"GABRA2","Node_Type":"Protein"}},{"data":{"id":"P48169","display_name":"GABRA4","Node_Type":"Protein"}},{"data":{"id":"Q13002","display_name":"GRIK2","Node_Type":"Protein"}},{"data":{"id":"Q16445","display_name":"GABRA6","Node_Type":"Protein"}},{"data":{"id":"Q6UXH1","display_name":"CRELD2","Node_Type":"Protein_N"}},{"data":{"id":"P55000","display_name":"SLURP1","Node_Type":"Protein_N"}},{"data":{"id":"P17787","display_name":"CHRNB2","Node_Type":"Protein_N"}},{"data":{"id":"P46459","display_name":"NSF","Node_Type":"Protein_N"}},{"data":{"id":"P05067","display_name":"APP","Node_Type":"Protein_N"}},{"data":{"id":"Q494W8","display_name":"CHRFAM7A","Node_Type":"Protein_N"}},{"data":{"id":"Orphanet:98784","display_name":"Autosomal dominant nocturnal frontal lobe epilepsy","Node_Type":"Disease","enrichScore":225.063}},{"data":{"id":"Orphanet:324703","display_name":"Hereditary cerebral hemorrhage with amyloidosis, Piedmont type","Node_Type":"Disease","enrichScore":225.063}},{"data":{"id":"Orphanet:87503","display_name":"Mal de Meleda","Node_Type":"Disease","enrichScore":225.063}},{"data":{"id":"Orphanet:324723","display_name":"Hereditary cerebral hemorrhage with amyloidosis, Arctic type","Node_Type":"Disease","enrichScore":225.063}},{"data":{"id":"Orphanet:324718","display_name":"Hereditary cerebral hemorrhage with amyloidosis, Flemish type","Node_Type":"Disease","enrichScore":225.063}},{"data":{"id":"Orphanet:324708","display_name":"Hereditary cerebral hemorrhage with amyloidosis, Iowa type","Node_Type":"Disease","enrichScore":225.063}},{"data":{"id":"Orphanet:324713","display_name":"Hereditary cerebral hemorrhage with amyloidosis, Italian type","Node_Type":"Disease","enrichScore":225.063}},{"data":{"id":"MONDO:0011583","display_name":"cerebral amyloid angiopathy, APP-related","Node_Type":"Disease","enrichScore":225.063}},{"data":{"id":"Orphanet:100006","display_name":"Hereditary cerebral hemorrhage with amyloidosis, Dutch type","Node_Type":"Disease","enrichScore":225.063}},{"data":{"id":"Orphanet:85458","display_name":"Hereditary cerebral hemorrhage with amyloidosis","Node_Type":"Disease","enrichScore":112.531}},{"data":{"id":"DB01353","display_name":"Butobarbital","Node_Type":"Drug","enrichScore":9999999}},{"data":{"id":"DB00603","display_name":"Medroxyprogesterone acetate","Node_Type":"Drug","enrichScore":5365.125}},{"data":{"id":"DB00241","display_name":"Butalbital","Node_Type":"Drug","enrichScore":3815.2}},{"data":{"id":"DB00463","display_name":"Metharbital","Node_Type":"Drug","enrichScore":3815.2}},{"data":{"id":"DB00794","display_name":"Primidone","Node_Type":"Drug","enrichScore":3815.2}},{"data":{"id":"DB00306","display_name":"Talbutal","Node_Type":"Drug","enrichScore":3815.2}},{"data":{"id":"DB01496","display_name":"Dihydro-2-thioxo-5-((5-(2-(trifluoromethyl)phenyl)-2-furanyl)methyl)-4,6(1H,5H)-pyrimidinedione","Node_Type":"Drug","enrichScore":2980.625}},{"data":{"id":"DB01483","display_name":"Barbital","Node_Type":"Drug","enrichScore":2980.625}},{"data":{"id":"DB01355","display_name":"Hexobarbital","Node_Type":"Drug","enrichScore":2980.625}},{"data":{"id":"DB01352","display_name":"Aprobarbital","Node_Type":"Drug","enrichScore":2980.625}},{"data":{"id":"R-HSA-977443","display_name":"GABA receptor activation","Node_Type":"Pathway","enrichScore":10329.911}},{"data":{"id":"R-HSA-629594","display_name":"Highly calcium permeable postsynaptic nicotinic acetylcholine receptors","Node_Type":"Pathway","enrichScore":3286.79}},{"data":{"id":"R-HSA-629587","display_name":"Highly sodium permeable acetylcholine nicotinic receptors","Node_Type":"Pathway","enrichScore":2295.536}},{"data":{"id":"R-HSA-451307","display_name":"Activation of Na-permeable kainate receptors","Node_Type":"Pathway","enrichScore":2008.594}},{"data":{"id":"R-HSA-629597","display_name":"Highly calcium permeable nicotinic acetylcholine receptors","Node_Type":"Pathway","enrichScore":1785.417}},{"data":{"id":"R-HSA-399710","display_name":"Activation of AMPA receptors","Node_Type":"Pathway","enrichScore":1004.297}},{"data":{"id":"R-HSA-416993","display_name":"Trafficking of GluR2-containing AMPA receptors","Node_Type":"Pathway","enrichScore":945.221}},{"data":{"id":"R-HSA-444473","display_name":"Formyl peptide receptors bind formyl peptides and many other ligands","Node_Type":"Pathway","enrichScore":446.354}},{"data":{"id":"R-HSA-451308","display_name":"Activation of Ca-permeable Kainate Receptor","Node_Type":"Pathway","enrichScore":401.719}},{"data":{"id":"R-HSA-1236394","display_name":"Signaling by ERBB4","Node_Type":"Pathway","enrichScore":365.199}},{"data":{"id":"HP:0007553","display_name":"Congenital symmetrical palmoplantar keratosis","Node_Type":"HPO","enrichScore":264.438}},{"data":{"id":"HP:0004938","display_name":"Tortuous cerebral arteries","Node_Type":"HPO","enrichScore":264.438}},{"data":{"id":"HP:0007390","display_name":"Hyperkeratosis with erythema","Node_Type":"HPO","enrichScore":264.438}},{"data":{"id":"HP:0004968","display_name":"Recurrent cerebral hemorrhage","Node_Type":"HPO","enrichScore":264.438}},{"data":{"id":"HP:0011786","display_name":"Thyrotoxicosis with toxic single thyroid nodule","Node_Type":"HPO","enrichScore":88.146}},{"data":{"id":"HP:0011785","display_name":"Thyrotoxicosis with toxic multinodular goiter","Node_Type":"HPO","enrichScore":88.146}},{"data":{"id":"HP:0008285","display_name":"Transient hypophosphatemia","Node_Type":"HPO","enrichScore":66.109}},{"data":{"id":"HP:0011706","display_name":"Second degree atrioventricular block","Node_Type":"HPO","enrichScore":66.109}},{"data":{"id":"HP:0011970","display_name":"Cerebral amyloid angiopathy","Node_Type":"HPO","enrichScore":52.888}},{"data":{"id":"HP:0008392","display_name":"Subungual hyperkeratosis","Node_Type":"HPO","enrichScore":52.888}},{"data":{"id":"DB01119","display_name":"Diazoxide","Node_Type":"Drug","enrichScore":1000000}},{"data":{"id":"CHEMBL544000","display_name":"CHEMBL544000","Node_Type":"Prediction","enrichScore":32.625}},{"data":{"id":"CHEMBL540752","display_name":"CHEMBL540752","Node_Type":"Prediction","enrichScore":32.625}},{"data":{"id":"CHEMBL388325","display_name":"CHEMBL388325","Node_Type":"Prediction","enrichScore":18.643}},{"data":{"id":"CHEMBL60142","display_name":"CHEMBL60142","Node_Type":"Prediction","enrichScore":17.272}},{"data":{"id":"CHEMBL382186","display_name":"CHEMBL382186","Node_Type":"Prediction","enrichScore":16.313}},{"data":{"id":"CHEMBL366010","display_name":"CHEMBL366010","Node_Type":"Prediction","enrichScore":16.313}},{"data":{"id":"CHEMBL385226","display_name":"CHEMBL385226","Node_Type":"Prediction","enrichScore":16.313}},{"data":{"id":"CHEMBL366317","display_name":"CHEMBL366317","Node_Type":"Prediction","enrichScore":16.313}},{"data":{"id":"CHEMBL541690","display_name":"CHEMBL541690","Node_Type":"Prediction","enrichScore":16.313}},{"data":{"id":"hsa04727","display_name":"GABAergic synapse","Node_Type":"kegg_Pathway","enrichScore":235.296}},{"data":{"id":"hsa04742","display_name":"Taste transduction","Node_Type":"kegg_Pathway","enrichScore":189.944}},{"data":{"id":"hsa04080","display_name":"Neuroactive ligand-receptor interaction","Node_Type":"kegg_Pathway","enrichScore":179.947}},{"data":{"id":"hsa04723","display_name":"Retrograde endocannabinoid signaling","Node_Type":"kegg_Pathway","enrichScore":141.496}},{"data":{"id":"hsa04725","display_name":"Cholinergic synapse","Node_Type":"kegg_Pathway","enrichScore":34.343}},{"data":{"id":"hsa04724","display_name":"Glutamatergic synapse","Node_Type":"kegg_Pathway","enrichScore":14.996}},{"data":{"id":"hsa04962","display_name":"Vasopressin-regulated water reabsorption","Node_Type":"kegg_Pathway","enrichScore":9.497}},{"data":{"id":"hsa04730","display_name":"Long-term depression","Node_Type":"kegg_Pathway","enrichScore":7.006}},{"data":{"id":"hsa04720","display_name":"Long-term potentiation","Node_Type":"kegg_Pathway","enrichScore":5.854}},{"data":{"id":"hsa04721","display_name":"Synaptic vesicle cycle","Node_Type":"kegg_Pathway","enrichScore":5.479}},{"data":{"id":"H00695","display_name":"Mal de Meleda","Node_Type":"kegg_Disease","enrichScore":229.188}},{"data":{"id":"H00807","display_name":"Nocturnal frontal lobe epilepsy","Node_Type":"kegg_Disease","enrichScore":229.188}},{"data":{"id":"H01185","display_name":"Cerebral amyloid angiopathy","Node_Type":"kegg_Disease","enrichScore":114.594}},{"data":{"id":"H02215","display_name":"Childhood absence epilepsy","Node_Type":"kegg_Disease","enrichScore":57.297}},{"data":{"id":"H01877","display_name":"Chromosome 15q13.3 microdeletion syndrome","Node_Type":"kegg_Disease","enrichScore":57.297}},{"data":{"id":"H00056","display_name":"Alzheimer disease","Node_Type":"kegg_Disease","enrichScore":57.297}},{"data":{"id":"H02217","display_name":"Juvenile myoclonic epilepsy","Node_Type":"kegg_Disease","enrichScore":38.198}},{"data":{"id":"H00808","display_name":"Idiopathic generalized epilepsies","Node_Type":"kegg_Disease","enrichScore":28.648}},{"data":{"id":"H01611","display_name":"Alcohol dependence","Node_Type":"kegg_Disease","enrichScore":28.648}},{"data":{"id":"H00768","display_name":"Autosomal recessive mental retardation","Node_Type":"kegg_Disease","enrichScore":6.031}}],"edges":[{"data":{"source":"Q6UXH1","target":"P43681","Edge_Type":"PPI","label":"interacts w\/"}},{"data":{"source":"P55000","target":"P36544","Edge_Type":"PPI","label":"interacts w\/"}},{"data":{"source":"P17787","target":"P43681","Edge_Type":"PPI","label":"interacts w\/"}},{"data":{"source":"P46459","target":"P42262","Edge_Type":"PPI","label":"interacts w\/"}},{"data":{"source":"P05067","target":"P36544","Edge_Type":"PPI","label":"interacts w\/"}},{"data":{"source":"P05067","target":"P05067","Edge_Type":"PPI","label":"interacts w\/"}},{"data":{"source":"Q494W8","target":"P36544","Edge_Type":"PPI","label":"interacts w\/"}},{"data":{"source":"HP:0007553","target":"Orphanet:87503","Edge_Type":"hpodis","label":"is associated w\/"}},{"data":{"source":"HP:0004938","target":"Orphanet:324703","Edge_Type":"hpodis","label":"is associated w\/"}},{"data":{"source":"HP:0007390","target":"Orphanet:87503","Edge_Type":"hpodis","label":"is associated w\/"}},{"data":{"source":"HP:0004968","target":"Orphanet:324703","Edge_Type":"hpodis","label":"is associated w\/"}},{"data":{"source":"HP:0011970","target":"Orphanet:324703","Edge_Type":"hpodis","label":"is associated w\/"}},{"data":{"source":"HP:0011970","target":"Orphanet:100006","Edge_Type":"hpodis","label":"is associated w\/"}},{"data":{"source":"HP:0008392","target":"Orphanet:87503","Edge_Type":"hpodis","label":"is associated w\/"}},{"data":{"source":"P17787","target":"Orphanet:98784","Edge_Type":"Disease","label":"is related to"}},{"data":{"source":"P43681","target":"Orphanet:98784","Edge_Type":"Disease","label":"is related to"}},{"data":{"source":"P05067","target":"Orphanet:324703","Edge_Type":"Disease","label":"is related to"}},{"data":{"source":"P55000","target":"Orphanet:87503","Edge_Type":"Disease","label":"is related to"}},{"data":{"source":"P05067","target":"Orphanet:324723","Edge_Type":"Disease","label":"is related to"}},{"data":{"source":"P05067","target":"Orphanet:324718","Edge_Type":"Disease","label":"is related to"}},{"data":{"source":"P05067","target":"Orphanet:324708","Edge_Type":"Disease","label":"is related to"}},{"data":{"source":"P05067","target":"Orphanet:324713","Edge_Type":"Disease","label":"is related to"}},{"data":{"source":"P05067","target":"MONDO:0011583","Edge_Type":"Disease","label":"is related to"}},{"data":{"source":"P05067","target":"Orphanet:100006","Edge_Type":"Disease","label":"is related to"}},{"data":{"source":"P05067","target":"Orphanet:85458","Edge_Type":"Disease","label":"is related to"}},{"data":{"source":"P14867","target":"DB01353","Edge_Type":"Drug","label":"targets"}},{"data":{"source":"P47869","target":"DB01353","Edge_Type":"Drug","label":"targets"}},{"data":{"source":"P34903","target":"DB01353","Edge_Type":"Drug","label":"targets"}},{"data":{"source":"P48169","target":"DB01353","Edge_Type":"Drug","label":"targets"}},{"data":{"source":"P31644","target":"DB01353","Edge_Type":"Drug","label":"targets"}},{"data":{"source":"Q16445","target":"DB01353","Edge_Type":"Drug","label":"targets"}},{"data":{"source":"P43681","target":"DB01353","Edge_Type":"Drug","label":"targets"}},{"data":{"source":"P36544","target":"DB01353","Edge_Type":"Drug","label":"targets"}},{"data":{"source":"P42262","target":"DB01353","Edge_Type":"Drug","label":"targets"}},{"data":{"source":"Q13002","target":"DB01353","Edge_Type":"Drug","label":"targets"}},{"data":{"source":"P14867","target":"DB00603","Edge_Type":"Drug","label":"targets"}},{"data":{"source":"P47869","target":"DB00603","Edge_Type":"Drug","label":"targets"}},{"data":{"source":"P34903","target":"DB00603","Edge_Type":"Drug","label":"targets"}},{"data":{"source":"P48169","target":"DB00603","Edge_Type":"Drug","label":"targets"}},{"data":{"source":"P31644","target":"DB00603","Edge_Type":"Drug","label":"targets"}},{"data":{"source":"Q16445","target":"DB00603","Edge_Type":"Drug","label":"targets"}},{"data":{"source":"P14867","target":"DB00241","Edge_Type":"Drug","label":"targets"}},{"data":{"source":"P47869","target":"DB00241","Edge_Type":"Drug","label":"targets"}},{"data":{"source":"P34903","target":"DB00241","Edge_Type":"Drug","label":"targets"}},{"data":{"source":"P48169","target":"DB00241","Edge_Type":"Drug","label":"targets"}},{"data":{"source":"P31644","target":"DB00241","Edge_Type":"Drug","label":"targets"}},{"data":{"source":"Q16445","target":"DB00241","Edge_Type":"Drug","label":"targets"}},{"data":{"source":"P43681","target":"DB00241","Edge_Type":"Drug","label":"targets"}},{"data":{"source":"P36544","target":"DB00241","Edge_Type":"Drug","label":"targets"}},{"data":{"source":"P42262","target":"DB00241","Edge_Type":"Drug","label":"targets"}},{"data":{"source":"Q13002","target":"DB00241","Edge_Type":"Drug","label":"targets"}},{"data":{"source":"P14867","target":"DB00463","Edge_Type":"Drug","label":"targets"}},{"data":{"source":"P47869","target":"DB00463","Edge_Type":"Drug","label":"targets"}},{"data":{"source":"P34903","target":"DB00463","Edge_Type":"Drug","label":"targets"}},{"data":{"source":"P48169","target":"DB00463","Edge_Type":"Drug","label":"targets"}},{"data":{"source":"P31644","target":"DB00463","Edge_Type":"Drug","label":"targets"}},{"data":{"source":"Q16445","target":"DB00463","Edge_Type":"Drug","label":"targets"}},{"data":{"source":"P43681","target":"DB00463","Edge_Type":"Drug","label":"targets"}},{"data":{"source":"P36544","target":"DB00463","Edge_Type":"Drug","label":"targets"}},{"data":{"source":"P42262","target":"DB00463","Edge_Type":"Drug","label":"targets"}},{"data":{"source":"Q13002","target":"DB00463","Edge_Type":"Drug","label":"targets"}},{"data":{"source":"P14867","target":"DB00794","Edge_Type":"Drug","label":"targets"}},{"data":{"source":"P47869","target":"DB00794","Edge_Type":"Drug","label":"targets"}},{"data":{"source":"P34903","target":"DB00794","Edge_Type":"Drug","label":"targets"}},{"data":{"source":"P48169","target":"DB00794","Edge_Type":"Drug","label":"targets"}},{"data":{"source":"P31644","target":"DB00794","Edge_Type":"Drug","label":"targets"}},{"data":{"source":"Q16445","target":"DB00794","Edge_Type":"Drug","label":"targets"}},{"data":{"source":"P43681","target":"DB00794","Edge_Type":"Drug","label":"targets"}},{"data":{"source":"P36544","target":"DB00794","Edge_Type":"Drug","label":"targets"}},{"data":{"source":"P42262","target":"DB00794","Edge_Type":"Drug","label":"targets"}},{"data":{"source":"Q13002","target":"DB00794","Edge_Type":"Drug","label":"targets"}},{"data":{"source":"P14867","target":"DB00306","Edge_Type":"Drug","label":"targets"}},{"data":{"source":"P47869","target":"DB00306","Edge_Type":"Drug","label":"targets"}},{"data":{"source":"P34903","target":"DB00306","Edge_Type":"Drug","label":"targets"}},{"data":{"source":"P48169","target":"DB00306","Edge_Type":"Drug","label":"targets"}},{"data":{"source":"P31644","target":"DB00306","Edge_Type":"Drug","label":"targets"}},{"data":{"source":"Q16445","target":"DB00306","Edge_Type":"Drug","label":"targets"}},{"data":{"source":"P43681","target":"DB00306","Edge_Type":"Drug","label":"targets"}},{"data":{"source":"P36544","target":"DB00306","Edge_Type":"Drug","label":"targets"}},{"data":{"source":"P42262","target":"DB00306","Edge_Type":"Drug","label":"targets"}},{"data":{"source":"Q13002","target":"DB00306","Edge_Type":"Drug","label":"targets"}},{"data":{"source":"P14867","target":"DB01496","Edge_Type":"Drug","label":"targets"}},{"data":{"source":"P47869","target":"DB01496","Edge_Type":"Drug","label":"targets"}},{"data":{"source":"P34903","target":"DB01496","Edge_Type":"Drug","label":"targets"}},{"data":{"source":"P48169","target":"DB01496","Edge_Type":"Drug","label":"targets"}},{"data":{"source":"P31644","target":"DB01496","Edge_Type":"Drug","label":"targets"}},{"data":{"source":"Q16445","target":"DB01496","Edge_Type":"Drug","label":"targets"}},{"data":{"source":"P43681","target":"DB01496","Edge_Type":"Drug","label":"targets"}},{"data":{"source":"P36544","target":"DB01496","Edge_Type":"Drug","label":"targets"}},{"data":{"source":"P42262","target":"DB01496","Edge_Type":"Drug","label":"targets"}},{"data":{"source":"Q13002","target":"DB01496","Edge_Type":"Drug","label":"targets"}},{"data":{"source":"P14867","target":"DB01483","Edge_Type":"Drug","label":"targets"}},{"data":{"source":"P47869","target":"DB01483","Edge_Type":"Drug","label":"targets"}},{"data":{"source":"P34903","target":"DB01483","Edge_Type":"Drug","label":"targets"}},{"data":{"source":"P48169","target":"DB01483","Edge_Type":"Drug","label":"targets"}},{"data":{"source":"P31644","target":"DB01483","Edge_Type":"Drug","label":"targets"}},{"data":{"source":"Q16445","target":"DB01483","Edge_Type":"Drug","label":"targets"}},{"data":{"source":"P43681","target":"DB01483","Edge_Type":"Drug","label":"targets"}},{"data":{"source":"P36544","target":"DB01483","Edge_Type":"Drug","label":"targets"}},{"data":{"source":"P42262","target":"DB01483","Edge_Type":"Drug","label":"targets"}},{"data":{"source":"Q13002","target":"DB01483","Edge_Type":"Drug","label":"targets"}},{"data":{"source":"P14867","target":"DB01355","Edge_Type":"Drug","label":"targets"}},{"data":{"source":"P47869","target":"DB01355","Edge_Type":"Drug","label":"targets"}},{"data":{"source":"P34903","target":"DB01355","Edge_Type":"Drug","label":"targets"}},{"data":{"source":"P48169","target":"DB01355","Edge_Type":"Drug","label":"targets"}},{"data":{"source":"P31644","target":"DB01355","Edge_Type":"Drug","label":"targets"}},{"data":{"source":"Q16445","target":"DB01355","Edge_Type":"Drug","label":"targets"}},{"data":{"source":"P43681","target":"DB01355","Edge_Type":"Drug","label":"targets"}},{"data":{"source":"P36544","target":"DB01355","Edge_Type":"Drug","label":"targets"}},{"data":{"source":"P42262","target":"DB01355","Edge_Type":"Drug","label":"targets"}},{"data":{"source":"Q13002","target":"DB01355","Edge_Type":"Drug","label":"targets"}},{"data":{"source":"P14867","target":"DB01352","Edge_Type":"Drug","label":"targets"}},{"data":{"source":"P47869","target":"DB01352","Edge_Type":"Drug","label":"targets"}},{"data":{"source":"P34903","target":"DB01352","Edge_Type":"Drug","label":"targets"}},{"data":{"source":"P48169","target":"DB01352","Edge_Type":"Drug","label":"targets"}},{"data":{"source":"P31644","target":"DB01352","Edge_Type":"Drug","label":"targets"}},{"data":{"source":"Q16445","target":"DB01352","Edge_Type":"Drug","label":"targets"}},{"data":{"source":"P43681","target":"DB01352","Edge_Type":"Drug","label":"targets"}},{"data":{"source":"P36544","target":"DB01352","Edge_Type":"Drug","label":"targets"}},{"data":{"source":"P42262","target":"DB01352","Edge_Type":"Drug","label":"targets"}},{"data":{"source":"Q13002","target":"DB01352","Edge_Type":"Drug","label":"targets"}},{"data":{"source":"P14867","target":"R-HSA-977443","Edge_Type":"Pathway","label":"is involved in"}},{"data":{"source":"P31644","target":"R-HSA-977443","Edge_Type":"Pathway","label":"is involved in"}},{"data":{"source":"P34903","target":"R-HSA-977443","Edge_Type":"Pathway","label":"is involved in"}},{"data":{"source":"P47869","target":"R-HSA-977443","Edge_Type":"Pathway","label":"is involved in"}},{"data":{"source":"P48169","target":"R-HSA-977443","Edge_Type":"Pathway","label":"is involved in"}},{"data":{"source":"Q16445","target":"R-HSA-977443","Edge_Type":"Pathway","label":"is involved in"}},{"data":{"source":"P36544","target":"R-HSA-629594","Edge_Type":"Pathway","label":"is involved in"}},{"data":{"source":"P43681","target":"R-HSA-629594","Edge_Type":"Pathway","label":"is involved in"}},{"data":{"source":"P17787","target":"R-HSA-629594","Edge_Type":"Pathway","label":"is involved in"}},{"data":{"source":"P43681","target":"R-HSA-629587","Edge_Type":"Pathway","label":"is involved in"}},{"data":{"source":"P17787","target":"R-HSA-629587","Edge_Type":"Pathway","label":"is involved in"}},{"data":{"source":"Q13002","target":"R-HSA-451307","Edge_Type":"Pathway","label":"is involved in"}},{"data":{"source":"P43681","target":"R-HSA-629597","Edge_Type":"Pathway","label":"is involved in"}},{"data":{"source":"P17787","target":"R-HSA-629597","Edge_Type":"Pathway","label":"is involved in"}},{"data":{"source":"P42262","target":"R-HSA-399710","Edge_Type":"Pathway","label":"is involved in"}},{"data":{"source":"P42262","target":"R-HSA-416993","Edge_Type":"Pathway","label":"is involved in"}},{"data":{"source":"P46459","target":"R-HSA-416993","Edge_Type":"Pathway","label":"is involved in"}},{"data":{"source":"P05067","target":"R-HSA-444473","Edge_Type":"Pathway","label":"is involved in"}},{"data":{"source":"Q13002","target":"R-HSA-451308","Edge_Type":"Pathway","label":"is involved in"}},{"data":{"source":"P14867","target":"R-HSA-1236394","Edge_Type":"Pathway","label":"is involved in"}},{"data":{"source":"P55000","target":"HP:0007553","Edge_Type":"HPO","label":"is associated w\/"}},{"data":{"source":"P05067","target":"HP:0004938","Edge_Type":"HPO","label":"is associated w\/"}},{"data":{"source":"P55000","target":"HP:0007390","Edge_Type":"HPO","label":"is associated w\/"}},{"data":{"source":"P05067","target":"HP:0004968","Edge_Type":"HPO","label":"is associated w\/"}},{"data":{"source":"P34903","target":"HP:0011786","Edge_Type":"HPO","label":"is associated w\/"}},{"data":{"source":"P34903","target":"HP:0011785","Edge_Type":"HPO","label":"is associated w\/"}},{"data":{"source":"P34903","target":"HP:0008285","Edge_Type":"HPO","label":"is associated w\/"}},{"data":{"source":"P34903","target":"HP:0011706","Edge_Type":"HPO","label":"is associated w\/"}},{"data":{"source":"P05067","target":"HP:0011970","Edge_Type":"HPO","label":"is associated w\/"}},{"data":{"source":"P55000","target":"HP:0008392","Edge_Type":"HPO","label":"is associated w\/"}},{"data":{"source":"P42262","target":"DB01119","Edge_Type":"Prediction","label":"targets"}},{"data":{"source":"P42262","target":"CHEMBL544000","Edge_Type":"Prediction","label":"targets"}},{"data":{"source":"P42262","target":"CHEMBL540752","Edge_Type":"Prediction","label":"targets"}},{"data":{"source":"P42262","target":"CHEMBL388325","Edge_Type":"Prediction","label":"targets"}},{"data":{"source":"P43681","target":"CHEMBL388325","Edge_Type":"Prediction","label":"targets"}},{"data":{"source":"P31644","target":"CHEMBL60142","Edge_Type":"Prediction","label":"targets"}},{"data":{"source":"P42262","target":"CHEMBL60142","Edge_Type":"Prediction","label":"targets"}},{"data":{"source":"P47869","target":"CHEMBL60142","Edge_Type":"Prediction","label":"targets"}},{"data":{"source":"P42262","target":"CHEMBL382186","Edge_Type":"Prediction","label":"targets"}},{"data":{"source":"P42262","target":"CHEMBL366010","Edge_Type":"Prediction","label":"targets"}},{"data":{"source":"P42262","target":"CHEMBL385226","Edge_Type":"Prediction","label":"targets"}},{"data":{"source":"P42262","target":"CHEMBL366317","Edge_Type":"Prediction","label":"targets"}},{"data":{"source":"P42262","target":"CHEMBL541690","Edge_Type":"Prediction","label":"targets"}},{"data":{"source":"H00807","target":"hsa04080","Edge_Type":"kegg_dis_path","label":"modulates"}},{"data":{"source":"H00807","target":"hsa04725","Edge_Type":"kegg_dis_path","label":"modulates"}},{"data":{"source":"H02215","target":"hsa04727","Edge_Type":"kegg_dis_path","label":"modulates"}},{"data":{"source":"H00808","target":"hsa04727","Edge_Type":"kegg_dis_path","label":"modulates"}},{"data":{"source":"H01611","target":"hsa04080","Edge_Type":"kegg_dis_path","label":"modulates"}},{"data":{"source":"P14867","target":"hsa04727","Edge_Type":"kegg_path_prot","label":"is involved in"}},{"data":{"source":"P31644","target":"hsa04727","Edge_Type":"kegg_path_prot","label":"is involved in"}},{"data":{"source":"P34903","target":"hsa04727","Edge_Type":"kegg_path_prot","label":"is involved in"}},{"data":{"source":"P47869","target":"hsa04727","Edge_Type":"kegg_path_prot","label":"is involved in"}},{"data":{"source":"P48169","target":"hsa04727","Edge_Type":"kegg_path_prot","label":"is involved in"}},{"data":{"source":"Q16445","target":"hsa04727","Edge_Type":"kegg_path_prot","label":"is involved in"}},{"data":{"source":"P46459","target":"hsa04727","Edge_Type":"kegg_path_prot","label":"is involved in"}},{"data":{"source":"P14867","target":"hsa04742","Edge_Type":"kegg_path_prot","label":"is involved in"}},{"data":{"source":"P31644","target":"hsa04742","Edge_Type":"kegg_path_prot","label":"is involved in"}},{"data":{"source":"P34903","target":"hsa04742","Edge_Type":"kegg_path_prot","label":"is involved in"}},{"data":{"source":"P47869","target":"hsa04742","Edge_Type":"kegg_path_prot","label":"is involved in"}},{"data":{"source":"P48169","target":"hsa04742","Edge_Type":"kegg_path_prot","label":"is involved in"}},{"data":{"source":"Q16445","target":"hsa04742","Edge_Type":"kegg_path_prot","label":"is involved in"}},{"data":{"source":"P14867","target":"hsa04080","Edge_Type":"kegg_path_prot","label":"is involved in"}},{"data":{"source":"P31644","target":"hsa04080","Edge_Type":"kegg_path_prot","label":"is involved in"}},{"data":{"source":"P34903","target":"hsa04080","Edge_Type":"kegg_path_prot","label":"is involved in"}},{"data":{"source":"P36544","target":"hsa04080","Edge_Type":"kegg_path_prot","label":"is involved in"}},{"data":{"source":"P42262","target":"hsa04080","Edge_Type":"kegg_path_prot","label":"is involved in"}},{"data":{"source":"P43681","target":"hsa04080","Edge_Type":"kegg_path_prot","label":"is involved in"}},{"data":{"source":"P47869","target":"hsa04080","Edge_Type":"kegg_path_prot","label":"is involved in"}},{"data":{"source":"P48169","target":"hsa04080","Edge_Type":"kegg_path_prot","label":"is involved in"}},{"data":{"source":"Q13002","target":"hsa04080","Edge_Type":"kegg_path_prot","label":"is involved in"}},{"data":{"source":"Q16445","target":"hsa04080","Edge_Type":"kegg_path_prot","label":"is involved in"}},{"data":{"source":"P55000","target":"hsa04080","Edge_Type":"kegg_path_prot","label":"is involved in"}},{"data":{"source":"P17787","target":"hsa04080","Edge_Type":"kegg_path_prot","label":"is involved in"}},{"data":{"source":"P14867","target":"hsa04723","Edge_Type":"kegg_path_prot","label":"is involved in"}},{"data":{"source":"P31644","target":"hsa04723","Edge_Type":"kegg_path_prot","label":"is involved in"}},{"data":{"source":"P34903","target":"hsa04723","Edge_Type":"kegg_path_prot","label":"is involved in"}},{"data":{"source":"P42262","target":"hsa04723","Edge_Type":"kegg_path_prot","label":"is involved in"}},{"data":{"source":"P47869","target":"hsa04723","Edge_Type":"kegg_path_prot","label":"is involved in"}},{"data":{"source":"P48169","target":"hsa04723","Edge_Type":"kegg_path_prot","label":"is involved in"}},{"data":{"source":"Q16445","target":"hsa04723","Edge_Type":"kegg_path_prot","label":"is involved in"}},{"data":{"source":"P36544","target":"hsa04725","Edge_Type":"kegg_path_prot","label":"is involved in"}},{"data":{"source":"P43681","target":"hsa04725","Edge_Type":"kegg_path_prot","label":"is involved in"}},{"data":{"source":"P17787","target":"hsa04725","Edge_Type":"kegg_path_prot","label":"is involved in"}},{"data":{"source":"P42262","target":"hsa04724","Edge_Type":"kegg_path_prot","label":"is involved in"}},{"data":{"source":"Q13002","target":"hsa04724","Edge_Type":"kegg_path_prot","label":"is involved in"}},{"data":{"source":"P46459","target":"hsa04962","Edge_Type":"kegg_path_prot","label":"is involved in"}},{"data":{"source":"P42262","target":"hsa04730","Edge_Type":"kegg_path_prot","label":"is involved in"}},{"data":{"source":"P42262","target":"hsa04720","Edge_Type":"kegg_path_prot","label":"is involved in"}},{"data":{"source":"P46459","target":"hsa04721","Edge_Type":"kegg_path_prot","label":"is involved in"}},{"data":{"source":"P55000","target":"H00695","Edge_Type":"kegg_dis_prot","label":"is related to"}},{"data":{"source":"P43681","target":"H00807","Edge_Type":"kegg_dis_prot","label":"is related to"}},{"data":{"source":"P17787","target":"H00807","Edge_Type":"kegg_dis_prot","label":"is related to"}},{"data":{"source":"P05067","target":"H01185","Edge_Type":"kegg_dis_prot","label":"is related to"}},{"data":{"source":"P14867","target":"H02215","Edge_Type":"kegg_dis_prot","label":"is related to"}},{"data":{"source":"P36544","target":"H01877","Edge_Type":"kegg_dis_prot","label":"is related to"}},{"data":{"source":"P05067","target":"H00056","Edge_Type":"kegg_dis_prot","label":"is related to"}},{"data":{"source":"P14867","target":"H02217","Edge_Type":"kegg_dis_prot","label":"is related to"}},{"data":{"source":"P14867","target":"H00808","Edge_Type":"kegg_dis_prot","label":"is related to"}},{"data":{"source":"P47869","target":"H01611","Edge_Type":"kegg_dis_prot","label":"is related to"}},{"data":{"source":"Q13002","target":"H00768","Edge_Type":"kegg_dis_prot","label":"is related to"}}]}