Core Proteins,Interacting Proteins,Pathways,HPO terms,Diseases,Targeting Drugs,Experimental Bioactive Compounds (pChEMBL),Predicted interacting Compounds
PTGIR (P43119),,R-HSA-391908 Prostanoid ligand receptors[scr:893]; R-HSA-392851 Prostacyclin signalling through prostacyclin receptor[scr:402]; hsa04611 Platelet activation[scr:27]; hsa04270 Vascular smooth muscle contraction[scr:6]; hsa04080 Neuroactive ligand-receptor interaction[scr:2],,,DB00374 Treprostinil[scr:9999999]; DB01240 Epoprostenol[scr:795]; DB05229 Beraprost[scr:596],,CHEMBL1761330 [scr:130.5]; CHEMBL1544745 [scr:130.5]; CHEMBL3920471 [scr:130.5]; CHEMBL3671960 [scr:130.5]; CHEMBL2059681 [scr:130.5]; CHEMBL3137762 [scr:130.5]; CHEMBL1520021 [scr:130.5]; CHEMBL1940192 [scr:130.5]; CHEMBL1773292 [scr:130.5]; CHEMBL2177762 [scr:130.5]
PPARD (Q03181),NR1H2 (P55055); ZNF837 (Q96EG3); NR1H3 (Q13133); KDM1A (O60341); KRTAP10-7 (P60409),R-HSA-383280 Nuclear Receptor transcription pathway[scr:1418]; R-HSA-200425 Carnitine metabolism[scr:574]; R-HSA-204174 Regulation of pyruvate dehydrogenase (PDH) complex[scr:502]; R-HSA-5362517 Signaling by Retinoic Acid[scr:383]; hsa03320 PPAR signaling pathway[scr:46]; hsa04310 Wnt signaling pathway[scr:5],,,DB00374 Treprostinil[scr:9999999]; DB08078 {4-[3-(4-acetyl-3-hydroxy-2-propylphenoxy)propoxy]phenoxy}acetic acid[scr:596]; DB07691 2-({[3-(3-4-dihydroisoquinolin-2(1H)-ylsulfonyl)phenyl]carbonyl}amino)benzoic acid[scr:596]; DB07070 (2S)-2-{3-[({[2-fluoro-4-(trifluoromethyl)phenyl]carbonyl}amino)methyl]-4-methoxybenzyl}butanoic acid[scr:596],,
P2RY12 (Q9H244),,R-HSA-417957 P2Y receptors[scr:670]; R-HSA-392170 ADP signalling through P2Y purinoceptor 12[scr:365]; hsa04611 Platelet activation[scr:27],HP:0004866 Impaired ADP-induced platelet aggregation[scr:264]; HP:0001934 Persistent bleeding after trauma[scr:59]; HP:0004846 Prolonged bleeding after surgery[scr:48]; HP:0011890 Prolonged bleeding following procedure[scr:38],Orphanet:36355 P2Y12 defect (EFO)[scr:450]; H01235 Bleeding disorder platelet-type (KEGG)[scr:65],DB00374 Treprostinil[scr:9999999]; DB01240 Epoprostenol[scr:795]; DB06441 Cangrelor[scr:596],,CHEMBL1761330 [scr:130.5]; CHEMBL1544745 [scr:130.5]; CHEMBL3920471 [scr:130.5]; CHEMBL3671960 [scr:130.5]; CHEMBL2059681 [scr:130.5]; CHEMBL3137762 [scr:130.5]; CHEMBL1520021 [scr:130.5]; CHEMBL1940192 [scr:130.5]; CHEMBL1773292 [scr:130.5]; CHEMBL2177762 [scr:130.5]
NR1H2 (P55055),PPARD (Q03181),R-HSA-8866427 VLDLR internalisation and degradation[scr:2678]; R-HSA-383280 Nuclear Receptor transcription pathway[scr:1418]; R-HSA-4090294 SUMOylation of intracellular receptors[scr:1071],,,DB13174 Rhein[scr:795]; DB03848 Benzenesulfinic acid[scr:596]; DB07082 1-1-1-3-3-3-HEXAFLUORO-2-{4-[(2-2-2-TRIFLUOROETHYL)AMINO]PHENYL}PROPAN-2-OL[scr:596],,
ZNF837 (Q96EG3),PPARD (Q03181); ZNF837 (Q96EG3); KRTAP10-7 (P60409),,,,,,
NR1H3 (Q13133),PPARD (Q03181); KDM1A (O60341),R-HSA-8866427 VLDLR internalisation and degradation[scr:2678]; R-HSA-383280 Nuclear Receptor transcription pathway[scr:1418]; R-HSA-4090294 SUMOylation of intracellular receptors[scr:1071]; hsa03320 PPAR signaling pathway[scr:46],,,DB13174 Rhein[scr:795],,
KDM1A (O60341),PPARD (Q03181); NR1H3 (Q13133),hsa04714 Thermogenesis[scr:4],HP:0012430 Cerebral white matter hypoplasia[scr:529]; HP:0012429 Aplasia/Hypoplasia of the cerebral white matter[scr:264]; HP:0000041 Chordee[scr:53]; HP:0002144 Tethered cord[scr:35]; HP:0031938 Abnormal conus terminalis morphology[scr:35]; HP:0006895 Lower limb hypertonia[scr:33],H02381 Cleft palate- psychomotor retardation- and distinctive facial features (KEGG)[scr:458],,,
KRTAP10-7 (P60409),PPARD (Q03181); KRTAP10-7 (P60409); ZNF837 (Q96EG3),,,,,,
