{"options":{"search_start":1613055893,"tax_ids":[9606],"num_of_fn_nodes":10,"num_of_pathways":10,"num_of_phenotypes":10,"num_of_drugs":10,"num_of_diseases":10,"num_of_compounds":10,"chembl_compounds":0,"predictions":1,"reviewed_filter":1,"fn":1,"chembl":1,"search_finish":1613055906,"search_runtime":13},"search":[{"Drug":[{"DB00592":"Piperazine"}]}],"nodes":[{"data":{"id":"P28472","display_name":"GABRB3","Node_Type":"Protein"}},{"data":{"id":"Orphanet:64280","display_name":"Childhood absence epilepsy","Node_Type":"Disease","enrichScore":900.25}},{"data":{"id":"Orphanet:1934","display_name":"Early infantile epileptic encephalopathy","Node_Type":"Disease","enrichScore":72.02}},{"data":{"id":"DB00592","display_name":"Piperazine","Node_Type":"Drug","enrichScore":9999999}},{"data":{"id":"DB06716","display_name":"Fospropofol","Node_Type":"Drug","enrichScore":2384.5}},{"data":{"id":"DB00603","display_name":"Medroxyprogesterone acetate","Node_Type":"Drug","enrichScore":2384.5}},{"data":{"id":"DB00602","display_name":"Ivermectin","Node_Type":"Drug","enrichScore":2384.5}},{"data":{"id":"DB12458","display_name":"Muscimol","Node_Type":"Drug","enrichScore":1589.667}},{"data":{"id":"DB00818","display_name":"Propofol","Node_Type":"Drug","enrichScore":1059.778}},{"data":{"id":"DB01589","display_name":"Quazepam","Node_Type":"Drug","enrichScore":1004}},{"data":{"id":"DB01588","display_name":"Prazepam","Node_Type":"Drug","enrichScore":1004}},{"data":{"id":"DB01215","display_name":"Estazolam","Node_Type":"Drug","enrichScore":1004}},{"data":{"id":"DB00842","display_name":"Oxazepam","Node_Type":"Drug","enrichScore":1004}},{"data":{"id":"R-HSA-1236394","display_name":"Signaling by ERBB4","Node_Type":"Pathway","enrichScore":5843.182}},{"data":{"id":"R-HSA-977443","display_name":"GABA receptor activation","Node_Type":"Pathway","enrichScore":4591.071}},{"data":{"id":"HP:0011147","display_name":"Typical absence seizure","Node_Type":"HPO","enrichScore":705.167}},{"data":{"id":"HP:0030218","display_name":"Punding","Node_Type":"HPO","enrichScore":705.167}},{"data":{"id":"HP:0010848","display_name":"EEG with spike-wave complexes (2.5-3.5 Hz)","Node_Type":"HPO","enrichScore":705.167}},{"data":{"id":"HP:0011195","display_name":"EEG with focal sharp slow waves","Node_Type":"HPO","enrichScore":705.167}},{"data":{"id":"HP:0007738","display_name":"Uncontrolled eye movements","Node_Type":"HPO","enrichScore":604.429}},{"data":{"id":"HP:0011150","display_name":"Myoclonic absence seizure","Node_Type":"HPO","enrichScore":604.429}},{"data":{"id":"HP:0031469","display_name":"Low self esteem","Node_Type":"HPO","enrichScore":423.1}},{"data":{"id":"HP:0006961","display_name":"Jerky head movements","Node_Type":"HPO","enrichScore":423.1}},{"data":{"id":"HP:0045084","display_name":"Limb myoclonus","Node_Type":"HPO","enrichScore":302.214}},{"data":{"id":"HP:0010794","display_name":"Impaired visuospatial constructive cognition","Node_Type":"HPO","enrichScore":302.214}},{"data":{"id":"hsa04727","display_name":"GABAergic synapse","Node_Type":"kegg_Pathway","enrichScore":76.831}},{"data":{"id":"hsa04726","display_name":"Serotonergic synapse","Node_Type":"kegg_Pathway","enrichScore":59.982}},{"data":{"id":"hsa04723","display_name":"Retrograde endocannabinoid signaling","Node_Type":"kegg_Pathway","enrichScore":46.203}},{"data":{"id":"hsa04080","display_name":"Neuroactive ligand-receptor interaction","Node_Type":"kegg_Pathway","enrichScore":19.994}},{"data":{"id":"H02215","display_name":"Childhood absence epilepsy","Node_Type":"kegg_Disease","enrichScore":916.75}},{"data":{"id":"H00606","display_name":"Early infantile epileptic encephalopathy","Node_Type":"kegg_Disease","enrichScore":62.153}}],"edges":[{"data":{"source":"P28472","target":"P28472","Edge_Type":"PPI","label":"interacts w\/"}},{"data":{"source":"HP:0011147","target":"Orphanet:64280","Edge_Type":"hpodis","label":"is associated w\/"}},{"data":{"source":"HP:0030218","target":"Orphanet:64280","Edge_Type":"hpodis","label":"is associated w\/"}},{"data":{"source":"HP:0010848","target":"Orphanet:64280","Edge_Type":"hpodis","label":"is associated w\/"}},{"data":{"source":"HP:0007738","target":"Orphanet:64280","Edge_Type":"hpodis","label":"is associated w\/"}},{"data":{"source":"HP:0011150","target":"Orphanet:64280","Edge_Type":"hpodis","label":"is associated w\/"}},{"data":{"source":"HP:0031469","target":"Orphanet:64280","Edge_Type":"hpodis","label":"is associated w\/"}},{"data":{"source":"HP:0006961","target":"Orphanet:64280","Edge_Type":"hpodis","label":"is associated w\/"}},{"data":{"source":"HP:0045084","target":"Orphanet:64280","Edge_Type":"hpodis","label":"is associated w\/"}},{"data":{"source":"HP:0010794","target":"Orphanet:64280","Edge_Type":"hpodis","label":"is associated w\/"}},{"data":{"source":"P28472","target":"Orphanet:64280","Edge_Type":"Disease","label":"is related to"}},{"data":{"source":"P28472","target":"Orphanet:1934","Edge_Type":"Disease","label":"is related to"}},{"data":{"source":"P28472","target":"DB00592","Edge_Type":"Drug","label":"targets"}},{"data":{"source":"P28472","target":"DB06716","Edge_Type":"Drug","label":"targets"}},{"data":{"source":"P28472","target":"DB00603","Edge_Type":"Drug","label":"targets"}},{"data":{"source":"P28472","target":"DB00602","Edge_Type":"Drug","label":"targets"}},{"data":{"source":"P28472","target":"DB12458","Edge_Type":"Drug","label":"targets"}},{"data":{"source":"P28472","target":"DB00818","Edge_Type":"Drug","label":"targets"}},{"data":{"source":"P28472","target":"DB01589","Edge_Type":"Drug","label":"targets"}},{"data":{"source":"P28472","target":"DB01588","Edge_Type":"Drug","label":"targets"}},{"data":{"source":"P28472","target":"DB01215","Edge_Type":"Drug","label":"targets"}},{"data":{"source":"P28472","target":"DB00842","Edge_Type":"Drug","label":"targets"}},{"data":{"source":"P28472","target":"R-HSA-1236394","Edge_Type":"Pathway","label":"is involved in"}},{"data":{"source":"P28472","target":"R-HSA-977443","Edge_Type":"Pathway","label":"is involved in"}},{"data":{"source":"P28472","target":"HP:0011147","Edge_Type":"HPO","label":"is associated w\/"}},{"data":{"source":"P28472","target":"HP:0030218","Edge_Type":"HPO","label":"is associated w\/"}},{"data":{"source":"P28472","target":"HP:0010848","Edge_Type":"HPO","label":"is associated w\/"}},{"data":{"source":"P28472","target":"HP:0011195","Edge_Type":"HPO","label":"is associated w\/"}},{"data":{"source":"P28472","target":"HP:0007738","Edge_Type":"HPO","label":"is associated w\/"}},{"data":{"source":"P28472","target":"HP:0011150","Edge_Type":"HPO","label":"is associated w\/"}},{"data":{"source":"P28472","target":"HP:0031469","Edge_Type":"HPO","label":"is associated w\/"}},{"data":{"source":"P28472","target":"HP:0006961","Edge_Type":"HPO","label":"is associated w\/"}},{"data":{"source":"P28472","target":"HP:0045084","Edge_Type":"HPO","label":"is associated w\/"}},{"data":{"source":"P28472","target":"HP:0010794","Edge_Type":"HPO","label":"is associated w\/"}},{"data":{"source":"H02215","target":"hsa04727","Edge_Type":"kegg_dis_path","label":"modulates"}},{"data":{"source":"H00606","target":"hsa04723","Edge_Type":"kegg_dis_path","label":"modulates"}},{"data":{"source":"H00606","target":"hsa04726","Edge_Type":"kegg_dis_path","label":"modulates"}},{"data":{"source":"H00606","target":"hsa04727","Edge_Type":"kegg_dis_path","label":"modulates"}},{"data":{"source":"P28472","target":"hsa04727","Edge_Type":"kegg_path_prot","label":"is involved in"}},{"data":{"source":"P28472","target":"hsa04726","Edge_Type":"kegg_path_prot","label":"is involved in"}},{"data":{"source":"P28472","target":"hsa04723","Edge_Type":"kegg_path_prot","label":"is involved in"}},{"data":{"source":"P28472","target":"hsa04080","Edge_Type":"kegg_path_prot","label":"is involved in"}},{"data":{"source":"P28472","target":"H02215","Edge_Type":"kegg_dis_prot","label":"is related to"}},{"data":{"source":"P28472","target":"H00606","Edge_Type":"kegg_dis_prot","label":"is related to"}}]}