Core Proteins,Interacting Proteins,Pathways,HPO terms,Diseases,Targeting Drugs,Experimental Bioactive Compounds (pChEMBL),Predicted interacting Compounds
PLA2G6 (O60733),PLA2G6 (O60733); ZBTB42 (B2RXF5); RCBTB2 (O95199); TRIM50 (Q86XT4),R-HSA-1482798 Acyl chain remodeling of CL[scr:1863]; hsa00592 alpha-Linolenic acid metabolism[scr:50]; hsa00591 Linoleic acid metabolism[scr:42]; hsa00565 Ether lipid metabolism[scr:26]; hsa04750 Inflammatory mediator regulation of TRP channels[scr:25]; hsa00590 Arachidonic acid metabolism[scr:19],HP:0025262 Stiff hip[scr:184],Orphanet:199351 Adult-onset dystonia-parkinsonism (EFO)[scr:157]; Orphanet:35069 Infantile neuroaxonal dystrophy (EFO)[scr:157],DB01103 Quinacrine[scr:9999999],,
PRNP (P04156),PRNP (P04156); PTAFR (P25105); FHL1 (Q13642),,HP:0100292 Amyloidosis of peripheral nerves[scr:184]; HP:0010846 EEG with persistent abnormal rhythmic activity[scr:184]; HP:0010542 Vestibular nystagmus[scr:184]; HP:0040201 Simultanapraxia[scr:184]; HP:0040200 Motor impersistence[scr:184]; HP:0011176 EEG with constitutional variants[scr:184],Orphanet:466 Fatal familial insomnia (EFO)[scr:157]; Orphanet:356 Gerstmann-Straussler-Scheinker syndrome (EFO)[scr:157]; EFO:0004720 prion disease (EFO)[scr:157]; H00061 Prion disease (KEGG)[scr:159]; H01243 Huntington disease-like syndrome (KEGG)[scr:53],DB01103 Quinacrine[scr:9999999],,
CHRM2 (P08172),,R-HSA-390648 Muscarinic acetylcholine receptors[scr:8943]; R-HSA-418594 G alpha (i) signalling events[scr:677]; hsa04080 Neuroactive ligand-receptor interaction[scr:125]; hsa04725 Cholinergic synapse[scr:42]; hsa04020 Calcium signaling pathway[scr:37]; hsa04810 Regulation of actin cytoskeleton[scr:22],,,DB01103 Quinacrine[scr:9999999]; DB00715 Paroxetine[scr:2592]; DB09167 Dosulepin[scr:1050]; DB09194 Etoperidone[scr:948]; DB01069 Promethazine[scr:924]; DB01403 Methotrimeprazine[scr:884]; DB01085 Pilocarpine[scr:829],,CHEMBL364061 [scr:51.07]
CHRM4 (P08173),,R-HSA-390648 Muscarinic acetylcholine receptors[scr:8943]; R-HSA-418594 G alpha (i) signalling events[scr:677]; hsa04080 Neuroactive ligand-receptor interaction[scr:125]; hsa04725 Cholinergic synapse[scr:42]; hsa04810 Regulation of actin cytoskeleton[scr:22],,,DB01103 Quinacrine[scr:9999999]; DB00715 Paroxetine[scr:2592]; DB09167 Dosulepin[scr:1050]; DB09194 Etoperidone[scr:948]; DB01069 Promethazine[scr:924]; DB01403 Methotrimeprazine[scr:884]; DB01085 Pilocarpine[scr:829],,CHEMBL364061 [scr:51.07]; CHEMBL3402684 [scr:45.39]; CHEMBL1611654 [scr:45.39]; CHEMBL2283212 [scr:45.39]; CHEMBL3699576 [scr:45.39]; CHEMBL3666082 [scr:45.39]; CHEMBL2315306 [scr:45.39]; CHEMBL3975179 [scr:45.39]; CHEMBL3649206 [scr:45.39]; CHEMBL3649189 [scr:45.39]
ADRA2A (P08913),ADRA2A (P08913); ADRA2C (P18825),R-HSA-392023 Adrenaline signalling through Alpha-2 adrenergic receptor[scr:8384]; R-HSA-390696 Adrenoceptors[scr:2795]; R-HSA-418594 G alpha (i) signalling events[scr:677]; hsa04080 Neuroactive ligand-receptor interaction[scr:125],,,DB01103 Quinacrine[scr:9999999]; DB00715 Paroxetine[scr:2592]; DB00433 Prochlorperazine[scr:1866]; DB00502 Haloperidol[scr:1451]; DB01175 Escitalopram[scr:1244]; DB09167 Dosulepin[scr:1050]; DB09194 Etoperidone[scr:948]; DB01069 Promethazine[scr:924]; DB01403 Methotrimeprazine[scr:884],,
CHRM1 (P11229),,R-HSA-390648 Muscarinic acetylcholine receptors[scr:8943]; hsa04080 Neuroactive ligand-receptor interaction[scr:125]; hsa04725 Cholinergic synapse[scr:42]; hsa04020 Calcium signaling pathway[scr:37]; hsa04810 Regulation of actin cytoskeleton[scr:22],,,DB01103 Quinacrine[scr:9999999]; DB00715 Paroxetine[scr:2592]; DB01175 Escitalopram[scr:1244]; DB09167 Dosulepin[scr:1050]; DB09194 Etoperidone[scr:948]; DB01069 Promethazine[scr:924]; DB01403 Methotrimeprazine[scr:884]; DB01085 Pilocarpine[scr:829],,
ADRA2B (P18089),RAB26 (Q9ULW5),R-HSA-392023 Adrenaline signalling through Alpha-2 adrenergic receptor[scr:8384]; R-HSA-390696 Adrenoceptors[scr:2795]; R-HSA-418594 G alpha (i) signalling events[scr:677]; hsa04080 Neuroactive ligand-receptor interaction[scr:125],HP:0001351 Jerk-locked premyoclonus spikes[scr:92],,DB01103 Quinacrine[scr:9999999]; DB00715 Paroxetine[scr:2592]; DB00433 Prochlorperazine[scr:1866]; DB00502 Haloperidol[scr:1451]; DB01175 Escitalopram[scr:1244]; DB09167 Dosulepin[scr:1050]; DB09194 Etoperidone[scr:948]; DB01069 Promethazine[scr:924]; DB01403 Methotrimeprazine[scr:884],,CHEMBL364061 [scr:51.07]
ADRA2C (P18825),ADRA2C (P18825); ADRA2A (P08913); CNPY2 (Q9Y2B0),R-HSA-392023 Adrenaline signalling through Alpha-2 adrenergic receptor[scr:8384]; R-HSA-390696 Adrenoceptors[scr:2795]; R-HSA-418594 G alpha (i) signalling events[scr:677]; hsa04080 Neuroactive ligand-receptor interaction[scr:125],,,DB01103 Quinacrine[scr:9999999]; DB00715 Paroxetine[scr:2592]; DB00433 Prochlorperazine[scr:1866]; DB00502 Haloperidol[scr:1451]; DB01175 Escitalopram[scr:1244]; DB09167 Dosulepin[scr:1050]; DB09194 Etoperidone[scr:948]; DB01069 Promethazine[scr:924]; DB01403 Methotrimeprazine[scr:884],,
CHRM3 (P20309),NALCN (Q8IZF0),R-HSA-390648 Muscarinic acetylcholine receptors[scr:8943]; hsa04080 Neuroactive ligand-receptor interaction[scr:125]; hsa04725 Cholinergic synapse[scr:42]; hsa04020 Calcium signaling pathway[scr:37]; hsa04810 Regulation of actin cytoskeleton[scr:22],HP:0005199 Aplasia of the abdominal wall musculature[scr:184],Orphanet:2970 Prune belly syndrome (EFO)[scr:157]; H02129 Prune belly syndrome (KEGG)[scr:159],DB01103 Quinacrine[scr:9999999]; DB00715 Paroxetine[scr:2592]; DB00502 Haloperidol[scr:1451]; DB09167 Dosulepin[scr:1050]; DB09194 Etoperidone[scr:948]; DB01069 Promethazine[scr:924]; DB01403 Methotrimeprazine[scr:884]; DB01085 Pilocarpine[scr:829],,
HTR2A (P28223),HTR2A (P28223); HTR1A (P08908); CNR1 (P21554),R-HSA-390666 Serotonin receptors[scr:932]; hsa04080 Neuroactive ligand-receptor interaction[scr:125]; hsa04020 Calcium signaling pathway[scr:37]; hsa04750 Inflammatory mediator regulation of TRP channels[scr:25]; hsa04726 Serotonergic synapse[scr:23],,H01649 Schizophrenia (KEGG)[scr:53]; H01646 Major depressive disorder (KEGG)[scr:53],DB01103 Quinacrine[scr:9999999]; DB00715 Paroxetine[scr:2592]; DB00502 Haloperidol[scr:1451]; DB01175 Escitalopram[scr:1244]; DB09167 Dosulepin[scr:1050]; DB09194 Etoperidone[scr:948]; DB01403 Methotrimeprazine[scr:884],,
DRD3 (P35462),,R-HSA-418594 G alpha (i) signalling events[scr:677]; R-HSA-390651 Dopamine receptors[scr:559]; hsa04080 Neuroactive ligand-receptor interaction[scr:125],,H01649 Schizophrenia (KEGG)[scr:53],DB01103 Quinacrine[scr:9999999]; DB00502 Haloperidol[scr:1451]; DB01403 Methotrimeprazine[scr:884],,
PLA2G4A (P47712),,R-HSA-1482798 Acyl chain remodeling of CL[scr:1863]; R-HSA-111995 phospho-PLA2 pathway[scr:1397]; R-HSA-2142753 Arachidonic acid metabolism[scr:699]; hsa00592 alpha-Linolenic acid metabolism[scr:50]; hsa00591 Linoleic acid metabolism[scr:42]; hsa00565 Ether lipid metabolism[scr:26]; hsa04750 Inflammatory mediator regulation of TRP channels[scr:25]; hsa04726 Serotonergic synapse[scr:23]; hsa00590 Arachidonic acid metabolism[scr:19],,,DB01103 Quinacrine[scr:9999999],,
PLCL1 (Q15111),,,,,DB01103 Quinacrine[scr:9999999],,
ZBTB42 (B2RXF5),PLA2G6 (O60733),,,,,,
CNPY2 (Q9Y2B0),ADRA2C (P18825),,,,,,
HTR1A (P08908),HTR2A (P28223),R-HSA-390666 Serotonin receptors[scr:932]; R-HSA-418594 G alpha (i) signalling events[scr:677]; hsa04080 Neuroactive ligand-receptor interaction[scr:125]; hsa04726 Serotonergic synapse[scr:23],,,DB00715 Paroxetine[scr:2592]; DB00502 Haloperidol[scr:1451]; DB01175 Escitalopram[scr:1244]; DB09167 Dosulepin[scr:1050],,CHEMBL3402684 [scr:45.39]; CHEMBL1611654 [scr:45.39]; CHEMBL2283212 [scr:45.39]; CHEMBL3699576 [scr:45.39]; CHEMBL3666082 [scr:45.39]; CHEMBL2315306 [scr:45.39]; CHEMBL3975179 [scr:45.39]; CHEMBL3649206 [scr:45.39]; CHEMBL3649189 [scr:45.39]
RCBTB2 (O95199),PLA2G6 (O60733),,,,,,
CNR1 (P21554),HTR2A (P28223); CNR1 (P21554),R-HSA-418594 G alpha (i) signalling events[scr:677]; R-HSA-373076 Class A/1 (Rhodopsin-like receptors)[scr:588]; hsa04080 Neuroactive ligand-receptor interaction[scr:125],,,,,
TRIM50 (Q86XT4),PLA2G6 (O60733); TRIM50 (Q86XT4),,,,,,
RAB26 (Q9ULW5),ADRA2B (P18089),,,,,,
PTAFR (P25105),PRNP (P04156),R-HSA-373076 Class A/1 (Rhodopsin-like receptors)[scr:588]; hsa04080 Neuroactive ligand-receptor interaction[scr:125]; hsa04020 Calcium signaling pathway[scr:37],,,,,
FHL1 (Q13642),PRNP (P04156),,HP:0008141 Dislocation of toes[scr:184],Orphanet:178461 X-linked myopathy with postural muscle atrophy (EFO)[scr:157]; Orphanet:97239 Reducing body myopathy (EFO)[scr:157]; H00697 X-linked myopathy with postural muscle atrophy (KEGG)[scr:159]; H00657 Reducing body myopathy (KEGG)[scr:159]; H00656 Scapuloperoneal myopathy (KEGG)[scr:53]; H00563 Emery-Dreifuss muscular dystrophy (KEGG)[scr:32],,,
NALCN (Q8IZF0),CHRM3 (P20309),,,Orphanet:371364 Hypotonia-speech impairment-severe cognitive delay syndrome (EFO)[scr:157]; EFO:1001868 congenital contractures of the limbs and face- hypotonia- and developmental delay (EFO)[scr:157]; H01922 Infantile hypotonia with psychomotor retardation and characteristic facies (KEGG)[scr:40],,,
