Core Proteins,Interacting Proteins,Pathways,HPO terms,Diseases,Targeting Drugs,Experimental Bioactive Compounds (pChEMBL),Predicted interacting Compounds
S100B (P04271),S100B (P04271); S100A1 (P23297); S100A2 (P29034); S100Z (Q8WXG8); S100A11 (P31949); S100A4 (P26447); S100P (P25815); S100A9 (P06702); S100A6 (P06703); MDM2 (Q00987),R-HSA-879415 Advanced glycosylation endproduct receptor signaling[scr:1099]; R-HSA-933542 TRAF6 mediated NF-kB activation[scr:595]; R-HSA-445989 TAK1 activates NFkB by phosphorylation and activation of IKKs complex[scr:446],,,DB00768 Olopatadine[scr:9999999]; DB07004 2-[(5-hex-1-yn-1-ylfuran-2-yl)carbonyl]-N-methylhydrazinecarbothioamide[scr:265],,
S100A1 (P23297),S100A1 (P23297); S100A2 (P29034); S100B (P04271); S100Z (Q8WXG8); S100A4 (P26447); S100P (P25815); MDM2 (Q00987); PLEKHF2 (Q9H8W4); BEX3 (Q00994),R-HSA-5686938 Regulation of TLR by endogenous ligand[scr:752],,,DB00768 Olopatadine[scr:9999999],,
HRH2 (P25021),,R-HSA-390650 Histamine receptors[scr:8034]; hsa04080 Neuroactive ligand-receptor interaction[scr:10]; hsa04020 Calcium signaling pathway[scr:8]; hsa04971 Gastric acid secretion[scr:5],,,DB00768 Olopatadine[scr:9999999]; DB00972 Azelastine[scr:1060]; DB05381 Histamine[scr:477],,
S100A2 (P29034),S100A2 (P29034); S100A1 (P23297); S100B (P04271); MDM2 (Q00987),,,,DB00768 Olopatadine[scr:9999999],,
HRH1 (P35367),,R-HSA-390650 Histamine receptors[scr:8034]; hsa04080 Neuroactive ligand-receptor interaction[scr:10]; hsa04020 Calcium signaling pathway[scr:8]; hsa04750 Inflammatory mediator regulation of TRP channels[scr:4],,,DB00768 Olopatadine[scr:9999999]; DB00972 Azelastine[scr:1060]; DB06698 Betahistine[scr:530]; DB05080 OBE101[scr:530]; DB05381 Histamine[scr:477]; DB06282 Levocetirizine[scr:265]; DB05345 SO-101[scr:265]; DB08799 Antazoline[scr:265]; DB00719 Azatadine[scr:265],,CHEMBL3198546 [scr:29]; CHEMBL3984157 [scr:29]; CHEMBL3746305 [scr:29]; CHEMBL1557602 [scr:29]; CHEMBL1557396 [scr:29]; CHEMBL3742264 [scr:29]; CHEMBL1556447 [scr:29]; CHEMBL3961889 [scr:29]; CHEMBL2315519 [scr:29]; CHEMBL1555011 [scr:29]
S100A12 (P80511),,R-HSA-879415 Advanced glycosylation endproduct receptor signaling[scr:1099]; R-HSA-933542 TRAF6 mediated NF-kB activation[scr:595]; R-HSA-445989 TAK1 activates NFkB by phosphorylation and activation of IKKs complex[scr:446],,,DB00768 Olopatadine[scr:9999999],,
S100A13 (Q99584),S100A14 (Q9HCY8); PLEKHF2 (Q9H8W4),,,,DB00768 Olopatadine[scr:9999999],,
HRH3 (Q9Y5N1),,R-HSA-390650 Histamine receptors[scr:8034]; hsa04080 Neuroactive ligand-receptor interaction[scr:10],,,DB00768 Olopatadine[scr:9999999]; DB06698 Betahistine[scr:530]; DB05080 OBE101[scr:530]; DB05381 Histamine[scr:477],,
S100Z (Q8WXG8),S100B (P04271); S100A1 (P23297); BEX3 (Q00994); S100P (P25815),,,,,,
S100A11 (P31949),S100B (P04271),,,,,,
S100A4 (P26447),S100B (P04271); S100A1 (P23297); S100A4 (P26447); MDM2 (Q00987),,,,,,
S100P (P25815),S100B (P04271); S100A1 (P23297); S100Z (Q8WXG8),,,,,,
S100A14 (Q9HCY8),S100A13 (Q99584),,,,,,
S100A9 (P06702),S100B (P04271),R-HSA-5686938 Regulation of TLR by endogenous ligand[scr:752]; R-HSA-6799990 Metal sequestration by antimicrobial proteins[scr:595]; hsa04657 IL-17 signaling pathway[scr:4],,,,,
S100A6 (P06703),S100B (P04271); MDM2 (Q00987),,,,,,
MDM2 (Q00987),S100B (P04271); S100A1 (P23297); S100A2 (P29034); MDM2 (Q00987); S100A4 (P26447); S100A6 (P06703),R-HSA-69541 Stabilization of p53[scr:325]; R-HSA-198323 AKT phosphorylates targets in the cytosol[scr:255]; R-HSA-399719 Trafficking of AMPA receptors[scr:210]; hsa04115 p53 signaling pathway[scr:5]; hsa04625 C-type lectin receptor signaling pathway[scr:3]; hsa04919 Thyroid hormone signaling pathway[scr:3]; hsa04110 Cell cycle[scr:3],HP:0002669 Osteosarcoma[scr:21]; HP:0002448 Progressive encephalopathy[scr:20]; HP:0100641 Neoplasm of the adrenal cortex[scr:9]; HP:0100631 Neoplasm of the adrenal gland[scr:6]; HP:0030895 Abnormal gastrointestinal motility[scr:4]; HP:0100273 Neoplasm of the colon[scr:4]; HP:0002579 Gastrointestinal dysmotility[scr:4]; HP:0003002 Breast carcinoma[scr:4]; HP:0002861 Melanoma[scr:4]; HP:0010622 Neoplasm of the skeletal system[scr:3],H00037 Rhabdomyosarcoma (KEGG)[scr:68]; H01513 Retinoblastoma (KEGG)[scr:34]; H00036 Osteosarcoma (KEGG)[scr:29]; H00028 Choriocarcinoma (KEGG)[scr:23]; H00042 Glioma (KEGG)[scr:19]; H00025 Penile cancer (KEGG)[scr:19]; H01667 Medulloblastoma (KEGG)[scr:13],,,
PLEKHF2 (Q9H8W4),S100A1 (P23297); S100A13 (Q99584),,,,,,
BEX3 (Q00994),S100A1 (P23297); BEX3 (Q00994); S100Z (Q8WXG8),R-HSA-205025 NADE modulates death signalling[scr:595]; hsa04722 Neurotrophin signaling pathway[scr:3],,,,,
