Core Proteins,Interacting Proteins,Pathways,HPO terms,Diseases,Targeting Drugs,Experimental Bioactive Compounds (pChEMBL),Predicted interacting Compounds
ESR1 (P03372),ESR1 (P03372); ESR2 (Q92731); TXNRD1 (Q16881); CCN2 (P29279); PHB2 (Q99623); LMTK3 (Q96Q04); KDM6B (O15054); SP3 (Q02447); CACUL1 (Q86Y37); SENP5 (Q96HI0); AKAP13 (Q12802),R-HSA-8939211 ESR-mediated signaling[scr:1669]; R-HSA-8931987 RUNX1 regulates estrogen receptor mediated transcription[scr:765]; R-HSA-8939256 RUNX1 regulates transcription of genes involved in WNT signaling[scr:765]; hsa04917 Prolactin signaling pathway[scr:28]; hsa04915 Estrogen signaling pathway[scr:13]; hsa04961 Endocrine and other factor-regulated calcium reabsorption[scr:9]; hsa04919 Thyroid hormone signaling pathway[scr:4],HP:0003799 Marked delay in bone age[scr:151]; HP:0002083 Migraine without aura[scr:76]; HP:0002077 Migraine with aura[scr:43]; HP:0010679 Elevated tissue non-specific alkaline phosphatase[scr:27]; HP:0000837 Increased circulating gonadotropin level[scr:23]; HP:0002183 Phonophobia[scr:20]; HP:0030338 Abnormal circulating gonadotropin level[scr:19],H02061 Estrogen resistance syndrome (KEGG)[scr:262]; H00031 Breast cancer (KEGG)[scr:17],DB04574 Estrone sulfate[scr:9999999]; DB00286 Conjugated estrogens[scr:1363]; DB05882 CHF 4227[scr:681]; DB09535 Octocrylene[scr:681]; DB08020 (3AS-4R-9BR)-4-(4-HYDROXYPHENYL)-6-(METHOXYMETHYL)-1-2-3-3A-4-9B-HEXAHYDROCYCLOPENTA[C]CHROMEN-8-OL[scr:681]; DB01878 Benzophenone[scr:681]; DB06249 Arzoxifene[scr:681]; DB07933 Erteberel[scr:681]; DB05966 TAS-108[scr:681]; DB06401 Bazedoxifene[scr:681],,CHEMBL3235996 [scr:37.29]; CHEMBL1939585 [scr:37.29]; CHEMBL3986813 [scr:37.29]; CHEMBL1570622 [scr:37.29]; CHEMBL3909352 [scr:37.29]; CHEMBL3898009 [scr:37.29]; CHEMBL3112731 [scr:37.29]; CHEMBL1668521 [scr:37.29]; CHEMBL3794075 [scr:37.29]; CHEMBL3660322 [scr:37.29]
ABCC1 (P33527),,R-HSA-189483 Heme degradation[scr:3061]; hsa04977 Vitamin digestion and absorption[scr:21]; hsa02010 ABC transporters[scr:11],,,DB04574 Estrone sulfate[scr:9999999],,
ESR2 (Q92731),ESR2 (Q92731); ESR1 (P03372); TXNRD1 (Q16881); CCN2 (P29279); CCDC62 (Q6P9F0),R-HSA-8939211 ESR-mediated signaling[scr:1669]; hsa04917 Prolactin signaling pathway[scr:28]; hsa04915 Estrogen signaling pathway[scr:13]; hsa04929 GnRH secretion[scr:8],HP:0000837 Increased circulating gonadotropin level[scr:23]; HP:0030338 Abnormal circulating gonadotropin level[scr:19],MONDO:0001967 gonadal dysgenesis (EFO)[scr:0],DB04574 Estrone sulfate[scr:9999999]; DB00286 Conjugated estrogens[scr:1363]; DB05882 CHF 4227[scr:681]; DB09535 Octocrylene[scr:681]; DB08020 (3AS-4R-9BR)-4-(4-HYDROXYPHENYL)-6-(METHOXYMETHYL)-1-2-3-3A-4-9B-HEXAHYDROCYCLOPENTA[C]CHROMEN-8-OL[scr:681]; DB01878 Benzophenone[scr:681]; DB06249 Arzoxifene[scr:681]; DB07933 Erteberel[scr:681]; DB05966 TAS-108[scr:681]; DB06401 Bazedoxifene[scr:681],,
SLCO1B1 (Q9Y6L6),,R-HSA-189483 Heme degradation[scr:3061]; R-HSA-5619110 Defective SLCO1B1 causes hyperbilirubinemia- Rotor type (HBLRR)[scr:2296]; hsa04976 Bile secretion[scr:7],,Orphanet:3111 Rotor syndrome (EFO)[scr:129]; H02057 Rotor syndrome (KEGG)[scr:131]; H00208 Hyperbilirubinemia (KEGG)[scr:65],DB04574 Estrone sulfate[scr:9999999],,
TXNRD1 (Q16881),ESR1 (P03372); ESR2 (Q92731),R-HSA-5263617 Metabolism of ingested MeSeO2H into MeSeH[scr:4591]; R-HSA-2408550 Metabolism of ingested H2SeO4 and H2SeO3 into H2Se[scr:1148]; R-HSA-5336415 Uptake and function of diphtheria toxin[scr:765]; hsa00450 Selenocompound metabolism[scr:29],,,,,
CCN2 (P29279),ESR1 (P03372); ESR2 (Q92731),R-HSA-8951671 RUNX3 regulates YAP1-mediated transcription[scr:574],HP:0100520 Oliguria[scr:50]; HP:0100958 Narrow foramen obturatorium[scr:50]; HP:0030142 Abnormal bowel sounds[scr:34],,,,
PHB2 (Q99623),ESR1 (P03372),,,,,,
CCDC62 (Q6P9F0),ESR2 (Q92731),,,,,,
LMTK3 (Q96Q04),ESR1 (P03372),,,,,,
KDM6B (O15054),ESR1 (P03372),,,,,,
SP3 (Q02447),ESR1 (P03372),,,,,,
CACUL1 (Q86Y37),ESR1 (P03372),,,,,,
SENP5 (Q96HI0),ESR1 (P03372),R-HSA-3065679 SUMO is proteolytically processed[scr:765],,,,,
AKAP13 (Q12802),ESR1 (P03372),hsa04928 Parathyroid hormone synthesis- secretion and action[scr:5],,,,,
