Core Proteins,Interacting Proteins,Pathways,HPO terms,Diseases,Targeting Drugs,Experimental Bioactive Compounds (pChEMBL),Predicted interacting Compounds
ADRB2 (P07550),ADRB2 (P07550); ADORA1 (P30542); MAGI3 (Q5TCQ9); CNR1 (P21554); MGLL (Q99685); MBP (P02686); SLC9A3R1 (O14745); ARRDC3 (Q96B67),R-HSA-390696 Adrenoceptors[scr:2197]; R-HSA-418555 G alpha (s) signalling events[scr:134]; hsa04923 Regulation of lipolysis in adipocytes[scr:150]; hsa04924 Renin secretion[scr:62]; hsa04080 Neuroactive ligand-receptor interaction[scr:38]; hsa04022 cGMP-PKG signaling pathway[scr:27]; hsa04970 Salivary secretion[scr:22]; hsa04024 cAMP signaling pathway[scr:21]; hsa04261 Adrenergic signaling in cardiomyocytes[scr:13]; hsa04020 Calcium signaling pathway[scr:11],HP:0031819 Increased waist to hip ratio[scr:30]; HP:0012338 Abnormal energy expenditure[scr:27]; HP:0012340 Decreased resting energy expenditure[scr:27]; HP:0010982 Polygenic inheritance[scr:11]; HP:0031818 Abnormal waist to hip ratio[scr:9],H00079 Asthma (KEGG)[scr:28]; H02106 Genetic obesity (KEGG)[scr:12],DB01203 Nadolol[scr:9999999]; DB04861 Nebivolol[scr:734]; DB01214 Metipranolol[scr:734]; DB00335 Atenolol[scr:734]; DB01291 Pirbuterol[scr:734]; DB09013 Befunolol[scr:734]; DB00264 Metoprolol[scr:734]; DB00612 Bisoprolol[scr:734]; DB00521 Carteolol[scr:734]; DB00221 Isoetharine[scr:734],,CHEMBL2235517 [scr:120.46]; CHEMBL1567522 [scr:120.46]; CHEMBL1784226 [scr:90.35]; CHEMBL1526345 [scr:90.35]; CHEMBL3904266 [scr:90.35]; CHEMBL1980677 [scr:90.35]; CHEMBL1579926 [scr:90.35]; CHEMBL1511963 [scr:90.35]; CHEMBL3212531 [scr:90.35]; CHEMBL3198465 [scr:90.35]
ADRB1 (P08588),ADORA1 (P30542); MAGI3 (Q5TCQ9); MAGI2 (Q86UL8); DRD4 (P21917),R-HSA-390696 Adrenoceptors[scr:2197]; R-HSA-418555 G alpha (s) signalling events[scr:134]; hsa04923 Regulation of lipolysis in adipocytes[scr:150]; hsa04924 Renin secretion[scr:62]; hsa04080 Neuroactive ligand-receptor interaction[scr:38]; hsa04022 cGMP-PKG signaling pathway[scr:27]; hsa04970 Salivary secretion[scr:22]; hsa04024 cAMP signaling pathway[scr:21]; hsa04261 Adrenergic signaling in cardiomyocytes[scr:13]; hsa04020 Calcium signaling pathway[scr:11],,,DB01203 Nadolol[scr:9999999]; DB04861 Nebivolol[scr:734]; DB01214 Metipranolol[scr:734]; DB00335 Atenolol[scr:734]; DB01291 Pirbuterol[scr:734]; DB09013 Befunolol[scr:734]; DB00264 Metoprolol[scr:734]; DB00612 Bisoprolol[scr:734]; DB00521 Carteolol[scr:734]; DB00221 Isoetharine[scr:734],,CHEMBL2235517 [scr:120.46]; CHEMBL1567522 [scr:120.46]; CHEMBL1784226 [scr:90.35]; CHEMBL1526345 [scr:90.35]; CHEMBL3904266 [scr:90.35]; CHEMBL1980677 [scr:90.35]; CHEMBL1579926 [scr:90.35]; CHEMBL1511963 [scr:90.35]; CHEMBL3212531 [scr:90.35]; CHEMBL3198465 [scr:90.35]
RECQL (P46063),KPNA4 (O00629),,,,DB01203 Nadolol[scr:9999999],,
ADORA1 (P30542),ADRB2 (P07550); ADRB1 (P08588),R-HSA-417973 Adenosine P1 receptors[scr:1236]; R-HSA-418594 G alpha (i) signalling events[scr:169]; hsa04923 Regulation of lipolysis in adipocytes[scr:150]; hsa04924 Renin secretion[scr:62]; hsa04080 Neuroactive ligand-receptor interaction[scr:38]; hsa04022 cGMP-PKG signaling pathway[scr:27]; hsa04024 cAMP signaling pathway[scr:21],,,,,
MAGI3 (Q5TCQ9),ADRB2 (P07550); ADRB1 (P08588),hsa04015 Rap1 signaling pathway[scr:22],,,,,
CNR1 (P21554),ADRB2 (P07550); CNR1 (P21554),R-HSA-373076 Class A/1 (Rhodopsin-like receptors)[scr:260]; R-HSA-418594 G alpha (i) signalling events[scr:169]; hsa04080 Neuroactive ligand-receptor interaction[scr:38]; hsa04015 Rap1 signaling pathway[scr:22]; hsa04723 Retrograde endocannabinoid signaling[scr:14],,EFO:0001073 obesity (EFO)[scr:28]; Orphanet:71529 Obesity due to melanocortin 4 receptor deficiency (EFO)[scr:28]; Orphanet:77828 Genetic obesity (EFO)[scr:28],,,
MGLL (Q99685),ADRB2 (P07550),R-HSA-426048 Arachidonate production from DAG[scr:989]; R-HSA-1482883 Acyl chain remodeling of DAG and TAG[scr:618]; R-HSA-163560 Triglyceride catabolism[scr:206]; hsa04923 Regulation of lipolysis in adipocytes[scr:150]; hsa04723 Retrograde endocannabinoid signaling[scr:14],,,,,
MAGI2 (Q86UL8),ADRB1 (P08588),R-HSA-373753 Nephrin family interactions[scr:215]; hsa04015 Rap1 signaling pathway[scr:22],HP:0012579 Minimal change glomerulonephritis[scr:65]; HP:0000099 Glomerulonephritis[scr:12],Orphanet:656 Familial idiopathic steroid-resistant nephrotic syndrome (EFO)[scr:14]; H01657 Nephrotic syndrome (KEGG)[scr:18],,,
DRD4 (P21917),ADRB1 (P08588); DRD4 (P21917),R-HSA-390651 Dopamine receptors[scr:989]; R-HSA-418594 G alpha (i) signalling events[scr:169]; hsa04080 Neuroactive ligand-receptor interaction[scr:38],,H01671 Neurosis (KEGG)[scr:282]; H01895 Attention deficit hyperactivity disorder (ADHD) (KEGG)[scr:94]; H01450 Obsessive-compulsive disorder (KEGG)[scr:40],,,CHEMBL2235517 [scr:120.46]; CHEMBL1567522 [scr:120.46]; CHEMBL1784226 [scr:90.35]; CHEMBL1526345 [scr:90.35]; CHEMBL3904266 [scr:90.35]; CHEMBL1980677 [scr:90.35]; CHEMBL1579926 [scr:90.35]; CHEMBL1511963 [scr:90.35]; CHEMBL3212531 [scr:90.35]; CHEMBL3198465 [scr:90.35]
MBP (P02686),ADRB2 (P07550),,,,,,
SLC9A3R1 (O14745),ADRB2 (P07550),,HP:0000117 Renal phosphate wasting[scr:36]; HP:0003109 Hyperphosphaturia[scr:10]; HP:0012599 Abnormal urine phosphate concentration[scr:9],Orphanet:244305 Dominant hypophosphatemia with nephrolithiasis or osteoporosis (EFO)[scr:139]; H00888 Nephrolithiasis/osteoporosis- hypophosphatemic (KEGG)[scr:141],,,
KPNA4 (O00629),RECQL (P46063),,,,,,
ARRDC3 (Q96B67),ADRB2 (P07550),,,,,,
