Core Proteins,Interacting Proteins,Pathways,HPO terms,Diseases,Targeting Drugs,Experimental Bioactive Compounds (pChEMBL),Predicted interacting Compounds
TYMS (P04818),,R-HSA-499943 Interconversion of nucleotide di- and triphosphates[scr:268]; R-HSA-69205 G1/S-Specific Transcription[scr:0]; hsa00670 One carbon pool by folate[scr:45]; hsa00240 Pyrimidine metabolism[scr:15]; hsa01100 Metabolic pathways[scr:1],,,DB03541 10-Propargyl-5-8-Dideazafolic Acid[scr:9999999]; DB09256 Tegafur[scr:596]; DB08478 N-[2-Chloro-5-(trifluoromethyl)phenyl]imidodicarbonimidic diamide[scr:596]; DB07577 2-4-Diamino-5-phenyl-6-ethylpyrimidine[scr:596]; DB05457 OSI-7904L[scr:596],,
DHRS4L1 (P0CG22),,,,,DB03541 10-Propargyl-5-8-Dideazafolic Acid[scr:9999999]; DB07765 METHYL 1-(4-{[(2-4-DIAMINOPTERIDIN-6-YL)METHYL](METHYL)AMINO}BENZOYL)PIPERIDINE-4-CARBOXYLATE[scr:596]; DB07689 METHYL 1-(4-{[(2-4-DIAMINOPTERIDIN-6-YL)METHYL]AMINO}BENZOYL)PIPERIDINE-4-CARBOXYLATE[scr:596],,
NQO2 (P16083),DDIT4L (Q96D03); HSCB (Q8IWL3); EFHC1 (Q5JVL4); SPG21 (Q9NZD8); GORASP2 (Q9H8Y8),R-HSA-211945 Phase I - Functionalization of compounds[scr:383],,,DB03541 10-Propargyl-5-8-Dideazafolic Acid[scr:9999999]; DB08228 5-8-dimethoxy-1-4-dimethylquinolin-2(1H)-one[scr:596]; DB08190 N-[2-(2-iodo-5-methoxy-1H-indol-3-yl)ethyl]acetamide[scr:596]; DB07339 (3S)-3-hydroxy-1-methyl-2-3-dihydro-1H-indole-5-6-dione[scr:596],,
DDIT4L (Q96D03),NQO2 (P16083),,,,,,
HSCB (Q8IWL3),NQO2 (P16083); HSCB (Q8IWL3),R-HSA-1362409 Mitochondrial iron-sulfur cluster biogenesis[scr:670]; R-HSA-1268020 Mitochondrial protein import[scr:124],,,,,
EFHC1 (Q5JVL4),NQO2 (P16083),,HP:0012001 EEG with generalized polyspikes[scr:529]; HP:0007193 Generalized tonic-clonic seizures on awakening[scr:176]; HP:0010849 EEG with spike-wave complexes (>3.5 Hz)[scr:106]; HP:0007000 Morning myoclonic jerks[scr:48]; HP:0007207 Photosensitive tonic-clonic seizure[scr:41]; HP:0002392 EEG with polyspike wave complexes[scr:24],Orphanet:1941 Juvenile absence epilepsy (EFO)[scr:450]; Orphanet:307 Juvenile myoclonic epilepsy (EFO)[scr:75]; H02216 Juvenile absence epilepsy (KEGG)[scr:229]; H02217 Juvenile myoclonic epilepsy (KEGG)[scr:76],,,
SPG21 (Q9NZD8),NQO2 (P16083),hsa04144 Endocytosis[scr:3],HP:0012672 Akinetic mutism[scr:264]; HP:0006892 Frontotemporal cerebral atrophy[scr:41]; HP:0012075 Personality disorder[scr:38]; HP:0002476 Primitive reflex[scr:29],Orphanet:101001 Autosomal recessive spastic paraplegia type 21 (EFO)[scr:450]; H00266 Hereditary spastic paraplegia (KEGG)[scr:8],,,
GORASP2 (Q9H8Y8),NQO2 (P16083),R-HSA-162658 Golgi Cisternae Pericentriolar Stack Reorganization[scr:574],,,,,
