{"options":{"search_start":1613060650,"tax_ids":[9606],"num_of_fn_nodes":10,"num_of_pathways":10,"num_of_phenotypes":10,"num_of_drugs":10,"num_of_diseases":10,"num_of_compounds":10,"chembl_compounds":0,"predictions":1,"reviewed_filter":1,"fn":1,"chembl":1,"search_finish":1613060657,"search_runtime":7},"search":[{"Drug":[{"DB04334":"6-hydroxydopa quinone"}]}],"nodes":[{"data":{"id":"Q16853","display_name":"AOC3","Node_Type":"Protein"}},{"data":{"id":"Q6PI48","display_name":"DARS2","Node_Type":"Protein_N"}},{"data":{"id":"Q16623","display_name":"STX1A","Node_Type":"Protein_N"}},{"data":{"id":"Q96BA8","display_name":"CREB3L1","Node_Type":"Protein_N"}},{"data":{"id":"O43765","display_name":"SGTA","Node_Type":"Protein_N"}},{"data":{"id":"Q3SXY8","display_name":"ARL13B","Node_Type":"Protein_N"}},{"data":{"id":"O95484","display_name":"CLDN9","Node_Type":"Protein_N"}},{"data":{"id":"Q7Z7G2","display_name":"CPLX4","Node_Type":"Protein_N"}},{"data":{"id":"Q8TBE3","display_name":"FNDC9","Node_Type":"Protein_N"}},{"data":{"id":"Q7Z5P4","display_name":"HSD17B13","Node_Type":"Protein_N"}},{"data":{"id":"Orphanet:137898","display_name":"Leukoencephalopathy with brain stem and spinal cord involvement - high lactate","Node_Type":"Disease","enrichScore":360.1}},{"data":{"id":"Orphanet:666","display_name":"Osteogenesis imperfecta","Node_Type":"Disease","enrichScore":22.506}},{"data":{"id":"Orphanet:475","display_name":"Joubert syndrome","Node_Type":"Disease","enrichScore":18.953}},{"data":{"id":"DB04334","display_name":"6-hydroxydopa quinone","Node_Type":"Drug","enrichScore":9999999}},{"data":{"id":"DB01275","display_name":"Hydralazine","Node_Type":"Drug","enrichScore":238.45}},{"data":{"id":"DB00780","display_name":"Phenelzine","Node_Type":"Drug","enrichScore":79.483}},{"data":{"id":"DB00128","display_name":"Aspartic acid","Node_Type":"Drug","enrichScore":23.845}},{"data":{"id":"R-HSA-5624958","display_name":"ARL13B-mediated ciliary trafficking of INPP5E","Node_Type":"Pathway","enrichScore":2142.5}},{"data":{"id":"R-HSA-5250971","display_name":"Toxicity of botulinum toxin type C (BoNT\/C)","Node_Type":"Pathway","enrichScore":2142.5}},{"data":{"id":"R-HSA-8964572","display_name":"Lipid particle organization","Node_Type":"Pathway","enrichScore":1071.25}},{"data":{"id":"R-HSA-8874211","display_name":"CREB3 factors activate genes","Node_Type":"Pathway","enrichScore":714.167}},{"data":{"id":"R-HSA-888590","display_name":"GABA synthesis, release, reuptake and degradation","Node_Type":"Pathway","enrichScore":494.423}},{"data":{"id":"R-HSA-5682910","display_name":"LGI-ADAM interactions","Node_Type":"Pathway","enrichScore":459.107}},{"data":{"id":"R-HSA-264642","display_name":"Acetylcholine Neurotransmitter Release Cycle","Node_Type":"Pathway","enrichScore":378.088}},{"data":{"id":"R-HSA-181430","display_name":"Norepinephrine Neurotransmitter Release Cycle","Node_Type":"Pathway","enrichScore":357.083}},{"data":{"id":"R-HSA-181429","display_name":"Serotonin Neurotransmitter Release Cycle","Node_Type":"Pathway","enrichScore":357.083}},{"data":{"id":"R-HSA-379726","display_name":"Mitochondrial tRNA aminoacylation","Node_Type":"Pathway","enrichScore":306.071}},{"data":{"id":"HP:0000923","display_name":"Beaded ribs","Node_Type":"HPO","enrichScore":70.517}},{"data":{"id":"HP:0002613","display_name":"Biliary cirrhosis","Node_Type":"HPO","enrichScore":23.506}},{"data":{"id":"HP:0002953","display_name":"Vertebral compression fractures","Node_Type":"HPO","enrichScore":16.924}},{"data":{"id":"HP:0002085","display_name":"Occipital encephalocele","Node_Type":"HPO","enrichScore":15.67}},{"data":{"id":"HP:0003027","display_name":"Mesomelia","Node_Type":"HPO","enrichScore":14.103}},{"data":{"id":"HP:0002876","display_name":"Episodic tachypnea","Node_Type":"HPO","enrichScore":13.648}},{"data":{"id":"HP:0002419","display_name":"Molar tooth sign on MRI","Node_Type":"HPO","enrichScore":12.444}},{"data":{"id":"HP:0012092","display_name":"Abnormality of exocrine pancreas physiology","Node_Type":"HPO","enrichScore":9.198}},{"data":{"id":"HP:0001738","display_name":"Exocrine pancreatic insufficiency","Node_Type":"HPO","enrichScore":9.198}},{"data":{"id":"HP:0002418","display_name":"Abnormality of midbrain morphology","Node_Type":"HPO","enrichScore":7.983}},{"data":{"id":"hsa00360","display_name":"Phenylalanine metabolism","Node_Type":"kegg_Pathway","enrichScore":42.738}},{"data":{"id":"hsa04721","display_name":"Synaptic vesicle cycle","Node_Type":"kegg_Pathway","enrichScore":35.067}},{"data":{"id":"hsa04911","display_name":"Insulin secretion","Node_Type":"kegg_Pathway","enrichScore":31.439}},{"data":{"id":"hsa00410","display_name":"beta-Alanine metabolism","Node_Type":"kegg_Pathway","enrichScore":22.793}},{"data":{"id":"hsa04130","display_name":"SNARE interactions in vesicular transport","Node_Type":"kegg_Pathway","enrichScore":20.721}},{"data":{"id":"hsa00350","display_name":"Tyrosine metabolism","Node_Type":"kegg_Pathway","enrichScore":19.537}},{"data":{"id":"hsa00260","display_name":"Glycine, serine and threonine metabolism","Node_Type":"kegg_Pathway","enrichScore":16.281}},{"data":{"id":"hsa00970","display_name":"Aminoacyl-tRNA biosynthesis","Node_Type":"kegg_Pathway","enrichScore":15.541}},{"data":{"id":"hsa04962","display_name":"Vasopressin-regulated water reabsorption","Node_Type":"kegg_Pathway","enrichScore":15.196}},{"data":{"id":"hsa04927","display_name":"Cortisol synthesis and secretion","Node_Type":"kegg_Pathway","enrichScore":10.361}},{"data":{"id":"H00871","display_name":"Leukoencephalopathy with brain stem and spinal cord involvement and lactate elevation","Node_Type":"kegg_Disease","enrichScore":366.7}},{"data":{"id":"H00506","display_name":"Osteogenesis imperfecta","Node_Type":"kegg_Disease","enrichScore":24.447}},{"data":{"id":"H01439","display_name":"Williams-Beuren syndrome","Node_Type":"kegg_Disease","enrichScore":13.096}},{"data":{"id":"H00530","display_name":"Joubert syndrome","Node_Type":"kegg_Disease","enrichScore":11.112}}],"edges":[{"data":{"source":"Q6PI48","target":"Q16853","Edge_Type":"PPI","label":"interacts w\/"}},{"data":{"source":"Q16623","target":"Q16853","Edge_Type":"PPI","label":"interacts w\/"}},{"data":{"source":"Q16623","target":"Q16623","Edge_Type":"PPI","label":"interacts w\/"}},{"data":{"source":"Q96BA8","target":"Q16853","Edge_Type":"PPI","label":"interacts w\/"}},{"data":{"source":"O43765","target":"Q16853","Edge_Type":"PPI","label":"interacts w\/"}},{"data":{"source":"O43765","target":"O43765","Edge_Type":"PPI","label":"interacts w\/"}},{"data":{"source":"Q3SXY8","target":"Q16853","Edge_Type":"PPI","label":"interacts w\/"}},{"data":{"source":"Q3SXY8","target":"Q16623","Edge_Type":"PPI","label":"interacts w\/"}},{"data":{"source":"O95484","target":"Q16853","Edge_Type":"PPI","label":"interacts w\/"}},{"data":{"source":"Q7Z7G2","target":"Q16853","Edge_Type":"PPI","label":"interacts w\/"}},{"data":{"source":"Q8TBE3","target":"Q16853","Edge_Type":"PPI","label":"interacts w\/"}},{"data":{"source":"Q7Z5P4","target":"Q16853","Edge_Type":"PPI","label":"interacts w\/"}},{"data":{"source":"HP:0000923","target":"Orphanet:666","Edge_Type":"hpodis","label":"is associated w\/"}},{"data":{"source":"HP:0000923","target":"Orphanet:666","Edge_Type":"hpodis","label":"is associated w\/"}},{"data":{"source":"HP:0000923","target":"Orphanet:666","Edge_Type":"hpodis","label":"is associated w\/"}},{"data":{"source":"HP:0002953","target":"Orphanet:666","Edge_Type":"hpodis","label":"is associated w\/"}},{"data":{"source":"HP:0002953","target":"Orphanet:666","Edge_Type":"hpodis","label":"is associated w\/"}},{"data":{"source":"HP:0002953","target":"Orphanet:666","Edge_Type":"hpodis","label":"is associated w\/"}},{"data":{"source":"HP:0002953","target":"Orphanet:666","Edge_Type":"hpodis","label":"is associated w\/"}},{"data":{"source":"HP:0002953","target":"Orphanet:666","Edge_Type":"hpodis","label":"is associated w\/"}},{"data":{"source":"HP:0002953","target":"Orphanet:666","Edge_Type":"hpodis","label":"is associated w\/"}},{"data":{"source":"HP:0002953","target":"Orphanet:666","Edge_Type":"hpodis","label":"is associated w\/"}},{"data":{"source":"HP:0002953","target":"Orphanet:666","Edge_Type":"hpodis","label":"is associated w\/"}},{"data":{"source":"HP:0002085","target":"Orphanet:475","Edge_Type":"hpodis","label":"is associated w\/"}},{"data":{"source":"HP:0002085","target":"Orphanet:475","Edge_Type":"hpodis","label":"is associated w\/"}},{"data":{"source":"HP:0002085","target":"Orphanet:475","Edge_Type":"hpodis","label":"is associated w\/"}},{"data":{"source":"HP:0003027","target":"Orphanet:666","Edge_Type":"hpodis","label":"is associated w\/"}},{"data":{"source":"HP:0002876","target":"Orphanet:475","Edge_Type":"hpodis","label":"is associated w\/"}},{"data":{"source":"HP:0002876","target":"Orphanet:475","Edge_Type":"hpodis","label":"is associated w\/"}},{"data":{"source":"HP:0002419","target":"Orphanet:475","Edge_Type":"hpodis","label":"is associated w\/"}},{"data":{"source":"HP:0002419","target":"Orphanet:475","Edge_Type":"hpodis","label":"is associated w\/"}},{"data":{"source":"HP:0002419","target":"Orphanet:475","Edge_Type":"hpodis","label":"is associated w\/"}},{"data":{"source":"HP:0002419","target":"Orphanet:475","Edge_Type":"hpodis","label":"is associated w\/"}},{"data":{"source":"HP:0002419","target":"Orphanet:475","Edge_Type":"hpodis","label":"is associated w\/"}},{"data":{"source":"HP:0002419","target":"Orphanet:475","Edge_Type":"hpodis","label":"is associated w\/"}},{"data":{"source":"HP:0002419","target":"Orphanet:475","Edge_Type":"hpodis","label":"is associated w\/"}},{"data":{"source":"HP:0002419","target":"Orphanet:475","Edge_Type":"hpodis","label":"is associated w\/"}},{"data":{"source":"HP:0002419","target":"Orphanet:475","Edge_Type":"hpodis","label":"is associated w\/"}},{"data":{"source":"HP:0002419","target":"Orphanet:475","Edge_Type":"hpodis","label":"is associated w\/"}},{"data":{"source":"HP:0002419","target":"Orphanet:475","Edge_Type":"hpodis","label":"is associated w\/"}},{"data":{"source":"HP:0002419","target":"Orphanet:475","Edge_Type":"hpodis","label":"is associated w\/"}},{"data":{"source":"HP:0002419","target":"Orphanet:475","Edge_Type":"hpodis","label":"is associated w\/"}},{"data":{"source":"HP:0002419","target":"Orphanet:475","Edge_Type":"hpodis","label":"is associated w\/"}},{"data":{"source":"HP:0002418","target":"Orphanet:475","Edge_Type":"hpodis","label":"is associated w\/"}},{"data":{"source":"HP:0002418","target":"Orphanet:475","Edge_Type":"hpodis","label":"is associated w\/"}},{"data":{"source":"HP:0002418","target":"Orphanet:475","Edge_Type":"hpodis","label":"is associated w\/"}},{"data":{"source":"HP:0002418","target":"Orphanet:475","Edge_Type":"hpodis","label":"is associated w\/"}},{"data":{"source":"HP:0002418","target":"Orphanet:475","Edge_Type":"hpodis","label":"is associated w\/"}},{"data":{"source":"HP:0002418","target":"Orphanet:475","Edge_Type":"hpodis","label":"is associated w\/"}},{"data":{"source":"HP:0002418","target":"Orphanet:475","Edge_Type":"hpodis","label":"is associated w\/"}},{"data":{"source":"HP:0002418","target":"Orphanet:475","Edge_Type":"hpodis","label":"is associated w\/"}},{"data":{"source":"HP:0002418","target":"Orphanet:475","Edge_Type":"hpodis","label":"is associated w\/"}},{"data":{"source":"HP:0002418","target":"Orphanet:475","Edge_Type":"hpodis","label":"is associated w\/"}},{"data":{"source":"HP:0002418","target":"Orphanet:475","Edge_Type":"hpodis","label":"is associated w\/"}},{"data":{"source":"HP:0002418","target":"Orphanet:475","Edge_Type":"hpodis","label":"is associated w\/"}},{"data":{"source":"HP:0002418","target":"Orphanet:475","Edge_Type":"hpodis","label":"is associated w\/"}},{"data":{"source":"HP:0002418","target":"Orphanet:475","Edge_Type":"hpodis","label":"is associated w\/"}},{"data":{"source":"Q6PI48","target":"Orphanet:137898","Edge_Type":"Disease","label":"is related to"}},{"data":{"source":"Q96BA8","target":"Orphanet:666","Edge_Type":"Disease","label":"is related to"}},{"data":{"source":"Q3SXY8","target":"Orphanet:475","Edge_Type":"Disease","label":"is related to"}},{"data":{"source":"Q16853","target":"DB04334","Edge_Type":"Drug","label":"targets"}},{"data":{"source":"Q16853","target":"DB01275","Edge_Type":"Drug","label":"targets"}},{"data":{"source":"Q16853","target":"DB00780","Edge_Type":"Drug","label":"targets"}},{"data":{"source":"Q6PI48","target":"DB00128","Edge_Type":"Drug","label":"targets"}},{"data":{"source":"Q3SXY8","target":"R-HSA-5624958","Edge_Type":"Pathway","label":"is involved in"}},{"data":{"source":"Q16623","target":"R-HSA-5250971","Edge_Type":"Pathway","label":"is involved in"}},{"data":{"source":"Q7Z5P4","target":"R-HSA-8964572","Edge_Type":"Pathway","label":"is involved in"}},{"data":{"source":"Q96BA8","target":"R-HSA-8874211","Edge_Type":"Pathway","label":"is involved in"}},{"data":{"source":"Q16623","target":"R-HSA-888590","Edge_Type":"Pathway","label":"is involved in"}},{"data":{"source":"Q16623","target":"R-HSA-5682910","Edge_Type":"Pathway","label":"is involved in"}},{"data":{"source":"Q16623","target":"R-HSA-264642","Edge_Type":"Pathway","label":"is involved in"}},{"data":{"source":"Q16623","target":"R-HSA-181430","Edge_Type":"Pathway","label":"is involved in"}},{"data":{"source":"Q16623","target":"R-HSA-181429","Edge_Type":"Pathway","label":"is involved in"}},{"data":{"source":"Q6PI48","target":"R-HSA-379726","Edge_Type":"Pathway","label":"is involved in"}},{"data":{"source":"Q96BA8","target":"HP:0000923","Edge_Type":"HPO","label":"is associated w\/"}},{"data":{"source":"Q16623","target":"HP:0002613","Edge_Type":"HPO","label":"is associated w\/"}},{"data":{"source":"Q96BA8","target":"HP:0002953","Edge_Type":"HPO","label":"is associated w\/"}},{"data":{"source":"Q3SXY8","target":"HP:0002085","Edge_Type":"HPO","label":"is associated w\/"}},{"data":{"source":"Q96BA8","target":"HP:0003027","Edge_Type":"HPO","label":"is associated w\/"}},{"data":{"source":"Q3SXY8","target":"HP:0002876","Edge_Type":"HPO","label":"is associated w\/"}},{"data":{"source":"Q3SXY8","target":"HP:0002419","Edge_Type":"HPO","label":"is associated w\/"}},{"data":{"source":"Q16623","target":"HP:0012092","Edge_Type":"HPO","label":"is associated w\/"}},{"data":{"source":"Q16623","target":"HP:0001738","Edge_Type":"HPO","label":"is associated w\/"}},{"data":{"source":"Q3SXY8","target":"HP:0002418","Edge_Type":"HPO","label":"is associated w\/"}},{"data":{"source":"H00871","target":"hsa00970","Edge_Type":"kegg_dis_path","label":"modulates"}},{"data":{"source":"Q16853","target":"hsa00360","Edge_Type":"kegg_path_prot","label":"is involved in"}},{"data":{"source":"Q16623","target":"hsa04721","Edge_Type":"kegg_path_prot","label":"is involved in"}},{"data":{"source":"Q7Z7G2","target":"hsa04721","Edge_Type":"kegg_path_prot","label":"is involved in"}},{"data":{"source":"Q16623","target":"hsa04911","Edge_Type":"kegg_path_prot","label":"is involved in"}},{"data":{"source":"Q96BA8","target":"hsa04911","Edge_Type":"kegg_path_prot","label":"is involved in"}},{"data":{"source":"Q16853","target":"hsa00410","Edge_Type":"kegg_path_prot","label":"is involved in"}},{"data":{"source":"Q16623","target":"hsa04130","Edge_Type":"kegg_path_prot","label":"is involved in"}},{"data":{"source":"Q16853","target":"hsa00350","Edge_Type":"kegg_path_prot","label":"is involved in"}},{"data":{"source":"Q16853","target":"hsa00260","Edge_Type":"kegg_path_prot","label":"is involved in"}},{"data":{"source":"Q6PI48","target":"hsa00970","Edge_Type":"kegg_path_prot","label":"is involved in"}},{"data":{"source":"Q96BA8","target":"hsa04962","Edge_Type":"kegg_path_prot","label":"is involved in"}},{"data":{"source":"Q96BA8","target":"hsa04927","Edge_Type":"kegg_path_prot","label":"is involved in"}},{"data":{"source":"Q6PI48","target":"H00871","Edge_Type":"kegg_dis_prot","label":"is related to"}},{"data":{"source":"Q96BA8","target":"H00506","Edge_Type":"kegg_dis_prot","label":"is related to"}},{"data":{"source":"Q16623","target":"H01439","Edge_Type":"kegg_dis_prot","label":"is related to"}},{"data":{"source":"Q3SXY8","target":"H00530","Edge_Type":"kegg_dis_prot","label":"is related to"}}]}