Core Proteins,Interacting Proteins,Pathways,HPO terms,Diseases,Targeting Drugs,Experimental Bioactive Compounds (pChEMBL),Predicted interacting Compounds
GGPS1 (O95749),GGPS1 (O95749); ATOX1 (O00244); SDCBP (O00560),R-HSA-191273 Cholesterol biosynthesis[scr:1530]; R-HSA-2426168 Activation of gene expression by SREBF (SREBP)[scr:765]; hsa00900 Terpenoid backbone biosynthesis[scr:155]; hsa01100 Metabolic pathways[scr:2],,,DB02552 Geranyl Diphosphate[scr:9999999]; DB06548 Minodronic acid[scr:1192]; DB00399 Zoledronic acid[scr:1192]; DB07873 Lauryl alcohol diphosphonic acid[scr:596]; DB07221 (2-2-DIPHOSPHONOETHYL)(DODECYL)DIMETHYLPHOSPHONIUM[scr:596]; DB06931 (1-HYDROXYNONANE-1-1-DIYL)BIS(PHOSPHONIC ACID)[scr:596]; DB06830 (1-HYDROXYHEPTANE-1-1-DIYL)BIS(PHOSPHONIC ACID)[scr:596]; DB08529 (6E-11E)-HEPTADECA-6-11-DIENE-9-9-DIYLBIS(PHOSPHONIC ACID)[scr:596],,
FDPS (P14324),RNF19B (Q6ZMZ0); ABHD16A (O95870); SLC30A2 (Q9BRI3); SSMEM1 (Q8WWF3),R-HSA-191273 Cholesterol biosynthesis[scr:1530]; R-HSA-2426168 Activation of gene expression by SREBF (SREBP)[scr:765]; hsa00900 Terpenoid backbone biosynthesis[scr:155]; hsa01100 Metabolic pathways[scr:2],HP:0200044 Porokeratosis[scr:106]; HP:0002860 Squamous cell carcinoma[scr:9]; HP:0000992 Cutaneous photosensitivity[scr:6]; HP:0011122 Abnormality of skin physiology[scr:6]; HP:0000989 Pruritus[scr:5]; HP:0008069 Neoplasm of the skin[scr:3],Orphanet:79152 Disseminated superficial actinic porokeratosis (EFO)[scr:113]; H01933 Porokeratosis (KEGG)[scr:92],DB02552 Geranyl Diphosphate[scr:9999999]; DB06548 Minodronic acid[scr:1192]; DB00399 Zoledronic acid[scr:1192]; DB00282 Pamidronic acid[scr:596]; DB00710 Ibandronate[scr:596],,
RNF19B (Q6ZMZ0),FDPS (P14324),R-HSA-983168 Antigen processing: Ubiquitination & Proteasome degradation[scr:26],,,,,
ATOX1 (O00244),GGPS1 (O95749),R-HSA-6803544 Ion influx/efflux at host-pathogen interface[scr:2009]; R-HSA-3299685 Detoxification of Reactive Oxygen Species[scr:217]; hsa04978 Mineral absorption[scr:15],,,,,
ABHD16A (O95870),FDPS (P14324); SLC30A2 (Q9BRI3),,,,,,
SLC30A2 (Q9BRI3),FDPS (P14324); SLC30A2 (Q9BRI3); ABHD16A (O95870); SSMEM1 (Q8WWF3),R-HSA-435368 Zinc efflux and compartmentalization by the SLC30 family[scr:1148],HP:0008277 Abnormal blood zinc concentration[scr:264]; HP:0011030 Abnormal blood transition element cation concentration[scr:22]; HP:0011122 Abnormality of skin physiology[scr:6]; HP:0000964 Eczema[scr:4]; HP:0010929 Abnormal blood cation concentration[scr:2],MONDO:0011973 zinc deficiency- transient neonatal (EFO)[scr:0]; H01925 Transient neonatal zinc deficiency (KEGG)[scr:458],,,
SDCBP (O00560),GGPS1 (O95749); SDCBP (O00560),R-HSA-447043 Neurofascin interactions[scr:1148]; R-HSA-3928664 Ephrin signaling[scr:423]; R-HSA-6798695 Neutrophil degranulation[scr:17],,,,,
SSMEM1 (Q8WWF3),FDPS (P14324); SLC30A2 (Q9BRI3),,,,,,
