Core Proteins,Interacting Proteins,Pathways,HPO terms,Diseases,Targeting Drugs,Experimental Bioactive Compounds (pChEMBL),Predicted interacting Compounds
F8 (P00451),F9 (P00740); VWF (P04275),R-HSA-140875 Common Pathway of Fibrin Clot Formation[scr:10388]; R-HSA-140837 Intrinsic Pathway of Fibrin Clot Formation[scr:4058]; hsa04610 Complement and coagulation cascades[scr:636],HP:0005261 Joint hemorrhage[scr:886]; HP:0001934 Persistent bleeding after trauma[scr:418]; HP:0003645 Prolonged partial thromboplastin time[scr:346],H00219 Hemophilia (KEGG)[scr:458],DB13151 Anti-inhibitor coagulant complex[scr:9999999]; DB11571 Human thrombin[scr:828]; DB13933 Nonacog beta pegol[scr:795]; DB11300 Thrombin[scr:662]; DB00100 Coagulation Factor IX (Recombinant)[scr:606]; DB13152 Coagulation Factor IX Human[scr:606],,
F13A1 (P00488),,R-HSA-140875 Common Pathway of Fibrin Clot Formation[scr:10388]; hsa04610 Complement and coagulation cascades[scr:636],HP:0005261 Joint hemorrhage[scr:886]; HP:0012233 Intramuscular hematoma[scr:627]; HP:0011891 Post-partum hemorrhage[scr:627]; HP:0011884 Abnormal umbilical stump bleeding[scr:423]; HP:0011890 Prolonged bleeding following procedure[scr:420]; HP:0001934 Persistent bleeding after trauma[scr:418]; HP:0002625 Deep venous thrombosis[scr:392]; HP:0004846 Prolonged bleeding after surgery[scr:342],,DB13151 Anti-inhibitor coagulant complex[scr:9999999]; DB11571 Human thrombin[scr:828]; DB11300 Thrombin[scr:662]; DB11311 Prothrombin[scr:596],,
F2 (P00734),THBD (P07204),R-HSA-140875 Common Pathway of Fibrin Clot Formation[scr:10388]; R-HSA-159763 Transport of gamma-carboxylated protein precursors from the endoplasmic reticulum to the Golgi apparatus[scr:6348]; R-HSA-159740 Gamma-carboxylation of protein precursors[scr:5713]; R-HSA-159782 Removal of aminoterminal propeptides from gamma-carboxylated proteins[scr:5713]; R-HSA-140837 Intrinsic Pathway of Fibrin Clot Formation[scr:4058]; R-HSA-76009 Platelet Aggregation (Plug Formation)[scr:1428]; hsa04610 Complement and coagulation cascades[scr:636]; hsa04611 Platelet activation[scr:49],HP:0005261 Joint hemorrhage[scr:886]; HP:0012233 Intramuscular hematoma[scr:627]; HP:0011891 Post-partum hemorrhage[scr:627]; HP:0011884 Abnormal umbilical stump bleeding[scr:423]; HP:0011890 Prolonged bleeding following procedure[scr:420]; HP:0002625 Deep venous thrombosis[scr:392]; HP:0003645 Prolonged partial thromboplastin time[scr:346],HP:0004936 Venous thrombosis (EFO)[scr:640]; H00223 Inherited thrombophilia (KEGG)[scr:524]; H01254 Congenital prothrombin deficiency (KEGG)[scr:204],DB13151 Anti-inhibitor coagulant complex[scr:9999999]; DB09109 Turoctocog alfa[scr:795]; DB00100 Coagulation Factor IX (Recombinant)[scr:606]; DB13152 Coagulation Factor IX Human[scr:606]; DB09332 Kappadione[scr:606],,
F10 (P00742),,R-HSA-140834 Extrinsic Pathway of Fibrin Clot Formation[scr:11427]; R-HSA-140875 Common Pathway of Fibrin Clot Formation[scr:10388]; R-HSA-159763 Transport of gamma-carboxylated protein precursors from the endoplasmic reticulum to the Golgi apparatus[scr:6348]; R-HSA-159740 Gamma-carboxylation of protein precursors[scr:5713]; R-HSA-159782 Removal of aminoterminal propeptides from gamma-carboxylated proteins[scr:5713]; R-HSA-140837 Intrinsic Pathway of Fibrin Clot Formation[scr:4058]; hsa04610 Complement and coagulation cascades[scr:636],HP:0005261 Joint hemorrhage[scr:886]; HP:0012233 Intramuscular hematoma[scr:627]; HP:0011891 Post-partum hemorrhage[scr:627]; HP:0011884 Abnormal umbilical stump bleeding[scr:423]; HP:0011890 Prolonged bleeding following procedure[scr:420]; HP:0003645 Prolonged partial thromboplastin time[scr:346]; HP:0004846 Prolonged bleeding after surgery[scr:342],Orphanet:328 Congenital factor X deficiency (EFO)[scr:200]; H02257 Factor X deficiency (KEGG)[scr:204],DB13151 Anti-inhibitor coagulant complex[scr:9999999]; DB13933 Nonacog beta pegol[scr:795]; DB13150 Coagulation factor VII human[scr:795]; DB09109 Turoctocog alfa[scr:795]; DB00100 Coagulation Factor IX (Recombinant)[scr:606]; DB13152 Coagulation Factor IX Human[scr:606]; DB09332 Kappadione[scr:606],,
FGA (P02671),STX1B (P61266); SH3BP1 (Q9Y3L3); STX2 (P32856); TMEM43 (Q9BTV4); APOA1 (P02647); TPM1 (P09493),R-HSA-140875 Common Pathway of Fibrin Clot Formation[scr:10388]; R-HSA-372708 p130Cas linkage to MAPK signaling for integrins[scr:2143]; R-HSA-354194 GRB2:SOS provides linkage to MAPK signaling for Integrins[scr:2143]; hsa04610 Complement and coagulation cascades[scr:636]; hsa04611 Platelet activation[scr:49],,Orphanet:98881 Familial dysfibrinogenemia (EFO)[scr:267]; Orphanet:335 Congenital fibrinogen deficiency (EFO)[scr:267]; Orphanet:98880 Familial afibrinogenemia (EFO)[scr:267]; Orphanet:101041 Familial hypofibrinogenemia (EFO)[scr:267]; Orphanet:248408 Familial hypodysfibrinogenemia (EFO)[scr:267]; Orphanet:85450 Familial renal amyloidosis (EFO)[scr:200]; H00223 Inherited thrombophilia (KEGG)[scr:524]; H00222 Afibrinogenemia (KEGG)[scr:272]; H00845 Familial amyloidosis (KEGG)[scr:163],DB13151 Anti-inhibitor coagulant complex[scr:9999999]; DB11571 Human thrombin[scr:828]; DB11300 Thrombin[scr:662]; DB11311 Prothrombin[scr:596],,
FGB (P02675),,R-HSA-140875 Common Pathway of Fibrin Clot Formation[scr:10388]; R-HSA-372708 p130Cas linkage to MAPK signaling for integrins[scr:2143]; R-HSA-354194 GRB2:SOS provides linkage to MAPK signaling for Integrins[scr:2143]; hsa04610 Complement and coagulation cascades[scr:636]; hsa04611 Platelet activation[scr:49],,Orphanet:98881 Familial dysfibrinogenemia (EFO)[scr:267]; Orphanet:335 Congenital fibrinogen deficiency (EFO)[scr:267]; Orphanet:98880 Familial afibrinogenemia (EFO)[scr:267]; Orphanet:101041 Familial hypofibrinogenemia (EFO)[scr:267]; Orphanet:248408 Familial hypodysfibrinogenemia (EFO)[scr:267]; H00223 Inherited thrombophilia (KEGG)[scr:524]; H00222 Afibrinogenemia (KEGG)[scr:272],DB13151 Anti-inhibitor coagulant complex[scr:9999999]; DB11571 Human thrombin[scr:828]; DB11300 Thrombin[scr:662]; DB11311 Prothrombin[scr:596],,
F7 (P08709),F3 (P13726),R-HSA-140834 Extrinsic Pathway of Fibrin Clot Formation[scr:11427]; R-HSA-159763 Transport of gamma-carboxylated protein precursors from the endoplasmic reticulum to the Golgi apparatus[scr:6348]; R-HSA-159740 Gamma-carboxylation of protein precursors[scr:5713]; R-HSA-159782 Removal of aminoterminal propeptides from gamma-carboxylated proteins[scr:5713]; hsa04610 Complement and coagulation cascades[scr:636],HP:0005261 Joint hemorrhage[scr:886]; HP:0012233 Intramuscular hematoma[scr:627]; HP:0011891 Post-partum hemorrhage[scr:627]; HP:0011890 Prolonged bleeding following procedure[scr:420]; HP:0004846 Prolonged bleeding after surgery[scr:342],Orphanet:327 Congenital factor VII deficiency (EFO)[scr:200]; H02256 Factor VII deficiency (KEGG)[scr:204],DB13151 Anti-inhibitor coagulant complex[scr:9999999]; DB13933 Nonacog beta pegol[scr:795]; DB00100 Coagulation Factor IX (Recombinant)[scr:606]; DB13152 Coagulation Factor IX Human[scr:606]; DB09332 Kappadione[scr:606],,
F5 (P12259),,R-HSA-140875 Common Pathway of Fibrin Clot Formation[scr:10388]; hsa04610 Complement and coagulation cascades[scr:636],HP:0005542 Prolonged whole-blood clotting time[scr:529]; HP:0002625 Deep venous thrombosis[scr:392]; HP:0003645 Prolonged partial thromboplastin time[scr:346],HP:0004936 Venous thrombosis (EFO)[scr:640]; Orphanet:326 Congenital factor V deficiency (EFO)[scr:200]; H00223 Inherited thrombophilia (KEGG)[scr:524]; H00220 Factor V deficiency (KEGG)[scr:204],DB13151 Anti-inhibitor coagulant complex[scr:9999999]; DB11571 Human thrombin[scr:828]; DB11300 Thrombin[scr:662],,
THBD (P07204),F2 (P00734),R-HSA-140875 Common Pathway of Fibrin Clot Formation[scr:10388]; hsa04610 Complement and coagulation cascades[scr:636],HP:0002625 Deep venous thrombosis[scr:392],HP:0004936 Venous thrombosis (EFO)[scr:640]; H00223 Inherited thrombophilia (KEGG)[scr:524],,,
STX1B (P61266),FGA (P02671),hsa04130 SNARE interactions in vesicular transport[scr:46]; hsa04721 Synaptic vesicle cycle[scr:19],,,,,
F9 (P00740),F8 (P00451),R-HSA-140834 Extrinsic Pathway of Fibrin Clot Formation[scr:11427]; R-HSA-159763 Transport of gamma-carboxylated protein precursors from the endoplasmic reticulum to the Golgi apparatus[scr:6348]; R-HSA-159740 Gamma-carboxylation of protein precursors[scr:5713]; R-HSA-159782 Removal of aminoterminal propeptides from gamma-carboxylated proteins[scr:5713]; R-HSA-140837 Intrinsic Pathway of Fibrin Clot Formation[scr:4058]; hsa04610 Complement and coagulation cascades[scr:636],HP:0005261 Joint hemorrhage[scr:886]; HP:0005542 Prolonged whole-blood clotting time[scr:529]; HP:0001934 Persistent bleeding after trauma[scr:418]; HP:0002625 Deep venous thrombosis[scr:392]; HP:0003645 Prolonged partial thromboplastin time[scr:346],HP:0004936 Venous thrombosis (EFO)[scr:640]; H00223 Inherited thrombophilia (KEGG)[scr:524]; H00219 Hemophilia (KEGG)[scr:458],DB13150 Coagulation factor VII human[scr:795]; DB09109 Turoctocog alfa[scr:795]; DB09332 Kappadione[scr:606],,CHEMBL1550661 [scr:29]; CHEMBL3904557 [scr:29]; CHEMBL3798228 [scr:29]; CHEMBL3968808 [scr:29]; CHEMBL1526228 [scr:29]; CHEMBL1526352 [scr:29]; CHEMBL1683479 [scr:29]; CHEMBL1528736 [scr:29]; CHEMBL2018223 [scr:29]; CHEMBL3693718 [scr:29]
SH3BP1 (Q9Y3L3),FGA (P02671),,,,,,
STX2 (P32856),FGA (P02671); STX1B (P61266),hsa04130 SNARE interactions in vesicular transport[scr:46]; hsa04721 Synaptic vesicle cycle[scr:19],,,,,
TMEM43 (Q9BTV4),FGA (P02671),,,,,,
F3 (P13726),F7 (P08709),R-HSA-140834 Extrinsic Pathway of Fibrin Clot Formation[scr:11427]; hsa04610 Complement and coagulation cascades[scr:636],,,DB13150 Coagulation factor VII human[scr:795],,
VWF (P04275),F8 (P00451); VWF (P04275),R-HSA-140837 Intrinsic Pathway of Fibrin Clot Formation[scr:4058]; R-HSA-372708 p130Cas linkage to MAPK signaling for integrins[scr:2143]; R-HSA-354194 GRB2:SOS provides linkage to MAPK signaling for Integrins[scr:2143]; R-HSA-76009 Platelet Aggregation (Plug Formation)[scr:1428]; hsa04610 Complement and coagulation cascades[scr:636]; hsa04611 Platelet activation[scr:49]; hsa04512 ECM-receptor interaction[scr:4],HP:0005261 Joint hemorrhage[scr:886]; HP:0005542 Prolonged whole-blood clotting time[scr:529]; HP:0011890 Prolonged bleeding following procedure[scr:420]; HP:0001934 Persistent bleeding after trauma[scr:418]; HP:0004846 Prolonged bleeding after surgery[scr:342],H00219 Hemophilia (KEGG)[scr:458]; H02092 von Willebrand disease (KEGG)[scr:204],,,
APOA1 (P02647),FGA (P02671); APOA1 (P02647),R-HSA-5682113 Defective ABCA1 causes Tangier disease[scr:3571]; hsa04977 Vitamin digestion and absorption[scr:17]; hsa04975 Fat digestion and absorption[scr:10]; hsa04979 Cholesterol metabolism[scr:8]; hsa03320 PPAR signaling pathway[scr:5],,Orphanet:85450 Familial renal amyloidosis (EFO)[scr:200]; H00845 Familial amyloidosis (KEGG)[scr:163]; H00930 Hypoalphalipoproteinemia (KEGG)[scr:102],,,
TPM1 (P09493),FGA (P02671),hsa04260 Cardiac muscle contraction[scr:4],,,,,
