Core Proteins,Interacting Proteins,Pathways,HPO terms,Diseases,Targeting Drugs,Experimental Bioactive Compounds (pChEMBL),Predicted interacting Compounds
THRB (P10828),,hsa04080 Neuroactive ligand-receptor interaction[scr:13],HP:0011788 Increased circulating free T3[scr:302]; HP:0032209 Abnormal circulating free T3 concentration[scr:302]; HP:0002930 Impaired sensitivity to thyroid hormone[scr:151],Orphanet:165994 Selective pituitary resistance to thyroid hormone (EFO)[scr:257]; Orphanet:3221 Generalized resistance to thyroid hormone (EFO)[scr:257]; H00249 Thyroid hormone resistance syndrome (KEGG)[scr:262],DB00414 Acetohexamide[scr:9999999]; DB03604 Tiratricol[scr:341]; DB08085 1-(4-HEXYLPHENYL)PROP-2-EN-1-ONE[scr:341]; DB07425 Sobetirome[scr:341]; DB05192 MB07811[scr:341]; DB02106 [3-5-Dibromo-4-(4-Hydroxy-3-Phenethylcarbamoyl-Phenoxy)-Phenyl]-Acetic Acid[scr:341],,CHEMBL2036813 [scr:37.29]; CHEMBL3393543 [scr:37.29]; CHEMBL2326517 [scr:37.29]; CHEMBL3393555 [scr:37.29]; CHEMBL3660476 [scr:37.29]; CHEMBL2326488 [scr:37.29]; CHEMBL2326722 [scr:37.29]; CHEMBL3666229 [scr:37.29]; CHEMBL1531273 [scr:37.29]; CHEMBL1563489 [scr:37.29]
TSHR (P16473),ADORA1 (P30542); MID1IP1 (Q9NPA3); SYT1 (P21579),hsa04923 Regulation of lipolysis in adipocytes[scr:35]; hsa04080 Neuroactive ligand-receptor interaction[scr:13],HP:0012188 Hyperemesis gravidarum[scr:302]; HP:0011789 Impaired sensitivity to thyroid stimulating hormone[scr:302]; HP:0011790 Activating thyroid-stimulating hormone receptor defect[scr:302],Orphanet:424 Familial hyperthyroidism due to mutations in TSH receptor (EFO)[scr:257]; Orphanet:90673 Hypothyroidism due to TSH receptor mutations (EFO)[scr:257]; Orphanet:99819 Familial gestational hyperthyroidism (EFO)[scr:257]; H01269 Congenital hyperthyroidism (KEGG)[scr:262]; H00250 Congenital nongoitrous hypothyroidism (CHNG) (KEGG)[scr:44],DB00414 Acetohexamide[scr:9999999]; DB00024 Thyrotropin alfa[scr:341],,
KCNJ1 (P48048),,R-HSA-1296067 Potassium transport channels[scr:1530]; hsa04960 Aldosterone-regulated sodium reabsorption[scr:13],HP:0000111 Renal juxtaglomerular cell hypertrophy/hyperplasia[scr:151]; HP:0003566 Increased serum prostaglandin E2[scr:151]; HP:0003527 Hyperprostaglandinuria[scr:151],Orphanet:93604 Antenatal Bartter syndrome (EFO)[scr:86]; Orphanet:112 Bartter syndrome (EFO)[scr:43]; H00239 Bartter syndrome (KEGG)[scr:37],DB00414 Acetohexamide[scr:9999999],,
BLM (P54132),BRIP1 (Q9BX63); NABP2 (Q9BQ15); RPS27 (P42677); RMI1 (Q9H9A7); UIMC1 (Q96RL1); FEN1 (P39748); RPA1 (P27694),R-HSA-5685938 HDR through Single Strand Annealing (SSA)[scr:1985]; R-HSA-5693616 Presynaptic phase of homologous DNA pairing and strand exchange[scr:1884]; R-HSA-69473 G2/M DNA damage checkpoint[scr:1713]; R-HSA-5693579 Homologous DNA Pairing and Strand Exchange[scr:1653]; R-HSA-5693554 Resolution of D-loop Structures through Synthesis-Dependent Strand Annealing (SDSA)[scr:1589]; R-HSA-5685942 HDR through Homologous Recombination (HRR)[scr:1530]; hsa03440 Homologous recombination[scr:191]; hsa03460 Fanconi anemia pathway[scr:145],HP:0005598 Facial telangiectasia in butterfly midface distribution[scr:151],Orphanet:125 Bloom syndrome (EFO)[scr:257]; H01346 Bloom syndrome (KEGG)[scr:262]; H00296 Defects in RecQ helicases (KEGG)[scr:87]; H00094 Immunodeficiency associated with DNA repair defects (KEGG)[scr:44],DB00414 Acetohexamide[scr:9999999],,
ADORA1 (P30542),TSHR (P16473),hsa04923 Regulation of lipolysis in adipocytes[scr:35]; hsa04080 Neuroactive ligand-receptor interaction[scr:13],,,DB12670 Rolofylline[scr:341]; DB06471 Naxifylline[scr:341]; DB12569 Tonapofylline[scr:341],,
MID1IP1 (Q9NPA3),TSHR (P16473),,,,,,
SYT1 (P21579),TSHR (P16473),R-HSA-5250989 Toxicity of botulinum toxin type G (BoNT/G)[scr:1530],,,,,
BRIP1 (Q9BX63),BLM (P54132),R-HSA-5685938 HDR through Single Strand Annealing (SSA)[scr:1985]; R-HSA-5693616 Presynaptic phase of homologous DNA pairing and strand exchange[scr:1884]; R-HSA-69473 G2/M DNA damage checkpoint[scr:1713]; R-HSA-5693579 Homologous DNA Pairing and Strand Exchange[scr:1653]; R-HSA-5693554 Resolution of D-loop Structures through Synthesis-Dependent Strand Annealing (SDSA)[scr:1589]; R-HSA-5685942 HDR through Homologous Recombination (HRR)[scr:1530]; hsa03440 Homologous recombination[scr:191]; hsa03460 Fanconi anemia pathway[scr:145],,EFO:0003869 breast neoplasm (EFO)[scr:18]; EFO:0000305 breast carcinoma (EFO)[scr:17]; H00238 Fanconi anemia (KEGG)[scr:12],,,
NABP2 (Q9BQ15),BLM (P54132),,,,,,
RPS27 (P42677),BLM (P54132),,,,,,
RMI1 (Q9H9A7),BLM (P54132),R-HSA-5685938 HDR through Single Strand Annealing (SSA)[scr:1985]; R-HSA-5693616 Presynaptic phase of homologous DNA pairing and strand exchange[scr:1884]; R-HSA-69473 G2/M DNA damage checkpoint[scr:1713]; R-HSA-5693579 Homologous DNA Pairing and Strand Exchange[scr:1653]; R-HSA-5693554 Resolution of D-loop Structures through Synthesis-Dependent Strand Annealing (SDSA)[scr:1589]; R-HSA-5685942 HDR through Homologous Recombination (HRR)[scr:1530]; hsa03460 Fanconi anemia pathway[scr:145],,,,,
UIMC1 (Q96RL1),BLM (P54132),R-HSA-69473 G2/M DNA damage checkpoint[scr:1713]; hsa03440 Homologous recombination[scr:191],,,,,
FEN1 (P39748),BLM (P54132),R-HSA-174437 Removal of the Flap Intermediate from the C-strand[scr:1836]; R-HSA-162594 Early Phase of HIV Life Cycle[scr:1530]; hsa03030 DNA replication[scr:54]; hsa03450 Non-homologous end-joining[scr:38]; hsa03410 Base excision repair[scr:15],,,,,
RPA1 (P27694),BLM (P54132),R-HSA-5685938 HDR through Single Strand Annealing (SSA)[scr:1985]; R-HSA-5693616 Presynaptic phase of homologous DNA pairing and strand exchange[scr:1884]; R-HSA-174437 Removal of the Flap Intermediate from the C-strand[scr:1836]; R-HSA-69473 G2/M DNA damage checkpoint[scr:1713]; R-HSA-5685942 HDR through Homologous Recombination (HRR)[scr:1530]; hsa03440 Homologous recombination[scr:191]; hsa03460 Fanconi anemia pathway[scr:145]; hsa03030 DNA replication[scr:54]; hsa03430 Mismatch repair[scr:21]; hsa03420 Nucleotide excision repair[scr:11],,,,,
