{"options":{"search_start":1613060418,"tax_ids":[9606],"num_of_fn_nodes":10,"num_of_pathways":10,"num_of_phenotypes":10,"num_of_drugs":10,"num_of_diseases":10,"num_of_compounds":10,"chembl_compounds":0,"predictions":1,"reviewed_filter":1,"fn":1,"chembl":1,"search_finish":1613060425,"search_runtime":7},"search":[{"Drug":[{"DB03691":"WRR-112"}]}],"nodes":[{"data":{"id":"Q9UBX1","display_name":"CTSF","Node_Type":"Protein"}},{"data":{"id":"Orphanet:352709","display_name":"CLN13 disease","Node_Type":"Disease","enrichScore":3601}},{"data":{"id":"Orphanet:79262","display_name":"Adult neuronal ceroid lipofuscinosis","Node_Type":"Disease","enrichScore":600.167}},{"data":{"id":"DB03691","display_name":"WRR-112","Node_Type":"Drug","enrichScore":9999999}},{"data":{"id":"DB02243","display_name":"4-Morpholin-4-Yl-Piperidine-1-Carboxylic Acid [1-(3-Benzenesulfonyl-1-Propyl-Allylcarbamoyl)-2-Phenylethyl]-Amide","Node_Type":"Drug","enrichScore":4769}},{"data":{"id":"DB07913","display_name":"HOMOPHENYLALANINYLMETHANE","Node_Type":"Drug","enrichScore":4769}},{"data":{"id":"DB08775","display_name":"Benzoyl-tyrosine-alanine-fluoro-methyl ketone","Node_Type":"Drug","enrichScore":4769}},{"data":{"id":"DB01810","display_name":"[1-(1-Methyl-4,5-Dioxo-Pent-2-Enylcarbamoyl)-2-Phenyl-Ethyl]-Carbamic Acid Benzyl Ester","Node_Type":"Drug","enrichScore":2384.5}},{"data":{"id":"DB01871","display_name":"[1-(1-Benzyl-3-Hydroxy-2-Oxo-Propylcarbamoyl)-2-Phenyl-Ethyl]-Carbamic Acid Benzyl Ester","Node_Type":"Drug","enrichScore":2384.5}},{"data":{"id":"DB03536","display_name":"Benzyl N-[(2S)-5-(diaminomethylamino)-1-[[(2S)-4-fluoro-3-oxobutan-2-yl]amino]-1-oxopentan-2-yl]carbamate","Node_Type":"Drug","enrichScore":2384.5}},{"data":{"id":"DB03573","display_name":"WRR-99","Node_Type":"Drug","enrichScore":2384.5}},{"data":{"id":"R-HSA-2132295","display_name":"MHC class II antigen presentation","Node_Type":"Pathway","enrichScore":510.119}},{"data":{"id":"HP:0002476","display_name":"Primitive reflex","Node_Type":"HPO","enrichScore":235.056}},{"data":{"id":"HP:0002506","display_name":"Diffuse cerebral atrophy","Node_Type":"HPO","enrichScore":145.897}},{"data":{"id":"HP:0000712","display_name":"Emotional lability","Node_Type":"HPO","enrichScore":38.464}},{"data":{"id":"HP:0000726","display_name":"Dementia","Node_Type":"HPO","enrichScore":25.036}},{"data":{"id":"HP:0003581","display_name":"Adult onset","Node_Type":"HPO","enrichScore":24.743}},{"data":{"id":"HP:0031828","display_name":"Abnormal superficial reflex","Node_Type":"HPO","enrichScore":20.052}},{"data":{"id":"HP:0003487","display_name":"Babinski sign","Node_Type":"HPO","enrichScore":20.052}},{"data":{"id":"HP:0002071","display_name":"Abnormality of extrapyramidal motor function","Node_Type":"HPO","enrichScore":18.973}},{"data":{"id":"HP:0001336","display_name":"Myoclonus","Node_Type":"HPO","enrichScore":17.556}},{"data":{"id":"HP:0003676","display_name":"Progressive","Node_Type":"HPO","enrichScore":16.211}},{"data":{"id":"hsa04142","display_name":"Lysosome","Node_Type":"kegg_Pathway","enrichScore":53.422}},{"data":{"id":"hsa04210","display_name":"Apoptosis","Node_Type":"kegg_Pathway","enrichScore":49.194}},{"data":{"id":"H02276","display_name":"Kufs disease","Node_Type":"kegg_Disease","enrichScore":1222.333}},{"data":{"id":"H00149","display_name":"Neuronal ceroid lipofuscinosis","Node_Type":"kegg_Disease","enrichScore":333.364}}],"edges":[{"data":{"source":"HP:0002476","target":"Orphanet:352709","Edge_Type":"hpodis","label":"is associated w\/"}},{"data":{"source":"HP:0002506","target":"Orphanet:352709","Edge_Type":"hpodis","label":"is associated w\/"}},{"data":{"source":"HP:0000712","target":"Orphanet:352709","Edge_Type":"hpodis","label":"is associated w\/"}},{"data":{"source":"HP:0000726","target":"Orphanet:352709","Edge_Type":"hpodis","label":"is associated w\/"}},{"data":{"source":"HP:0000726","target":"Orphanet:79262","Edge_Type":"hpodis","label":"is associated w\/"}},{"data":{"source":"HP:0000726","target":"Orphanet:79262","Edge_Type":"hpodis","label":"is associated w\/"}},{"data":{"source":"HP:0003581","target":"Orphanet:352709","Edge_Type":"hpodis","label":"is associated w\/"}},{"data":{"source":"HP:0003581","target":"Orphanet:79262","Edge_Type":"hpodis","label":"is associated w\/"}},{"data":{"source":"HP:0003581","target":"Orphanet:79262","Edge_Type":"hpodis","label":"is associated w\/"}},{"data":{"source":"HP:0031828","target":"Orphanet:352709","Edge_Type":"hpodis","label":"is associated w\/"}},{"data":{"source":"HP:0003487","target":"Orphanet:352709","Edge_Type":"hpodis","label":"is associated w\/"}},{"data":{"source":"HP:0002071","target":"Orphanet:352709","Edge_Type":"hpodis","label":"is associated w\/"}},{"data":{"source":"HP:0002071","target":"Orphanet:79262","Edge_Type":"hpodis","label":"is associated w\/"}},{"data":{"source":"HP:0002071","target":"Orphanet:79262","Edge_Type":"hpodis","label":"is associated w\/"}},{"data":{"source":"HP:0001336","target":"Orphanet:352709","Edge_Type":"hpodis","label":"is associated w\/"}},{"data":{"source":"HP:0001336","target":"Orphanet:79262","Edge_Type":"hpodis","label":"is associated w\/"}},{"data":{"source":"HP:0001336","target":"Orphanet:79262","Edge_Type":"hpodis","label":"is associated w\/"}},{"data":{"source":"HP:0001336","target":"Orphanet:79262","Edge_Type":"hpodis","label":"is associated w\/"}},{"data":{"source":"HP:0003676","target":"Orphanet:352709","Edge_Type":"hpodis","label":"is associated w\/"}},{"data":{"source":"Q9UBX1","target":"Orphanet:352709","Edge_Type":"Disease","label":"is related to"}},{"data":{"source":"Q9UBX1","target":"Orphanet:79262","Edge_Type":"Disease","label":"is related to"}},{"data":{"source":"Q9UBX1","target":"DB03691","Edge_Type":"Drug","label":"targets"}},{"data":{"source":"Q9UBX1","target":"DB02243","Edge_Type":"Drug","label":"targets"}},{"data":{"source":"Q9UBX1","target":"DB07913","Edge_Type":"Drug","label":"targets"}},{"data":{"source":"Q9UBX1","target":"DB08775","Edge_Type":"Drug","label":"targets"}},{"data":{"source":"Q9UBX1","target":"DB01810","Edge_Type":"Drug","label":"targets"}},{"data":{"source":"Q9UBX1","target":"DB01871","Edge_Type":"Drug","label":"targets"}},{"data":{"source":"Q9UBX1","target":"DB03536","Edge_Type":"Drug","label":"targets"}},{"data":{"source":"Q9UBX1","target":"DB03573","Edge_Type":"Drug","label":"targets"}},{"data":{"source":"Q9UBX1","target":"R-HSA-2132295","Edge_Type":"Pathway","label":"is involved in"}},{"data":{"source":"Q9UBX1","target":"HP:0002476","Edge_Type":"HPO","label":"is associated w\/"}},{"data":{"source":"Q9UBX1","target":"HP:0002506","Edge_Type":"HPO","label":"is associated w\/"}},{"data":{"source":"Q9UBX1","target":"HP:0000712","Edge_Type":"HPO","label":"is associated w\/"}},{"data":{"source":"Q9UBX1","target":"HP:0000726","Edge_Type":"HPO","label":"is associated w\/"}},{"data":{"source":"Q9UBX1","target":"HP:0003581","Edge_Type":"HPO","label":"is associated w\/"}},{"data":{"source":"Q9UBX1","target":"HP:0031828","Edge_Type":"HPO","label":"is associated w\/"}},{"data":{"source":"Q9UBX1","target":"HP:0003487","Edge_Type":"HPO","label":"is associated w\/"}},{"data":{"source":"Q9UBX1","target":"HP:0002071","Edge_Type":"HPO","label":"is associated w\/"}},{"data":{"source":"Q9UBX1","target":"HP:0001336","Edge_Type":"HPO","label":"is associated w\/"}},{"data":{"source":"Q9UBX1","target":"HP:0003676","Edge_Type":"HPO","label":"is associated w\/"}},{"data":{"source":"H02276","target":"hsa04142","Edge_Type":"kegg_dis_path","label":"modulates"}},{"data":{"source":"H00149","target":"hsa04142","Edge_Type":"kegg_dis_path","label":"modulates"}},{"data":{"source":"Q9UBX1","target":"hsa04142","Edge_Type":"kegg_path_prot","label":"is involved in"}},{"data":{"source":"Q9UBX1","target":"hsa04210","Edge_Type":"kegg_path_prot","label":"is involved in"}},{"data":{"source":"Q9UBX1","target":"H02276","Edge_Type":"kegg_dis_prot","label":"is related to"}},{"data":{"source":"Q9UBX1","target":"H00149","Edge_Type":"kegg_dis_prot","label":"is related to"}}]}