{"options":{"search_start":1613058019,"tax_ids":[9606],"num_of_fn_nodes":10,"num_of_pathways":10,"num_of_phenotypes":10,"num_of_drugs":10,"num_of_diseases":10,"num_of_compounds":10,"chembl_compounds":0,"predictions":1,"reviewed_filter":1,"fn":1,"chembl":1,"search_finish":1613058031,"search_runtime":12},"search":[{"Drug":[{"DB06802":"Nepafenac"}]}],"nodes":[{"data":{"id":"P23219","display_name":"PTGS1","Node_Type":"Protein"}},{"data":{"id":"P35354","display_name":"PTGS2","Node_Type":"Protein"}},{"data":{"id":"DB06802","display_name":"Nepafenac","Node_Type":"Drug","enrichScore":9999999}},{"data":{"id":"DB00154","display_name":"Dihomo-gamma-linolenic acid","Node_Type":"Drug","enrichScore":4769}},{"data":{"id":"DB01283","display_name":"Lumiracoxib","Node_Type":"Drug","enrichScore":4769}},{"data":{"id":"DB00814","display_name":"Meloxicam","Node_Type":"Drug","enrichScore":4769}},{"data":{"id":"DB00821","display_name":"Carprofen","Node_Type":"Drug","enrichScore":4769}},{"data":{"id":"DB00870","display_name":"Suprofen","Node_Type":"Drug","enrichScore":4769}},{"data":{"id":"DB09214","display_name":"Dexketoprofen","Node_Type":"Drug","enrichScore":4769}},{"data":{"id":"DB09212","display_name":"Loxoprofen","Node_Type":"Drug","enrichScore":4769}},{"data":{"id":"DB00963","display_name":"Bromfenac","Node_Type":"Drug","enrichScore":4769}},{"data":{"id":"DB00991","display_name":"Oxaprozin","Node_Type":"Drug","enrichScore":4769}},{"data":{"id":"R-HSA-140180","display_name":"COX reactions","Node_Type":"Pathway","enrichScore":32137.5}},{"data":{"id":"R-HSA-9018679","display_name":"Biosynthesis of EPA-derived SPMs","Node_Type":"Pathway","enrichScore":32137.5}},{"data":{"id":"R-HSA-9025094","display_name":"Biosynthesis of DPAn-3 SPMs","Node_Type":"Pathway","enrichScore":32137.5}},{"data":{"id":"R-HSA-9027604","display_name":"Biosynthesis of electrophilic Omega-3 PUFA oxo-derivatives","Node_Type":"Pathway","enrichScore":16068.75}},{"data":{"id":"R-HSA-9018677","display_name":"Biosynthesis of DHA-derived SPMs","Node_Type":"Pathway","enrichScore":10712.5}},{"data":{"id":"R-HSA-2162123","display_name":"Synthesis of Prostaglandins (PG) and Thromboxanes (TX)","Node_Type":"Pathway","enrichScore":8570}},{"data":{"id":"R-HSA-2142770","display_name":"Synthesis of 15-eicosatetraenoic acid derivatives","Node_Type":"Pathway","enrichScore":5356.25}},{"data":{"id":"R-HSA-197264","display_name":"Nicotinamide salvaging","Node_Type":"Pathway","enrichScore":1691.447}},{"data":{"id":"R-HSA-6783783","display_name":"Interleukin-10 signaling","Node_Type":"Pathway","enrichScore":714.167}},{"data":{"id":"R-HSA-6785807","display_name":"Interleukin-4 and Interleukin-13 signaling","Node_Type":"Pathway","enrichScore":289.527}},{"data":{"id":"hsa04923","display_name":"Regulation of lipolysis in adipocytes","Node_Type":"kegg_Pathway","enrichScore":244.214}},{"data":{"id":"hsa00590","display_name":"Arachidonic acid metabolism","Node_Type":"kegg_Pathway","enrichScore":220.581}},{"data":{"id":"hsa04726","display_name":"Serotonergic synapse","Node_Type":"kegg_Pathway","enrichScore":119.965}},{"data":{"id":"hsa04913","display_name":"Ovarian steroidogenesis","Node_Type":"kegg_Pathway","enrichScore":65.75}},{"data":{"id":"hsa04370","display_name":"VEGF signaling pathway","Node_Type":"kegg_Pathway","enrichScore":57.949}},{"data":{"id":"hsa04657","display_name":"IL-17 signaling pathway","Node_Type":"kegg_Pathway","enrichScore":36.372}},{"data":{"id":"hsa04064","display_name":"NF-kappa B signaling pathway","Node_Type":"kegg_Pathway","enrichScore":32.875}},{"data":{"id":"hsa04625","display_name":"C-type lectin receptor signaling pathway","Node_Type":"kegg_Pathway","enrichScore":31.082}},{"data":{"id":"hsa04668","display_name":"TNF signaling pathway","Node_Type":"kegg_Pathway","enrichScore":30.527}},{"data":{"id":"hsa04611","display_name":"Platelet activation","Node_Type":"kegg_Pathway","enrichScore":27.352}},{"data":{"id":"H00046","display_name":"Cholangiocarcinoma","Node_Type":"kegg_Disease","enrichScore":305.583}},{"data":{"id":"H00017","display_name":"Esophageal cancer","Node_Type":"kegg_Disease","enrichScore":203.722}},{"data":{"id":"H00025","display_name":"Penile cancer","Node_Type":"kegg_Disease","enrichScore":166.682}}],"edges":[{"data":{"source":"P23219","target":"DB06802","Edge_Type":"Drug","label":"targets"}},{"data":{"source":"P35354","target":"DB06802","Edge_Type":"Drug","label":"targets"}},{"data":{"source":"P23219","target":"DB00154","Edge_Type":"Drug","label":"targets"}},{"data":{"source":"P35354","target":"DB00154","Edge_Type":"Drug","label":"targets"}},{"data":{"source":"P35354","target":"DB01283","Edge_Type":"Drug","label":"targets"}},{"data":{"source":"P23219","target":"DB01283","Edge_Type":"Drug","label":"targets"}},{"data":{"source":"P35354","target":"DB00814","Edge_Type":"Drug","label":"targets"}},{"data":{"source":"P23219","target":"DB00814","Edge_Type":"Drug","label":"targets"}},{"data":{"source":"P35354","target":"DB00821","Edge_Type":"Drug","label":"targets"}},{"data":{"source":"P23219","target":"DB00821","Edge_Type":"Drug","label":"targets"}},{"data":{"source":"P23219","target":"DB00870","Edge_Type":"Drug","label":"targets"}},{"data":{"source":"P35354","target":"DB00870","Edge_Type":"Drug","label":"targets"}},{"data":{"source":"P23219","target":"DB09214","Edge_Type":"Drug","label":"targets"}},{"data":{"source":"P35354","target":"DB09214","Edge_Type":"Drug","label":"targets"}},{"data":{"source":"P35354","target":"DB09212","Edge_Type":"Drug","label":"targets"}},{"data":{"source":"P23219","target":"DB09212","Edge_Type":"Drug","label":"targets"}},{"data":{"source":"P35354","target":"DB00963","Edge_Type":"Drug","label":"targets"}},{"data":{"source":"P23219","target":"DB00963","Edge_Type":"Drug","label":"targets"}},{"data":{"source":"P23219","target":"DB00991","Edge_Type":"Drug","label":"targets"}},{"data":{"source":"P35354","target":"DB00991","Edge_Type":"Drug","label":"targets"}},{"data":{"source":"P23219","target":"R-HSA-140180","Edge_Type":"Pathway","label":"is involved in"}},{"data":{"source":"P35354","target":"R-HSA-9018679","Edge_Type":"Pathway","label":"is involved in"}},{"data":{"source":"P35354","target":"R-HSA-9025094","Edge_Type":"Pathway","label":"is involved in"}},{"data":{"source":"P35354","target":"R-HSA-9027604","Edge_Type":"Pathway","label":"is involved in"}},{"data":{"source":"P35354","target":"R-HSA-9018677","Edge_Type":"Pathway","label":"is involved in"}},{"data":{"source":"P23219","target":"R-HSA-2162123","Edge_Type":"Pathway","label":"is involved in"}},{"data":{"source":"P35354","target":"R-HSA-2162123","Edge_Type":"Pathway","label":"is involved in"}},{"data":{"source":"P35354","target":"R-HSA-2142770","Edge_Type":"Pathway","label":"is involved in"}},{"data":{"source":"P35354","target":"R-HSA-197264","Edge_Type":"Pathway","label":"is involved in"}},{"data":{"source":"P35354","target":"R-HSA-6783783","Edge_Type":"Pathway","label":"is involved in"}},{"data":{"source":"P35354","target":"R-HSA-6785807","Edge_Type":"Pathway","label":"is involved in"}},{"data":{"source":"P23219","target":"hsa04923","Edge_Type":"kegg_path_prot","label":"is involved in"}},{"data":{"source":"P35354","target":"hsa04923","Edge_Type":"kegg_path_prot","label":"is involved in"}},{"data":{"source":"P23219","target":"hsa00590","Edge_Type":"kegg_path_prot","label":"is involved in"}},{"data":{"source":"P35354","target":"hsa00590","Edge_Type":"kegg_path_prot","label":"is involved in"}},{"data":{"source":"P23219","target":"hsa04726","Edge_Type":"kegg_path_prot","label":"is involved in"}},{"data":{"source":"P35354","target":"hsa04726","Edge_Type":"kegg_path_prot","label":"is involved in"}},{"data":{"source":"P35354","target":"hsa04913","Edge_Type":"kegg_path_prot","label":"is involved in"}},{"data":{"source":"P35354","target":"hsa04370","Edge_Type":"kegg_path_prot","label":"is involved in"}},{"data":{"source":"P35354","target":"hsa04657","Edge_Type":"kegg_path_prot","label":"is involved in"}},{"data":{"source":"P35354","target":"hsa04064","Edge_Type":"kegg_path_prot","label":"is involved in"}},{"data":{"source":"P35354","target":"hsa04625","Edge_Type":"kegg_path_prot","label":"is involved in"}},{"data":{"source":"P35354","target":"hsa04668","Edge_Type":"kegg_path_prot","label":"is involved in"}},{"data":{"source":"P23219","target":"hsa04611","Edge_Type":"kegg_path_prot","label":"is involved in"}},{"data":{"source":"P35354","target":"H00046","Edge_Type":"kegg_dis_prot","label":"is related to"}},{"data":{"source":"P35354","target":"H00017","Edge_Type":"kegg_dis_prot","label":"is related to"}},{"data":{"source":"P35354","target":"H00025","Edge_Type":"kegg_dis_prot","label":"is related to"}}]}