{"options":{"search_start":1613060591,"tax_ids":[9606],"num_of_fn_nodes":10,"num_of_pathways":10,"num_of_phenotypes":10,"num_of_drugs":10,"num_of_diseases":10,"num_of_compounds":10,"chembl_compounds":0,"predictions":1,"reviewed_filter":1,"fn":1,"chembl":1,"search_finish":1613060623,"search_runtime":32},"search":[{"Drug":[{"DB08402":"2-[(2,4-DICHLOROBENZOYL)AMINO]-5-(PYRIMIDIN-2-YLOXY)BENZOIC ACID"}]}],"nodes":[{"data":{"id":"P19793","display_name":"RXRA","Node_Type":"Protein"}},{"data":{"id":"P37231","display_name":"PPARG","Node_Type":"Protein"}},{"data":{"id":"Q15596","display_name":"NCOA2","Node_Type":"Protein"}},{"data":{"id":"P55055","display_name":"NR1H2","Node_Type":"Protein_N"}},{"data":{"id":"Q6STE5","display_name":"SMARCD3","Node_Type":"Protein_N"}},{"data":{"id":"Q8NFM4","display_name":"ADCY4","Node_Type":"Protein_N"}},{"data":{"id":"Q13133","display_name":"NR1H3","Node_Type":"Protein_N"}},{"data":{"id":"Q9UBK2","display_name":"PPARGC1A","Node_Type":"Protein_N"}},{"data":{"id":"O00482","display_name":"NR5A2","Node_Type":"Protein_N"}},{"data":{"id":"Q71SY5","display_name":"MED25","Node_Type":"Protein_N"}},{"data":{"id":"P10276","display_name":"RARA","Node_Type":"Protein_N"}},{"data":{"id":"Q15648","display_name":"MED1","Node_Type":"Protein_N"}},{"data":{"id":"P10909","display_name":"CLU","Node_Type":"Protein_N"}},{"data":{"id":"EFO:0000224","display_name":"acute promyelocytic leukemia","Node_Type":"Disease","enrichScore":277}},{"data":{"id":"Orphanet:101101","display_name":"Charcot-Marie-Tooth disease type 2B2","Node_Type":"Disease","enrichScore":277}},{"data":{"id":"Orphanet:79083","display_name":"Familial partial lipodystrophy associated with PPARG mutations","Node_Type":"Disease","enrichScore":277}},{"data":{"id":"EFO:0000632","display_name":"oligodendroglioma","Node_Type":"Disease","enrichScore":30.778}},{"data":{"id":"EFO:0001073","display_name":"obesity","Node_Type":"Disease","enrichScore":27.7}},{"data":{"id":"Orphanet:71529","display_name":"Obesity due to melanocortin 4 receptor deficiency","Node_Type":"Disease","enrichScore":27.7}},{"data":{"id":"Orphanet:77828","display_name":"Genetic obesity","Node_Type":"Disease","enrichScore":27.7}},{"data":{"id":"DB08402","display_name":"2-[(2,4-DICHLOROBENZOYL)AMINO]-5-(PYRIMIDIN-2-YLOXY)BENZOIC ACID","Node_Type":"Drug","enrichScore":9999999}},{"data":{"id":"DB07863","display_name":"2-chloro-5-nitro-N-phenylbenzamide","Node_Type":"Drug","enrichScore":1100.538}},{"data":{"id":"DB08063","display_name":"1-BENZYL-3-(4-METHOXYPHENYLAMINO)-4-PHENYLPYRROLE-2,5-DIONE","Node_Type":"Drug","enrichScore":733.692}},{"data":{"id":"DB08601","display_name":"Tributyltin","Node_Type":"Drug","enrichScore":733.692}},{"data":{"id":"DB07080","display_name":"TO-901317","Node_Type":"Drug","enrichScore":550.269}},{"data":{"id":"DB13174","display_name":"Rhein","Node_Type":"Drug","enrichScore":489.128}},{"data":{"id":"DB08175","display_name":"(2E,4E)-11-METHOXY-3,7,11-TRIMETHYLDODECA-2,4-DIENOIC ACID","Node_Type":"Drug","enrichScore":489.128}},{"data":{"id":"DB08560","display_name":"3-FLUORO-N-[1-(4-FLUOROPHENYL)-3-(2-THIENYL)-1H-PYRAZOL-5-YL]BENZENESULFONAMIDE","Node_Type":"Drug","enrichScore":366.846}},{"data":{"id":"DB08435","display_name":"(5E,14E)-11-oxoprosta-5,9,12,14-tetraen-1-oic acid","Node_Type":"Drug","enrichScore":366.846}},{"data":{"id":"DB07172","display_name":"(5R,6E,8Z,11Z,14Z,17Z)-5-hydroxyicosa-6,8,11,14,17-pentaenoic acid","Node_Type":"Drug","enrichScore":366.846}},{"data":{"id":"R-HSA-4090294","display_name":"SUMOylation of intracellular receptors","Node_Type":"Pathway","enrichScore":5933.077}},{"data":{"id":"R-HSA-383280","display_name":"Nuclear Receptor transcription pathway","Node_Type":"Pathway","enrichScore":4750.339}},{"data":{"id":"R-HSA-1368082","display_name":"RORA activates gene expression","Node_Type":"Pathway","enrichScore":4394.872}},{"data":{"id":"R-HSA-400206","display_name":"Regulation of lipid metabolism by PPARalpha","Node_Type":"Pathway","enrichScore":3955.385}},{"data":{"id":"R-HSA-1989781","display_name":"PPARA activates gene expression","Node_Type":"Pathway","enrichScore":3422.929}},{"data":{"id":"R-HSA-1368108","display_name":"BMAL1:CLOCK,NPAS2 activates circadian gene expression","Node_Type":"Pathway","enrichScore":2929.915}},{"data":{"id":"R-HSA-381340","display_name":"Transcriptional regulation of white adipocyte differentiation","Node_Type":"Pathway","enrichScore":2884.135}},{"data":{"id":"R-HSA-2151201","display_name":"Transcriptional activation of mitochondrial biogenesis","Node_Type":"Pathway","enrichScore":2288.996}},{"data":{"id":"R-HSA-400253","display_name":"Circadian Clock","Node_Type":"Pathway","enrichScore":2168.522}},{"data":{"id":"R-HSA-2426168","display_name":"Activation of gene expression by SREBF (SREBP)","Node_Type":"Pathway","enrichScore":1883.516}},{"data":{"id":"HP:0012273","display_name":"Increased carotid artery intimal medial thickness","Node_Type":"HPO","enrichScore":325.462}},{"data":{"id":"HP:0004836","display_name":"Acute promyelocytic leukemia","Node_Type":"HPO","enrichScore":108.487}},{"data":{"id":"HP:0009017","display_name":"Loss of gluteal subcutaneous adipose tissue","Node_Type":"HPO","enrichScore":81.365}},{"data":{"id":"HP:0007457","display_name":"Prominent veins on trunk","Node_Type":"HPO","enrichScore":81.365}},{"data":{"id":"HP:0009042","display_name":"Marked muscular hypertrophy","Node_Type":"HPO","enrichScore":81.365}},{"data":{"id":"HP:0012135","display_name":"Abnormal granulocytopoietic cell morphology","Node_Type":"HPO","enrichScore":54.244}},{"data":{"id":"HP:0000292","display_name":"Loss of facial adipose tissue","Node_Type":"HPO","enrichScore":46.495}},{"data":{"id":"HP:0000291","display_name":"Abnormality of facial adipose tissue","Node_Type":"HPO","enrichScore":40.683}},{"data":{"id":"HP:0100601","display_name":"Eclampsia","Node_Type":"HPO","enrichScore":36.162}},{"data":{"id":"HP:0003414","display_name":"Atlantoaxial dislocation","Node_Type":"HPO","enrichScore":36.162}},{"data":{"id":"DB06414","display_name":"Etravirine","Node_Type":"Drug","enrichScore":1000000}},{"data":{"id":"CHEMBL451748","display_name":"CHEMBL451748","Node_Type":"Prediction","enrichScore":20.077}},{"data":{"id":"CHEMBL404246","display_name":"CHEMBL404246","Node_Type":"Prediction","enrichScore":20.077}},{"data":{"id":"CHEMBL218961","display_name":"CHEMBL218961","Node_Type":"Prediction","enrichScore":18.356}},{"data":{"id":"CHEMBL450943","display_name":"CHEMBL450943","Node_Type":"Prediction","enrichScore":17.364}},{"data":{"id":"CHEMBL423323","display_name":"CHEMBL423323","Node_Type":"Prediction","enrichScore":17.209}},{"data":{"id":"CHEMBL22367","display_name":"CHEMBL22367","Node_Type":"Prediction","enrichScore":16.907}},{"data":{"id":"CHEMBL515721","display_name":"CHEMBL515721","Node_Type":"Prediction","enrichScore":16.907}},{"data":{"id":"CHEMBL104370","display_name":"CHEMBL104370","Node_Type":"Prediction","enrichScore":15.444}},{"data":{"id":"CHEMBL432392","display_name":"CHEMBL432392","Node_Type":"Prediction","enrichScore":15.297}},{"data":{"id":"hsa03320","display_name":"PPAR signaling pathway","Node_Type":"kegg_Pathway","enrichScore":63.12}},{"data":{"id":"hsa04211","display_name":"Longevity regulating pathway","Node_Type":"kegg_Pathway","enrichScore":53.191}},{"data":{"id":"hsa04919","display_name":"Thyroid hormone signaling pathway","Node_Type":"kegg_Pathway","enrichScore":39.782}},{"data":{"id":"hsa04714","display_name":"Thermogenesis","Node_Type":"kegg_Pathway","enrichScore":36.276}},{"data":{"id":"hsa04915","display_name":"Estrogen signaling pathway","Node_Type":"kegg_Pathway","enrichScore":32.204}},{"data":{"id":"hsa04920","display_name":"Adipocytokine signaling pathway","Node_Type":"kegg_Pathway","enrichScore":30.493}},{"data":{"id":"hsa04976","display_name":"Bile secretion","Node_Type":"kegg_Pathway","enrichScore":28.822}},{"data":{"id":"hsa04659","display_name":"Th17 cell differentiation","Node_Type":"kegg_Pathway","enrichScore":19.849}},{"data":{"id":"hsa04928","display_name":"Parathyroid hormone synthesis, secretion and action","Node_Type":"kegg_Pathway","enrichScore":19.664}},{"data":{"id":"hsa04152","display_name":"AMPK signaling pathway","Node_Type":"kegg_Pathway","enrichScore":17.533}},{"data":{"id":"H00420","display_name":"Familial partial lipodystrophy","Node_Type":"kegg_Disease","enrichScore":40.297}},{"data":{"id":"H00032","display_name":"Thyroid cancer","Node_Type":"kegg_Disease","enrichScore":17.63}},{"data":{"id":"H00409","display_name":"Type 2 diabetes mellitus","Node_Type":"kegg_Disease","enrichScore":14.846}},{"data":{"id":"H02106","display_name":"Genetic obesity","Node_Type":"kegg_Disease","enrichScore":11.753}},{"data":{"id":"H00264","display_name":"Charcot-Marie-Tooth disease","Node_Type":"kegg_Disease","enrichScore":5.757}}],"edges":[{"data":{"source":"P37231","target":"P37231","Edge_Type":"PPI","label":"interacts w\/"}},{"data":{"source":"P37231","target":"P19793","Edge_Type":"PPI","label":"interacts w\/"}},{"data":{"source":"Q15596","target":"P19793","Edge_Type":"PPI","label":"interacts w\/"}},{"data":{"source":"P55055","target":"P19793","Edge_Type":"PPI","label":"interacts w\/"}},{"data":{"source":"P55055","target":"P37231","Edge_Type":"PPI","label":"interacts w\/"}},{"data":{"source":"Q6STE5","target":"P37231","Edge_Type":"PPI","label":"interacts w\/"}},{"data":{"source":"Q8NFM4","target":"P37231","Edge_Type":"PPI","label":"interacts w\/"}},{"data":{"source":"Q13133","target":"P19793","Edge_Type":"PPI","label":"interacts w\/"}},{"data":{"source":"Q13133","target":"P37231","Edge_Type":"PPI","label":"interacts w\/"}},{"data":{"source":"Q9UBK2","target":"P37231","Edge_Type":"PPI","label":"interacts w\/"}},{"data":{"source":"O00482","target":"Q15596","Edge_Type":"PPI","label":"interacts w\/"}},{"data":{"source":"Q71SY5","target":"P19793","Edge_Type":"PPI","label":"interacts w\/"}},{"data":{"source":"P10276","target":"P19793","Edge_Type":"PPI","label":"interacts w\/"}},{"data":{"source":"P10276","target":"P37231","Edge_Type":"PPI","label":"interacts w\/"}},{"data":{"source":"P10276","target":"Q71SY5","Edge_Type":"PPI","label":"interacts w\/"}},{"data":{"source":"Q15648","target":"P19793","Edge_Type":"PPI","label":"interacts w\/"}},{"data":{"source":"Q15648","target":"P10276","Edge_Type":"PPI","label":"interacts w\/"}},{"data":{"source":"P10909","target":"P37231","Edge_Type":"PPI","label":"interacts w\/"}},{"data":{"source":"HP:0004836","target":"EFO:0000224","Edge_Type":"hpodis","label":"is associated w\/"}},{"data":{"source":"HP:0009017","target":"Orphanet:79083","Edge_Type":"hpodis","label":"is associated w\/"}},{"data":{"source":"HP:0007457","target":"Orphanet:79083","Edge_Type":"hpodis","label":"is associated w\/"}},{"data":{"source":"HP:0009042","target":"Orphanet:79083","Edge_Type":"hpodis","label":"is associated w\/"}},{"data":{"source":"HP:0012135","target":"EFO:0000224","Edge_Type":"hpodis","label":"is associated w\/"}},{"data":{"source":"HP:0000292","target":"Orphanet:79083","Edge_Type":"hpodis","label":"is associated w\/"}},{"data":{"source":"HP:0000291","target":"Orphanet:79083","Edge_Type":"hpodis","label":"is associated w\/"}},{"data":{"source":"HP:0100601","target":"Orphanet:79083","Edge_Type":"hpodis","label":"is associated w\/"}},{"data":{"source":"P10276","target":"EFO:0000224","Edge_Type":"Disease","label":"is related to"}},{"data":{"source":"Q71SY5","target":"Orphanet:101101","Edge_Type":"Disease","label":"is related to"}},{"data":{"source":"P37231","target":"Orphanet:79083","Edge_Type":"Disease","label":"is related to"}},{"data":{"source":"P37231","target":"EFO:0000632","Edge_Type":"Disease","label":"is related to"}},{"data":{"source":"P37231","target":"EFO:0001073","Edge_Type":"Disease","label":"is related to"}},{"data":{"source":"P37231","target":"Orphanet:71529","Edge_Type":"Disease","label":"is related to"}},{"data":{"source":"P37231","target":"Orphanet:77828","Edge_Type":"Disease","label":"is related to"}},{"data":{"source":"P37231","target":"DB08402","Edge_Type":"Drug","label":"targets"}},{"data":{"source":"Q15596","target":"DB08402","Edge_Type":"Drug","label":"targets"}},{"data":{"source":"P19793","target":"DB08402","Edge_Type":"Drug","label":"targets"}},{"data":{"source":"Q15596","target":"DB07863","Edge_Type":"Drug","label":"targets"}},{"data":{"source":"P37231","target":"DB07863","Edge_Type":"Drug","label":"targets"}},{"data":{"source":"P19793","target":"DB07863","Edge_Type":"Drug","label":"targets"}},{"data":{"source":"P19793","target":"DB08063","Edge_Type":"Drug","label":"targets"}},{"data":{"source":"Q13133","target":"DB08063","Edge_Type":"Drug","label":"targets"}},{"data":{"source":"Q15596","target":"DB08601","Edge_Type":"Drug","label":"targets"}},{"data":{"source":"P19793","target":"DB08601","Edge_Type":"Drug","label":"targets"}},{"data":{"source":"P55055","target":"DB07080","Edge_Type":"Drug","label":"targets"}},{"data":{"source":"Q15596","target":"DB07080","Edge_Type":"Drug","label":"targets"}},{"data":{"source":"Q13133","target":"DB07080","Edge_Type":"Drug","label":"targets"}},{"data":{"source":"Q13133","target":"DB13174","Edge_Type":"Drug","label":"targets"}},{"data":{"source":"P55055","target":"DB13174","Edge_Type":"Drug","label":"targets"}},{"data":{"source":"Q15596","target":"DB08175","Edge_Type":"Drug","label":"targets"}},{"data":{"source":"Q13133","target":"DB08175","Edge_Type":"Drug","label":"targets"}},{"data":{"source":"P37231","target":"DB08560","Edge_Type":"Drug","label":"targets"}},{"data":{"source":"P37231","target":"DB08435","Edge_Type":"Drug","label":"targets"}},{"data":{"source":"P37231","target":"DB07172","Edge_Type":"Drug","label":"targets"}},{"data":{"source":"P19793","target":"R-HSA-4090294","Edge_Type":"Pathway","label":"is involved in"}},{"data":{"source":"P37231","target":"R-HSA-4090294","Edge_Type":"Pathway","label":"is involved in"}},{"data":{"source":"P55055","target":"R-HSA-4090294","Edge_Type":"Pathway","label":"is involved in"}},{"data":{"source":"Q13133","target":"R-HSA-4090294","Edge_Type":"Pathway","label":"is involved in"}},{"data":{"source":"O00482","target":"R-HSA-4090294","Edge_Type":"Pathway","label":"is involved in"}},{"data":{"source":"P10276","target":"R-HSA-4090294","Edge_Type":"Pathway","label":"is involved in"}},{"data":{"source":"P19793","target":"R-HSA-383280","Edge_Type":"Pathway","label":"is involved in"}},{"data":{"source":"P37231","target":"R-HSA-383280","Edge_Type":"Pathway","label":"is involved in"}},{"data":{"source":"P55055","target":"R-HSA-383280","Edge_Type":"Pathway","label":"is involved in"}},{"data":{"source":"Q13133","target":"R-HSA-383280","Edge_Type":"Pathway","label":"is involved in"}},{"data":{"source":"O00482","target":"R-HSA-383280","Edge_Type":"Pathway","label":"is involved in"}},{"data":{"source":"P10276","target":"R-HSA-383280","Edge_Type":"Pathway","label":"is involved in"}},{"data":{"source":"Q15648","target":"R-HSA-383280","Edge_Type":"Pathway","label":"is involved in"}},{"data":{"source":"P19793","target":"R-HSA-1368082","Edge_Type":"Pathway","label":"is involved in"}},{"data":{"source":"Q15596","target":"R-HSA-1368082","Edge_Type":"Pathway","label":"is involved in"}},{"data":{"source":"Q6STE5","target":"R-HSA-1368082","Edge_Type":"Pathway","label":"is involved in"}},{"data":{"source":"Q15648","target":"R-HSA-1368082","Edge_Type":"Pathway","label":"is involved in"}},{"data":{"source":"P19793","target":"R-HSA-400206","Edge_Type":"Pathway","label":"is involved in"}},{"data":{"source":"Q15596","target":"R-HSA-400206","Edge_Type":"Pathway","label":"is involved in"}},{"data":{"source":"Q6STE5","target":"R-HSA-400206","Edge_Type":"Pathway","label":"is involved in"}},{"data":{"source":"Q15648","target":"R-HSA-400206","Edge_Type":"Pathway","label":"is involved in"}},{"data":{"source":"P19793","target":"R-HSA-1989781","Edge_Type":"Pathway","label":"is involved in"}},{"data":{"source":"P37231","target":"R-HSA-1989781","Edge_Type":"Pathway","label":"is involved in"}},{"data":{"source":"Q15596","target":"R-HSA-1989781","Edge_Type":"Pathway","label":"is involved in"}},{"data":{"source":"P55055","target":"R-HSA-1989781","Edge_Type":"Pathway","label":"is involved in"}},{"data":{"source":"Q6STE5","target":"R-HSA-1989781","Edge_Type":"Pathway","label":"is involved in"}},{"data":{"source":"Q13133","target":"R-HSA-1989781","Edge_Type":"Pathway","label":"is involved in"}},{"data":{"source":"Q9UBK2","target":"R-HSA-1989781","Edge_Type":"Pathway","label":"is involved in"}},{"data":{"source":"Q71SY5","target":"R-HSA-1989781","Edge_Type":"Pathway","label":"is involved in"}},{"data":{"source":"Q15648","target":"R-HSA-1989781","Edge_Type":"Pathway","label":"is involved in"}},{"data":{"source":"P19793","target":"R-HSA-1368108","Edge_Type":"Pathway","label":"is involved in"}},{"data":{"source":"Q15596","target":"R-HSA-1368108","Edge_Type":"Pathway","label":"is involved in"}},{"data":{"source":"Q6STE5","target":"R-HSA-1368108","Edge_Type":"Pathway","label":"is involved in"}},{"data":{"source":"Q15648","target":"R-HSA-1368108","Edge_Type":"Pathway","label":"is involved in"}},{"data":{"source":"P19793","target":"R-HSA-381340","Edge_Type":"Pathway","label":"is involved in"}},{"data":{"source":"P37231","target":"R-HSA-381340","Edge_Type":"Pathway","label":"is involved in"}},{"data":{"source":"Q15596","target":"R-HSA-381340","Edge_Type":"Pathway","label":"is involved in"}},{"data":{"source":"Q6STE5","target":"R-HSA-381340","Edge_Type":"Pathway","label":"is involved in"}},{"data":{"source":"Q9UBK2","target":"R-HSA-381340","Edge_Type":"Pathway","label":"is involved in"}},{"data":{"source":"Q71SY5","target":"R-HSA-381340","Edge_Type":"Pathway","label":"is involved in"}},{"data":{"source":"Q15648","target":"R-HSA-381340","Edge_Type":"Pathway","label":"is involved in"}},{"data":{"source":"P19793","target":"R-HSA-2151201","Edge_Type":"Pathway","label":"is involved in"}},{"data":{"source":"Q15596","target":"R-HSA-2151201","Edge_Type":"Pathway","label":"is involved in"}},{"data":{"source":"Q6STE5","target":"R-HSA-2151201","Edge_Type":"Pathway","label":"is involved in"}},{"data":{"source":"Q9UBK2","target":"R-HSA-2151201","Edge_Type":"Pathway","label":"is involved in"}},{"data":{"source":"Q15648","target":"R-HSA-2151201","Edge_Type":"Pathway","label":"is involved in"}},{"data":{"source":"P19793","target":"R-HSA-400253","Edge_Type":"Pathway","label":"is involved in"}},{"data":{"source":"Q15596","target":"R-HSA-400253","Edge_Type":"Pathway","label":"is involved in"}},{"data":{"source":"Q6STE5","target":"R-HSA-400253","Edge_Type":"Pathway","label":"is involved in"}},{"data":{"source":"Q9UBK2","target":"R-HSA-400253","Edge_Type":"Pathway","label":"is involved in"}},{"data":{"source":"Q15648","target":"R-HSA-400253","Edge_Type":"Pathway","label":"is involved in"}},{"data":{"source":"P19793","target":"R-HSA-2426168","Edge_Type":"Pathway","label":"is involved in"}},{"data":{"source":"Q15596","target":"R-HSA-2426168","Edge_Type":"Pathway","label":"is involved in"}},{"data":{"source":"Q6STE5","target":"R-HSA-2426168","Edge_Type":"Pathway","label":"is involved in"}},{"data":{"source":"Q15648","target":"R-HSA-2426168","Edge_Type":"Pathway","label":"is involved in"}},{"data":{"source":"P37231","target":"HP:0012273","Edge_Type":"HPO","label":"is associated w\/"}},{"data":{"source":"P10276","target":"HP:0004836","Edge_Type":"HPO","label":"is associated w\/"}},{"data":{"source":"P37231","target":"HP:0009017","Edge_Type":"HPO","label":"is associated w\/"}},{"data":{"source":"P37231","target":"HP:0007457","Edge_Type":"HPO","label":"is associated w\/"}},{"data":{"source":"P37231","target":"HP:0009042","Edge_Type":"HPO","label":"is associated w\/"}},{"data":{"source":"P10276","target":"HP:0012135","Edge_Type":"HPO","label":"is associated w\/"}},{"data":{"source":"P37231","target":"HP:0000292","Edge_Type":"HPO","label":"is associated w\/"}},{"data":{"source":"P37231","target":"HP:0000291","Edge_Type":"HPO","label":"is associated w\/"}},{"data":{"source":"P37231","target":"HP:0100601","Edge_Type":"HPO","label":"is associated w\/"}},{"data":{"source":"P37231","target":"HP:0003414","Edge_Type":"HPO","label":"is associated w\/"}},{"data":{"source":"P19793","target":"DB06414","Edge_Type":"Prediction","label":"targets"}},{"data":{"source":"P37231","target":"DB06414","Edge_Type":"Prediction","label":"targets"}},{"data":{"source":"P55055","target":"DB06414","Edge_Type":"Prediction","label":"targets"}},{"data":{"source":"P10276","target":"DB06414","Edge_Type":"Prediction","label":"targets"}},{"data":{"source":"P19793","target":"CHEMBL451748","Edge_Type":"Prediction","label":"targets"}},{"data":{"source":"P55055","target":"CHEMBL451748","Edge_Type":"Prediction","label":"targets"}},{"data":{"source":"P10276","target":"CHEMBL451748","Edge_Type":"Prediction","label":"targets"}},{"data":{"source":"P19793","target":"CHEMBL404246","Edge_Type":"Prediction","label":"targets"}},{"data":{"source":"P55055","target":"CHEMBL404246","Edge_Type":"Prediction","label":"targets"}},{"data":{"source":"P10276","target":"CHEMBL404246","Edge_Type":"Prediction","label":"targets"}},{"data":{"source":"P19793","target":"CHEMBL218961","Edge_Type":"Prediction","label":"targets"}},{"data":{"source":"P37231","target":"CHEMBL218961","Edge_Type":"Prediction","label":"targets"}},{"data":{"source":"P55055","target":"CHEMBL218961","Edge_Type":"Prediction","label":"targets"}},{"data":{"source":"P10276","target":"CHEMBL218961","Edge_Type":"Prediction","label":"targets"}},{"data":{"source":"P19793","target":"CHEMBL450943","Edge_Type":"Prediction","label":"targets"}},{"data":{"source":"P37231","target":"CHEMBL450943","Edge_Type":"Prediction","label":"targets"}},{"data":{"source":"P55055","target":"CHEMBL450943","Edge_Type":"Prediction","label":"targets"}},{"data":{"source":"Q13133","target":"CHEMBL450943","Edge_Type":"Prediction","label":"targets"}},{"data":{"source":"P19793","target":"CHEMBL423323","Edge_Type":"Prediction","label":"targets"}},{"data":{"source":"P55055","target":"CHEMBL423323","Edge_Type":"Prediction","label":"targets"}},{"data":{"source":"P10276","target":"CHEMBL423323","Edge_Type":"Prediction","label":"targets"}},{"data":{"source":"P19793","target":"CHEMBL22367","Edge_Type":"Prediction","label":"targets"}},{"data":{"source":"P37231","target":"CHEMBL22367","Edge_Type":"Prediction","label":"targets"}},{"data":{"source":"P55055","target":"CHEMBL22367","Edge_Type":"Prediction","label":"targets"}},{"data":{"source":"P10276","target":"CHEMBL22367","Edge_Type":"Prediction","label":"targets"}},{"data":{"source":"P19793","target":"CHEMBL515721","Edge_Type":"Prediction","label":"targets"}},{"data":{"source":"P37231","target":"CHEMBL515721","Edge_Type":"Prediction","label":"targets"}},{"data":{"source":"P55055","target":"CHEMBL515721","Edge_Type":"Prediction","label":"targets"}},{"data":{"source":"P10276","target":"CHEMBL515721","Edge_Type":"Prediction","label":"targets"}},{"data":{"source":"P19793","target":"CHEMBL104370","Edge_Type":"Prediction","label":"targets"}},{"data":{"source":"P37231","target":"CHEMBL104370","Edge_Type":"Prediction","label":"targets"}},{"data":{"source":"P55055","target":"CHEMBL104370","Edge_Type":"Prediction","label":"targets"}},{"data":{"source":"Q13133","target":"CHEMBL104370","Edge_Type":"Prediction","label":"targets"}},{"data":{"source":"P10276","target":"CHEMBL104370","Edge_Type":"Prediction","label":"targets"}},{"data":{"source":"P19793","target":"CHEMBL432392","Edge_Type":"Prediction","label":"targets"}},{"data":{"source":"P55055","target":"CHEMBL432392","Edge_Type":"Prediction","label":"targets"}},{"data":{"source":"Q13133","target":"CHEMBL432392","Edge_Type":"Prediction","label":"targets"}},{"data":{"source":"P10276","target":"CHEMBL432392","Edge_Type":"Prediction","label":"targets"}},{"data":{"source":"H00420","target":"hsa03320","Edge_Type":"kegg_dis_path","label":"modulates"}},{"data":{"source":"H00409","target":"hsa03320","Edge_Type":"kegg_dis_path","label":"modulates"}},{"data":{"source":"H02106","target":"hsa03320","Edge_Type":"kegg_dis_path","label":"modulates"}},{"data":{"source":"H02106","target":"hsa04714","Edge_Type":"kegg_dis_path","label":"modulates"}},{"data":{"source":"P19793","target":"hsa03320","Edge_Type":"kegg_path_prot","label":"is involved in"}},{"data":{"source":"P37231","target":"hsa03320","Edge_Type":"kegg_path_prot","label":"is involved in"}},{"data":{"source":"Q13133","target":"hsa03320","Edge_Type":"kegg_path_prot","label":"is involved in"}},{"data":{"source":"P37231","target":"hsa04211","Edge_Type":"kegg_path_prot","label":"is involved in"}},{"data":{"source":"Q8NFM4","target":"hsa04211","Edge_Type":"kegg_path_prot","label":"is involved in"}},{"data":{"source":"Q9UBK2","target":"hsa04211","Edge_Type":"kegg_path_prot","label":"is involved in"}},{"data":{"source":"P19793","target":"hsa04919","Edge_Type":"kegg_path_prot","label":"is involved in"}},{"data":{"source":"Q15596","target":"hsa04919","Edge_Type":"kegg_path_prot","label":"is involved in"}},{"data":{"source":"Q15648","target":"hsa04919","Edge_Type":"kegg_path_prot","label":"is involved in"}},{"data":{"source":"P37231","target":"hsa04714","Edge_Type":"kegg_path_prot","label":"is involved in"}},{"data":{"source":"Q6STE5","target":"hsa04714","Edge_Type":"kegg_path_prot","label":"is involved in"}},{"data":{"source":"Q8NFM4","target":"hsa04714","Edge_Type":"kegg_path_prot","label":"is involved in"}},{"data":{"source":"Q9UBK2","target":"hsa04714","Edge_Type":"kegg_path_prot","label":"is involved in"}},{"data":{"source":"Q15596","target":"hsa04915","Edge_Type":"kegg_path_prot","label":"is involved in"}},{"data":{"source":"Q8NFM4","target":"hsa04915","Edge_Type":"kegg_path_prot","label":"is involved in"}},{"data":{"source":"P10276","target":"hsa04915","Edge_Type":"kegg_path_prot","label":"is involved in"}},{"data":{"source":"P19793","target":"hsa04920","Edge_Type":"kegg_path_prot","label":"is involved in"}},{"data":{"source":"Q9UBK2","target":"hsa04920","Edge_Type":"kegg_path_prot","label":"is involved in"}},{"data":{"source":"P19793","target":"hsa04976","Edge_Type":"kegg_path_prot","label":"is involved in"}},{"data":{"source":"Q8NFM4","target":"hsa04976","Edge_Type":"kegg_path_prot","label":"is involved in"}},{"data":{"source":"P19793","target":"hsa04659","Edge_Type":"kegg_path_prot","label":"is involved in"}},{"data":{"source":"P10276","target":"hsa04659","Edge_Type":"kegg_path_prot","label":"is involved in"}},{"data":{"source":"P19793","target":"hsa04928","Edge_Type":"kegg_path_prot","label":"is involved in"}},{"data":{"source":"Q8NFM4","target":"hsa04928","Edge_Type":"kegg_path_prot","label":"is involved in"}},{"data":{"source":"P37231","target":"hsa04152","Edge_Type":"kegg_path_prot","label":"is involved in"}},{"data":{"source":"Q9UBK2","target":"hsa04152","Edge_Type":"kegg_path_prot","label":"is involved in"}},{"data":{"source":"P37231","target":"H00420","Edge_Type":"kegg_dis_prot","label":"is related to"}},{"data":{"source":"P37231","target":"H00032","Edge_Type":"kegg_dis_prot","label":"is related to"}},{"data":{"source":"P37231","target":"H00409","Edge_Type":"kegg_dis_prot","label":"is related to"}},{"data":{"source":"P37231","target":"H02106","Edge_Type":"kegg_dis_prot","label":"is related to"}},{"data":{"source":"Q71SY5","target":"H00264","Edge_Type":"kegg_dis_prot","label":"is related to"}}]}