{"options":{"search_start":1613056746,"tax_ids":[9606],"num_of_fn_nodes":10,"num_of_pathways":10,"num_of_phenotypes":10,"num_of_drugs":10,"num_of_diseases":10,"num_of_compounds":10,"chembl_compounds":0,"predictions":1,"reviewed_filter":1,"fn":1,"chembl":1,"search_finish":1613056750,"search_runtime":4},"search":[{"Drug":[{"DB04237":"Tris(Hydroxyethyl)Aminomethane"}]}],"nodes":[{"data":{"id":"P04745","display_name":"AMY1A","Node_Type":"Protein"}},{"data":{"id":"Q8TAX7","display_name":"MUC7","Node_Type":"Protein_N"}},{"data":{"id":"MONDO:0010940","display_name":"inherited susceptibility to asthma","Node_Type":"Disease","enrichScore":300.083}},{"data":{"id":"EFO:0000270","display_name":"asthma","Node_Type":"Disease","enrichScore":180.05}},{"data":{"id":"DB04237","display_name":"Tris(Hydroxyethyl)Aminomethane","Node_Type":"Drug","enrichScore":9999999}},{"data":{"id":"DB03439","display_name":"4,6-dideoxy-4-amino-alpha-D-glucose","Node_Type":"Drug","enrichScore":1192.25}},{"data":{"id":"DB03092","display_name":"5-Hydroxymethyl-Chonduritol","Node_Type":"Drug","enrichScore":794.833}},{"data":{"id":"DB03088","display_name":"Pidolic acid","Node_Type":"Drug","enrichScore":158.967}},{"data":{"id":"DB02379","display_name":"Beta-D-Glucose","Node_Type":"Drug","enrichScore":30.571}},{"data":{"id":"R-HSA-189085","display_name":"Digestion of dietary carbohydrate","Node_Type":"Pathway","enrichScore":3570.833}},{"data":{"id":"R-HSA-5083625","display_name":"Defective GALNT3 causes familial hyperphosphatemic tumoral calcinosis (HFTC)","Node_Type":"Pathway","enrichScore":1691.447}},{"data":{"id":"R-HSA-5083632","display_name":"Defective C1GALT1C1 causes Tn polyagglutination syndrome (TNPS)","Node_Type":"Pathway","enrichScore":1691.447}},{"data":{"id":"R-HSA-5083636","display_name":"Defective GALNT12 causes colorectal cancer 1 (CRCS1)","Node_Type":"Pathway","enrichScore":1691.447}},{"data":{"id":"R-HSA-977068","display_name":"Termination of O-glycan biosynthesis","Node_Type":"Pathway","enrichScore":1236.058}},{"data":{"id":"R-HSA-5621480","display_name":"Dectin-2 family","Node_Type":"Pathway","enrichScore":1108.19}},{"data":{"id":"R-HSA-913709","display_name":"O-linked glycosylation of mucins","Node_Type":"Pathway","enrichScore":563.816}},{"data":{"id":"HP:0001426","display_name":"Multifactorial inheritance","Node_Type":"HPO","enrichScore":27.836}},{"data":{"id":"HP:0002099","display_name":"Asthma","Node_Type":"HPO","enrichScore":16.924}},{"data":{"id":"HP:0100326","display_name":"Immunologic hypersensitivity","Node_Type":"HPO","enrichScore":13.059}},{"data":{"id":"HP:0002795","display_name":"Functional respiratory abnormality","Node_Type":"HPO","enrichScore":1.953}},{"data":{"id":"HP:0010978","display_name":"Abnormality of immune system physiology","Node_Type":"HPO","enrichScore":1.747}},{"data":{"id":"HP:0002086","display_name":"Abnormality of the respiratory system","Node_Type":"HPO","enrichScore":1.402}},{"data":{"id":"HP:0002715","display_name":"Abnormality of the immune system","Node_Type":"HPO","enrichScore":1.378}},{"data":{"id":"HP:0000006","display_name":"Autosomal dominant inheritance","Node_Type":"HPO","enrichScore":1.24}},{"data":{"id":"hsa00500","display_name":"Starch and sucrose metabolism","Node_Type":"kegg_Pathway","enrichScore":854.75}},{"data":{"id":"hsa04973","display_name":"Carbohydrate digestion and absorption","Node_Type":"kegg_Pathway","enrichScore":654.702}},{"data":{"id":"hsa04970","display_name":"Salivary secretion","Node_Type":"kegg_Pathway","enrichScore":569.833}},{"data":{"id":"hsa04972","display_name":"Pancreatic secretion","Node_Type":"kegg_Pathway","enrichScore":304.663}},{"data":{"id":"hsa01100","display_name":"Metabolic pathways","Node_Type":"kegg_Pathway","enrichScore":20.805}}],"edges":[{"data":{"source":"Q8TAX7","target":"P04745","Edge_Type":"PPI","label":"interacts w\/"}},{"data":{"source":"HP:0001426","target":"MONDO:0010940","Edge_Type":"hpodis","label":"is associated w\/"}},{"data":{"source":"HP:0002099","target":"MONDO:0010940","Edge_Type":"hpodis","label":"is associated w\/"}},{"data":{"source":"HP:0100326","target":"MONDO:0010940","Edge_Type":"hpodis","label":"is associated w\/"}},{"data":{"source":"HP:0002795","target":"MONDO:0010940","Edge_Type":"hpodis","label":"is associated w\/"}},{"data":{"source":"HP:0010978","target":"MONDO:0010940","Edge_Type":"hpodis","label":"is associated w\/"}},{"data":{"source":"HP:0002086","target":"MONDO:0010940","Edge_Type":"hpodis","label":"is associated w\/"}},{"data":{"source":"HP:0002715","target":"MONDO:0010940","Edge_Type":"hpodis","label":"is associated w\/"}},{"data":{"source":"HP:0000006","target":"MONDO:0010940","Edge_Type":"hpodis","label":"is associated w\/"}},{"data":{"source":"Q8TAX7","target":"MONDO:0010940","Edge_Type":"Disease","label":"is related to"}},{"data":{"source":"Q8TAX7","target":"EFO:0000270","Edge_Type":"Disease","label":"is related to"}},{"data":{"source":"P04745","target":"DB04237","Edge_Type":"Drug","label":"targets"}},{"data":{"source":"P04745","target":"DB03439","Edge_Type":"Drug","label":"targets"}},{"data":{"source":"P04745","target":"DB03092","Edge_Type":"Drug","label":"targets"}},{"data":{"source":"P04745","target":"DB03088","Edge_Type":"Drug","label":"targets"}},{"data":{"source":"P04745","target":"DB02379","Edge_Type":"Drug","label":"targets"}},{"data":{"source":"P04745","target":"R-HSA-189085","Edge_Type":"Pathway","label":"is involved in"}},{"data":{"source":"Q8TAX7","target":"R-HSA-5083625","Edge_Type":"Pathway","label":"is involved in"}},{"data":{"source":"Q8TAX7","target":"R-HSA-5083632","Edge_Type":"Pathway","label":"is involved in"}},{"data":{"source":"Q8TAX7","target":"R-HSA-5083636","Edge_Type":"Pathway","label":"is involved in"}},{"data":{"source":"Q8TAX7","target":"R-HSA-977068","Edge_Type":"Pathway","label":"is involved in"}},{"data":{"source":"Q8TAX7","target":"R-HSA-5621480","Edge_Type":"Pathway","label":"is involved in"}},{"data":{"source":"Q8TAX7","target":"R-HSA-913709","Edge_Type":"Pathway","label":"is involved in"}},{"data":{"source":"Q8TAX7","target":"HP:0001426","Edge_Type":"HPO","label":"is associated w\/"}},{"data":{"source":"Q8TAX7","target":"HP:0002099","Edge_Type":"HPO","label":"is associated w\/"}},{"data":{"source":"Q8TAX7","target":"HP:0100326","Edge_Type":"HPO","label":"is associated w\/"}},{"data":{"source":"Q8TAX7","target":"HP:0002795","Edge_Type":"HPO","label":"is associated w\/"}},{"data":{"source":"Q8TAX7","target":"HP:0010978","Edge_Type":"HPO","label":"is associated w\/"}},{"data":{"source":"Q8TAX7","target":"HP:0002086","Edge_Type":"HPO","label":"is associated w\/"}},{"data":{"source":"Q8TAX7","target":"HP:0002715","Edge_Type":"HPO","label":"is associated w\/"}},{"data":{"source":"Q8TAX7","target":"HP:0000006","Edge_Type":"HPO","label":"is associated w\/"}},{"data":{"source":"P04745","target":"hsa00500","Edge_Type":"kegg_path_prot","label":"is involved in"}},{"data":{"source":"P04745","target":"hsa00500","Edge_Type":"kegg_path_prot","label":"is involved in"}},{"data":{"source":"P04745","target":"hsa00500","Edge_Type":"kegg_path_prot","label":"is involved in"}},{"data":{"source":"P04745","target":"hsa04973","Edge_Type":"kegg_path_prot","label":"is involved in"}},{"data":{"source":"P04745","target":"hsa04973","Edge_Type":"kegg_path_prot","label":"is involved in"}},{"data":{"source":"P04745","target":"hsa04973","Edge_Type":"kegg_path_prot","label":"is involved in"}},{"data":{"source":"P04745","target":"hsa04970","Edge_Type":"kegg_path_prot","label":"is involved in"}},{"data":{"source":"P04745","target":"hsa04970","Edge_Type":"kegg_path_prot","label":"is involved in"}},{"data":{"source":"P04745","target":"hsa04970","Edge_Type":"kegg_path_prot","label":"is involved in"}},{"data":{"source":"Q8TAX7","target":"hsa04970","Edge_Type":"kegg_path_prot","label":"is involved in"}},{"data":{"source":"P04745","target":"hsa04972","Edge_Type":"kegg_path_prot","label":"is involved in"}},{"data":{"source":"P04745","target":"hsa04972","Edge_Type":"kegg_path_prot","label":"is involved in"}},{"data":{"source":"P04745","target":"hsa04972","Edge_Type":"kegg_path_prot","label":"is involved in"}},{"data":{"source":"P04745","target":"hsa01100","Edge_Type":"kegg_path_prot","label":"is involved in"}},{"data":{"source":"P04745","target":"hsa01100","Edge_Type":"kegg_path_prot","label":"is involved in"}},{"data":{"source":"P04745","target":"hsa01100","Edge_Type":"kegg_path_prot","label":"is involved in"}}]}