Core Proteins,Interacting Proteins,Pathways,HPO terms,Diseases,Targeting Drugs,Experimental Bioactive Compounds (pChEMBL),Predicted interacting Compounds
ABL1 (P00519),KIT (P10721); SHB (Q15464); SLC22A3 (O75751),hsa04014 Ras signaling pathway[scr:324]; hsa04722 Neurotrophin signaling pathway[scr:47],,,DB08896 Regorafenib[scr:9999999]; DB08901 Ponatinib[scr:702]; DB00619 Imatinib[scr:587],,CHEMBL1778102 [scr:72]; CHEMBL3947119 [scr:64.29]; CHEMBL3980816 [scr:57.6]; CHEMBL3907795 [scr:56.25]; CHEMBL3643412 [scr:56.25]; CHEMBL3959876 [scr:50]; CHEMBL3891495 [scr:48]; CHEMBL1609124 [scr:48]; CHEMBL3967256 [scr:48]
RAF1 (P04049),RAF1 (P04049); BRAF (P15056); PDGFRB (P09619),hsa04015 Rap1 signaling pathway[scr:352]; hsa04014 Ras signaling pathway[scr:324]; hsa04010 MAPK signaling pathway[scr:288]; hsa04151 PI3K-Akt signaling pathway[scr:192]; hsa04510 Focal adhesion[scr:118]; hsa04810 Regulation of actin cytoskeleton[scr:90]; hsa04370 VEGF signaling pathway[scr:64]; hsa04722 Neurotrophin signaling pathway[scr:47]; hsa04540 Gap junction[scr:41]; hsa04072 Phospholipase D signaling pathway[scr:40],,Orphanet:500 LEOPARD syndrome (EFO)[scr:166]; H01984 Leopard syndrome (KEGG)[scr:169],DB08896 Regorafenib[scr:9999999]; DB00398 Sorafenib[scr:1332],,CHEMBL3947119 [scr:64.29]; CHEMBL3907795 [scr:56.25]; CHEMBL3643412 [scr:56.25]; CHEMBL3674454 [scr:54]; CHEMBL3959876 [scr:50]
NTRK1 (P04629),NTRK1 (P04629),R-HSA-187706 Signalling to p38 via RIT and RIN[scr:1773]; hsa04014 Ras signaling pathway[scr:324]; hsa04010 MAPK signaling pathway[scr:288]; hsa04151 PI3K-Akt signaling pathway[scr:192]; hsa04722 Neurotrophin signaling pathway[scr:47],HP:0002865 Medullary thyroid carcinoma[scr:195],,DB08896 Regorafenib[scr:9999999]; DB00619 Imatinib[scr:587],,
RET (P07949),,R-HSA-5673001 RAF/MAP kinase cascade[scr:1863],HP:0002865 Medullary thyroid carcinoma[scr:195]; HP:0011781 Thyroid C cell hyperplasia[scr:146],,DB08896 Regorafenib[scr:9999999]; DB00398 Sorafenib[scr:1332]; DB09078 Lenvatinib[scr:1316]; DB08901 Ponatinib[scr:702],,
PDGFRB (P09619),KDR (P35968); PDGFRA (P16234); RAF1 (P04049); PDGFB (P01127); PTPRJ (Q12913),R-HSA-2219530 Constitutive Signaling by Aberrant PI3K in Cancer[scr:1917]; R-HSA-5673001 RAF/MAP kinase cascade[scr:1863]; hsa04015 Rap1 signaling pathway[scr:352]; hsa04014 Ras signaling pathway[scr:324]; hsa04010 MAPK signaling pathway[scr:288]; hsa04151 PI3K-Akt signaling pathway[scr:192]; hsa04510 Focal adhesion[scr:118]; hsa04810 Regulation of actin cytoskeleton[scr:90]; hsa04540 Gap junction[scr:41]; hsa04072 Phospholipase D signaling pathway[scr:40],HP:0002461 Dense calcifications in the cerebellar dentate nucleus[scr:195]; HP:0002504 Calcification of the small brain vessels[scr:195]; HP:0031306 Intracranial arterial calcification[scr:195],H01574 Familial idiopathic basal ganglia calcification (KEGG)[scr:126],DB08896 Regorafenib[scr:9999999]; DB00398 Sorafenib[scr:1332]; DB09079 Nintedanib[scr:806]; DB06589 Pazopanib[scr:806]; DB01268 Sunitinib[scr:740]; DB05146 XL820[scr:658]; DB00619 Imatinib[scr:587],,CHEMBL1778102 [scr:72]; CHEMBL3947119 [scr:64.29]; CHEMBL3980816 [scr:57.6]; CHEMBL3907795 [scr:56.25]; CHEMBL3643412 [scr:56.25]; CHEMBL3674454 [scr:54]; CHEMBL3959876 [scr:50]; CHEMBL3891495 [scr:48]; CHEMBL1609124 [scr:48]; CHEMBL3967256 [scr:48]
KIT (P10721),ABL1 (P00519); SHB (Q15464),R-HSA-2219530 Constitutive Signaling by Aberrant PI3K in Cancer[scr:1917]; R-HSA-5673001 RAF/MAP kinase cascade[scr:1863]; hsa04015 Rap1 signaling pathway[scr:352]; hsa04014 Ras signaling pathway[scr:324]; hsa04010 MAPK signaling pathway[scr:288]; hsa04151 PI3K-Akt signaling pathway[scr:192]; hsa04072 Phospholipase D signaling pathway[scr:40],,EFO:0000505 obsolete_gastrointestinal stromal tumor (EFO)[scr:248]; Orphanet:44890 Gastrointestinal stromal tumor (EFO)[scr:248]; H01591 Gastrotintestinal stromal tumor (KEGG)[scr:253]; H01511 Mast-cell leukemia (KEGG)[scr:126],DB08896 Regorafenib[scr:9999999]; DB00398 Sorafenib[scr:1332]; DB09078 Lenvatinib[scr:1316]; DB06589 Pazopanib[scr:806]; DB01268 Sunitinib[scr:740]; DB08901 Ponatinib[scr:702]; DB05146 XL820[scr:658]; DB00619 Imatinib[scr:587],,CHEMBL1778102 [scr:72]; CHEMBL3947119 [scr:64.29]; CHEMBL3980816 [scr:57.6]; CHEMBL3907795 [scr:56.25]; CHEMBL3643412 [scr:56.25]; CHEMBL3674454 [scr:54]; CHEMBL3959876 [scr:50]; CHEMBL3891495 [scr:48]; CHEMBL1609124 [scr:48]; CHEMBL3967256 [scr:48]
FGFR1 (P11362),FGFR1 (P11362); FGF1 (P05230),R-HSA-1839120 Signaling by FGFR1 amplification mutants[scr:2216]; R-HSA-2219530 Constitutive Signaling by Aberrant PI3K in Cancer[scr:1917]; R-HSA-5673001 RAF/MAP kinase cascade[scr:1863]; hsa04015 Rap1 signaling pathway[scr:352]; hsa04014 Ras signaling pathway[scr:324]; hsa04010 MAPK signaling pathway[scr:288]; hsa04151 PI3K-Akt signaling pathway[scr:192]; hsa04810 Regulation of actin cytoskeleton[scr:90],HP:0005347 Cartilaginous trachea[scr:292]; HP:0008122 Calcaneonavicular fusion[scr:292],Orphanet:1540 Jackson-Weiss syndrome (EFO)[scr:248]; Orphanet:710 Pfeiffer syndrome (EFO)[scr:248]; EFO:0004123 obsolete_acrocephalosyndactylia (EFO)[scr:166]; H01988 Jackson-Weiss syndrome (KEGG)[scr:253]; H01756 Pfeiffer syndrome (KEGG)[scr:253]; H01850 Hartsfield syndrome (KEGG)[scr:126],DB08896 Regorafenib[scr:9999999]; DB00398 Sorafenib[scr:1332]; DB09078 Lenvatinib[scr:1316]; DB09079 Nintedanib[scr:806]; DB08901 Ponatinib[scr:702],,
BRAF (P15056),BRAF (P15056); RAF1 (P04049),R-HSA-187706 Signalling to p38 via RIT and RIN[scr:1773]; hsa04015 Rap1 signaling pathway[scr:352]; hsa04010 MAPK signaling pathway[scr:288]; hsa04510 Focal adhesion[scr:118]; hsa04810 Regulation of actin cytoskeleton[scr:90]; hsa04722 Neurotrophin signaling pathway[scr:47],HP:0012059 Lentigo maligna melanoma[scr:146],Orphanet:500 LEOPARD syndrome (EFO)[scr:166]; H01984 Leopard syndrome (KEGG)[scr:169],DB08896 Regorafenib[scr:9999999]; DB00398 Sorafenib[scr:1332],,
PDGFRA (P16234),PDGFRB (P09619); PDGFB (P01127),R-HSA-2219530 Constitutive Signaling by Aberrant PI3K in Cancer[scr:1917]; R-HSA-5673001 RAF/MAP kinase cascade[scr:1863]; hsa04015 Rap1 signaling pathway[scr:352]; hsa04014 Ras signaling pathway[scr:324]; hsa04010 MAPK signaling pathway[scr:288]; hsa04151 PI3K-Akt signaling pathway[scr:192]; hsa04510 Focal adhesion[scr:118]; hsa04810 Regulation of actin cytoskeleton[scr:90]; hsa04540 Gap junction[scr:41]; hsa04072 Phospholipase D signaling pathway[scr:40],,EFO:0000505 obsolete_gastrointestinal stromal tumor (EFO)[scr:248]; Orphanet:44890 Gastrointestinal stromal tumor (EFO)[scr:248]; H01591 Gastrotintestinal stromal tumor (KEGG)[scr:253],DB08896 Regorafenib[scr:9999999]; DB09078 Lenvatinib[scr:1316]; DB09079 Nintedanib[scr:806]; DB06589 Pazopanib[scr:806]; DB01268 Sunitinib[scr:740]; DB08901 Ponatinib[scr:702]; DB05146 XL820[scr:658]; DB00619 Imatinib[scr:587],,
FLT1 (P17948),HSPG2 (P98160); HSPG2 (P98160); VEGFA (P15692); VEGFA (P15692); PTPRJ (Q12913),R-HSA-195399 VEGF binds to VEGFR leading to receptor dimerization[scr:6926]; R-HSA-194306 Neurophilin interactions with VEGF and VEGFR[scr:2216]; hsa04015 Rap1 signaling pathway[scr:352]; hsa04014 Ras signaling pathway[scr:324]; hsa04010 MAPK signaling pathway[scr:288]; hsa04151 PI3K-Akt signaling pathway[scr:192]; hsa04510 Focal adhesion[scr:118],,,DB08896 Regorafenib[scr:9999999]; DB00398 Sorafenib[scr:1332]; DB09078 Lenvatinib[scr:1316]; DB09079 Nintedanib[scr:806]; DB06589 Pazopanib[scr:806]; DB01268 Sunitinib[scr:740]; DB04879 Vatalanib[scr:493],,CHEMBL1778102 [scr:72]; CHEMBL3947119 [scr:64.29]; CHEMBL3980816 [scr:57.6]; CHEMBL3907795 [scr:56.25]; CHEMBL3643412 [scr:56.25]; CHEMBL3959876 [scr:50]; CHEMBL3891495 [scr:48]; CHEMBL1609124 [scr:48]; CHEMBL3967256 [scr:48]
FGFR2 (P21802),FGF1 (P05230); FGF1 (P05230); FGF1 (P05230); FGF7 (P21781),R-HSA-8853333 Signaling by FGFR2 fusions[scr:2216]; R-HSA-2023837 Signaling by FGFR2 amplification mutants[scr:2216]; R-HSA-190377 FGFR2b ligand binding and activation[scr:1995]; R-HSA-2219530 Constitutive Signaling by Aberrant PI3K in Cancer[scr:1917]; R-HSA-5673001 RAF/MAP kinase cascade[scr:1863]; hsa04015 Rap1 signaling pathway[scr:352]; hsa04014 Ras signaling pathway[scr:324]; hsa04010 MAPK signaling pathway[scr:288]; hsa04151 PI3K-Akt signaling pathway[scr:192]; hsa04810 Regulation of actin cytoskeleton[scr:90],HP:0005347 Cartilaginous trachea[scr:292]; HP:0008122 Calcaneonavicular fusion[scr:292]; HP:0003246 Prominent scrotal raphe[scr:146],Orphanet:1540 Jackson-Weiss syndrome (EFO)[scr:248]; Orphanet:710 Pfeiffer syndrome (EFO)[scr:248]; EFO:0004123 obsolete_acrocephalosyndactylia (EFO)[scr:166]; Orphanet:1555 Cutis gyrata - acanthosis nigricans - craniosynostosis (EFO)[scr:124]; H01988 Jackson-Weiss syndrome (KEGG)[scr:253]; H01756 Pfeiffer syndrome (KEGG)[scr:253]; H01989 Beare-Stevenson syndrome (KEGG)[scr:126],DB08896 Regorafenib[scr:9999999]; DB09078 Lenvatinib[scr:1316]; DB09079 Nintedanib[scr:806]; DB08901 Ponatinib[scr:702],,
EPHA2 (P29317),,hsa04015 Rap1 signaling pathway[scr:352]; hsa04014 Ras signaling pathway[scr:324]; hsa04010 MAPK signaling pathway[scr:288]; hsa04151 PI3K-Akt signaling pathway[scr:192],,,DB08896 Regorafenib[scr:9999999],,
EPHX2 (P34913),,,,,DB08896 Regorafenib[scr:9999999],,
FLT4 (P35916),KDR (P35968); VEGFC (P49767),R-HSA-195399 VEGF binds to VEGFR leading to receptor dimerization[scr:6926]; hsa04015 Rap1 signaling pathway[scr:352]; hsa04014 Ras signaling pathway[scr:324]; hsa04010 MAPK signaling pathway[scr:288]; hsa04151 PI3K-Akt signaling pathway[scr:192]; hsa04510 Focal adhesion[scr:118],HP:0200058 Angiosarcoma[scr:195],Orphanet:91415 Familial capillary hemangioma (EFO)[scr:166]; Orphanet:79452 Milroy disease (EFO)[scr:166]; H00535 Hereditary lymphedema (KEGG)[scr:126]; H01471 Lymphangioma (KEGG)[scr:126],DB08896 Regorafenib[scr:9999999]; DB00398 Sorafenib[scr:1332]; DB09078 Lenvatinib[scr:1316]; DB09079 Nintedanib[scr:806]; DB06589 Pazopanib[scr:806]; DB01268 Sunitinib[scr:740]; DB04879 Vatalanib[scr:493],,
KDR (P35968),KDR (P35968); FLT4 (P35916); PDGFRB (P09619); HSPG2 (P98160); HSPG2 (P98160); HSPG2 (P98160); VEGFC (P49767); VEGFA (P15692); VEGFA (P15692); PTPRJ (Q12913),R-HSA-195399 VEGF binds to VEGFR leading to receptor dimerization[scr:6926]; R-HSA-194306 Neurophilin interactions with VEGF and VEGFR[scr:2216]; hsa04015 Rap1 signaling pathway[scr:352]; hsa04014 Ras signaling pathway[scr:324]; hsa04010 MAPK signaling pathway[scr:288]; hsa04151 PI3K-Akt signaling pathway[scr:192]; hsa04510 Focal adhesion[scr:118]; hsa04370 VEGF signaling pathway[scr:64],,Orphanet:91415 Familial capillary hemangioma (EFO)[scr:166],DB08896 Regorafenib[scr:9999999]; DB00398 Sorafenib[scr:1332]; DB09078 Lenvatinib[scr:1316]; DB09079 Nintedanib[scr:806]; DB06589 Pazopanib[scr:806]; DB01268 Sunitinib[scr:740]; DB08901 Ponatinib[scr:702]; DB05146 XL820[scr:658]; DB04879 Vatalanib[scr:493],,
FRK (P42685),,,,,DB08896 Regorafenib[scr:9999999],,
TEK (Q02763),PTPRJ (Q12913),R-HSA-5673001 RAF/MAP kinase cascade[scr:1863]; hsa04015 Rap1 signaling pathway[scr:352]; hsa04014 Ras signaling pathway[scr:324]; hsa04010 MAPK signaling pathway[scr:288]; hsa04151 PI3K-Akt signaling pathway[scr:192],,,DB08896 Regorafenib[scr:9999999]; DB08901 Ponatinib[scr:702],,
MAPK11 (Q15759),,hsa04015 Rap1 signaling pathway[scr:352]; hsa04010 MAPK signaling pathway[scr:288]; hsa04370 VEGF signaling pathway[scr:64]; hsa04722 Neurotrophin signaling pathway[scr:47],,,DB08896 Regorafenib[scr:9999999],,
DDR2 (Q16832),COL11A2 (P13942),,,,DB08896 Regorafenib[scr:9999999],,
HSPG2 (P98160),FLT1 (P17948); KDR (P35968),,,,,,
PDGFB (P01127),PDGFRB (P09619); PDGFRA (P16234); PDGFB (P01127),R-HSA-2219530 Constitutive Signaling by Aberrant PI3K in Cancer[scr:1917]; R-HSA-5673001 RAF/MAP kinase cascade[scr:1863]; hsa04015 Rap1 signaling pathway[scr:352]; hsa04014 Ras signaling pathway[scr:324]; hsa04010 MAPK signaling pathway[scr:288]; hsa04151 PI3K-Akt signaling pathway[scr:192]; hsa04510 Focal adhesion[scr:118]; hsa04810 Regulation of actin cytoskeleton[scr:90]; hsa04540 Gap junction[scr:41]; hsa04072 Phospholipase D signaling pathway[scr:40],HP:0002461 Dense calcifications in the cerebellar dentate nucleus[scr:195]; HP:0002504 Calcification of the small brain vessels[scr:195]; HP:0031306 Intracranial arterial calcification[scr:195],H01574 Familial idiopathic basal ganglia calcification (KEGG)[scr:126],,,
VEGFC (P49767),FLT4 (P35916); KDR (P35968),R-HSA-195399 VEGF binds to VEGFR leading to receptor dimerization[scr:6926]; R-HSA-194313 VEGF ligand-receptor interactions[scr:1773]; hsa04015 Rap1 signaling pathway[scr:352]; hsa04014 Ras signaling pathway[scr:324]; hsa04010 MAPK signaling pathway[scr:288]; hsa04151 PI3K-Akt signaling pathway[scr:192]; hsa04510 Focal adhesion[scr:118],HP:0200058 Angiosarcoma[scr:195],Orphanet:79452 Milroy disease (EFO)[scr:166]; H00535 Hereditary lymphedema (KEGG)[scr:126],,,
SHB (Q15464),ABL1 (P00519); KIT (P10721),,,,,,
FGF1 (P05230),FGFR1 (P11362); FGFR2 (P21802),R-HSA-190377 FGFR2b ligand binding and activation[scr:1995]; R-HSA-2219530 Constitutive Signaling by Aberrant PI3K in Cancer[scr:1917]; R-HSA-5673001 RAF/MAP kinase cascade[scr:1863]; hsa04015 Rap1 signaling pathway[scr:352]; hsa04014 Ras signaling pathway[scr:324]; hsa04010 MAPK signaling pathway[scr:288]; hsa04151 PI3K-Akt signaling pathway[scr:192]; hsa04810 Regulation of actin cytoskeleton[scr:90],,,DB06589 Pazopanib[scr:806],,
VEGFA (P15692),FLT1 (P17948); KDR (P35968); VEGFA (P15692),R-HSA-195399 VEGF binds to VEGFR leading to receptor dimerization[scr:6926]; R-HSA-194313 VEGF ligand-receptor interactions[scr:1773]; hsa04015 Rap1 signaling pathway[scr:352]; hsa04014 Ras signaling pathway[scr:324]; hsa04010 MAPK signaling pathway[scr:288]; hsa04151 PI3K-Akt signaling pathway[scr:192]; hsa04510 Focal adhesion[scr:118]; hsa04370 VEGF signaling pathway[scr:64],,,,,
PTPRJ (Q12913),PDGFRB (P09619); FLT1 (P17948); KDR (P35968); TEK (Q02763),,,,,,
COL11A2 (P13942),DDR2 (Q16832),,,Orphanet:1427 Otospondylomegaepiphyseal dysplasia (EFO)[scr:124],,,
FGF7 (P21781),FGFR2 (P21802),R-HSA-190377 FGFR2b ligand binding and activation[scr:1995]; R-HSA-2219530 Constitutive Signaling by Aberrant PI3K in Cancer[scr:1917]; R-HSA-5673001 RAF/MAP kinase cascade[scr:1863]; hsa04015 Rap1 signaling pathway[scr:352]; hsa04014 Ras signaling pathway[scr:324]; hsa04010 MAPK signaling pathway[scr:288]; hsa04151 PI3K-Akt signaling pathway[scr:192]; hsa04810 Regulation of actin cytoskeleton[scr:90],,,,,
SLC22A3 (O75751),ABL1 (P00519),,,,,,
