{"options":{"search_start":1613058921,"tax_ids":[9606],"num_of_fn_nodes":10,"num_of_pathways":10,"num_of_phenotypes":10,"num_of_drugs":10,"num_of_diseases":10,"num_of_compounds":10,"chembl_compounds":0,"predictions":1,"reviewed_filter":1,"fn":1,"chembl":1,"search_finish":1613058936,"search_runtime":15},"search":[{"Drug":[{"DB09033":"Vedolizumab"}]}],"nodes":[{"data":{"id":"P13612","display_name":"ITGA4","Node_Type":"Protein"}},{"data":{"id":"P26010","display_name":"ITGB7","Node_Type":"Protein"}},{"data":{"id":"O43294","display_name":"TGFB1I1","Node_Type":"Protein_N"}},{"data":{"id":"P49023","display_name":"PXN","Node_Type":"Protein_N"}},{"data":{"id":"Q8IZP0","display_name":"ABI1","Node_Type":"Protein_N"}},{"data":{"id":"P05556","display_name":"ITGB1","Node_Type":"Protein_N"}},{"data":{"id":"P21333","display_name":"FLNA","Node_Type":"Protein_N"}},{"data":{"id":"Orphanet:165655","display_name":"Genetic intestinal disease","Node_Type":"Disease","enrichScore":514.429}},{"data":{"id":"Orphanet:1864","display_name":"Congenital valvular dysplasia","Node_Type":"Disease","enrichScore":514.429}},{"data":{"id":"Orphanet:2484","display_name":"Osteodysplasty, Melnick-Needles type","Node_Type":"Disease","enrichScore":514.429}},{"data":{"id":"Orphanet:2978","display_name":"Chronic intestinal pseudoobstruction","Node_Type":"Disease","enrichScore":514.429}},{"data":{"id":"Orphanet:669","display_name":"Otopalatodigital syndrome","Node_Type":"Disease","enrichScore":514.429}},{"data":{"id":"Orphanet:88630","display_name":"Terminal osseous dysplasia - pigmentary defects","Node_Type":"Disease","enrichScore":514.429}},{"data":{"id":"Orphanet:90650","display_name":"Otopalatodigital syndrome type 1","Node_Type":"Disease","enrichScore":514.429}},{"data":{"id":"Orphanet:90652","display_name":"Otopalatodigital syndrome type 2","Node_Type":"Disease","enrichScore":514.429}},{"data":{"id":"Orphanet:1826","display_name":"Frontometaphyseal dysplasia","Node_Type":"Disease","enrichScore":257.214}},{"data":{"id":"Orphanet:2301","display_name":"Congenital short bowel syndrome","Node_Type":"Disease","enrichScore":257.214}},{"data":{"id":"DB09033","display_name":"Vedolizumab","Node_Type":"Drug","enrichScore":9999999}},{"data":{"id":"DB05122","display_name":"R1295","Node_Type":"Drug","enrichScore":908.381}},{"data":{"id":"DB04997","display_name":"ATL1102","Node_Type":"Drug","enrichScore":681.286}},{"data":{"id":"DB05092","display_name":"CDP323","Node_Type":"Drug","enrichScore":681.286}},{"data":{"id":"DB05468","display_name":"R411","Node_Type":"Drug","enrichScore":681.286}},{"data":{"id":"DB06822","display_name":"Tinzaparin","Node_Type":"Drug","enrichScore":227.095}},{"data":{"id":"DB00098","display_name":"Antithymocyte immunoglobulin (rabbit)","Node_Type":"Drug","enrichScore":75.698}},{"data":{"id":"DB00108","display_name":"Natalizumab","Node_Type":"Drug","enrichScore":56.774}},{"data":{"id":"DB11638","display_name":"Artenimol","Node_Type":"Drug","enrichScore":6.367}},{"data":{"id":"R-HSA-446343","display_name":"Localization of the PINCH-ILK-PARVIN complex to focal adhesions","Node_Type":"Pathway","enrichScore":9182.143}},{"data":{"id":"R-HSA-8875513","display_name":"MET interacts with TNS proteins","Node_Type":"Pathway","enrichScore":1836.429}},{"data":{"id":"R-HSA-8949275","display_name":"RUNX3 Regulates Immune Response and Cell Migration","Node_Type":"Pathway","enrichScore":1530.357}},{"data":{"id":"R-HSA-1566977","display_name":"Fibronectin matrix formation","Node_Type":"Pathway","enrichScore":1530.357}},{"data":{"id":"R-HSA-446388","display_name":"Regulation of cytoskeletal remodeling and cell spreading by IPP complex components","Node_Type":"Pathway","enrichScore":1147.768}},{"data":{"id":"R-HSA-8983711","display_name":"OAS antiviral response","Node_Type":"Pathway","enrichScore":1020.238}},{"data":{"id":"R-HSA-447041","display_name":"CHL1 interactions","Node_Type":"Pathway","enrichScore":1020.238}},{"data":{"id":"R-HSA-216083","display_name":"Integrin cell surface interactions","Node_Type":"Pathway","enrichScore":972.227}},{"data":{"id":"R-HSA-446353","display_name":"Cell-extracellular matrix interactions","Node_Type":"Pathway","enrichScore":765.179}},{"data":{"id":"R-HSA-430116","display_name":"GP1b-IX-V activation signalling","Node_Type":"Pathway","enrichScore":765.179}},{"data":{"id":"HP:0008087","display_name":"Nonossified fifth metatarsal","Node_Type":"HPO","enrichScore":604.429}},{"data":{"id":"HP:0011580","display_name":"Short chordae tendineae of the mitral valve","Node_Type":"HPO","enrichScore":604.429}},{"data":{"id":"HP:0008097","display_name":"Partial fusion of tarsals","Node_Type":"HPO","enrichScore":604.429}},{"data":{"id":"HP:0006665","display_name":"Coat hanger sign of ribs","Node_Type":"HPO","enrichScore":604.429}},{"data":{"id":"HP:0010560","display_name":"Undulate clavicles","Node_Type":"HPO","enrichScore":604.429}},{"data":{"id":"HP:0001782","display_name":"Bulbous tips of toes","Node_Type":"HPO","enrichScore":604.429}},{"data":{"id":"HP:0005090","display_name":"Lateral femoral bowing","Node_Type":"HPO","enrichScore":604.429}},{"data":{"id":"HP:0006692","display_name":"Short chordae tendineae of the tricuspid valve","Node_Type":"HPO","enrichScore":604.429}},{"data":{"id":"HP:0025523","display_name":"Abnormal morphology of the chordae tendinae of the mitral valve","Node_Type":"HPO","enrichScore":604.429}},{"data":{"id":"HP:0005446","display_name":"Obtuse angle of mandible","Node_Type":"HPO","enrichScore":604.429}},{"data":{"id":"hsa04510","display_name":"Focal adhesion","Node_Type":"kegg_Pathway","enrichScore":122.721}},{"data":{"id":"hsa04512","display_name":"ECM-receptor interaction","Node_Type":"kegg_Pathway","enrichScore":99.906}},{"data":{"id":"hsa04672","display_name":"Intestinal immune network for IgA production","Node_Type":"kegg_Pathway","enrichScore":84.944}},{"data":{"id":"hsa04670","display_name":"Leukocyte transendothelial migration","Node_Type":"kegg_Pathway","enrichScore":78.497}},{"data":{"id":"hsa04810","display_name":"Regulation of actin cytoskeleton","Node_Type":"kegg_Pathway","enrichScore":73.379}},{"data":{"id":"hsa04514","display_name":"Cell adhesion molecules (CAMs)","Node_Type":"kegg_Pathway","enrichScore":61.054}},{"data":{"id":"hsa04151","display_name":"PI3K-Akt signaling pathway","Node_Type":"kegg_Pathway","enrichScore":24.835}},{"data":{"id":"hsa04370","display_name":"VEGF signaling pathway","Node_Type":"kegg_Pathway","enrichScore":16.557}},{"data":{"id":"hsa04640","display_name":"Hematopoietic cell lineage","Node_Type":"kegg_Pathway","enrichScore":10.176}},{"data":{"id":"hsa04611","display_name":"Platelet activation","Node_Type":"kegg_Pathway","enrichScore":7.815}},{"data":{"id":"H01466","display_name":"Ulcerative colitis","Node_Type":"kegg_Disease","enrichScore":1000000}},{"data":{"id":"H00286","display_name":"Crohn disease","Node_Type":"kegg_Disease","enrichScore":1000000}},{"data":{"id":"H00456","display_name":"Fronto-otopalatodigital syndromes","Node_Type":"kegg_Disease","enrichScore":523.857}},{"data":{"id":"H02229","display_name":"Terminal osseous dysplasia","Node_Type":"kegg_Disease","enrichScore":523.857}},{"data":{"id":"H01276","display_name":"Chronic idiopathic intestinal pseudo-obstruction","Node_Type":"kegg_Disease","enrichScore":523.857}},{"data":{"id":"H02230","display_name":"X-linked cardiac valvular dysplasia","Node_Type":"kegg_Disease","enrichScore":523.857}},{"data":{"id":"H02227","display_name":"Frontometaphyseal dysplasia","Node_Type":"kegg_Disease","enrichScore":261.929}},{"data":{"id":"H00894","display_name":"FG syndrome","Node_Type":"kegg_Disease","enrichScore":174.619}},{"data":{"id":"H00270","display_name":"Periventricular nodular heterotopia","Node_Type":"kegg_Disease","enrichScore":130.964}},{"data":{"id":"H01740","display_name":"Macrothrombocytopenia","Node_Type":"kegg_Disease","enrichScore":30.815}}],"edges":[{"data":{"source":"P26010","target":"P13612","Edge_Type":"PPI","label":"interacts w\/"}},{"data":{"source":"O43294","target":"P13612","Edge_Type":"PPI","label":"interacts w\/"}},{"data":{"source":"P49023","target":"P13612","Edge_Type":"PPI","label":"interacts w\/"}},{"data":{"source":"Q8IZP0","target":"P13612","Edge_Type":"PPI","label":"interacts w\/"}},{"data":{"source":"P05556","target":"P13612","Edge_Type":"PPI","label":"interacts w\/"}},{"data":{"source":"P05556","target":"P49023","Edge_Type":"PPI","label":"interacts w\/"}},{"data":{"source":"P21333","target":"P26010","Edge_Type":"PPI","label":"interacts w\/"}},{"data":{"source":"P21333","target":"P05556","Edge_Type":"PPI","label":"interacts w\/"}},{"data":{"source":"HP:0008087","target":"Orphanet:669","Edge_Type":"hpodis","label":"is associated w\/"}},{"data":{"source":"HP:0011580","target":"Orphanet:1864","Edge_Type":"hpodis","label":"is associated w\/"}},{"data":{"source":"HP:0008097","target":"Orphanet:1826","Edge_Type":"hpodis","label":"is associated w\/"}},{"data":{"source":"HP:0006665","target":"Orphanet:1826","Edge_Type":"hpodis","label":"is associated w\/"}},{"data":{"source":"HP:0010560","target":"Orphanet:669","Edge_Type":"hpodis","label":"is associated w\/"}},{"data":{"source":"HP:0001782","target":"Orphanet:669","Edge_Type":"hpodis","label":"is associated w\/"}},{"data":{"source":"HP:0001782","target":"Orphanet:669","Edge_Type":"hpodis","label":"is associated w\/"}},{"data":{"source":"HP:0005090","target":"Orphanet:669","Edge_Type":"hpodis","label":"is associated w\/"}},{"data":{"source":"HP:0006692","target":"Orphanet:1864","Edge_Type":"hpodis","label":"is associated w\/"}},{"data":{"source":"HP:0025523","target":"Orphanet:1864","Edge_Type":"hpodis","label":"is associated w\/"}},{"data":{"source":"HP:0005446","target":"Orphanet:2484","Edge_Type":"hpodis","label":"is associated w\/"}},{"data":{"source":"P21333","target":"Orphanet:165655","Edge_Type":"Disease","label":"is related to"}},{"data":{"source":"P21333","target":"Orphanet:1864","Edge_Type":"Disease","label":"is related to"}},{"data":{"source":"P21333","target":"Orphanet:2484","Edge_Type":"Disease","label":"is related to"}},{"data":{"source":"P21333","target":"Orphanet:2978","Edge_Type":"Disease","label":"is related to"}},{"data":{"source":"P21333","target":"Orphanet:669","Edge_Type":"Disease","label":"is related to"}},{"data":{"source":"P21333","target":"Orphanet:88630","Edge_Type":"Disease","label":"is related to"}},{"data":{"source":"P21333","target":"Orphanet:90650","Edge_Type":"Disease","label":"is related to"}},{"data":{"source":"P21333","target":"Orphanet:90652","Edge_Type":"Disease","label":"is related to"}},{"data":{"source":"P21333","target":"Orphanet:1826","Edge_Type":"Disease","label":"is related to"}},{"data":{"source":"P21333","target":"Orphanet:2301","Edge_Type":"Disease","label":"is related to"}},{"data":{"source":"P13612","target":"DB09033","Edge_Type":"Drug","label":"targets"}},{"data":{"source":"P26010","target":"DB09033","Edge_Type":"Drug","label":"targets"}},{"data":{"source":"P13612","target":"DB05122","Edge_Type":"Drug","label":"targets"}},{"data":{"source":"P26010","target":"DB05122","Edge_Type":"Drug","label":"targets"}},{"data":{"source":"P13612","target":"DB04997","Edge_Type":"Drug","label":"targets"}},{"data":{"source":"P13612","target":"DB05092","Edge_Type":"Drug","label":"targets"}},{"data":{"source":"P13612","target":"DB05468","Edge_Type":"Drug","label":"targets"}},{"data":{"source":"P13612","target":"DB06822","Edge_Type":"Drug","label":"targets"}},{"data":{"source":"P05556","target":"DB00098","Edge_Type":"Drug","label":"targets"}},{"data":{"source":"P13612","target":"DB00108","Edge_Type":"Drug","label":"targets"}},{"data":{"source":"P21333","target":"DB11638","Edge_Type":"Drug","label":"targets"}},{"data":{"source":"P49023","target":"R-HSA-446343","Edge_Type":"Pathway","label":"is involved in"}},{"data":{"source":"P05556","target":"R-HSA-446343","Edge_Type":"Pathway","label":"is involved in"}},{"data":{"source":"P05556","target":"R-HSA-8875513","Edge_Type":"Pathway","label":"is involved in"}},{"data":{"source":"P13612","target":"R-HSA-8949275","Edge_Type":"Pathway","label":"is involved in"}},{"data":{"source":"P05556","target":"R-HSA-1566977","Edge_Type":"Pathway","label":"is involved in"}},{"data":{"source":"P49023","target":"R-HSA-446388","Edge_Type":"Pathway","label":"is involved in"}},{"data":{"source":"P21333","target":"R-HSA-8983711","Edge_Type":"Pathway","label":"is involved in"}},{"data":{"source":"P05556","target":"R-HSA-447041","Edge_Type":"Pathway","label":"is involved in"}},{"data":{"source":"P13612","target":"R-HSA-216083","Edge_Type":"Pathway","label":"is involved in"}},{"data":{"source":"P26010","target":"R-HSA-216083","Edge_Type":"Pathway","label":"is involved in"}},{"data":{"source":"P05556","target":"R-HSA-216083","Edge_Type":"Pathway","label":"is involved in"}},{"data":{"source":"P21333","target":"R-HSA-446353","Edge_Type":"Pathway","label":"is involved in"}},{"data":{"source":"P21333","target":"R-HSA-430116","Edge_Type":"Pathway","label":"is involved in"}},{"data":{"source":"P21333","target":"HP:0008087","Edge_Type":"HPO","label":"is associated w\/"}},{"data":{"source":"P21333","target":"HP:0011580","Edge_Type":"HPO","label":"is associated w\/"}},{"data":{"source":"P21333","target":"HP:0008097","Edge_Type":"HPO","label":"is associated w\/"}},{"data":{"source":"P21333","target":"HP:0006665","Edge_Type":"HPO","label":"is associated w\/"}},{"data":{"source":"P21333","target":"HP:0010560","Edge_Type":"HPO","label":"is associated w\/"}},{"data":{"source":"P21333","target":"HP:0001782","Edge_Type":"HPO","label":"is associated w\/"}},{"data":{"source":"P21333","target":"HP:0005090","Edge_Type":"HPO","label":"is associated w\/"}},{"data":{"source":"P21333","target":"HP:0006692","Edge_Type":"HPO","label":"is associated w\/"}},{"data":{"source":"P21333","target":"HP:0025523","Edge_Type":"HPO","label":"is associated w\/"}},{"data":{"source":"P21333","target":"HP:0005446","Edge_Type":"HPO","label":"is associated w\/"}},{"data":{"source":"H01466","target":"DB09033","Edge_Type":"kegg_dis_drug","label":"indicates"}},{"data":{"source":"H00286","target":"DB09033","Edge_Type":"kegg_dis_drug","label":"indicates"}},{"data":{"source":"H00286","target":"DB00108","Edge_Type":"kegg_dis_drug","label":"indicates"}},{"data":{"source":"H01276","target":"hsa04510","Edge_Type":"kegg_dis_path","label":"modulates"}},{"data":{"source":"H00894","target":"hsa04510","Edge_Type":"kegg_dis_path","label":"modulates"}},{"data":{"source":"H01740","target":"hsa04151","Edge_Type":"kegg_dis_path","label":"modulates"}},{"data":{"source":"H01740","target":"hsa04510","Edge_Type":"kegg_dis_path","label":"modulates"}},{"data":{"source":"H01740","target":"hsa04611","Edge_Type":"kegg_dis_path","label":"modulates"}},{"data":{"source":"H01740","target":"hsa04810","Edge_Type":"kegg_dis_path","label":"modulates"}},{"data":{"source":"P13612","target":"hsa04510","Edge_Type":"kegg_path_prot","label":"is involved in"}},{"data":{"source":"P26010","target":"hsa04510","Edge_Type":"kegg_path_prot","label":"is involved in"}},{"data":{"source":"P49023","target":"hsa04510","Edge_Type":"kegg_path_prot","label":"is involved in"}},{"data":{"source":"P05556","target":"hsa04510","Edge_Type":"kegg_path_prot","label":"is involved in"}},{"data":{"source":"P21333","target":"hsa04510","Edge_Type":"kegg_path_prot","label":"is involved in"}},{"data":{"source":"P13612","target":"hsa04512","Edge_Type":"kegg_path_prot","label":"is involved in"}},{"data":{"source":"P26010","target":"hsa04512","Edge_Type":"kegg_path_prot","label":"is involved in"}},{"data":{"source":"P05556","target":"hsa04512","Edge_Type":"kegg_path_prot","label":"is involved in"}},{"data":{"source":"P13612","target":"hsa04672","Edge_Type":"kegg_path_prot","label":"is involved in"}},{"data":{"source":"P26010","target":"hsa04672","Edge_Type":"kegg_path_prot","label":"is involved in"}},{"data":{"source":"P13612","target":"hsa04670","Edge_Type":"kegg_path_prot","label":"is involved in"}},{"data":{"source":"P49023","target":"hsa04670","Edge_Type":"kegg_path_prot","label":"is involved in"}},{"data":{"source":"P05556","target":"hsa04670","Edge_Type":"kegg_path_prot","label":"is involved in"}},{"data":{"source":"P13612","target":"hsa04810","Edge_Type":"kegg_path_prot","label":"is involved in"}},{"data":{"source":"P26010","target":"hsa04810","Edge_Type":"kegg_path_prot","label":"is involved in"}},{"data":{"source":"P49023","target":"hsa04810","Edge_Type":"kegg_path_prot","label":"is involved in"}},{"data":{"source":"P05556","target":"hsa04810","Edge_Type":"kegg_path_prot","label":"is involved in"}},{"data":{"source":"P13612","target":"hsa04514","Edge_Type":"kegg_path_prot","label":"is involved in"}},{"data":{"source":"P26010","target":"hsa04514","Edge_Type":"kegg_path_prot","label":"is involved in"}},{"data":{"source":"P05556","target":"hsa04514","Edge_Type":"kegg_path_prot","label":"is involved in"}},{"data":{"source":"P13612","target":"hsa04151","Edge_Type":"kegg_path_prot","label":"is involved in"}},{"data":{"source":"P26010","target":"hsa04151","Edge_Type":"kegg_path_prot","label":"is involved in"}},{"data":{"source":"P05556","target":"hsa04151","Edge_Type":"kegg_path_prot","label":"is involved in"}},{"data":{"source":"P49023","target":"hsa04370","Edge_Type":"kegg_path_prot","label":"is involved in"}},{"data":{"source":"P13612","target":"hsa04640","Edge_Type":"kegg_path_prot","label":"is involved in"}},{"data":{"source":"P05556","target":"hsa04611","Edge_Type":"kegg_path_prot","label":"is involved in"}},{"data":{"source":"P21333","target":"H00456","Edge_Type":"kegg_dis_prot","label":"is related to"}},{"data":{"source":"P21333","target":"H02229","Edge_Type":"kegg_dis_prot","label":"is related to"}},{"data":{"source":"P21333","target":"H01276","Edge_Type":"kegg_dis_prot","label":"is related to"}},{"data":{"source":"P21333","target":"H02230","Edge_Type":"kegg_dis_prot","label":"is related to"}},{"data":{"source":"P21333","target":"H02227","Edge_Type":"kegg_dis_prot","label":"is related to"}},{"data":{"source":"P21333","target":"H00894","Edge_Type":"kegg_dis_prot","label":"is related to"}},{"data":{"source":"P21333","target":"H00270","Edge_Type":"kegg_dis_prot","label":"is related to"}},{"data":{"source":"P21333","target":"H01740","Edge_Type":"kegg_dis_prot","label":"is related to"}}]}