Core Proteins,Interacting Proteins,Pathways,HPO terms,Diseases,Targeting Drugs,Experimental Bioactive Compounds (pChEMBL),Predicted interacting Compounds
GAPDH (P04406),GAPDH (P04406); NOS2 (P35228); PREP (P48147); PGK1 (P00558); S100A8 (P05109); SOD1 (P00441); RPA2 (P15927); PCNA (P12004); TINF2 (Q9BSI4); EGFR (P00533),R-HSA-70263 Gluconeogenesis[scr:1134]; hsa01200 Carbon metabolism[scr:97]; hsa04066 HIF-1 signaling pathway[scr:67]; hsa01230 Biosynthesis of amino acids[scr:54]; hsa00010 Glycolysis / Gluconeogenesis[scr:27],,,DB09092 Xanthinol[scr:9999999],,
RPL3 (P39023),,,,,DB09092 Xanthinol[scr:9999999],,
MDH2 (P40926),,R-HSA-71403 Citric acid cycle (TCA cycle)[scr:3116]; R-HSA-70263 Gluconeogenesis[scr:1134]; hsa00020 Citrate cycle (TCA cycle)[scr:137]; hsa01200 Carbon metabolism[scr:97],,,DB09092 Xanthinol[scr:9999999],,
IDH3A (P50213),,R-HSA-71403 Citric acid cycle (TCA cycle)[scr:3116]; hsa00020 Citrate cycle (TCA cycle)[scr:137]; hsa01200 Carbon metabolism[scr:97]; hsa01230 Biosynthesis of amino acids[scr:54]; hsa01210 2-Oxocarboxylic acid metabolism[scr:27],,,DB09092 Xanthinol[scr:9999999],,
OGDH (Q02218),,R-HSA-71403 Citric acid cycle (TCA cycle)[scr:3116]; hsa00020 Citrate cycle (TCA cycle)[scr:137]; hsa01200 Carbon metabolism[scr:97],HP:0004902 Congenital lactic acidosis[scr:282]; HP:0012401 Abnormal urine alpha-ketoglutarate concentration[scr:71],H02006 Alpha-ketoglutarate dehydrogenase complex deficiency (KEGG)[scr:122]; H01022 Diseases of the tricarboxylic acid cycle (KEGG)[scr:81],DB09092 Xanthinol[scr:9999999],,
NNT (Q13423),,R-HSA-71403 Citric acid cycle (TCA cycle)[scr:3116],HP:0031075 Abnormal response to insulin tolerance test[scr:56]; HP:0031076 Impaired cortisol response to insulin stimulation test[scr:56],Orphanet:361 Familial glucocorticoid deficiency (EFO)[scr:60]; H00256 Familial glucocorticoid deficiency (KEGG)[scr:61],DB09092 Xanthinol[scr:9999999],,
NOS2 (P35228),GAPDH (P04406),hsa04066 HIF-1 signaling pathway[scr:67]; hsa00220 Arginine biosynthesis[scr:23],,H00017 Esophageal cancer (KEGG)[scr:109],DB06916 N-[2-(1-3-BENZODIOXOL-5-YL)ETHYL]-1-[2-(1H-IMIDAZOL-1-YL)-6-METHYLPYRIMIDIN-4-YL]-D-PROLINAMIDE[scr:318]; DB08750 1-[4-(AMINOMETHYL)BENZOYL]-5'-FLUORO-1'H-SPIRO[PIPERIDINE-4-2'-QUINAZOLIN]-4'-AMINE[scr:318]; DB03953 Thiocitrulline[scr:318]; DB05214 KD7040[scr:318],,
PREP (P48147),GAPDH (P04406),,,,DB08739 2-{3-[(2S)-4-4-difluoro-2-(pyrrolidin-1-ylcarbonyl)pyrrolidin-1-yl]-3-oxopropyl}-isoindole-1-3(2H)-dione[scr:318]; DB03535 Z-Pro-Prolinal[scr:318]; DB03864 Monothioglycerol[scr:318],,
PGK1 (P00558),GAPDH (P04406); PCNA (P12004),R-HSA-70263 Gluconeogenesis[scr:1134]; hsa01200 Carbon metabolism[scr:97]; hsa04066 HIF-1 signaling pathway[scr:67]; hsa01230 Biosynthesis of amino acids[scr:54]; hsa00010 Glycolysis / Gluconeogenesis[scr:27],HP:0020061 Abnormal hemoglobin concentration[scr:282]; HP:0020062 Decreased hemoglobin concentration[scr:282],Orphanet:713 Glycogen storage disease due to phosphoglycerate kinase 1 deficiency (EFO)[scr:240]; H00664 Anemia due to disorders of glycolytic enzymes (KEGG)[scr:49],,,
S100A8 (P05109),GAPDH (P04406),,,,,,
SOD1 (P00441),GAPDH (P04406); SOD1 (P00441),,,EFO:0001357 sporadic amyotrophic lateral sclerosis (EFO)[scr:48],DB05025 Arimoclomol[scr:318],,
RPA2 (P15927),GAPDH (P04406),R-HSA-174437 Removal of the Flap Intermediate from the C-strand[scr:1714]; R-HSA-5358565 Mismatch repair (MMR) directed by MSH2:MSH6 (MutSalpha)[scr:1224]; R-HSA-69166 Removal of the Flap Intermediate[scr:1224]; R-HSA-5358606 Mismatch repair (MMR) directed by MSH2:MSH3 (MutSbeta)[scr:1224]; R-HSA-110312 Translesion synthesis by REV1[scr:1071]; hsa03430 Mismatch repair[scr:79]; hsa03030 DNA replication[scr:51]; hsa03420 Nucleotide excision repair[scr:40],,,,,
PCNA (P12004),GAPDH (P04406); PCNA (P12004); PGK1 (P00558),R-HSA-174437 Removal of the Flap Intermediate from the C-strand[scr:1714]; R-HSA-5358565 Mismatch repair (MMR) directed by MSH2:MSH6 (MutSalpha)[scr:1224]; R-HSA-69166 Removal of the Flap Intermediate[scr:1224]; R-HSA-5358606 Mismatch repair (MMR) directed by MSH2:MSH3 (MutSbeta)[scr:1224]; R-HSA-110312 Translesion synthesis by REV1[scr:1071]; hsa03430 Mismatch repair[scr:79]; hsa03030 DNA replication[scr:51]; hsa03420 Nucleotide excision repair[scr:40],,Orphanet:251347 Ataxia-telangiectasia-like disorder (EFO)[scr:120]; H02014 Ataxia-telangiectasia-like syndrome (KEGG)[scr:122],,,
TINF2 (Q9BSI4),GAPDH (P04406),R-HSA-110331 Cleavage of the damaged purine[scr:1428]; R-HSA-110330 Recognition and association of DNA glycosylase with site containing an affected purine[scr:1428],HP:0007617 Fine- reticulate skin pigmentation[scr:282]; HP:0007898 Exudative retinopathy[scr:94]; HP:0000555 Leukocoria[scr:71],Orphanet:3088 Revesz syndrome (EFO)[scr:240]; H00921 Revesz syndrome (KEGG)[scr:244],,,
EGFR (P00533),GAPDH (P04406); EGFR (P00533),R-HSA-1251932 PLCG1 events in ERBB2 signaling[scr:1071]; hsa04066 HIF-1 signaling pathway[scr:67],HP:0100501 Recurrent bronchiolitis[scr:282],Orphanet:294023 Neonatal inflammatory skin and bowel disease (EFO)[scr:120]; EFO:0000571 lung adenocarcinoma (EFO)[scr:30]; MONDO:0008903 lung cancer (EFO)[scr:30]; EFO:0003060 non-small cell lung carcinoma (EFO)[scr:30]; EFO:0001071 lung carcinoma (EFO)[scr:30]; H01559 Oropharyngeal cancer (KEGG)[scr:122]; H00017 Esophageal cancer (KEGG)[scr:109]; H00030 Cervical cancer (KEGG)[scr:35]; H01508 Salivary gland cancer (KEGG)[scr:35],DB05101 Matuzumab[scr:318],,CHEMBL3235491 [scr:34.8]; CHEMBL2348974 [scr:34.8]; CHEMBL3651406 [scr:34.8]; CHEMBL3651401 [scr:34.8]; CHEMBL472915 [scr:34.8]; CHEMBL3670301 [scr:34.8]; CHEMBL1742156 [scr:34.8]; CHEMBL1560994 [scr:34.8]; CHEMBL1562815 [scr:34.8]; CHEMBL3798777 [scr:34.8]
