Core Proteins,Interacting Proteins,Pathways,HPO terms,Diseases,Targeting Drugs,Experimental Bioactive Compounds (pChEMBL),Predicted interacting Compounds
CHRM2 (P08172),,R-HSA-390648 Muscarinic acetylcholine receptors[scr:17854]; hsa04080 Neuroactive ligand-receptor interaction[scr:134]; hsa04020 Calcium signaling pathway[scr:94]; hsa04725 Cholinergic synapse[scr:85]; hsa04810 Regulation of actin cytoskeleton[scr:45]; hsa04024 cAMP signaling pathway[scr:27],,EFO:0003829 alcohol dependence (EFO)[scr:160]; EFO:0003761 unipolar depression (EFO)[scr:67],DB01062 Oxybutynin[scr:9999999]; DB00715 Paroxetine[scr:4007]; DB01239 Chlorprothixene[scr:2208]; DB11181 Homatropine[scr:1325]; DB01409 Tiotropium[scr:1325]; DB00496 Darifenacin[scr:1325]; DB00725 Homatropine methylbromide[scr:1325]; DB00785 Cryptenamine[scr:1325],,
CHRM4 (P08173),HTR2C (P28335),R-HSA-390648 Muscarinic acetylcholine receptors[scr:17854]; hsa04080 Neuroactive ligand-receptor interaction[scr:134]; hsa04725 Cholinergic synapse[scr:85]; hsa04810 Regulation of actin cytoskeleton[scr:45],,,DB01062 Oxybutynin[scr:9999999]; DB00715 Paroxetine[scr:4007]; DB01239 Chlorprothixene[scr:2208]; DB11181 Homatropine[scr:1325]; DB01409 Tiotropium[scr:1325]; DB00496 Darifenacin[scr:1325]; DB00725 Homatropine methylbromide[scr:1325]; DB00785 Cryptenamine[scr:1325],,CHEMBL3215564 [scr:58]; CHEMBL1531244 [scr:58]; CHEMBL1544377 [scr:58]; CHEMBL3719363 [scr:58]; CHEMBL3664337 [scr:58]; CHEMBL3896154 [scr:58]; CHEMBL1516148 [scr:58]; CHEMBL2322673 [scr:58]; CHEMBL1574961 [scr:58]; CHEMBL1516190 [scr:58]
CHRM5 (P08912),CHRM3 (P20309),R-HSA-390648 Muscarinic acetylcholine receptors[scr:17854]; R-HSA-416476 G alpha (q) signalling events[scr:994]; hsa04080 Neuroactive ligand-receptor interaction[scr:134]; hsa04020 Calcium signaling pathway[scr:94]; hsa04725 Cholinergic synapse[scr:85]; hsa04810 Regulation of actin cytoskeleton[scr:45],,,DB01062 Oxybutynin[scr:9999999]; DB00715 Paroxetine[scr:4007]; DB01239 Chlorprothixene[scr:2208]; DB11181 Homatropine[scr:1325]; DB01409 Tiotropium[scr:1325]; DB00496 Darifenacin[scr:1325]; DB00725 Homatropine methylbromide[scr:1325]; DB00785 Cryptenamine[scr:1325],,
CHRM1 (P11229),,R-HSA-390648 Muscarinic acetylcholine receptors[scr:17854]; R-HSA-416476 G alpha (q) signalling events[scr:994]; hsa04080 Neuroactive ligand-receptor interaction[scr:134]; hsa04020 Calcium signaling pathway[scr:94]; hsa04725 Cholinergic synapse[scr:85]; hsa04810 Regulation of actin cytoskeleton[scr:45]; hsa04024 cAMP signaling pathway[scr:27],,,DB01062 Oxybutynin[scr:9999999]; DB00715 Paroxetine[scr:4007]; DB01239 Chlorprothixene[scr:2208]; DB11181 Homatropine[scr:1325]; DB01409 Tiotropium[scr:1325]; DB00496 Darifenacin[scr:1325]; DB00725 Homatropine methylbromide[scr:1325]; DB00785 Cryptenamine[scr:1325],,
CHRM3 (P20309),CHRM5 (P08912); NALCN (Q8IZF0),R-HSA-390648 Muscarinic acetylcholine receptors[scr:17854]; R-HSA-416476 G alpha (q) signalling events[scr:994]; hsa04080 Neuroactive ligand-receptor interaction[scr:134]; hsa04020 Calcium signaling pathway[scr:94]; hsa04725 Cholinergic synapse[scr:85]; hsa04810 Regulation of actin cytoskeleton[scr:45],HP:0005199 Aplasia of the abdominal wall musculature[scr:235]; HP:0004392 Prune belly[scr:118]; HP:0010957 Congenital posterior urethral valve[scr:59],Orphanet:2970 Prune belly syndrome (EFO)[scr:200]; H02129 Prune belly syndrome (KEGG)[scr:204],DB01062 Oxybutynin[scr:9999999]; DB00715 Paroxetine[scr:4007]; DB01239 Chlorprothixene[scr:2208]; DB00502 Haloperidol[scr:1363]; DB11181 Homatropine[scr:1325]; DB01409 Tiotropium[scr:1325]; DB00496 Darifenacin[scr:1325]; DB00725 Homatropine methylbromide[scr:1325]; DB00785 Cryptenamine[scr:1325],,
CYP2C19 (P33261),,R-HSA-2142670 Synthesis of epoxy (EET) and dihydroxyeicosatrienoic acids (DHET)[scr:446]; R-HSA-2142816 Synthesis of (16-20)-hydroxyeicosatetraenoic acids (HETE)[scr:397]; hsa04726 Serotonergic synapse[scr:53]; hsa00591 Linoleic acid metabolism[scr:14],,H01171 Poor drug metabolism (KEGG)[scr:102],DB01062 Oxybutynin[scr:9999999],,
DRD3 (P35462),,R-HSA-390651 Dopamine receptors[scr:2857]; hsa04080 Neuroactive ligand-receptor interaction[scr:134]; hsa04728 Dopaminergic synapse[scr:25],HP:0410291 Negativism[scr:78]; HP:0007086 Social and occupational deterioration[scr:72],EFO:0003108 essential tremor (EFO)[scr:67]; H01649 Schizophrenia (KEGG)[scr:68],DB01062 Oxybutynin[scr:9999999]; DB01239 Chlorprothixene[scr:2208]; DB00502 Haloperidol[scr:1363],,
HTR2B (P41595),HTR2A (P28223); HTR2C (P28335),R-HSA-390666 Serotonin receptors[scr:2678]; R-HSA-416476 G alpha (q) signalling events[scr:994]; hsa04080 Neuroactive ligand-receptor interaction[scr:134]; hsa04020 Calcium signaling pathway[scr:94]; hsa04540 Gap junction[scr:67]; hsa04726 Serotonergic synapse[scr:53]; hsa04750 Inflammatory mediator regulation of TRP channels[scr:32],,,DB01062 Oxybutynin[scr:9999999]; DB00715 Paroxetine[scr:4007]; DB00924 Cyclobenzaprine[scr:2385]; DB01239 Chlorprothixene[scr:2208],,
SLC6A3 (Q01959),DRD2 (P14416); RIT2 (Q99578); GPR37 (O15354); SNCA (P37840),R-HSA-379401 Dopamine clearance from the synaptic cleft[scr:3571]; R-HSA-5660724 Defective SLC6A3 causes Parkinsonism-dystonia infantile (PKDYS)[scr:3571]; R-HSA-5619081 Defective SLC6A3 causes Parkinsonism-dystonia infantile (PKDYS)[scr:3571]; hsa04728 Dopaminergic synapse[scr:25],HP:0031931 Ocular flutter[scr:118],Orphanet:238455 Infantile dystonia-parkinsonism (EFO)[scr:100],DB01062 Oxybutynin[scr:9999999],,
SIGMAR1 (Q99720),DRD2 (P14416); GHSR (Q92847),,,Orphanet:139552 Distal hereditary motor neuropathy- Jerash type (EFO)[scr:200]; H00856 Distal hereditary motor neuropathies (KEGG)[scr:14],DB01062 Oxybutynin[scr:9999999]; DB00502 Haloperidol[scr:1363],,
DRD2 (P14416),SLC6A3 (Q01959); SIGMAR1 (Q99720); DRD2 (P14416),R-HSA-390651 Dopamine receptors[scr:2857]; hsa04080 Neuroactive ligand-receptor interaction[scr:134]; hsa04540 Gap junction[scr:67]; hsa04024 cAMP signaling pathway[scr:27]; hsa04728 Dopaminergic synapse[scr:25],,EFO:0003829 alcohol dependence (EFO)[scr:160]; H01611 Alcohol dependence (KEGG)[scr:102],DB00715 Paroxetine[scr:4007]; DB01239 Chlorprothixene[scr:2208]; DB00502 Haloperidol[scr:1363],,
RIT2 (Q99578),SLC6A3 (Q01959),R-HSA-187706 Signalling to p38 via RIT and RIN[scr:714],,,,,
NALCN (Q8IZF0),CHRM3 (P20309),,HP:0009931 Enlarged naris[scr:118]; HP:0000417 Slender nose[scr:59]; HP:0000205 Pursed lips[scr:59],Orphanet:371364 Hypotonia-speech impairment-severe cognitive delay syndrome (EFO)[scr:200]; EFO:1001868 congenital contractures of the limbs and face- hypotonia- and developmental delay (EFO)[scr:200]; H01922 Infantile hypotonia with psychomotor retardation and characteristic facies (KEGG)[scr:51],,,
HTR2A (P28223),HTR2B (P41595); HTR2A (P28223); HTR2C (P28335),R-HSA-390666 Serotonin receptors[scr:2678]; R-HSA-416476 G alpha (q) signalling events[scr:994]; hsa04080 Neuroactive ligand-receptor interaction[scr:134]; hsa04020 Calcium signaling pathway[scr:94]; hsa04540 Gap junction[scr:67]; hsa04726 Serotonergic synapse[scr:53]; hsa04750 Inflammatory mediator regulation of TRP channels[scr:32],HP:0012166 Skin-picking[scr:118]; HP:0410291 Negativism[scr:78]; HP:0007086 Social and occupational deterioration[scr:72],H01611 Alcohol dependence (KEGG)[scr:102]; H01649 Schizophrenia (KEGG)[scr:68]; H01646 Major depressive disorder (KEGG)[scr:68]; H01450 Obsessive-compulsive disorder (KEGG)[scr:29],DB00715 Paroxetine[scr:4007]; DB00924 Cyclobenzaprine[scr:2385]; DB01239 Chlorprothixene[scr:2208]; DB00502 Haloperidol[scr:1363],,
GPR37 (O15354),SLC6A3 (Q01959),,,,,,
SNCA (P37840),SLC6A3 (Q01959); SNCA (P37840),,,EFO:0006792 Lewy body dementia (EFO)[scr:200]; H00066 Lewy body dementia (LBD) (KEGG)[scr:51]; H01600 Parkinsonian syndrome (KEGG)[scr:23],,,
HTR2C (P28335),CHRM4 (P08173); HTR2B (P41595); HTR2C (P28335); HTR2A (P28223),R-HSA-390666 Serotonin receptors[scr:2678]; R-HSA-416476 G alpha (q) signalling events[scr:994]; hsa04080 Neuroactive ligand-receptor interaction[scr:134]; hsa04020 Calcium signaling pathway[scr:94]; hsa04540 Gap junction[scr:67]; hsa04726 Serotonergic synapse[scr:53]; hsa04750 Inflammatory mediator regulation of TRP channels[scr:32],,,DB00715 Paroxetine[scr:4007]; DB00924 Cyclobenzaprine[scr:2385]; DB01239 Chlorprothixene[scr:2208]; DB00502 Haloperidol[scr:1363],,CHEMBL3215564 [scr:58]; CHEMBL1531244 [scr:58]; CHEMBL1544377 [scr:58]; CHEMBL3719363 [scr:58]; CHEMBL3664337 [scr:58]; CHEMBL3896154 [scr:58]; CHEMBL1516148 [scr:58]; CHEMBL2322673 [scr:58]; CHEMBL1574961 [scr:58]; CHEMBL1516190 [scr:58]
GHSR (Q92847),SIGMAR1 (Q99720),R-HSA-416476 G alpha (q) signalling events[scr:994]; hsa04080 Neuroactive ligand-receptor interaction[scr:134]; hsa04024 cAMP signaling pathway[scr:27],,Orphanet:314811 Short stature due to GHSR deficiency (EFO)[scr:100],,,
