Core Proteins,Interacting Proteins,Pathways,HPO terms,Diseases,Targeting Drugs,Experimental Bioactive Compounds (pChEMBL),Predicted interacting Compounds
PAH (P00439),,R-HSA-2160456 Phenylketonuria[scr:2795]; hsa00400 Phenylalanine- tyrosine and tryptophan biosynthesis[scr:59],HP:0100610 Maternal hyperphenylalaninemia[scr:184]; HP:0005982 Reduced phenylalanine hydroxylase level[scr:184]; HP:0004920 Phenylpyruvic acidemia[scr:184],Orphanet:716 Phenylketonuria (EFO)[scr:157]; H00167 Phenylketonuria (KEGG)[scr:32],DB00368 Norepinephrine[scr:9999999]; DB06262 Droxidopa[scr:2073],,
LMNA (P02545),,R-HSA-352238 Breakdown of the nuclear lamina[scr:932],HP:0010330 Abnormality of the phalanges of the 3rd toe[scr:184]; HP:0012723 Sinoatrial block[scr:184]; HP:0000287 Increased facial adipose tissue[scr:184]; HP:0008985 Increased intramuscular fat[scr:184]; HP:0008739 Labial pseudohypertrophy[scr:184]; HP:0010359 Aplasia/Hypoplasia of the phalanges of the 3rd toe[scr:184],Orphanet:98856 Charcot-Marie-Tooth disease type 2B1 (EFO)[scr:157]; Orphanet:2348 Familial partial lipodystrophy- Dunnigan type (EFO)[scr:157]; Orphanet:98855 Autosomal recessive Emery-Dreifuss muscular dystrophy (EFO)[scr:157]; Orphanet:90153 Mandibuloacral dysplasia with type A lipodystrophy (EFO)[scr:157]; Orphanet:740 Hutchinson-Gilford progeria syndrome (EFO)[scr:157]; EFO:0000463 obsolete_Emery-Dreifuss muscular dystrophy (EFO)[scr:157]; H00601 Hutchinson-Gilford progeria syndrome (KEGG)[scr:159]; H00665 Mandibuloacral dysplasia (KEGG)[scr:80]; H00663 Restrictive dermopathy (KEGG)[scr:80],DB00368 Norepinephrine[scr:9999999],,
ADRB2 (P07550),ADRB2 (P07550); ADORA1 (P30542); MAGI3 (Q5TCQ9); CNR1 (P21554),R-HSA-390696 Adrenoceptors[scr:25151]; hsa04022 cGMP-PKG signaling pathway[scr:172]; hsa04080 Neuroactive ligand-receptor interaction[scr:125]; hsa04970 Salivary secretion[scr:111]; hsa04923 Regulation of lipolysis in adipocytes[scr:85]; hsa04020 Calcium signaling pathway[scr:73]; hsa04924 Renin secretion[scr:63]; hsa04261 Adrenergic signaling in cardiomyocytes[scr:48],,,DB00368 Norepinephrine[scr:9999999]; DB11278 DL-Methylephedrine[scr:2788]; DB00715 Paroxetine[scr:2099]; DB06262 Droxidopa[scr:2073]; DB11124 Racepinephrine[scr:1866]; DB01365 Mephentermine[scr:1866],,CHEMBL1601800 [scr:136.17]; CHEMBL3192729 [scr:136.17]; CHEMBL2017810 [scr:136.17]; CHEMBL1577293 [scr:116.72]; CHEMBL1606647 [scr:116.72]; CHEMBL2332935 [scr:116.72]; CHEMBL3759577 [scr:116.72]; CHEMBL3208605 [scr:116.72]; CHEMBL1545482 [scr:116.72]; CHEMBL3745882 [scr:113.48]
ADRB1 (P08588),ADORA1 (P30542); DRD4 (P21917); MAGI3 (Q5TCQ9),R-HSA-390696 Adrenoceptors[scr:25151]; hsa04022 cGMP-PKG signaling pathway[scr:172]; hsa04080 Neuroactive ligand-receptor interaction[scr:125]; hsa04970 Salivary secretion[scr:111]; hsa04923 Regulation of lipolysis in adipocytes[scr:85]; hsa04020 Calcium signaling pathway[scr:73]; hsa04924 Renin secretion[scr:63]; hsa04261 Adrenergic signaling in cardiomyocytes[scr:48],,,DB00368 Norepinephrine[scr:9999999]; DB11278 DL-Methylephedrine[scr:2788]; DB00715 Paroxetine[scr:2099]; DB06262 Droxidopa[scr:2073]; DB11124 Racepinephrine[scr:1866]; DB01365 Mephentermine[scr:1866],,CHEMBL1601800 [scr:136.17]; CHEMBL3192729 [scr:136.17]; CHEMBL2017810 [scr:136.17]; CHEMBL1577293 [scr:116.72]; CHEMBL1606647 [scr:116.72]; CHEMBL2332935 [scr:116.72]; CHEMBL3759577 [scr:116.72]; CHEMBL3208605 [scr:116.72]; CHEMBL1545482 [scr:116.72]
ADRA2A (P08913),ADRA2A (P08913); ADRA2C (P18825),R-HSA-390696 Adrenoceptors[scr:25151]; R-HSA-392023 Adrenaline signalling through Alpha-2 adrenergic receptor[scr:8384]; R-HSA-418594 G alpha (i) signalling events[scr:519]; hsa04022 cGMP-PKG signaling pathway[scr:172]; hsa04080 Neuroactive ligand-receptor interaction[scr:125],,,DB00368 Norepinephrine[scr:9999999]; DB00433 Prochlorperazine[scr:7465]; DB11278 DL-Methylephedrine[scr:2788]; DB00715 Paroxetine[scr:2099]; DB06262 Droxidopa[scr:2073]; DB11124 Racepinephrine[scr:1866]; DB01365 Mephentermine[scr:1866]; DB00697 Tizanidine[scr:1866]; DB00457 Prazosin[scr:1659],,
ADRB3 (P13945),,R-HSA-390696 Adrenoceptors[scr:25151]; hsa04022 cGMP-PKG signaling pathway[scr:172]; hsa04080 Neuroactive ligand-receptor interaction[scr:125]; hsa04970 Salivary secretion[scr:111]; hsa04923 Regulation of lipolysis in adipocytes[scr:85]; hsa04020 Calcium signaling pathway[scr:73]; hsa04924 Renin secretion[scr:63],,,DB00368 Norepinephrine[scr:9999999]; DB11278 DL-Methylephedrine[scr:2788]; DB00715 Paroxetine[scr:2099]; DB06262 Droxidopa[scr:2073]; DB11124 Racepinephrine[scr:1866]; DB01365 Mephentermine[scr:1866],,
ADRA2B (P18089),,R-HSA-390696 Adrenoceptors[scr:25151]; R-HSA-392023 Adrenaline signalling through Alpha-2 adrenergic receptor[scr:8384]; R-HSA-418594 G alpha (i) signalling events[scr:519]; hsa04022 cGMP-PKG signaling pathway[scr:172]; hsa04080 Neuroactive ligand-receptor interaction[scr:125],,,DB00368 Norepinephrine[scr:9999999]; DB00433 Prochlorperazine[scr:7465]; DB11278 DL-Methylephedrine[scr:2788]; DB00715 Paroxetine[scr:2099]; DB06262 Droxidopa[scr:2073]; DB11124 Racepinephrine[scr:1866]; DB01365 Mephentermine[scr:1866]; DB00697 Tizanidine[scr:1866]; DB00457 Prazosin[scr:1659],,
ADRA2C (P18825),ADRA2C (P18825); ADRA2A (P08913),R-HSA-390696 Adrenoceptors[scr:25151]; R-HSA-392023 Adrenaline signalling through Alpha-2 adrenergic receptor[scr:8384]; R-HSA-418594 G alpha (i) signalling events[scr:519]; hsa04022 cGMP-PKG signaling pathway[scr:172]; hsa04080 Neuroactive ligand-receptor interaction[scr:125],,,DB00368 Norepinephrine[scr:9999999]; DB00433 Prochlorperazine[scr:7465]; DB11278 DL-Methylephedrine[scr:2788]; DB00715 Paroxetine[scr:2099]; DB06262 Droxidopa[scr:2073]; DB11124 Racepinephrine[scr:1866]; DB01365 Mephentermine[scr:1866]; DB00697 Tizanidine[scr:1866],,
ADRA1D (P25100),ADRA1D (P25100); CXCR4 (P61073),R-HSA-390696 Adrenoceptors[scr:25151]; hsa04022 cGMP-PKG signaling pathway[scr:172]; hsa04080 Neuroactive ligand-receptor interaction[scr:125]; hsa04970 Salivary secretion[scr:111]; hsa04020 Calcium signaling pathway[scr:73]; hsa04261 Adrenergic signaling in cardiomyocytes[scr:48]; hsa04270 Vascular smooth muscle contraction[scr:19],,,DB00368 Norepinephrine[scr:9999999]; DB00433 Prochlorperazine[scr:7465]; DB11278 DL-Methylephedrine[scr:2788]; DB00715 Paroxetine[scr:2099]; DB06262 Droxidopa[scr:2073]; DB11124 Racepinephrine[scr:1866]; DB01365 Mephentermine[scr:1866]; DB00697 Tizanidine[scr:1866]; DB00457 Prazosin[scr:1659]; DB00490 Buspirone[scr:1659],,CHEMBL1601800 [scr:136.17]; CHEMBL3192729 [scr:136.17]; CHEMBL2017810 [scr:136.17]; CHEMBL1577293 [scr:116.72]; CHEMBL1606647 [scr:116.72]; CHEMBL2332935 [scr:116.72]; CHEMBL3759577 [scr:116.72]; CHEMBL3208605 [scr:116.72]; CHEMBL1545482 [scr:116.72]; CHEMBL3745882 [scr:113.48]
ADRA1A (P35348),CXCR4 (P61073),R-HSA-390696 Adrenoceptors[scr:25151]; hsa04022 cGMP-PKG signaling pathway[scr:172]; hsa04080 Neuroactive ligand-receptor interaction[scr:125]; hsa04970 Salivary secretion[scr:111]; hsa04020 Calcium signaling pathway[scr:73]; hsa04261 Adrenergic signaling in cardiomyocytes[scr:48]; hsa04270 Vascular smooth muscle contraction[scr:19],,,DB00368 Norepinephrine[scr:9999999]; DB00433 Prochlorperazine[scr:7465]; DB11278 DL-Methylephedrine[scr:2788]; DB00715 Paroxetine[scr:2099]; DB06262 Droxidopa[scr:2073]; DB11124 Racepinephrine[scr:1866]; DB01365 Mephentermine[scr:1866]; DB00697 Tizanidine[scr:1866]; DB00457 Prazosin[scr:1659]; DB00490 Buspirone[scr:1659],,CHEMBL1601800 [scr:136.17]; CHEMBL3192729 [scr:136.17]; CHEMBL2017810 [scr:136.17]; CHEMBL1577293 [scr:116.72]; CHEMBL1606647 [scr:116.72]; CHEMBL2332935 [scr:116.72]; CHEMBL3759577 [scr:116.72]; CHEMBL3208605 [scr:116.72]; CHEMBL1545482 [scr:116.72]; CHEMBL3745882 [scr:113.48]
ADRA1B (P35368),DRD4 (P21917); CXCR4 (P61073),R-HSA-390696 Adrenoceptors[scr:25151]; hsa04022 cGMP-PKG signaling pathway[scr:172]; hsa04080 Neuroactive ligand-receptor interaction[scr:125]; hsa04970 Salivary secretion[scr:111]; hsa04020 Calcium signaling pathway[scr:73]; hsa04261 Adrenergic signaling in cardiomyocytes[scr:48]; hsa04270 Vascular smooth muscle contraction[scr:19],,,DB00368 Norepinephrine[scr:9999999]; DB00433 Prochlorperazine[scr:7465]; DB11278 DL-Methylephedrine[scr:2788]; DB00715 Paroxetine[scr:2099]; DB06262 Droxidopa[scr:2073]; DB11124 Racepinephrine[scr:1866]; DB01365 Mephentermine[scr:1866]; DB00697 Tizanidine[scr:1866]; DB00457 Prazosin[scr:1659]; DB00490 Buspirone[scr:1659],,CHEMBL1601800 [scr:136.17]; CHEMBL3192729 [scr:136.17]; CHEMBL2017810 [scr:136.17]; CHEMBL1577293 [scr:116.72]; CHEMBL1606647 [scr:116.72]; CHEMBL2332935 [scr:116.72]; CHEMBL3759577 [scr:116.72]; CHEMBL3208605 [scr:116.72]; CHEMBL1545482 [scr:116.72]; CHEMBL3745882 [scr:113.48]
SLC18A1 (P54219),BRICD5 (Q6PL45); MFSD6 (Q6ZSS7); PEX16 (Q9Y5Y5); NEU1 (Q99519); MS4A1 (P11836),R-HSA-442660 Na+/Cl- dependent neurotransmitter transporters[scr:588]; hsa04728 Dopaminergic synapse[scr:19],,,DB00368 Norepinephrine[scr:9999999],,
SLC18A2 (Q05940),BRICD5 (Q6PL45),R-HSA-442660 Na+/Cl- dependent neurotransmitter transporters[scr:588]; hsa04728 Dopaminergic synapse[scr:19],,,DB00368 Norepinephrine[scr:9999999],,
BRICD5 (Q6PL45),SLC18A1 (P54219); SLC18A2 (Q05940),,,,,,
ADORA1 (P30542),ADRB2 (P07550); ADRB1 (P08588),R-HSA-417973 Adenosine P1 receptors[scr:699]; R-HSA-418594 G alpha (i) signalling events[scr:519]; hsa04022 cGMP-PKG signaling pathway[scr:172]; hsa04080 Neuroactive ligand-receptor interaction[scr:125]; hsa04923 Regulation of lipolysis in adipocytes[scr:85]; hsa04924 Renin secretion[scr:63],,,,,
DRD4 (P21917),ADRB1 (P08588); ADRA1B (P35368); DRD4 (P21917),R-HSA-390651 Dopamine receptors[scr:559]; R-HSA-418594 G alpha (i) signalling events[scr:519]; hsa04080 Neuroactive ligand-receptor interaction[scr:125]; hsa04728 Dopaminergic synapse[scr:19],,H01671 Neurosis (KEGG)[scr:159]; H01895 Attention deficit hyperactivity disorder (ADHD) (KEGG)[scr:53],DB00490 Buspirone[scr:1659],,CHEMBL1601800 [scr:136.17]; CHEMBL3192729 [scr:136.17]; CHEMBL2017810 [scr:136.17]; CHEMBL1577293 [scr:116.72]; CHEMBL1606647 [scr:116.72]; CHEMBL2332935 [scr:116.72]; CHEMBL3759577 [scr:116.72]; CHEMBL3208605 [scr:116.72]; CHEMBL1545482 [scr:116.72]; CHEMBL3745882 [scr:113.48]
MAGI3 (Q5TCQ9),ADRB2 (P07550); ADRB1 (P08588),,,,,,
CXCR4 (P61073),ADRA1D (P25100); ADRA1A (P35348); ADRA1B (P35368); CXCR4 (P61073),R-HSA-173107 Binding and entry of HIV virion[scr:699]; R-HSA-418594 G alpha (i) signalling events[scr:519]; hsa04020 Calcium signaling pathway[scr:73],HP:0031160 Myelokathexis[scr:184],Orphanet:51636 WHIM syndrome (EFO)[scr:157]; H00097 Chemokine receptor defect (KEGG)[scr:159],,,
MFSD6 (Q6ZSS7),SLC18A1 (P54219),,,,,,
PEX16 (Q9Y5Y5),SLC18A1 (P54219),,,,,,
CNR1 (P21554),ADRB2 (P07550); CNR1 (P21554),R-HSA-418594 G alpha (i) signalling events[scr:519]; hsa04080 Neuroactive ligand-receptor interaction[scr:125],,,,,
NEU1 (Q99519),SLC18A1 (P54219),R-HSA-4341670 Defective NEU1 causes sialidosis[scr:2795],,Orphanet:87876 sialidosis type II (EFO)[scr:157]; Orphanet:812 sialidosis type I (EFO)[scr:157]; H00142 Sialidosis (KEGG)[scr:159],,,
MS4A1 (P11836),SLC18A1 (P54219),,,,,,
