Core Proteins,Interacting Proteins,Pathways,HPO terms,Diseases,Targeting Drugs,Experimental Bioactive Compounds (pChEMBL),Predicted interacting Compounds
ALB (P02768),ALB (P02768); TFRC (P02786),R-HSA-189483 Heme degradation[scr:1339]; R-HSA-8964058 HDL remodeling[scr:803]; R-HSA-189451 Heme biosynthesis[scr:730]; R-HSA-879518 Transport of organic anions[scr:670]; R-HSA-159418 Recycling of bile acids and salts[scr:502]; hsa04918 Thyroid hormone synthesis[scr:11],,Orphanet:86816 Congenital analbuminemia (EFO)[scr:450]; EFO:0004127 hyperthyroxinemia (EFO)[scr:225],DB00545 Pyridostigmine[scr:9999999],,
BCHE (P06276),BCHE (P06276); SEC11A (P67812),R-HSA-112311 Neurotransmitter clearance[scr:8034]; R-HSA-422085 Synthesis- secretion- and deacylation of Ghrelin[scr:3806]; R-HSA-1483191 Synthesis of PC[scr:1148],,Orphanet:132 Butyrylcholinesterase deficiency (EFO)[scr:450],DB00545 Pyridostigmine[scr:9999999]; DB00944 Demecarium[scr:1192]; DB00843 Donepezil[scr:1192]; DB00733 Pralidoxime[scr:1192]; DB01010 Edrophonium[scr:1192]; DB00989 Rivastigmine[scr:1192]; DB02845 Methylphosphinic Acid[scr:795]; DB04892 Phenserine[scr:795]; DB00382 Tacrine[scr:795]; DB00677 Isoflurophate[scr:795],,
ACHE (P22303),COLQ (Q9Y215); ENO1 (P06733); RACK1 (P63244),R-HSA-112311 Neurotransmitter clearance[scr:8034]; R-HSA-422085 Synthesis- secretion- and deacylation of Ghrelin[scr:3806]; R-HSA-1483191 Synthesis of PC[scr:1148]; hsa00564 Glycerophospholipid metabolism[scr:9]; hsa04725 Cholinergic synapse[scr:8],,,DB00545 Pyridostigmine[scr:9999999]; DB00944 Demecarium[scr:1192]; DB00843 Donepezil[scr:1192]; DB00733 Pralidoxime[scr:1192]; DB01010 Edrophonium[scr:1192]; DB00989 Rivastigmine[scr:1192]; DB02845 Methylphosphinic Acid[scr:795]; DB04892 Phenserine[scr:795]; DB00382 Tacrine[scr:795]; DB00677 Isoflurophate[scr:795],,
COLQ (Q9Y215),ACHE (P22303),,HP:0030203 Unfavorable response of muscle weakness to acetylcholine esterase inhibitors[scr:264]; HP:0003436 Prolonged miniature endplate currents[scr:176]; HP:0030211 Slow pupillary light response[scr:132]; HP:0007695 Abnormal pupillary light reflex[scr:106]; HP:0006251 Limited wrist extension[scr:106]; HP:0030201 Response to drugs acting on neuromuscular transmission[scr:76]; HP:0006248 Limited wrist movement[scr:66]; HP:0007941 Limited extraocular movements[scr:48],Orphanet:98915 Synaptic congenital myasthenic syndromes (EFO)[scr:450]; Orphanet:590 Congenital myasthenic syndromes (EFO)[scr:23]; H00770 Congenital myasthenic syndrome (KEGG)[scr:18],,,
ENO1 (P06733),ACHE (P22303),hsa04066 HIF-1 signaling pathway[scr:31]; hsa00010 Glycolysis / Gluconeogenesis[scr:13]; hsa01230 Biosynthesis of amino acids[scr:11]; hsa03018 RNA degradation[scr:11],,,,,
TFRC (P02786),ALB (P02768); TFRC (P02786),hsa04066 HIF-1 signaling pathway[scr:31]; hsa04216 Ferroptosis[scr:21]; hsa04640 Hematopoietic cell lineage[scr:9],HP:0004854 Intermittent thrombocytopenia[scr:176]; HP:0009098 Chronic oral candidiasis[scr:88],Orphanet:101997 Primary immunodeficiency (EFO)[scr:64],,,
RACK1 (P63244),ACHE (P22303),R-HSA-5626978 TNFR1-mediated ceramide production[scr:1339],,,,,
SEC11A (P67812),BCHE (P06276),R-HSA-422085 Synthesis- secretion- and deacylation of Ghrelin[scr:3806]; R-HSA-400511 Synthesis- secretion- and inactivation of Glucose-dependent Insulinotropic Polypeptide (GIP)[scr:618]; hsa03060 Protein export[scr:37],,,,,
