Core Proteins,Interacting Proteins,Pathways,HPO terms,Diseases,Targeting Drugs,Experimental Bioactive Compounds (pChEMBL),Predicted interacting Compounds
PDE5A (O76074),PRKG1 (Q13976); SPG21 (Q9NZD8),R-HSA-418457 cGMP effects[scr:4017]; hsa00230 Purine metabolism[scr:60]; hsa04022 cGMP-PKG signaling pathway[scr:20],,,DB00820 Tadalafil[scr:9999999]; DB00203 Sildenafil[scr:795]; DB00862 Vardenafil[scr:795]; DB08729 5-ethoxy-4-(1-methyl-7-oxo-3-propyl-6-7-dihydro-1H-pyrazolo[4-3-d]pyrimidin-5-yl)thiophene-2-sulfonamide[scr:596]; DB05415 OSI-461[scr:596]; DB06237 Avanafil[scr:596]; DB06267 Udenafil[scr:596]; DB07954 3-isobutyl-1-methyl-7H-xanthine[scr:298]; DB03597 gamma-Glutamyl[S-(2-iodobenzyl)cysteinyl]glycine[scr:199]; DB00201 Caffeine[scr:168],,CHEMBL2179589 [scr:65.25]; CHEMBL3730394 [scr:65.25]; CHEMBL1526909 [scr:65.25]; CHEMBL1586588 [scr:65.25]; CHEMBL1586428 [scr:65.25]; CHEMBL1527428 [scr:65.25]; CHEMBL1527443 [scr:65.25]; CHEMBL1586099 [scr:65.25]; CHEMBL2021341 [scr:65.25]; CHEMBL1526830 [scr:65.25]
PDE6G (P18545),L3MBTL3 (Q96JM7); BHLHE40 (O14503); PRKAB2 (O43741),R-HSA-2485179 Activation of the phototransduction cascade[scr:730]; R-HSA-4086398 Ca2+ pathway[scr:545]; hsa00230 Purine metabolism[scr:60]; hsa04744 Phototransduction[scr:25],,Orphanet:791 Retinitis pigmentosa (EFO)[scr:6]; H00527 Retinitis pigmentosa (KEGG)[scr:7],DB00820 Tadalafil[scr:9999999]; DB00203 Sildenafil[scr:795]; DB00862 Vardenafil[scr:795]; DB07954 3-isobutyl-1-methyl-7H-xanthine[scr:298],,
PDE11A (Q9HCR9),,R-HSA-418457 cGMP effects[scr:4017]; hsa00230 Purine metabolism[scr:60],HP:0003466 Paradoxical increased cortisol secretion on dexamethasone suppression test[scr:176]; HP:0001580 Pigmented micronodular adrenocortical disease[scr:132]; HP:0001579 Primary hypercortisolism[scr:132]; HP:0000849 Adrenocortical abnormality[scr:106]; HP:0001575 Mood changes[scr:66],Orphanet:189439 Primary pigmented nodular adrenocortical disease (EFO)[scr:113]; H00260 Pigmented micronodular adrenocortical disease (KEGG)[scr:153]; H02049 Bilateral macronodular adrenal hyperplasia (KEGG)[scr:51]; H01431 Cushing syndrome (KEGG)[scr:25],DB00820 Tadalafil[scr:9999999]; DB00201 Caffeine[scr:168],,
PRKG1 (Q13976),PDE5A (O76074),R-HSA-418457 cGMP effects[scr:4017]; R-HSA-4086398 Ca2+ pathway[scr:545]; R-HSA-392517 Rap1 signalling[scr:502]; hsa04022 cGMP-PKG signaling pathway[scr:20]; hsa04923 Regulation of lipolysis in adipocytes[scr:15]; hsa04714 Thermogenesis[scr:15]; hsa04730 Long-term depression[scr:14],HP:0006702 Coronary artery dissection[scr:529]; HP:0030882 Coronary artery aneurysm[scr:76],Orphanet:233655 Rare genetic vascular disease (EFO)[scr:113]; Orphanet:91387 Familial thoracic aortic aneurysm and aortic dissection (EFO)[scr:41]; H00801 Familial thoracic aortic aneurysm and dissection (KEGG)[scr:51],,,
L3MBTL3 (Q96JM7),PDE6G (P18545); L3MBTL3 (Q96JM7),,,,,,
BHLHE40 (O14503),PDE6G (P18545),R-HSA-1368108 BMAL1:CLOCK-NPAS2 activates circadian gene expression[scr:298]; hsa04710 Circadian rhythm[scr:114],,,,,
SPG21 (Q9NZD8),PDE5A (O76074),,HP:0012672 Akinetic mutism[scr:264]; HP:0006892 Frontotemporal cerebral atrophy[scr:41]; HP:0012075 Personality disorder[scr:38],Orphanet:101001 Autosomal recessive spastic paraplegia type 21 (EFO)[scr:450]; H00266 Hereditary spastic paraplegia (KEGG)[scr:8],,,
PRKAB2 (O43741),PDE6G (P18545); PRKAB2 (O43741),R-HSA-163680 AMPK inhibits chREBP transcriptional activation activity[scr:1004]; R-HSA-2151209 Activation of PPARGC1A (PGC-1alpha) by phosphorylation[scr:803]; R-HSA-200425 Carnitine metabolism[scr:574]; R-HSA-380972 Energy dependent regulation of mTOR by LKB1-AMPK[scr:277]; R-HSA-9619483 Activation of AMPK downstream of NMDARs[scr:277]; hsa04710 Circadian rhythm[scr:114]; hsa04714 Thermogenesis[scr:15]; hsa04213 Longevity regulating pathway[scr:13]; hsa04920 Adipocytokine signaling pathway[scr:12]; hsa04211 Longevity regulating pathway[scr:10],,,,,
