Core Proteins,Interacting Proteins,Pathways,HPO terms,Diseases,Targeting Drugs,Experimental Bioactive Compounds (pChEMBL),Predicted interacting Compounds
ALDOB (P05062),BBS7 (Q8IWZ6); BBS2 (Q9BXC9); BBS1 (Q8NFJ9),R-HSA-5657560 Hereditary fructose intolerance[scr:5356]; R-HSA-70350 Fructose catabolism[scr:1071]; R-HSA-70171 Glycolysis[scr:523]; hsa00051 Fructose and mannose metabolism[scr:69]; hsa00010 Glycolysis / Gluconeogenesis[scr:34]; hsa01200 Carbon metabolism[scr:19]; hsa00030 Pentose phosphate pathway[scr:19],HP:0008273 Transient aminoaciduria[scr:353]; HP:0011033 Impairment of fructose metabolism[scr:353]; HP:0012545 Reduced aldolase level[scr:353]; HP:0005973 Fructose intolerance[scr:353]; HP:0003646 Bicarbonaturia[scr:176]; HP:0011279 Abnormality of urine bicarbonate concentration[scr:176]; HP:0003149 Hyperuricosuria[scr:118]; HP:0012051 Reactive hypoglycemia[scr:88],Orphanet:469 Hereditary fructose intolerance (EFO)[scr:300]; H00071 Hereditary fructose intolerance (KEGG)[scr:306],DB02515 sn-glycerol 3-phosphate[scr:9999999]; DB02512 1-6-Fructose Diphosphate (Linear Form)[scr:199]; DB04326 Dihydroxyacetone phosphate[scr:99],,
PFKFB1 (P16118),PFKFB1 (P16118); PLEKHG4 (Q58EX7); GCK (P35557); VWC2 (Q2TAL6); ZNF276 (Q8N554); KATNBL1 (Q9H079); DDIT4L (Q96D03); ZNF655 (Q8N720),R-HSA-163358 PKA-mediated phosphorylation of key metabolic factors[scr:1071]; R-HSA-163767 PP2A-mediated dephosphorylation of key metabolic factors[scr:765]; hsa00051 Fructose and mannose metabolism[scr:69]; hsa04922 Glucagon signaling pathway[scr:20],,,DB02515 sn-glycerol 3-phosphate[scr:9999999]; DB02393 D-Gluco-2-5-Anhydro-1-Deoxy-1-Phosphonohexitol-6-Phosphate[scr:397]; DB04493 Fructose-6-phosphate[scr:79]; DB02930 Adenosine 5'-[gamma-thio]triphosphate[scr:31],,
PLEKHG4 (Q58EX7),PFKFB1 (P16118),,,,,,
GCK (P35557),PFKFB1 (P16118),R-HSA-5619073 Defective GCK causes maturity-onset diabetes of the young 2 (MODY2)[scr:5356]; R-HSA-5619107 Defective TPR may confer susceptibility towards thyroid papillary carcinoma (TPC)[scr:1785]; R-HSA-70171 Glycolysis[scr:523]; R-HSA-210745 Regulation of gene expression in beta cells[scr:298]; R-HSA-9615017 FOXO-mediated transcription of oxidative stress- metabolic and neuronal genes[scr:179]; hsa00524 Neomycin- kanamycin and gentamicin biosynthesis[scr:114]; hsa00010 Glycolysis / Gluconeogenesis[scr:34]; hsa04922 Glucagon signaling pathway[scr:20]; hsa01200 Carbon metabolism[scr:19]; hsa00052 Galactose metabolism[scr:18]; hsa00500 Starch and sucrose metabolism[scr:16]; hsa00520 Amino sugar and nucleotide sugar metabolism[scr:12]; hsa04917 Prolactin signaling pathway[scr:8],HP:0006279 Beta-cell dysfunction[scr:59],Orphanet:79299 Hyperinsulinism due to glucokinase deficiency (EFO)[scr:150]; Orphanet:79134 DEND syndrome (EFO)[scr:75]; Orphanet:99885 Permanent neonatal diabetes mellitus (EFO)[scr:75]; Orphanet:552 MODY (EFO)[scr:25]; EFO:0001360 type II diabetes mellitus (EFO)[scr:11]; H01267 Familial hyperinsulinemic hypoglycemia (KEGG)[scr:44]; H00512 Permanent neonatal diabetes mellitus (KEGG)[scr:34]; H00410 Maturity onset diabetes of the young (MODY) (KEGG)[scr:28],DB07358 2-amino-N-(4-methyl-1-3-thiazol-2-yl)-5-[(4-methyl-4H-1-2-4-triazol-3-yl)sulfanyl]benzamide[scr:397]; DB07359 3-[(4-fluorophenyl)sulfanyl]-N-(4-methyl-1-3-thiazol-2-yl)-6-[(4-methyl-4H-1-2-4-triazol-3-yl)sulfanyl]pyridine-2-carboxamide[scr:397]; DB08118 2-(methylamino)-N-(4-methyl-1-3-thiazol-2-yl)-5-[(4-methyl-4H-1-2-4-triazol-3-yl)sulfanyl]benzamide[scr:397]; DB08210 2-AMINO-4-FLUORO-5-[(1-METHYL-1H-IMIDAZOL-2-YL)SULFANYL]-N-(1-3-THIAZOL-2-YL)BENZAMIDE[scr:397],,
VWC2 (Q2TAL6),PFKFB1 (P16118),,,,,,
ZNF276 (Q8N554),PFKFB1 (P16118),,,,,,
KATNBL1 (Q9H079),PFKFB1 (P16118),,,,,,
DDIT4L (Q96D03),PFKFB1 (P16118),,,,,,
BBS7 (Q8IWZ6),ALDOB (P05062); BBS1 (Q8NFJ9); BBS2 (Q9BXC9),R-HSA-5620922 BBSome-mediated cargo-targeting to cilium[scr:2096],HP:0010747 Medial flaring of the eyebrow[scr:122],EFO:0009026 Bardet-Biedl syndrome 7 (EFO)[scr:300]; Orphanet:110 Bardet-Biedl syndrome (EFO)[scr:113]; H00418 Bardet-Biedl syndrome (KEGG)[scr:131],,,
ZNF655 (Q8N720),PFKFB1 (P16118),,,,,,
BBS2 (Q9BXC9),ALDOB (P05062); BBS1 (Q8NFJ9); BBS7 (Q8IWZ6),R-HSA-5620922 BBSome-mediated cargo-targeting to cilium[scr:2096],HP:0010747 Medial flaring of the eyebrow[scr:122],Orphanet:110 Bardet-Biedl syndrome (EFO)[scr:113]; Orphanet:791 Retinitis pigmentosa (EFO)[scr:4]; H00418 Bardet-Biedl syndrome (KEGG)[scr:131]; H00527 Retinitis pigmentosa (KEGG)[scr:5],,,
BBS1 (Q8NFJ9),ALDOB (P05062); BBS2 (Q9BXC9); BBS7 (Q8IWZ6),R-HSA-5620922 BBSome-mediated cargo-targeting to cilium[scr:2096],HP:0010747 Medial flaring of the eyebrow[scr:122],Orphanet:110 Bardet-Biedl syndrome (EFO)[scr:113]; EFO:0009021 Bardet-Biedl syndrome 1 (EFO)[scr:100]; H00418 Bardet-Biedl syndrome (KEGG)[scr:131],,,
