Core Proteins,Interacting Proteins,Pathways,HPO terms,Diseases,Targeting Drugs,Experimental Bioactive Compounds (pChEMBL),Predicted interacting Compounds
NRP1 (O14786),VEGFA (P15692); VEGFA (P15692); KDR (P35968),,,,DB00039 Palifermin[scr:9999999],,
FGFR1 (P11362),FGFR1 (P11362); FGF1 (P05230); HTR1A (P08908); ANOS1 (P23352); FGF2 (P09038); FGF2 (P09038); FGF2 (P09038); FGF23 (Q9GZV9); NOSTRIN (Q8IVI9),R-HSA-190370 FGFR1b ligand binding and activation[scr:10713]; R-HSA-190373 FGFR1c ligand binding and activation[scr:8369]; R-HSA-109704 PI3K Cascade[scr:8343]; R-HSA-5654219 Phospholipase C-mediated cascade: FGFR1[scr:6277]; R-HSA-1839122 Signaling by activated point mutants of FGFR1[scr:5843]; hsa04015 Rap1 signaling pathway[scr:238]; hsa04014 Ras signaling pathway[scr:219]; hsa04010 MAPK signaling pathway[scr:175]; hsa04810 Regulation of actin cytoskeleton[scr:163]; hsa04151 PI3K-Akt signaling pathway[scr:146]; hsa04550 Signaling pathways regulating pluripotency of stem cells[scr:75]; hsa04928 Parathyroid hormone synthesis- secretion and action[scr:16],,Orphanet:710 Pfeiffer syndrome (EFO)[scr:450]; Orphanet:1540 Jackson-Weiss syndrome (EFO)[scr:450]; EFO:0004123 obsolete_acrocephalosyndactylia (EFO)[scr:300]; Orphanet:2396 Encephalocraniocutaneous lipomatosis (EFO)[scr:225]; Orphanet:2645 Osteoglophonic dwarfism (EFO)[scr:225]; H01756 Pfeiffer syndrome (KEGG)[scr:458]; H01988 Jackson-Weiss syndrome (KEGG)[scr:458],DB00039 Palifermin[scr:9999999]; DB09078 Lenvatinib[scr:931]; DB01109 Heparin[scr:621]; DB02058 3-[4-(1-formylpiperazin-4-yl)-benzylidenyl]-2-indolinone[scr:596]; DB05014 XL999[scr:537]; DB08901 Ponatinib[scr:497]; DB09079 Nintedanib[scr:477],,
FGFR2 (P21802),FGF1 (P05230); FGF1 (P05230); FGF1 (P05230); FGF10 (O15520); FGF7 (P21781); FGF2 (P09038); FGF2 (P09038); FGF2 (P09038),R-HSA-190377 FGFR2b ligand binding and activation[scr:10043]; R-HSA-2033519 Activated point mutants of FGFR2[scr:8507]; R-HSA-109704 PI3K Cascade[scr:8343]; R-HSA-5654221 Phospholipase C-mediated cascade- FGFR2[scr:8034]; R-HSA-5654695 PI-3K cascade:FGFR2[scr:6288]; R-HSA-5654699 SHC-mediated cascade:FGFR2[scr:6288]; hsa04015 Rap1 signaling pathway[scr:238]; hsa04014 Ras signaling pathway[scr:219]; hsa04010 MAPK signaling pathway[scr:175]; hsa04810 Regulation of actin cytoskeleton[scr:163]; hsa04151 PI3K-Akt signaling pathway[scr:146]; hsa04550 Signaling pathways regulating pluripotency of stem cells[scr:75]; hsa04144 Endocytosis[scr:15],HP:0032107 Limbal stem cell deficiency[scr:793]; HP:0005707 Bilateral triphalangeal thumbs[scr:793]; HP:0007656 Lacrimal gland aplasia[scr:793]; HP:0100583 Corneal perforation[scr:793]; HP:0007892 Hypoplasia of the lacrimal punctum[scr:793]; HP:0009637 Absent proximal phalanx of thumb[scr:793]; HP:0009741 Nephrosclerosis[scr:793]; HP:0009740 Aplasia of the parotid gland[scr:793]; HP:0009462 Radial deviation of the 3rd finger[scr:595]; HP:0008743 Coronal hypospadias[scr:595],Orphanet:2363 Lacrimoauriculodentodigital syndrome (EFO)[scr:675]; Orphanet:710 Pfeiffer syndrome (EFO)[scr:450]; Orphanet:1540 Jackson-Weiss syndrome (EFO)[scr:450]; EFO:0004123 obsolete_acrocephalosyndactylia (EFO)[scr:300]; Orphanet:313855 FGFR2-related bent bone dysplasia (EFO)[scr:225]; H00642 Lacrimo-auriculo-dento-digital syndrome (KEGG)[scr:688]; H01756 Pfeiffer syndrome (KEGG)[scr:458]; H01754 Crouzon syndrome (KEGG)[scr:458]; H01988 Jackson-Weiss syndrome (KEGG)[scr:458],DB00039 Palifermin[scr:9999999]; DB09078 Lenvatinib[scr:931]; DB01109 Heparin[scr:621]; DB01901 Sucrosofate[scr:596]; DB02058 3-[4-(1-formylpiperazin-4-yl)-benzylidenyl]-2-indolinone[scr:596]; DB08901 Ponatinib[scr:497]; DB09079 Nintedanib[scr:477],,
FGFR4 (P22455),,R-HSA-109704 PI3K Cascade[scr:8343]; hsa04015 Rap1 signaling pathway[scr:238]; hsa04014 Ras signaling pathway[scr:219]; hsa04010 MAPK signaling pathway[scr:175]; hsa04810 Regulation of actin cytoskeleton[scr:163]; hsa04151 PI3K-Akt signaling pathway[scr:146]; hsa04550 Signaling pathways regulating pluripotency of stem cells[scr:75]; hsa04144 Endocytosis[scr:15],,,DB00039 Palifermin[scr:9999999]; DB09078 Lenvatinib[scr:931]; DB01109 Heparin[scr:621]; DB08901 Ponatinib[scr:497],,
FGFR3 (P22607),FGFR3 (P22607); FGF1 (P05230),R-HSA-109704 PI3K Cascade[scr:8343]; hsa04015 Rap1 signaling pathway[scr:238]; hsa04014 Ras signaling pathway[scr:219]; hsa04010 MAPK signaling pathway[scr:175]; hsa04810 Regulation of actin cytoskeleton[scr:163]; hsa04151 PI3K-Akt signaling pathway[scr:146]; hsa04550 Signaling pathways regulating pluripotency of stem cells[scr:75]; hsa04144 Endocytosis[scr:15],HP:0032107 Limbal stem cell deficiency[scr:793]; HP:0005707 Bilateral triphalangeal thumbs[scr:793]; HP:0007656 Lacrimal gland aplasia[scr:793]; HP:0100583 Corneal perforation[scr:793]; HP:0007892 Hypoplasia of the lacrimal punctum[scr:793]; HP:0009637 Absent proximal phalanx of thumb[scr:793]; HP:0009741 Nephrosclerosis[scr:793]; HP:0009740 Aplasia of the parotid gland[scr:793]; HP:0009462 Radial deviation of the 3rd finger[scr:595]; HP:0008743 Coronal hypospadias[scr:595],Orphanet:2363 Lacrimoauriculodentodigital syndrome (EFO)[scr:675]; Orphanet:93274 Thanatophoric dysplasia type 2 (EFO)[scr:225]; Orphanet:2655 Thanatophoric dysplasia (EFO)[scr:225]; Orphanet:429 Hypochondroplasia (EFO)[scr:225]; H00642 Lacrimo-auriculo-dento-digital syndrome (KEGG)[scr:688]; H01754 Crouzon syndrome (KEGG)[scr:458]; H01749 Achondroplasia (KEGG)[scr:229]; H00505 FGFR3-related short limb skeletal dysplasia (KEGG)[scr:229]; H01990 Muenke syndrome (KEGG)[scr:229]; H02069 SADDAN (KEGG)[scr:229],DB00039 Palifermin[scr:9999999]; DB09078 Lenvatinib[scr:931]; DB05014 XL999[scr:537]; DB08901 Ponatinib[scr:497]; DB09079 Nintedanib[scr:477],,
HSPG2 (P98160),KDR (P35968); KDR (P35968); KDR (P35968),,,H02155 Dyssegmental dysplasia (KEGG)[scr:229]; H01777 Schwartz-Jampel syndrome (KEGG)[scr:229],DB00039 Palifermin[scr:9999999],,
FGF1 (P05230),FGFR1 (P11362); FGFR2 (P21802); FGFR3 (P22607),R-HSA-190370 FGFR1b ligand binding and activation[scr:10713]; R-HSA-190377 FGFR2b ligand binding and activation[scr:10043]; R-HSA-2033519 Activated point mutants of FGFR2[scr:8507]; R-HSA-190373 FGFR1c ligand binding and activation[scr:8369]; R-HSA-109704 PI3K Cascade[scr:8343]; R-HSA-5654221 Phospholipase C-mediated cascade- FGFR2[scr:8034]; R-HSA-5654695 PI-3K cascade:FGFR2[scr:6288]; R-HSA-5654699 SHC-mediated cascade:FGFR2[scr:6288]; R-HSA-5654219 Phospholipase C-mediated cascade: FGFR1[scr:6277]; R-HSA-1839122 Signaling by activated point mutants of FGFR1[scr:5843]; hsa04015 Rap1 signaling pathway[scr:238]; hsa04014 Ras signaling pathway[scr:219]; hsa04010 MAPK signaling pathway[scr:175]; hsa04810 Regulation of actin cytoskeleton[scr:163]; hsa04151 PI3K-Akt signaling pathway[scr:146],,,DB01109 Heparin[scr:621]; DB01901 Sucrosofate[scr:596]; DB00686 Pentosan polysulfate[scr:397]; DB04409 Naphthalene Trisulfonate[scr:298],,
HTR1A (P08908),FGFR1 (P11362),,,,,,CHEMBL3898193 [scr:32.63]; CHEMBL3262035 [scr:32.63]; CHEMBL3718371 [scr:32.63]; CHEMBL1921886 [scr:32.63]; CHEMBL3288334 [scr:32.63]; CHEMBL3288124 [scr:32.63]; CHEMBL3730064 [scr:32.63]; CHEMBL3644864 [scr:32.63]; CHEMBL1923511 [scr:32.63]; CHEMBL3645121 [scr:32.63]
FGF10 (O15520),FGFR2 (P21802),R-HSA-190370 FGFR1b ligand binding and activation[scr:10713]; R-HSA-190377 FGFR2b ligand binding and activation[scr:10043]; R-HSA-2033519 Activated point mutants of FGFR2[scr:8507]; R-HSA-109704 PI3K Cascade[scr:8343]; R-HSA-5654221 Phospholipase C-mediated cascade- FGFR2[scr:8034]; R-HSA-5654695 PI-3K cascade:FGFR2[scr:6288]; R-HSA-5654699 SHC-mediated cascade:FGFR2[scr:6288]; R-HSA-5654219 Phospholipase C-mediated cascade: FGFR1[scr:6277]; hsa04015 Rap1 signaling pathway[scr:238]; hsa04014 Ras signaling pathway[scr:219]; hsa04010 MAPK signaling pathway[scr:175]; hsa04810 Regulation of actin cytoskeleton[scr:163]; hsa04151 PI3K-Akt signaling pathway[scr:146],HP:0032107 Limbal stem cell deficiency[scr:793]; HP:0005707 Bilateral triphalangeal thumbs[scr:793]; HP:0007656 Lacrimal gland aplasia[scr:793]; HP:0100583 Corneal perforation[scr:793]; HP:0007892 Hypoplasia of the lacrimal punctum[scr:793]; HP:0009637 Absent proximal phalanx of thumb[scr:793]; HP:0009741 Nephrosclerosis[scr:793]; HP:0009740 Aplasia of the parotid gland[scr:793]; HP:0009462 Radial deviation of the 3rd finger[scr:595]; HP:0008743 Coronal hypospadias[scr:595],Orphanet:2363 Lacrimoauriculodentodigital syndrome (EFO)[scr:675]; H00642 Lacrimo-auriculo-dento-digital syndrome (KEGG)[scr:688],,,
ANOS1 (P23352),FGFR1 (P11362),R-HSA-190373 FGFR1c ligand binding and activation[scr:8369],,,,,
FGF7 (P21781),FGFR2 (P21802),R-HSA-190377 FGFR2b ligand binding and activation[scr:10043]; R-HSA-2033519 Activated point mutants of FGFR2[scr:8507]; R-HSA-109704 PI3K Cascade[scr:8343]; R-HSA-5654221 Phospholipase C-mediated cascade- FGFR2[scr:8034]; R-HSA-5654695 PI-3K cascade:FGFR2[scr:6288]; R-HSA-5654699 SHC-mediated cascade:FGFR2[scr:6288]; hsa04015 Rap1 signaling pathway[scr:238]; hsa04014 Ras signaling pathway[scr:219]; hsa04010 MAPK signaling pathway[scr:175]; hsa04810 Regulation of actin cytoskeleton[scr:163]; hsa04151 PI3K-Akt signaling pathway[scr:146],,,,,
FGF2 (P09038),FGFR1 (P11362); FGFR2 (P21802),R-HSA-190370 FGFR1b ligand binding and activation[scr:10713]; R-HSA-190377 FGFR2b ligand binding and activation[scr:10043]; R-HSA-2033519 Activated point mutants of FGFR2[scr:8507]; R-HSA-190373 FGFR1c ligand binding and activation[scr:8369]; R-HSA-109704 PI3K Cascade[scr:8343]; R-HSA-5654221 Phospholipase C-mediated cascade- FGFR2[scr:8034]; R-HSA-5654695 PI-3K cascade:FGFR2[scr:6288]; R-HSA-5654699 SHC-mediated cascade:FGFR2[scr:6288]; R-HSA-5654219 Phospholipase C-mediated cascade: FGFR1[scr:6277]; R-HSA-1839122 Signaling by activated point mutants of FGFR1[scr:5843]; hsa04015 Rap1 signaling pathway[scr:238]; hsa04014 Ras signaling pathway[scr:219]; hsa04010 MAPK signaling pathway[scr:175]; hsa04810 Regulation of actin cytoskeleton[scr:163]; hsa04151 PI3K-Akt signaling pathway[scr:146]; hsa04550 Signaling pathways regulating pluripotency of stem cells[scr:75],,,DB01109 Heparin[scr:621]; DB00686 Pentosan polysulfate[scr:397],,
FGF23 (Q9GZV9),FGFR1 (P11362),R-HSA-2033519 Activated point mutants of FGFR2[scr:8507]; R-HSA-190373 FGFR1c ligand binding and activation[scr:8369]; R-HSA-109704 PI3K Cascade[scr:8343]; R-HSA-5654221 Phospholipase C-mediated cascade- FGFR2[scr:8034]; R-HSA-5654695 PI-3K cascade:FGFR2[scr:6288]; R-HSA-5654699 SHC-mediated cascade:FGFR2[scr:6288]; R-HSA-5654219 Phospholipase C-mediated cascade: FGFR1[scr:6277]; R-HSA-1839122 Signaling by activated point mutants of FGFR1[scr:5843]; hsa04015 Rap1 signaling pathway[scr:238]; hsa04014 Ras signaling pathway[scr:219]; hsa04010 MAPK signaling pathway[scr:175]; hsa04810 Regulation of actin cytoskeleton[scr:163]; hsa04151 PI3K-Akt signaling pathway[scr:146]; hsa04928 Parathyroid hormone synthesis- secretion and action[scr:16],,,,,
VEGFA (P15692),NRP1 (O14786); VEGFA (P15692); KDR (P35968),hsa04015 Rap1 signaling pathway[scr:238]; hsa04014 Ras signaling pathway[scr:219]; hsa04010 MAPK signaling pathway[scr:175]; hsa04151 PI3K-Akt signaling pathway[scr:146]; hsa04370 VEGF signaling pathway[scr:29]; hsa04510 Focal adhesion[scr:9],,,,,
NOSTRIN (Q8IVI9),FGFR1 (P11362),,,,,,
KDR (P35968),NRP1 (O14786); HSPG2 (P98160); KDR (P35968); VEGFA (P15692),hsa04015 Rap1 signaling pathway[scr:238]; hsa04014 Ras signaling pathway[scr:219]; hsa04010 MAPK signaling pathway[scr:175]; hsa04151 PI3K-Akt signaling pathway[scr:146]; hsa04370 VEGF signaling pathway[scr:29]; hsa04510 Focal adhesion[scr:9],,,DB09078 Lenvatinib[scr:931]; DB05014 XL999[scr:537]; DB08901 Ponatinib[scr:497]; DB09079 Nintedanib[scr:477],,
