Core Proteins,Interacting Proteins,Pathways,HPO terms,Diseases,Targeting Drugs,Experimental Bioactive Compounds (pChEMBL),Predicted interacting Compounds
ESR1 (P03372),ESR1 (P03372); ESR2 (Q92731); TXNRD1 (Q16881); CCN2 (P29279); PHB2 (Q99623); LMTK3 (Q96Q04); KDM6B (O15054); SP3 (Q02447); CACUL1 (Q86Y37); SENP5 (Q96HI0); AKAP13 (Q12802),R-HSA-8939211 ESR-mediated signaling[scr:1798]; R-HSA-8939256 RUNX1 regulates transcription of genes involved in WNT signaling[scr:824]; R-HSA-8931987 RUNX1 regulates estrogen receptor mediated transcription[scr:824]; R-HSA-383280 Nuclear Receptor transcription pathway[scr:388]; R-HSA-8866910 TFAP2 (AP-2) family regulates transcription of growth factors and their receptors[scr:380]; hsa04917 Prolactin signaling pathway[scr:30]; hsa04915 Estrogen signaling pathway[scr:14]; hsa04961 Endocrine and other factor-regulated calcium reabsorption[scr:10]; hsa04919 Thyroid hormone signaling pathway[scr:4],HP:0003799 Marked delay in bone age[scr:163]; HP:0002083 Migraine without aura[scr:81]; HP:0002077 Migraine with aura[scr:46]; HP:0010679 Elevated tissue non-specific alkaline phosphatase[scr:30]; HP:0000837 Increased circulating gonadotropin level[scr:25]; HP:0002183 Phonophobia[scr:22]; HP:0030338 Abnormal circulating gonadotropin level[scr:21],H02061 Estrogen resistance syndrome (KEGG)[scr:282]; H00031 Breast cancer (KEGG)[scr:19],DB04573 Estriol[scr:9999999]; DB00286 Conjugated estrogens[scr:1467]; DB14641 Estriol tripropionate[scr:1101]; DB05966 TAS-108[scr:734]; DB05882 CHF 4227[scr:734]; DB07933 Erteberel[scr:734]; DB01878 Benzophenone[scr:734]; DB08020 (3AS-4R-9BR)-4-(4-HYDROXYPHENYL)-6-(METHOXYMETHYL)-1-2-3-3A-4-9B-HEXAHYDROCYCLOPENTA[C]CHROMEN-8-OL[scr:734]; DB07638 (3AS-4R-9BR)-2-2-DIFLUORO-4-(4-HYDROXYPHENYL)-1-2-3-3A-4-9B-HEXAHYDROCYCLOPENTA[C]CHROMEN-8-OL[scr:734]; DB04574 Estrone sulfate[scr:734],,CHEMBL3416044 [scr:40.15]; CHEMBL1519843 [scr:40.15]; CHEMBL536947 [scr:40.15]; CHEMBL2323691 [scr:40.15]; CHEMBL3907641 [scr:40.15]; CHEMBL3698059 [scr:40.15]; CHEMBL3655767 [scr:40.15]; CHEMBL3716526 [scr:40.15]; CHEMBL1546249 [scr:40.15]; CHEMBL3917401 [scr:40.15]
SHBG (P04278),,,,,DB04573 Estriol[scr:9999999]; DB14641 Estriol tripropionate[scr:1101],,
ESR2 (Q92731),ESR2 (Q92731); ESR1 (P03372); TXNRD1 (Q16881); CCN2 (P29279); CCDC62 (Q6P9F0),R-HSA-8939211 ESR-mediated signaling[scr:1798]; R-HSA-383280 Nuclear Receptor transcription pathway[scr:388]; hsa04917 Prolactin signaling pathway[scr:30]; hsa04915 Estrogen signaling pathway[scr:14]; hsa04929 GnRH secretion[scr:8],HP:0000837 Increased circulating gonadotropin level[scr:25]; HP:0030338 Abnormal circulating gonadotropin level[scr:21],MONDO:0001967 gonadal dysgenesis (EFO)[scr:0],DB04573 Estriol[scr:9999999]; DB00286 Conjugated estrogens[scr:1467]; DB14641 Estriol tripropionate[scr:1101]; DB05966 TAS-108[scr:734]; DB05882 CHF 4227[scr:734]; DB07933 Erteberel[scr:734]; DB01878 Benzophenone[scr:734]; DB08020 (3AS-4R-9BR)-4-(4-HYDROXYPHENYL)-6-(METHOXYMETHYL)-1-2-3-3A-4-9B-HEXAHYDROCYCLOPENTA[C]CHROMEN-8-OL[scr:734]; DB07638 (3AS-4R-9BR)-2-2-DIFLUORO-4-(4-HYDROXYPHENYL)-1-2-3-3A-4-9B-HEXAHYDROCYCLOPENTA[C]CHROMEN-8-OL[scr:734]; DB04574 Estrone sulfate[scr:734],,CHEMBL536947 [scr:40.15]
TXNRD1 (Q16881),ESR1 (P03372); ESR2 (Q92731),R-HSA-5263617 Metabolism of ingested MeSeO2H into MeSeH[scr:4944]; R-HSA-2408550 Metabolism of ingested H2SeO4 and H2SeO3 into H2Se[scr:1236]; R-HSA-5336415 Uptake and function of diphtheria toxin[scr:824]; hsa00450 Selenocompound metabolism[scr:31],,,,,
CCN2 (P29279),ESR1 (P03372); ESR2 (Q92731),R-HSA-8951671 RUNX3 regulates YAP1-mediated transcription[scr:618]; hsa04371 Apelin signaling pathway[scr:4]; hsa04390 Hippo signaling pathway[scr:3],HP:0100520 Oliguria[scr:54]; HP:0100958 Narrow foramen obturatorium[scr:54]; HP:0030142 Abnormal bowel sounds[scr:36],,,,
PHB2 (Q99623),ESR1 (P03372),,,,,,
CCDC62 (Q6P9F0),ESR2 (Q92731),,,,,,
LMTK3 (Q96Q04),ESR1 (P03372),,,,,,
KDM6B (O15054),ESR1 (P03372),,,,,,
SP3 (Q02447),ESR1 (P03372),,,,,,
CACUL1 (Q86Y37),ESR1 (P03372),,,,,,
SENP5 (Q96HI0),ESR1 (P03372),R-HSA-3065679 SUMO is proteolytically processed[scr:824],,,,,
AKAP13 (Q12802),ESR1 (P03372),hsa04928 Parathyroid hormone synthesis- secretion and action[scr:5],,,,,
