{"options":{"search_start":1613057630,"tax_ids":[9606],"num_of_fn_nodes":10,"num_of_pathways":10,"num_of_phenotypes":10,"num_of_drugs":10,"num_of_diseases":10,"num_of_compounds":10,"chembl_compounds":0,"predictions":1,"reviewed_filter":1,"fn":1,"chembl":1,"search_finish":1613057662,"search_runtime":32},"search":[{"Drug":[{"DB08018":"N-{(3S,4S)-4-[(6-AMINO-4-METHYLPYRIDIN-2-YL)METHYL]PYRROLIDIN-3-YL}-N'-(4-CHLOROBENZYL)ETHANE-1,2-DIAMINE"}]}],"nodes":[{"data":{"id":"P29474","display_name":"NOS3","Node_Type":"Protein"}},{"data":{"id":"P29475","display_name":"NOS1","Node_Type":"Protein"}},{"data":{"id":"P50502","display_name":"ST13","Node_Type":"Protein_N"}},{"data":{"id":"Q8IVI9","display_name":"NOSTRIN","Node_Type":"Protein_N"}},{"data":{"id":"P69905","display_name":"HBA1","Node_Type":"Protein_N"}},{"data":{"id":"Q05193","display_name":"DNM1","Node_Type":"Protein_N"}},{"data":{"id":"P60709","display_name":"ACTB","Node_Type":"Protein_N"}},{"data":{"id":"Q16543","display_name":"CDC37","Node_Type":"Protein_N"}},{"data":{"id":"Q08AM6","display_name":"VAC14","Node_Type":"Protein_N"}},{"data":{"id":"P43364","display_name":"MAGEA11","Node_Type":"Protein_N"}},{"data":{"id":"P31749","display_name":"AKT1","Node_Type":"Protein_N"}},{"data":{"id":"Q9UKT9","display_name":"IKZF3","Node_Type":"Protein_N"}},{"data":{"id":"Orphanet:79107","display_name":"Developmental malformations - deafness - dystonia","Node_Type":"Disease","enrichScore":300.083}},{"data":{"id":"Orphanet:744","display_name":"Proteus syndrome","Node_Type":"Disease","enrichScore":300.083}},{"data":{"id":"Orphanet:846","display_name":"Alpha-thalassemia","Node_Type":"Disease","enrichScore":300.083}},{"data":{"id":"Orphanet:93616","display_name":"Hemoglobin H disease","Node_Type":"Disease","enrichScore":300.083}},{"data":{"id":"Orphanet:2995","display_name":"Baraitser-Winter syndrome","Node_Type":"Disease","enrichScore":150.042}},{"data":{"id":"Orphanet:178330","display_name":"Heinz body anemia","Node_Type":"Disease","enrichScore":150.042}},{"data":{"id":"Orphanet:201","display_name":"Cowden syndrome","Node_Type":"Disease","enrichScore":60.017}},{"data":{"id":"EFO:0003869","display_name":"breast neoplasm","Node_Type":"Disease","enrichScore":21.435}},{"data":{"id":"EFO:0000305","display_name":"breast carcinoma","Node_Type":"Disease","enrichScore":20.006}},{"data":{"id":"Orphanet:227535","display_name":"Hereditary breast cancer","Node_Type":"Disease","enrichScore":20.006}},{"data":{"id":"DB08018","display_name":"N-{(3S,4S)-4-[(6-AMINO-4-METHYLPYRIDIN-2-YL)METHYL]PYRROLIDIN-3-YL}-N'-(4-CHLOROBENZYL)ETHANE-1,2-DIAMINE","Node_Type":"Drug","enrichScore":9999999}},{"data":{"id":"DB01821","display_name":"L-N(omega)-Nitroarginine-2,4-L-diaminobutyric amide","Node_Type":"Drug","enrichScore":794.833}},{"data":{"id":"DB02077","display_name":"L-N(omega)-nitroarginine-(4R)-amino-L-proline amide","Node_Type":"Drug","enrichScore":794.833}},{"data":{"id":"DB04223","display_name":"Nitroarginine","Node_Type":"Drug","enrichScore":794.833}},{"data":{"id":"DB02027","display_name":"N-{(4S)-4-Amino-5-[(2-aminoethyl)amino]pentyl}-N'-nitroguanidine","Node_Type":"Drug","enrichScore":794.833}},{"data":{"id":"DB03707","display_name":"S-Ethyl-N-Phenyl-Isothiourea","Node_Type":"Drug","enrichScore":794.833}},{"data":{"id":"DB08019","display_name":"N-{(3R,4S)-4-[(6-amino-4-methylpyridin-2-yl)methyl]pyrrolidin-3-yl}-N'-(3-chlorobenzyl)ethane-1,2-diamine","Node_Type":"Drug","enrichScore":794.833}},{"data":{"id":"DB02044","display_name":"N-[3-(aminomethyl)benzyl]acetamidine","Node_Type":"Drug","enrichScore":529.889}},{"data":{"id":"DB01997","display_name":"3-Bromo-7-Nitroindazole","Node_Type":"Drug","enrichScore":529.889}},{"data":{"id":"DB03892","display_name":"5-N-Allyl-arginine","Node_Type":"Drug","enrichScore":397.417}},{"data":{"id":"R-HSA-203641","display_name":"NOSTRIN mediated eNOS trafficking","Node_Type":"Pathway","enrichScore":4285}},{"data":{"id":"R-HSA-392154","display_name":"Nitric oxide stimulates guanylate cyclase","Node_Type":"Pathway","enrichScore":3060.714}},{"data":{"id":"R-HSA-203754","display_name":"NOSIP mediated eNOS trafficking","Node_Type":"Pathway","enrichScore":2678.125}},{"data":{"id":"R-HSA-1474151","display_name":"Tetrahydrobiopterin (BH4) synthesis, recycling, salvage and regulation","Node_Type":"Pathway","enrichScore":2142.5}},{"data":{"id":"R-HSA-203615","display_name":"eNOS activation","Node_Type":"Pathway","enrichScore":1947.727}},{"data":{"id":"R-HSA-196025","display_name":"Formation of annular gap junctions","Node_Type":"Pathway","enrichScore":1947.727}},{"data":{"id":"R-HSA-190873","display_name":"Gap junction degradation","Node_Type":"Pathway","enrichScore":1785.417}},{"data":{"id":"R-HSA-211163","display_name":"AKT-mediated inactivation of FOXO1A","Node_Type":"Pathway","enrichScore":1339.063}},{"data":{"id":"R-HSA-5218920","display_name":"VEGFR2 mediated vascular permeability","Node_Type":"Pathway","enrichScore":793.519}},{"data":{"id":"R-HSA-8941332","display_name":"RUNX2 regulates genes involved in cell migration","Node_Type":"Pathway","enrichScore":669.531}},{"data":{"id":"HP:0004472","display_name":"Mandibular hyperostosis","Node_Type":"HPO","enrichScore":352.583}},{"data":{"id":"HP:0007483","display_name":"Depigmentation\/hyperpigmentation of skin","Node_Type":"HPO","enrichScore":352.583}},{"data":{"id":"HP:0007403","display_name":"Hypertrophy of skin of soles","Node_Type":"HPO","enrichScore":352.583}},{"data":{"id":"HP:0010516","display_name":"Thymus hyperplasia","Node_Type":"HPO","enrichScore":176.292}},{"data":{"id":"HP:0010645","display_name":"Aplasia of the distal phalanges of the toes","Node_Type":"HPO","enrichScore":176.292}},{"data":{"id":"HP:0008796","display_name":"Externally rotated hips","Node_Type":"HPO","enrichScore":176.292}},{"data":{"id":"HP:0010102","display_name":"Aplasia of the distal phalanx of the hallux","Node_Type":"HPO","enrichScore":176.292}},{"data":{"id":"HP:0009881","display_name":"Aplasia of the distal phalanges of the hand","Node_Type":"HPO","enrichScore":176.292}},{"data":{"id":"HP:0010110","display_name":"Aplasia of the phalanges of the hallux","Node_Type":"HPO","enrichScore":176.292}},{"data":{"id":"HP:0040111","display_name":"Bilateral external ear deformity","Node_Type":"HPO","enrichScore":176.292}},{"data":{"id":"CHEMBL545103","display_name":"CHEMBL545103","Node_Type":"Prediction","enrichScore":43.5}},{"data":{"id":"CHEMBL556769","display_name":"CHEMBL556769","Node_Type":"Prediction","enrichScore":43.5}},{"data":{"id":"CHEMBL555749","display_name":"CHEMBL555749","Node_Type":"Prediction","enrichScore":43.5}},{"data":{"id":"CHEMBL556044","display_name":"CHEMBL556044","Node_Type":"Prediction","enrichScore":43.5}},{"data":{"id":"CHEMBL554125","display_name":"CHEMBL554125","Node_Type":"Prediction","enrichScore":43.5}},{"data":{"id":"CHEMBL373693","display_name":"CHEMBL373693","Node_Type":"Prediction","enrichScore":21.75}},{"data":{"id":"CHEMBL354109","display_name":"CHEMBL354109","Node_Type":"Prediction","enrichScore":21.75}},{"data":{"id":"CHEMBL551050","display_name":"CHEMBL551050","Node_Type":"Prediction","enrichScore":21.75}},{"data":{"id":"CHEMBL550982","display_name":"CHEMBL550982","Node_Type":"Prediction","enrichScore":21.75}},{"data":{"id":"CHEMBL550769","display_name":"CHEMBL550769","Node_Type":"Prediction","enrichScore":21.75}},{"data":{"id":"hsa00220","display_name":"Arginine biosynthesis","Node_Type":"kegg_Pathway","enrichScore":113.967}},{"data":{"id":"hsa00330","display_name":"Arginine and proline metabolism","Node_Type":"kegg_Pathway","enrichScore":46.517}},{"data":{"id":"hsa04611","display_name":"Platelet activation","Node_Type":"kegg_Pathway","enrichScore":41.028}},{"data":{"id":"hsa04926","display_name":"Relaxin signaling pathway","Node_Type":"kegg_Pathway","enrichScore":39.45}},{"data":{"id":"hsa04370","display_name":"VEGF signaling pathway","Node_Type":"kegg_Pathway","enrichScore":38.633}},{"data":{"id":"hsa04371","display_name":"Apelin signaling pathway","Node_Type":"kegg_Pathway","enrichScore":35.864}},{"data":{"id":"hsa04066","display_name":"HIF-1 signaling pathway","Node_Type":"kegg_Pathway","enrichScore":20.911}},{"data":{"id":"hsa04919","display_name":"Thyroid hormone signaling pathway","Node_Type":"kegg_Pathway","enrichScore":19.154}},{"data":{"id":"hsa04071","display_name":"Sphingolipid signaling pathway","Node_Type":"kegg_Pathway","enrichScore":19.154}},{"data":{"id":"hsa04210","display_name":"Apoptosis","Node_Type":"kegg_Pathway","enrichScore":16.398}},{"data":{"id":"H01255","display_name":"Juvenile-onset dystonia","Node_Type":"kegg_Disease","enrichScore":305.583}},{"data":{"id":"H02119","display_name":"Proteus syndrome","Node_Type":"kegg_Disease","enrichScore":305.583}},{"data":{"id":"H00228","display_name":"Thalassemia","Node_Type":"kegg_Disease","enrichScore":203.722}},{"data":{"id":"H02023","display_name":"Baraitser-Winter syndrome","Node_Type":"kegg_Disease","enrichScore":152.792}},{"data":{"id":"H01529","display_name":"Avascular necrosis of femoral head","Node_Type":"kegg_Disease","enrichScore":61.117}},{"data":{"id":"H01222","display_name":"Cowden syndrome","Node_Type":"kegg_Disease","enrichScore":43.655}},{"data":{"id":"H00101","display_name":"Other phagocyte defects","Node_Type":"kegg_Disease","enrichScore":33.954}},{"data":{"id":"H01556","display_name":"Meningioma","Node_Type":"kegg_Disease","enrichScore":27.78}},{"data":{"id":"H01649","display_name":"Schizophrenia","Node_Type":"kegg_Disease","enrichScore":25.465}},{"data":{"id":"H00606","display_name":"Early infantile epileptic encephalopathy","Node_Type":"kegg_Disease","enrichScore":5.179}}],"edges":[{"data":{"source":"P50502","target":"P29474","Edge_Type":"PPI","label":"interacts w\/"}},{"data":{"source":"Q8IVI9","target":"P29474","Edge_Type":"PPI","label":"interacts w\/"}},{"data":{"source":"P69905","target":"P29474","Edge_Type":"PPI","label":"interacts w\/"}},{"data":{"source":"Q05193","target":"P29474","Edge_Type":"PPI","label":"interacts w\/"}},{"data":{"source":"Q05193","target":"Q05193","Edge_Type":"PPI","label":"interacts w\/"}},{"data":{"source":"Q05193","target":"Q8IVI9","Edge_Type":"PPI","label":"interacts w\/"}},{"data":{"source":"P60709","target":"P29474","Edge_Type":"PPI","label":"interacts w\/"}},{"data":{"source":"P60709","target":"P60709","Edge_Type":"PPI","label":"interacts w\/"}},{"data":{"source":"Q16543","target":"P29474","Edge_Type":"PPI","label":"interacts w\/"}},{"data":{"source":"Q16543","target":"P60709","Edge_Type":"PPI","label":"interacts w\/"}},{"data":{"source":"Q08AM6","target":"P29475","Edge_Type":"PPI","label":"interacts w\/"}},{"data":{"source":"Q08AM6","target":"Q08AM6","Edge_Type":"PPI","label":"interacts w\/"}},{"data":{"source":"P43364","target":"P29474","Edge_Type":"PPI","label":"interacts w\/"}},{"data":{"source":"P31749","target":"P29474","Edge_Type":"PPI","label":"interacts w\/"}},{"data":{"source":"P31749","target":"P31749","Edge_Type":"PPI","label":"interacts w\/"}},{"data":{"source":"P31749","target":"Q16543","Edge_Type":"PPI","label":"interacts w\/"}},{"data":{"source":"Q9UKT9","target":"P29474","Edge_Type":"PPI","label":"interacts w\/"}},{"data":{"source":"Q9UKT9","target":"Q9UKT9","Edge_Type":"PPI","label":"interacts w\/"}},{"data":{"source":"Q9UKT9","target":"Q16543","Edge_Type":"PPI","label":"interacts w\/"}},{"data":{"source":"HP:0004472","target":"Orphanet:744","Edge_Type":"hpodis","label":"is associated w\/"}},{"data":{"source":"HP:0007483","target":"Orphanet:744","Edge_Type":"hpodis","label":"is associated w\/"}},{"data":{"source":"HP:0007403","target":"Orphanet:744","Edge_Type":"hpodis","label":"is associated w\/"}},{"data":{"source":"HP:0010516","target":"Orphanet:744","Edge_Type":"hpodis","label":"is associated w\/"}},{"data":{"source":"HP:0008796","target":"Orphanet:79107","Edge_Type":"hpodis","label":"is associated w\/"}},{"data":{"source":"HP:0008796","target":"Orphanet:79107","Edge_Type":"hpodis","label":"is associated w\/"}},{"data":{"source":"P60709","target":"Orphanet:79107","Edge_Type":"Disease","label":"is related to"}},{"data":{"source":"P31749","target":"Orphanet:744","Edge_Type":"Disease","label":"is related to"}},{"data":{"source":"P69905","target":"Orphanet:846","Edge_Type":"Disease","label":"is related to"}},{"data":{"source":"P69905","target":"Orphanet:93616","Edge_Type":"Disease","label":"is related to"}},{"data":{"source":"P60709","target":"Orphanet:2995","Edge_Type":"Disease","label":"is related to"}},{"data":{"source":"P69905","target":"Orphanet:178330","Edge_Type":"Disease","label":"is related to"}},{"data":{"source":"P31749","target":"Orphanet:201","Edge_Type":"Disease","label":"is related to"}},{"data":{"source":"P31749","target":"EFO:0003869","Edge_Type":"Disease","label":"is related to"}},{"data":{"source":"P31749","target":"EFO:0000305","Edge_Type":"Disease","label":"is related to"}},{"data":{"source":"P31749","target":"Orphanet:227535","Edge_Type":"Disease","label":"is related to"}},{"data":{"source":"P29475","target":"DB08018","Edge_Type":"Drug","label":"targets"}},{"data":{"source":"P29474","target":"DB08018","Edge_Type":"Drug","label":"targets"}},{"data":{"source":"P29474","target":"DB01821","Edge_Type":"Drug","label":"targets"}},{"data":{"source":"P29475","target":"DB01821","Edge_Type":"Drug","label":"targets"}},{"data":{"source":"P29474","target":"DB02077","Edge_Type":"Drug","label":"targets"}},{"data":{"source":"P29475","target":"DB02077","Edge_Type":"Drug","label":"targets"}},{"data":{"source":"P29474","target":"DB04223","Edge_Type":"Drug","label":"targets"}},{"data":{"source":"P29475","target":"DB04223","Edge_Type":"Drug","label":"targets"}},{"data":{"source":"P29474","target":"DB02027","Edge_Type":"Drug","label":"targets"}},{"data":{"source":"P29475","target":"DB02027","Edge_Type":"Drug","label":"targets"}},{"data":{"source":"P29474","target":"DB03707","Edge_Type":"Drug","label":"targets"}},{"data":{"source":"P29475","target":"DB03707","Edge_Type":"Drug","label":"targets"}},{"data":{"source":"P29475","target":"DB08019","Edge_Type":"Drug","label":"targets"}},{"data":{"source":"P29474","target":"DB08019","Edge_Type":"Drug","label":"targets"}},{"data":{"source":"P29474","target":"DB02044","Edge_Type":"Drug","label":"targets"}},{"data":{"source":"P29475","target":"DB02044","Edge_Type":"Drug","label":"targets"}},{"data":{"source":"P29474","target":"DB01997","Edge_Type":"Drug","label":"targets"}},{"data":{"source":"P29475","target":"DB01997","Edge_Type":"Drug","label":"targets"}},{"data":{"source":"P29475","target":"DB03892","Edge_Type":"Drug","label":"targets"}},{"data":{"source":"P29474","target":"R-HSA-203641","Edge_Type":"Pathway","label":"is involved in"}},{"data":{"source":"Q8IVI9","target":"R-HSA-203641","Edge_Type":"Pathway","label":"is involved in"}},{"data":{"source":"P29474","target":"R-HSA-392154","Edge_Type":"Pathway","label":"is involved in"}},{"data":{"source":"P29475","target":"R-HSA-392154","Edge_Type":"Pathway","label":"is involved in"}},{"data":{"source":"P29474","target":"R-HSA-203754","Edge_Type":"Pathway","label":"is involved in"}},{"data":{"source":"P29474","target":"R-HSA-1474151","Edge_Type":"Pathway","label":"is involved in"}},{"data":{"source":"P31749","target":"R-HSA-1474151","Edge_Type":"Pathway","label":"is involved in"}},{"data":{"source":"P29474","target":"R-HSA-203615","Edge_Type":"Pathway","label":"is involved in"}},{"data":{"source":"P31749","target":"R-HSA-203615","Edge_Type":"Pathway","label":"is involved in"}},{"data":{"source":"Q05193","target":"R-HSA-196025","Edge_Type":"Pathway","label":"is involved in"}},{"data":{"source":"P60709","target":"R-HSA-196025","Edge_Type":"Pathway","label":"is involved in"}},{"data":{"source":"Q05193","target":"R-HSA-190873","Edge_Type":"Pathway","label":"is involved in"}},{"data":{"source":"P60709","target":"R-HSA-190873","Edge_Type":"Pathway","label":"is involved in"}},{"data":{"source":"P31749","target":"R-HSA-211163","Edge_Type":"Pathway","label":"is involved in"}},{"data":{"source":"P29474","target":"R-HSA-5218920","Edge_Type":"Pathway","label":"is involved in"}},{"data":{"source":"P31749","target":"R-HSA-5218920","Edge_Type":"Pathway","label":"is involved in"}},{"data":{"source":"P31749","target":"R-HSA-8941332","Edge_Type":"Pathway","label":"is involved in"}},{"data":{"source":"P31749","target":"HP:0004472","Edge_Type":"HPO","label":"is associated w\/"}},{"data":{"source":"P31749","target":"HP:0007483","Edge_Type":"HPO","label":"is associated w\/"}},{"data":{"source":"P31749","target":"HP:0007403","Edge_Type":"HPO","label":"is associated w\/"}},{"data":{"source":"P31749","target":"HP:0010516","Edge_Type":"HPO","label":"is associated w\/"}},{"data":{"source":"Q08AM6","target":"HP:0010645","Edge_Type":"HPO","label":"is associated w\/"}},{"data":{"source":"P60709","target":"HP:0008796","Edge_Type":"HPO","label":"is associated w\/"}},{"data":{"source":"Q08AM6","target":"HP:0010102","Edge_Type":"HPO","label":"is associated w\/"}},{"data":{"source":"Q08AM6","target":"HP:0009881","Edge_Type":"HPO","label":"is associated w\/"}},{"data":{"source":"Q08AM6","target":"HP:0010110","Edge_Type":"HPO","label":"is associated w\/"}},{"data":{"source":"Q08AM6","target":"HP:0040111","Edge_Type":"HPO","label":"is associated w\/"}},{"data":{"source":"P29475","target":"CHEMBL545103","Edge_Type":"Prediction","label":"targets"}},{"data":{"source":"P29475","target":"CHEMBL556769","Edge_Type":"Prediction","label":"targets"}},{"data":{"source":"P29475","target":"CHEMBL555749","Edge_Type":"Prediction","label":"targets"}},{"data":{"source":"P29475","target":"CHEMBL556044","Edge_Type":"Prediction","label":"targets"}},{"data":{"source":"P29475","target":"CHEMBL554125","Edge_Type":"Prediction","label":"targets"}},{"data":{"source":"P29475","target":"CHEMBL373693","Edge_Type":"Prediction","label":"targets"}},{"data":{"source":"P29475","target":"CHEMBL354109","Edge_Type":"Prediction","label":"targets"}},{"data":{"source":"P29475","target":"CHEMBL551050","Edge_Type":"Prediction","label":"targets"}},{"data":{"source":"P29475","target":"CHEMBL550982","Edge_Type":"Prediction","label":"targets"}},{"data":{"source":"P29475","target":"CHEMBL550769","Edge_Type":"Prediction","label":"targets"}},{"data":{"source":"H01529","target":"hsa04066","Edge_Type":"kegg_dis_path","label":"modulates"}},{"data":{"source":"H01529","target":"hsa04370","Edge_Type":"kegg_dis_path","label":"modulates"}},{"data":{"source":"P29474","target":"hsa00220","Edge_Type":"kegg_path_prot","label":"is involved in"}},{"data":{"source":"P29475","target":"hsa00220","Edge_Type":"kegg_path_prot","label":"is involved in"}},{"data":{"source":"P29474","target":"hsa00330","Edge_Type":"kegg_path_prot","label":"is involved in"}},{"data":{"source":"P29475","target":"hsa00330","Edge_Type":"kegg_path_prot","label":"is involved in"}},{"data":{"source":"P29474","target":"hsa04611","Edge_Type":"kegg_path_prot","label":"is involved in"}},{"data":{"source":"P60709","target":"hsa04611","Edge_Type":"kegg_path_prot","label":"is involved in"}},{"data":{"source":"P31749","target":"hsa04611","Edge_Type":"kegg_path_prot","label":"is involved in"}},{"data":{"source":"P29474","target":"hsa04926","Edge_Type":"kegg_path_prot","label":"is involved in"}},{"data":{"source":"P29475","target":"hsa04926","Edge_Type":"kegg_path_prot","label":"is involved in"}},{"data":{"source":"P31749","target":"hsa04926","Edge_Type":"kegg_path_prot","label":"is involved in"}},{"data":{"source":"P29474","target":"hsa04370","Edge_Type":"kegg_path_prot","label":"is involved in"}},{"data":{"source":"P31749","target":"hsa04370","Edge_Type":"kegg_path_prot","label":"is involved in"}},{"data":{"source":"P29474","target":"hsa04371","Edge_Type":"kegg_path_prot","label":"is involved in"}},{"data":{"source":"P29475","target":"hsa04371","Edge_Type":"kegg_path_prot","label":"is involved in"}},{"data":{"source":"P31749","target":"hsa04371","Edge_Type":"kegg_path_prot","label":"is involved in"}},{"data":{"source":"P29474","target":"hsa04066","Edge_Type":"kegg_path_prot","label":"is involved in"}},{"data":{"source":"P31749","target":"hsa04066","Edge_Type":"kegg_path_prot","label":"is involved in"}},{"data":{"source":"P60709","target":"hsa04919","Edge_Type":"kegg_path_prot","label":"is involved in"}},{"data":{"source":"P31749","target":"hsa04919","Edge_Type":"kegg_path_prot","label":"is involved in"}},{"data":{"source":"P29474","target":"hsa04071","Edge_Type":"kegg_path_prot","label":"is involved in"}},{"data":{"source":"P31749","target":"hsa04071","Edge_Type":"kegg_path_prot","label":"is involved in"}},{"data":{"source":"P60709","target":"hsa04210","Edge_Type":"kegg_path_prot","label":"is involved in"}},{"data":{"source":"P31749","target":"hsa04210","Edge_Type":"kegg_path_prot","label":"is involved in"}},{"data":{"source":"P60709","target":"H01255","Edge_Type":"kegg_dis_prot","label":"is related to"}},{"data":{"source":"P31749","target":"H02119","Edge_Type":"kegg_dis_prot","label":"is related to"}},{"data":{"source":"P69905","target":"H00228","Edge_Type":"kegg_dis_prot","label":"is related to"}},{"data":{"source":"P69905","target":"H00228","Edge_Type":"kegg_dis_prot","label":"is related to"}},{"data":{"source":"P60709","target":"H02023","Edge_Type":"kegg_dis_prot","label":"is related to"}},{"data":{"source":"P29474","target":"H01529","Edge_Type":"kegg_dis_prot","label":"is related to"}},{"data":{"source":"P31749","target":"H01222","Edge_Type":"kegg_dis_prot","label":"is related to"}},{"data":{"source":"P60709","target":"H00101","Edge_Type":"kegg_dis_prot","label":"is related to"}},{"data":{"source":"P31749","target":"H01556","Edge_Type":"kegg_dis_prot","label":"is related to"}},{"data":{"source":"P31749","target":"H01649","Edge_Type":"kegg_dis_prot","label":"is related to"}},{"data":{"source":"Q05193","target":"H00606","Edge_Type":"kegg_dis_prot","label":"is related to"}}]}