{"options":{"search_start":1613058914,"tax_ids":[9606],"num_of_fn_nodes":10,"num_of_pathways":10,"num_of_phenotypes":10,"num_of_drugs":10,"num_of_diseases":10,"num_of_compounds":10,"chembl_compounds":0,"predictions":1,"reviewed_filter":1,"fn":1,"chembl":1,"search_finish":1613058921,"search_runtime":7},"search":[{"Drug":[{"DB07652":"1-[2-DEOXYRIBOFURANOSYL]-2,4-DIFLUORO-5-METHYL-BENZENE-5'MONOPHOSPHATE"}]}],"nodes":[{"data":{"id":"Q9UBT6","display_name":"POLK","Node_Type":"Protein"}},{"data":{"id":"DB07652","display_name":"1-[2-DEOXYRIBOFURANOSYL]-2,4-DIFLUORO-5-METHYL-BENZENE-5'MONOPHOSPHATE","Node_Type":"Drug","enrichScore":9999999}},{"data":{"id":"DB08237","display_name":"2'-deoxy-N-(naphthalen-1-ylmethyl)guanosine 5'-(dihydrogen phosphate)","Node_Type":"Drug","enrichScore":4769}},{"data":{"id":"DB07435","display_name":"1,2,3-TRIHYDROXY-1,2,3,4-TETRAHYDROBENZO[A]PYRENE","Node_Type":"Drug","enrichScore":2384.5}},{"data":{"id":"R-HSA-5655862","display_name":"Translesion synthesis by POLK","Node_Type":"Pathway","enrichScore":3780.882}},{"data":{"id":"R-HSA-5696397","display_name":"Gap-filling DNA repair synthesis and ligation in GG-NER","Node_Type":"Pathway","enrichScore":2571}},{"data":{"id":"R-HSA-5656169","display_name":"Termination of translesion DNA synthesis","Node_Type":"Pathway","enrichScore":2008.594}},{"data":{"id":"R-HSA-5696400","display_name":"Dual Incision in GG-NER","Node_Type":"Pathway","enrichScore":1567.683}},{"data":{"id":"R-HSA-5685942","display_name":"HDR through Homologous Recombination (HRR)","Node_Type":"Pathway","enrichScore":1339.063}},{"data":{"id":"R-HSA-6782210","display_name":"Gap-filling DNA repair synthesis and ligation in TC-NER","Node_Type":"Pathway","enrichScore":1004.297}},{"data":{"id":"R-HSA-6782135","display_name":"Dual incision in TC-NER","Node_Type":"Pathway","enrichScore":988.846}},{"data":{"id":"hsa03460","display_name":"Fanconi anemia pathway","Node_Type":"kegg_Pathway","enrichScore":126.63}}],"edges":[{"data":{"source":"Q9UBT6","target":"DB07652","Edge_Type":"Drug","label":"targets"}},{"data":{"source":"Q9UBT6","target":"DB08237","Edge_Type":"Drug","label":"targets"}},{"data":{"source":"Q9UBT6","target":"DB07435","Edge_Type":"Drug","label":"targets"}},{"data":{"source":"Q9UBT6","target":"R-HSA-5655862","Edge_Type":"Pathway","label":"is involved in"}},{"data":{"source":"Q9UBT6","target":"R-HSA-5696397","Edge_Type":"Pathway","label":"is involved in"}},{"data":{"source":"Q9UBT6","target":"R-HSA-5656169","Edge_Type":"Pathway","label":"is involved in"}},{"data":{"source":"Q9UBT6","target":"R-HSA-5696400","Edge_Type":"Pathway","label":"is involved in"}},{"data":{"source":"Q9UBT6","target":"R-HSA-5685942","Edge_Type":"Pathway","label":"is involved in"}},{"data":{"source":"Q9UBT6","target":"R-HSA-6782210","Edge_Type":"Pathway","label":"is involved in"}},{"data":{"source":"Q9UBT6","target":"R-HSA-6782135","Edge_Type":"Pathway","label":"is involved in"}},{"data":{"source":"Q9UBT6","target":"hsa03460","Edge_Type":"kegg_path_prot","label":"is involved in"}}]}